      0: board.processor.cores.core.workload: Allocating Page: 0x10000-0x11000
      0: board.cache_hierarchy.l1d-cache-0: functionalAccess: WriteReq [0:3f] 
      0: board.cache_hierarchy.l1i-cache-0: functionalAccess: WriteReq [0:3f] 
      0: board.cache_hierarchy.l2-cache-0: functionalAccess: WriteReq [0:3f] 
      0: board.cache_hierarchy.l1d-cache-0: functionalAccess: WriteReq [40:7f] 
      0: board.cache_hierarchy.l1i-cache-0: functionalAccess: WriteReq [40:7f] 
      0: board.cache_hierarchy.l2-cache-0: functionalAccess: WriteReq [40:7f] 
      0: board.cache_hierarchy.l1d-cache-0: functionalAccess: WriteReq [80:bf] 
      0: board.cache_hierarchy.l1i-cache-0: functionalAccess: WriteReq [80:bf] 
      0: board.cache_hierarchy.l2-cache-0: functionalAccess: WriteReq [80:bf] 
      0: board.cache_hierarchy.l1d-cache-0: functionalAccess: WriteReq [c0:ff] 
      0: board.cache_hierarchy.l1i-cache-0: functionalAccess: WriteReq [c0:ff] 
      0: board.cache_hierarchy.l2-cache-0: functionalAccess: WriteReq [c0:ff] 
      0: board.cache_hierarchy.l1d-cache-0: functionalAccess: WriteReq [100:13f] 
      0: board.cache_hierarchy.l1i-cache-0: functionalAccess: WriteReq [100:13f] 
      0: board.cache_hierarchy.l2-cache-0: functionalAccess: WriteReq [100:13f] 
      0: board.cache_hierarchy.l1d-cache-0: functionalAccess: WriteReq [140:17f] 
      0: board.cache_hierarchy.l1i-cache-0: functionalAccess: WriteReq [140:17f] 
      0: board.cache_hierarchy.l2-cache-0: functionalAccess: WriteReq [140:17f] 
      0: board.cache_hierarchy.l1d-cache-0: functionalAccess: WriteReq [180:1bf] 
      0: board.cache_hierarchy.l1i-cache-0: functionalAccess: WriteReq [180:1bf] 
      0: board.cache_hierarchy.l2-cache-0: functionalAccess: WriteReq [180:1bf] 
      0: board.cache_hierarchy.l1d-cache-0: functionalAccess: WriteReq [1c0:1ff] 
      0: board.cache_hierarchy.l1i-cache-0: functionalAccess: WriteReq [1c0:1ff] 
      0: board.cache_hierarchy.l2-cache-0: functionalAccess: WriteReq [1c0:1ff] 
      0: board.cache_hierarchy.l1d-cache-0: functionalAccess: WriteReq [200:23f] 
      0: board.cache_hierarchy.l1i-cache-0: functionalAccess: WriteReq [200:23f] 
      0: board.cache_hierarchy.l2-cache-0: functionalAccess: WriteReq [200:23f] 
      0: board.cache_hierarchy.l1d-cache-0: functionalAccess: WriteReq [240:27f] 
      0: board.cache_hierarchy.l1i-cache-0: functionalAccess: WriteReq [240:27f] 
      0: board.cache_hierarchy.l2-cache-0: functionalAccess: WriteReq [240:27f] 
      0: board.cache_hierarchy.l1d-cache-0: functionalAccess: WriteReq [280:2bf] 
      0: board.cache_hierarchy.l1i-cache-0: functionalAccess: WriteReq [280:2bf] 
      0: board.cache_hierarchy.l2-cache-0: functionalAccess: WriteReq [280:2bf] 
      0: board.cache_hierarchy.l1d-cache-0: functionalAccess: WriteReq [2c0:2ff] 
      0: board.cache_hierarchy.l1i-cache-0: functionalAccess: WriteReq [2c0:2ff] 
      0: board.cache_hierarchy.l2-cache-0: functionalAccess: WriteReq [2c0:2ff] 
      0: board.cache_hierarchy.l1d-cache-0: functionalAccess: WriteReq [300:33f] 
      0: board.cache_hierarchy.l1i-cache-0: functionalAccess: WriteReq [300:33f] 
      0: board.cache_hierarchy.l2-cache-0: functionalAccess: WriteReq [300:33f] 
      0: board.cache_hierarchy.l1d-cache-0: functionalAccess: WriteReq [340:37f] 
      0: board.cache_hierarchy.l1i-cache-0: functionalAccess: WriteReq [340:37f] 
      0: board.cache_hierarchy.l2-cache-0: functionalAccess: WriteReq [340:37f] 
      0: board.cache_hierarchy.l1d-cache-0: functionalAccess: WriteReq [380:3bf] 
      0: board.cache_hierarchy.l1i-cache-0: functionalAccess: WriteReq [380:3bf] 
      0: board.cache_hierarchy.l2-cache-0: functionalAccess: WriteReq [380:3bf] 
      0: board.cache_hierarchy.l1d-cache-0: functionalAccess: WriteReq [3c0:3ff] 
      0: board.cache_hierarchy.l1i-cache-0: functionalAccess: WriteReq [3c0:3ff] 
      0: board.cache_hierarchy.l2-cache-0: functionalAccess: WriteReq [3c0:3ff] 
      0: board.cache_hierarchy.l1d-cache-0: functionalAccess: WriteReq [400:43f] 
      0: board.cache_hierarchy.l1i-cache-0: functionalAccess: WriteReq [400:43f] 
      0: board.cache_hierarchy.l2-cache-0: functionalAccess: WriteReq [400:43f] 
      0: board.cache_hierarchy.l1d-cache-0: functionalAccess: WriteReq [440:47f] 
      0: board.cache_hierarchy.l1i-cache-0: functionalAccess: WriteReq [440:47f] 
      0: board.cache_hierarchy.l2-cache-0: functionalAccess: WriteReq [440:47f] 
      0: board.cache_hierarchy.l1d-cache-0: functionalAccess: WriteReq [480:4bf] 
      0: board.cache_hierarchy.l1i-cache-0: functionalAccess: WriteReq [480:4bf] 
      0: board.cache_hierarchy.l2-cache-0: functionalAccess: WriteReq [480:4bf] 
      0: board.cache_hierarchy.l1d-cache-0: functionalAccess: WriteReq [4c0:4ff] 
      0: board.cache_hierarchy.l1i-cache-0: functionalAccess: WriteReq [4c0:4ff] 
      0: board.cache_hierarchy.l2-cache-0: functionalAccess: WriteReq [4c0:4ff] 
      0: board.cache_hierarchy.l1d-cache-0: functionalAccess: WriteReq [500:53f] 
      0: board.cache_hierarchy.l1i-cache-0: functionalAccess: WriteReq [500:53f] 
      0: board.cache_hierarchy.l2-cache-0: functionalAccess: WriteReq [500:53f] 
      0: board.cache_hierarchy.l1d-cache-0: functionalAccess: WriteReq [540:57f] 
      0: board.cache_hierarchy.l1i-cache-0: functionalAccess: WriteReq [540:57f] 
      0: board.cache_hierarchy.l2-cache-0: functionalAccess: WriteReq [540:57f] 
      0: board.cache_hierarchy.l1d-cache-0: functionalAccess: WriteReq [580:5bf] 
      0: board.cache_hierarchy.l1i-cache-0: functionalAccess: WriteReq [580:5bf] 
      0: board.cache_hierarchy.l2-cache-0: functionalAccess: WriteReq [580:5bf] 
      0: board.cache_hierarchy.l1d-cache-0: functionalAccess: WriteReq [5c0:5ff] 
      0: board.cache_hierarchy.l1i-cache-0: functionalAccess: WriteReq [5c0:5ff] 
      0: board.cache_hierarchy.l2-cache-0: functionalAccess: WriteReq [5c0:5ff] 
      0: board.cache_hierarchy.l1d-cache-0: functionalAccess: WriteReq [600:63f] 
      0: board.cache_hierarchy.l1i-cache-0: functionalAccess: WriteReq [600:63f] 
      0: board.cache_hierarchy.l2-cache-0: functionalAccess: WriteReq [600:63f] 
      0: board.cache_hierarchy.l1d-cache-0: functionalAccess: WriteReq [640:67f] 
      0: board.cache_hierarchy.l1i-cache-0: functionalAccess: WriteReq [640:67f] 
      0: board.cache_hierarchy.l2-cache-0: functionalAccess: WriteReq [640:67f] 
      0: board.cache_hierarchy.l1d-cache-0: functionalAccess: WriteReq [680:6bf] 
      0: board.cache_hierarchy.l1i-cache-0: functionalAccess: WriteReq [680:6bf] 
      0: board.cache_hierarchy.l2-cache-0: functionalAccess: WriteReq [680:6bf] 
      0: board.cache_hierarchy.l1d-cache-0: functionalAccess: WriteReq [6c0:6ff] 
      0: board.cache_hierarchy.l1i-cache-0: functionalAccess: WriteReq [6c0:6ff] 
      0: board.cache_hierarchy.l2-cache-0: functionalAccess: WriteReq [6c0:6ff] 
      0: board.cache_hierarchy.l1d-cache-0: functionalAccess: WriteReq [700:73f] 
      0: board.cache_hierarchy.l1i-cache-0: functionalAccess: WriteReq [700:73f] 
      0: board.cache_hierarchy.l2-cache-0: functionalAccess: WriteReq [700:73f] 
      0: board.cache_hierarchy.l1d-cache-0: functionalAccess: WriteReq [740:77f] 
      0: board.cache_hierarchy.l1i-cache-0: functionalAccess: WriteReq [740:77f] 
      0: board.cache_hierarchy.l2-cache-0: functionalAccess: WriteReq [740:77f] 
      0: board.cache_hierarchy.l1d-cache-0: functionalAccess: WriteReq [780:7bf] 
      0: board.cache_hierarchy.l1i-cache-0: functionalAccess: WriteReq [780:7bf] 
      0: board.cache_hierarchy.l2-cache-0: functionalAccess: WriteReq [780:7bf] 
      0: board.cache_hierarchy.l1d-cache-0: functionalAccess: WriteReq [7c0:7ff] 
      0: board.cache_hierarchy.l1i-cache-0: functionalAccess: WriteReq [7c0:7ff] 
      0: board.cache_hierarchy.l2-cache-0: functionalAccess: WriteReq [7c0:7ff] 
      0: board.cache_hierarchy.l1d-cache-0: functionalAccess: WriteReq [800:83f] 
      0: board.cache_hierarchy.l1i-cache-0: functionalAccess: WriteReq [800:83f] 
      0: board.cache_hierarchy.l2-cache-0: functionalAccess: WriteReq [800:83f] 
      0: board.cache_hierarchy.l1d-cache-0: functionalAccess: WriteReq [840:87f] 
      0: board.cache_hierarchy.l1i-cache-0: functionalAccess: WriteReq [840:87f] 
      0: board.cache_hierarchy.l2-cache-0: functionalAccess: WriteReq [840:87f] 
      0: board.cache_hierarchy.l1d-cache-0: functionalAccess: WriteReq [880:8bf] 
      0: board.cache_hierarchy.l1i-cache-0: functionalAccess: WriteReq [880:8bf] 
      0: board.cache_hierarchy.l2-cache-0: functionalAccess: WriteReq [880:8bf] 
      0: board.cache_hierarchy.l1d-cache-0: functionalAccess: WriteReq [8c0:8ff] 
      0: board.cache_hierarchy.l1i-cache-0: functionalAccess: WriteReq [8c0:8ff] 
      0: board.cache_hierarchy.l2-cache-0: functionalAccess: WriteReq [8c0:8ff] 
      0: board.cache_hierarchy.l1d-cache-0: functionalAccess: WriteReq [900:93f] 
      0: board.cache_hierarchy.l1i-cache-0: functionalAccess: WriteReq [900:93f] 
      0: board.cache_hierarchy.l2-cache-0: functionalAccess: WriteReq [900:93f] 
      0: board.cache_hierarchy.l1d-cache-0: functionalAccess: WriteReq [940:97f] 
      0: board.cache_hierarchy.l1i-cache-0: functionalAccess: WriteReq [940:97f] 
      0: board.cache_hierarchy.l2-cache-0: functionalAccess: WriteReq [940:97f] 
      0: board.cache_hierarchy.l1d-cache-0: functionalAccess: WriteReq [980:9bf] 
      0: board.cache_hierarchy.l1i-cache-0: functionalAccess: WriteReq [980:9bf] 
      0: board.cache_hierarchy.l2-cache-0: functionalAccess: WriteReq [980:9bf] 
      0: board.cache_hierarchy.l1d-cache-0: functionalAccess: WriteReq [9c0:9ff] 
      0: board.cache_hierarchy.l1i-cache-0: functionalAccess: WriteReq [9c0:9ff] 
      0: board.cache_hierarchy.l2-cache-0: functionalAccess: WriteReq [9c0:9ff] 
      0: board.cache_hierarchy.l1d-cache-0: functionalAccess: WriteReq [a00:a3f] 
      0: board.cache_hierarchy.l1i-cache-0: functionalAccess: WriteReq [a00:a3f] 
      0: board.cache_hierarchy.l2-cache-0: functionalAccess: WriteReq [a00:a3f] 
      0: board.cache_hierarchy.l1d-cache-0: functionalAccess: WriteReq [a40:a7f] 
      0: board.cache_hierarchy.l1i-cache-0: functionalAccess: WriteReq [a40:a7f] 
      0: board.cache_hierarchy.l2-cache-0: functionalAccess: WriteReq [a40:a7f] 
      0: board.cache_hierarchy.l1d-cache-0: functionalAccess: WriteReq [a80:abf] 
      0: board.cache_hierarchy.l1i-cache-0: functionalAccess: WriteReq [a80:abf] 
      0: board.cache_hierarchy.l2-cache-0: functionalAccess: WriteReq [a80:abf] 
      0: board.cache_hierarchy.l1d-cache-0: functionalAccess: WriteReq [ac0:aff] 
      0: board.cache_hierarchy.l1i-cache-0: functionalAccess: WriteReq [ac0:aff] 
      0: board.cache_hierarchy.l2-cache-0: functionalAccess: WriteReq [ac0:aff] 
      0: board.cache_hierarchy.l1d-cache-0: functionalAccess: WriteReq [b00:b3f] 
      0: board.cache_hierarchy.l1i-cache-0: functionalAccess: WriteReq [b00:b3f] 
      0: board.cache_hierarchy.l2-cache-0: functionalAccess: WriteReq [b00:b3f] 
      0: board.cache_hierarchy.l1d-cache-0: functionalAccess: WriteReq [b40:b7f] 
      0: board.cache_hierarchy.l1i-cache-0: functionalAccess: WriteReq [b40:b7f] 
      0: board.cache_hierarchy.l2-cache-0: functionalAccess: WriteReq [b40:b7f] 
      0: board.cache_hierarchy.l1d-cache-0: functionalAccess: WriteReq [b80:bbf] 
      0: board.cache_hierarchy.l1i-cache-0: functionalAccess: WriteReq [b80:bbf] 
      0: board.cache_hierarchy.l2-cache-0: functionalAccess: WriteReq [b80:bbf] 
      0: board.cache_hierarchy.l1d-cache-0: functionalAccess: WriteReq [bc0:bff] 
      0: board.cache_hierarchy.l1i-cache-0: functionalAccess: WriteReq [bc0:bff] 
      0: board.cache_hierarchy.l2-cache-0: functionalAccess: WriteReq [bc0:bff] 
      0: board.cache_hierarchy.l1d-cache-0: functionalAccess: WriteReq [c00:c3f] 
      0: board.cache_hierarchy.l1i-cache-0: functionalAccess: WriteReq [c00:c3f] 
      0: board.cache_hierarchy.l2-cache-0: functionalAccess: WriteReq [c00:c3f] 
      0: board.cache_hierarchy.l1d-cache-0: functionalAccess: WriteReq [c40:c7f] 
      0: board.cache_hierarchy.l1i-cache-0: functionalAccess: WriteReq [c40:c7f] 
      0: board.cache_hierarchy.l2-cache-0: functionalAccess: WriteReq [c40:c7f] 
      0: board.cache_hierarchy.l1d-cache-0: functionalAccess: WriteReq [c80:cbf] 
      0: board.cache_hierarchy.l1i-cache-0: functionalAccess: WriteReq [c80:cbf] 
      0: board.cache_hierarchy.l2-cache-0: functionalAccess: WriteReq [c80:cbf] 
      0: board.cache_hierarchy.l1d-cache-0: functionalAccess: WriteReq [cc0:cff] 
      0: board.cache_hierarchy.l1i-cache-0: functionalAccess: WriteReq [cc0:cff] 
      0: board.cache_hierarchy.l2-cache-0: functionalAccess: WriteReq [cc0:cff] 
      0: board.cache_hierarchy.l1d-cache-0: functionalAccess: WriteReq [d00:d3f] 
      0: board.cache_hierarchy.l1i-cache-0: functionalAccess: WriteReq [d00:d3f] 
      0: board.cache_hierarchy.l2-cache-0: functionalAccess: WriteReq [d00:d3f] 
      0: board.cache_hierarchy.l1d-cache-0: functionalAccess: WriteReq [d40:d7f] 
      0: board.cache_hierarchy.l1i-cache-0: functionalAccess: WriteReq [d40:d7f] 
      0: board.cache_hierarchy.l2-cache-0: functionalAccess: WriteReq [d40:d7f] 
      0: board.cache_hierarchy.l1d-cache-0: functionalAccess: WriteReq [d80:dbf] 
      0: board.cache_hierarchy.l1i-cache-0: functionalAccess: WriteReq [d80:dbf] 
      0: board.cache_hierarchy.l2-cache-0: functionalAccess: WriteReq [d80:dbf] 
      0: board.cache_hierarchy.l1d-cache-0: functionalAccess: WriteReq [dc0:dff] 
      0: board.cache_hierarchy.l1i-cache-0: functionalAccess: WriteReq [dc0:dff] 
      0: board.cache_hierarchy.l2-cache-0: functionalAccess: WriteReq [dc0:dff] 
      0: board.cache_hierarchy.l1d-cache-0: functionalAccess: WriteReq [e00:e3f] 
      0: board.cache_hierarchy.l1i-cache-0: functionalAccess: WriteReq [e00:e3f] 
      0: board.cache_hierarchy.l2-cache-0: functionalAccess: WriteReq [e00:e3f] 
      0: board.cache_hierarchy.l1d-cache-0: functionalAccess: WriteReq [e40:e7f] 
      0: board.cache_hierarchy.l1i-cache-0: functionalAccess: WriteReq [e40:e7f] 
      0: board.cache_hierarchy.l2-cache-0: functionalAccess: WriteReq [e40:e7f] 
      0: board.cache_hierarchy.l1d-cache-0: functionalAccess: WriteReq [e80:ebf] 
      0: board.cache_hierarchy.l1i-cache-0: functionalAccess: WriteReq [e80:ebf] 
      0: board.cache_hierarchy.l2-cache-0: functionalAccess: WriteReq [e80:ebf] 
      0: board.cache_hierarchy.l1d-cache-0: functionalAccess: WriteReq [ec0:eff] 
      0: board.cache_hierarchy.l1i-cache-0: functionalAccess: WriteReq [ec0:eff] 
      0: board.cache_hierarchy.l2-cache-0: functionalAccess: WriteReq [ec0:eff] 
      0: board.cache_hierarchy.l1d-cache-0: functionalAccess: WriteReq [f00:f3f] 
      0: board.cache_hierarchy.l1i-cache-0: functionalAccess: WriteReq [f00:f3f] 
      0: board.cache_hierarchy.l2-cache-0: functionalAccess: WriteReq [f00:f3f] 
      0: board.cache_hierarchy.l1d-cache-0: functionalAccess: WriteReq [f40:f7f] 
      0: board.cache_hierarchy.l1i-cache-0: functionalAccess: WriteReq [f40:f7f] 
      0: board.cache_hierarchy.l2-cache-0: functionalAccess: WriteReq [f40:f7f] 
      0: board.cache_hierarchy.l1d-cache-0: functionalAccess: WriteReq [f80:fbf] 
      0: board.cache_hierarchy.l1i-cache-0: functionalAccess: WriteReq [f80:fbf] 
      0: board.cache_hierarchy.l2-cache-0: functionalAccess: WriteReq [f80:fbf] 
      0: board.cache_hierarchy.l1d-cache-0: functionalAccess: WriteReq [fc0:fff] 
      0: board.cache_hierarchy.l1i-cache-0: functionalAccess: WriteReq [fc0:fff] 
      0: board.cache_hierarchy.l2-cache-0: functionalAccess: WriteReq [fc0:fff] 
      0: board.processor.cores.core.workload: Allocating Page: 0x11000-0x12000
      0: board.cache_hierarchy.l1d-cache-0: functionalAccess: WriteReq [1000:103f] 
      0: board.cache_hierarchy.l1i-cache-0: functionalAccess: WriteReq [1000:103f] 
      0: board.cache_hierarchy.l2-cache-0: functionalAccess: WriteReq [1000:103f] 
      0: board.cache_hierarchy.l1d-cache-0: functionalAccess: WriteReq [1040:107f] 
      0: board.cache_hierarchy.l1i-cache-0: functionalAccess: WriteReq [1040:107f] 
      0: board.cache_hierarchy.l2-cache-0: functionalAccess: WriteReq [1040:107f] 
      0: board.cache_hierarchy.l1d-cache-0: functionalAccess: WriteReq [1080:10bf] 
      0: board.cache_hierarchy.l1i-cache-0: functionalAccess: WriteReq [1080:10bf] 
      0: board.cache_hierarchy.l2-cache-0: functionalAccess: WriteReq [1080:10bf] 
      0: board.cache_hierarchy.l1d-cache-0: functionalAccess: WriteReq [10c0:10ff] 
      0: board.cache_hierarchy.l1i-cache-0: functionalAccess: WriteReq [10c0:10ff] 
      0: board.cache_hierarchy.l2-cache-0: functionalAccess: WriteReq [10c0:10ff] 
      0: board.cache_hierarchy.l1d-cache-0: functionalAccess: WriteReq [1100:113f] 
      0: board.cache_hierarchy.l1i-cache-0: functionalAccess: WriteReq [1100:113f] 
      0: board.cache_hierarchy.l2-cache-0: functionalAccess: WriteReq [1100:113f] 
      0: board.cache_hierarchy.l1d-cache-0: functionalAccess: WriteReq [1140:117f] 
      0: board.cache_hierarchy.l1i-cache-0: functionalAccess: WriteReq [1140:117f] 
      0: board.cache_hierarchy.l2-cache-0: functionalAccess: WriteReq [1140:117f] 
      0: board.cache_hierarchy.l1d-cache-0: functionalAccess: WriteReq [1180:11bf] 
      0: board.cache_hierarchy.l1i-cache-0: functionalAccess: WriteReq [1180:11bf] 
      0: board.cache_hierarchy.l2-cache-0: functionalAccess: WriteReq [1180:11bf] 
      0: board.cache_hierarchy.l1d-cache-0: functionalAccess: WriteReq [11c0:11ff] 
      0: board.cache_hierarchy.l1i-cache-0: functionalAccess: WriteReq [11c0:11ff] 
      0: board.cache_hierarchy.l2-cache-0: functionalAccess: WriteReq [11c0:11ff] 
      0: board.cache_hierarchy.l1d-cache-0: functionalAccess: WriteReq [1200:123f] 
      0: board.cache_hierarchy.l1i-cache-0: functionalAccess: WriteReq [1200:123f] 
      0: board.cache_hierarchy.l2-cache-0: functionalAccess: WriteReq [1200:123f] 
      0: board.cache_hierarchy.l1d-cache-0: functionalAccess: WriteReq [1240:127f] 
      0: board.cache_hierarchy.l1i-cache-0: functionalAccess: WriteReq [1240:127f] 
      0: board.cache_hierarchy.l2-cache-0: functionalAccess: WriteReq [1240:127f] 
      0: board.cache_hierarchy.l1d-cache-0: functionalAccess: WriteReq [1280:12bf] 
      0: board.cache_hierarchy.l1i-cache-0: functionalAccess: WriteReq [1280:12bf] 
      0: board.cache_hierarchy.l2-cache-0: functionalAccess: WriteReq [1280:12bf] 
      0: board.cache_hierarchy.l1d-cache-0: functionalAccess: WriteReq [12c0:12ff] 
      0: board.cache_hierarchy.l1i-cache-0: functionalAccess: WriteReq [12c0:12ff] 
      0: board.cache_hierarchy.l2-cache-0: functionalAccess: WriteReq [12c0:12ff] 
      0: board.cache_hierarchy.l1d-cache-0: functionalAccess: WriteReq [1300:133f] 
      0: board.cache_hierarchy.l1i-cache-0: functionalAccess: WriteReq [1300:133f] 
      0: board.cache_hierarchy.l2-cache-0: functionalAccess: WriteReq [1300:133f] 
      0: board.cache_hierarchy.l1d-cache-0: functionalAccess: WriteReq [1340:137f] 
      0: board.cache_hierarchy.l1i-cache-0: functionalAccess: WriteReq [1340:137f] 
      0: board.cache_hierarchy.l2-cache-0: functionalAccess: WriteReq [1340:137f] 
      0: board.cache_hierarchy.l1d-cache-0: functionalAccess: WriteReq [1380:13bf] 
      0: board.cache_hierarchy.l1i-cache-0: functionalAccess: WriteReq [1380:13bf] 
      0: board.cache_hierarchy.l2-cache-0: functionalAccess: WriteReq [1380:13bf] 
      0: board.cache_hierarchy.l1d-cache-0: functionalAccess: WriteReq [13c0:13ff] 
      0: board.cache_hierarchy.l1i-cache-0: functionalAccess: WriteReq [13c0:13ff] 
      0: board.cache_hierarchy.l2-cache-0: functionalAccess: WriteReq [13c0:13ff] 
      0: board.cache_hierarchy.l1d-cache-0: functionalAccess: WriteReq [1400:143f] 
      0: board.cache_hierarchy.l1i-cache-0: functionalAccess: WriteReq [1400:143f] 
      0: board.cache_hierarchy.l2-cache-0: functionalAccess: WriteReq [1400:143f] 
      0: board.cache_hierarchy.l1d-cache-0: functionalAccess: WriteReq [1440:147f] 
      0: board.cache_hierarchy.l1i-cache-0: functionalAccess: WriteReq [1440:147f] 
      0: board.cache_hierarchy.l2-cache-0: functionalAccess: WriteReq [1440:147f] 
      0: board.cache_hierarchy.l1d-cache-0: functionalAccess: WriteReq [1480:14bf] 
      0: board.cache_hierarchy.l1i-cache-0: functionalAccess: WriteReq [1480:14bf] 
      0: board.cache_hierarchy.l2-cache-0: functionalAccess: WriteReq [1480:14bf] 
      0: board.cache_hierarchy.l1d-cache-0: functionalAccess: WriteReq [14c0:14ff] 
      0: board.cache_hierarchy.l1i-cache-0: functionalAccess: WriteReq [14c0:14ff] 
      0: board.cache_hierarchy.l2-cache-0: functionalAccess: WriteReq [14c0:14ff] 
      0: board.cache_hierarchy.l1d-cache-0: functionalAccess: WriteReq [1500:153f] 
      0: board.cache_hierarchy.l1i-cache-0: functionalAccess: WriteReq [1500:153f] 
      0: board.cache_hierarchy.l2-cache-0: functionalAccess: WriteReq [1500:153f] 
      0: board.cache_hierarchy.l1d-cache-0: functionalAccess: WriteReq [1540:157f] 
      0: board.cache_hierarchy.l1i-cache-0: functionalAccess: WriteReq [1540:157f] 
      0: board.cache_hierarchy.l2-cache-0: functionalAccess: WriteReq [1540:157f] 
      0: board.cache_hierarchy.l1d-cache-0: functionalAccess: WriteReq [1580:15bf] 
      0: board.cache_hierarchy.l1i-cache-0: functionalAccess: WriteReq [1580:15bf] 
      0: board.cache_hierarchy.l2-cache-0: functionalAccess: WriteReq [1580:15bf] 
      0: board.cache_hierarchy.l1d-cache-0: functionalAccess: WriteReq [15c0:15ff] 
      0: board.cache_hierarchy.l1i-cache-0: functionalAccess: WriteReq [15c0:15ff] 
      0: board.cache_hierarchy.l2-cache-0: functionalAccess: WriteReq [15c0:15ff] 
      0: board.cache_hierarchy.l1d-cache-0: functionalAccess: WriteReq [1600:163f] 
      0: board.cache_hierarchy.l1i-cache-0: functionalAccess: WriteReq [1600:163f] 
      0: board.cache_hierarchy.l2-cache-0: functionalAccess: WriteReq [1600:163f] 
      0: board.cache_hierarchy.l1d-cache-0: functionalAccess: WriteReq [1640:167f] 
      0: board.cache_hierarchy.l1i-cache-0: functionalAccess: WriteReq [1640:167f] 
      0: board.cache_hierarchy.l2-cache-0: functionalAccess: WriteReq [1640:167f] 
      0: board.cache_hierarchy.l1d-cache-0: functionalAccess: WriteReq [1680:16bf] 
      0: board.cache_hierarchy.l1i-cache-0: functionalAccess: WriteReq [1680:16bf] 
      0: board.cache_hierarchy.l2-cache-0: functionalAccess: WriteReq [1680:16bf] 
      0: board.cache_hierarchy.l1d-cache-0: functionalAccess: WriteReq [16c0:16ff] 
      0: board.cache_hierarchy.l1i-cache-0: functionalAccess: WriteReq [16c0:16ff] 
      0: board.cache_hierarchy.l2-cache-0: functionalAccess: WriteReq [16c0:16ff] 
      0: board.cache_hierarchy.l1d-cache-0: functionalAccess: WriteReq [1700:173f] 
      0: board.cache_hierarchy.l1i-cache-0: functionalAccess: WriteReq [1700:173f] 
      0: board.cache_hierarchy.l2-cache-0: functionalAccess: WriteReq [1700:173f] 
      0: board.cache_hierarchy.l1d-cache-0: functionalAccess: WriteReq [1740:177f] 
      0: board.cache_hierarchy.l1i-cache-0: functionalAccess: WriteReq [1740:177f] 
      0: board.cache_hierarchy.l2-cache-0: functionalAccess: WriteReq [1740:177f] 
      0: board.cache_hierarchy.l1d-cache-0: functionalAccess: WriteReq [1780:17bf] 
      0: board.cache_hierarchy.l1i-cache-0: functionalAccess: WriteReq [1780:17bf] 
      0: board.cache_hierarchy.l2-cache-0: functionalAccess: WriteReq [1780:17bf] 
      0: board.cache_hierarchy.l1d-cache-0: functionalAccess: WriteReq [17c0:17ff] 
      0: board.cache_hierarchy.l1i-cache-0: functionalAccess: WriteReq [17c0:17ff] 
      0: board.cache_hierarchy.l2-cache-0: functionalAccess: WriteReq [17c0:17ff] 
      0: board.cache_hierarchy.l1d-cache-0: functionalAccess: WriteReq [1800:183f] 
      0: board.cache_hierarchy.l1i-cache-0: functionalAccess: WriteReq [1800:183f] 
      0: board.cache_hierarchy.l2-cache-0: functionalAccess: WriteReq [1800:183f] 
      0: board.cache_hierarchy.l1d-cache-0: functionalAccess: WriteReq [1840:187f] 
      0: board.cache_hierarchy.l1i-cache-0: functionalAccess: WriteReq [1840:187f] 
      0: board.cache_hierarchy.l2-cache-0: functionalAccess: WriteReq [1840:187f] 
      0: board.cache_hierarchy.l1d-cache-0: functionalAccess: WriteReq [1880:18bf] 
      0: board.cache_hierarchy.l1i-cache-0: functionalAccess: WriteReq [1880:18bf] 
      0: board.cache_hierarchy.l2-cache-0: functionalAccess: WriteReq [1880:18bf] 
      0: board.cache_hierarchy.l1d-cache-0: functionalAccess: WriteReq [18c0:18db] 
      0: board.cache_hierarchy.l1i-cache-0: functionalAccess: WriteReq [18c0:18db] 
      0: board.cache_hierarchy.l2-cache-0: functionalAccess: WriteReq [18c0:18db] 
      0: board.processor.cores.core.workload: Allocating Page: 0x12000-0x13000
      0: board.cache_hierarchy.l1d-cache-0: functionalAccess: WriteReq [28e0:28ff] 
      0: board.cache_hierarchy.l1i-cache-0: functionalAccess: WriteReq [28e0:28ff] 
      0: board.cache_hierarchy.l2-cache-0: functionalAccess: WriteReq [28e0:28ff] 
      0: board.cache_hierarchy.l1d-cache-0: functionalAccess: WriteReq [2900:293f] 
      0: board.cache_hierarchy.l1i-cache-0: functionalAccess: WriteReq [2900:293f] 
      0: board.cache_hierarchy.l2-cache-0: functionalAccess: WriteReq [2900:293f] 
      0: board.cache_hierarchy.l1d-cache-0: functionalAccess: WriteReq [2940:297f] 
      0: board.cache_hierarchy.l1i-cache-0: functionalAccess: WriteReq [2940:297f] 
      0: board.cache_hierarchy.l2-cache-0: functionalAccess: WriteReq [2940:297f] 
      0: board.cache_hierarchy.l1d-cache-0: functionalAccess: WriteReq [2980:29bf] 
      0: board.cache_hierarchy.l1i-cache-0: functionalAccess: WriteReq [2980:29bf] 
      0: board.cache_hierarchy.l2-cache-0: functionalAccess: WriteReq [2980:29bf] 
      0: board.cache_hierarchy.l1d-cache-0: functionalAccess: WriteReq [29c0:29ff] 
      0: board.cache_hierarchy.l1i-cache-0: functionalAccess: WriteReq [29c0:29ff] 
      0: board.cache_hierarchy.l2-cache-0: functionalAccess: WriteReq [29c0:29ff] 
      0: board.cache_hierarchy.l1d-cache-0: functionalAccess: WriteReq [2a00:2a3f] 
      0: board.cache_hierarchy.l1i-cache-0: functionalAccess: WriteReq [2a00:2a3f] 
      0: board.cache_hierarchy.l2-cache-0: functionalAccess: WriteReq [2a00:2a3f] 
      0: board.cache_hierarchy.l1d-cache-0: functionalAccess: WriteReq [2a40:2a7f] 
      0: board.cache_hierarchy.l1i-cache-0: functionalAccess: WriteReq [2a40:2a7f] 
      0: board.cache_hierarchy.l2-cache-0: functionalAccess: WriteReq [2a40:2a7f] 
      0: board.cache_hierarchy.l1d-cache-0: functionalAccess: WriteReq [2a80:2abf] 
      0: board.cache_hierarchy.l1i-cache-0: functionalAccess: WriteReq [2a80:2abf] 
      0: board.cache_hierarchy.l2-cache-0: functionalAccess: WriteReq [2a80:2abf] 
      0: board.cache_hierarchy.l1d-cache-0: functionalAccess: WriteReq [2ac0:2aff] 
      0: board.cache_hierarchy.l1i-cache-0: functionalAccess: WriteReq [2ac0:2aff] 
      0: board.cache_hierarchy.l2-cache-0: functionalAccess: WriteReq [2ac0:2aff] 
      0: board.cache_hierarchy.l1d-cache-0: functionalAccess: WriteReq [2b00:2b3f] 
      0: board.cache_hierarchy.l1i-cache-0: functionalAccess: WriteReq [2b00:2b3f] 
      0: board.cache_hierarchy.l2-cache-0: functionalAccess: WriteReq [2b00:2b3f] 
      0: board.cache_hierarchy.l1d-cache-0: functionalAccess: WriteReq [2b40:2b7f] 
      0: board.cache_hierarchy.l1i-cache-0: functionalAccess: WriteReq [2b40:2b7f] 
      0: board.cache_hierarchy.l2-cache-0: functionalAccess: WriteReq [2b40:2b7f] 
      0: board.cache_hierarchy.l1d-cache-0: functionalAccess: WriteReq [2b80:2bbf] 
      0: board.cache_hierarchy.l1i-cache-0: functionalAccess: WriteReq [2b80:2bbf] 
      0: board.cache_hierarchy.l2-cache-0: functionalAccess: WriteReq [2b80:2bbf] 
      0: board.cache_hierarchy.l1d-cache-0: functionalAccess: WriteReq [2bc0:2bff] 
      0: board.cache_hierarchy.l1i-cache-0: functionalAccess: WriteReq [2bc0:2bff] 
      0: board.cache_hierarchy.l2-cache-0: functionalAccess: WriteReq [2bc0:2bff] 
      0: board.cache_hierarchy.l1d-cache-0: functionalAccess: WriteReq [2c00:2c3f] 
      0: board.cache_hierarchy.l1i-cache-0: functionalAccess: WriteReq [2c00:2c3f] 
      0: board.cache_hierarchy.l2-cache-0: functionalAccess: WriteReq [2c00:2c3f] 
      0: board.cache_hierarchy.l1d-cache-0: functionalAccess: WriteReq [2c40:2c7f] 
      0: board.cache_hierarchy.l1i-cache-0: functionalAccess: WriteReq [2c40:2c7f] 
      0: board.cache_hierarchy.l2-cache-0: functionalAccess: WriteReq [2c40:2c7f] 
      0: board.cache_hierarchy.l1d-cache-0: functionalAccess: WriteReq [2c80:2cbf] 
      0: board.cache_hierarchy.l1i-cache-0: functionalAccess: WriteReq [2c80:2cbf] 
      0: board.cache_hierarchy.l2-cache-0: functionalAccess: WriteReq [2c80:2cbf] 
      0: board.cache_hierarchy.l1d-cache-0: functionalAccess: WriteReq [2cc0:2cff] 
      0: board.cache_hierarchy.l1i-cache-0: functionalAccess: WriteReq [2cc0:2cff] 
      0: board.cache_hierarchy.l2-cache-0: functionalAccess: WriteReq [2cc0:2cff] 
      0: board.cache_hierarchy.l1d-cache-0: functionalAccess: WriteReq [2d00:2d3f] 
      0: board.cache_hierarchy.l1i-cache-0: functionalAccess: WriteReq [2d00:2d3f] 
      0: board.cache_hierarchy.l2-cache-0: functionalAccess: WriteReq [2d00:2d3f] 
      0: board.cache_hierarchy.l1d-cache-0: functionalAccess: WriteReq [2d40:2d7f] 
      0: board.cache_hierarchy.l1i-cache-0: functionalAccess: WriteReq [2d40:2d7f] 
      0: board.cache_hierarchy.l2-cache-0: functionalAccess: WriteReq [2d40:2d7f] 
      0: board.cache_hierarchy.l1d-cache-0: functionalAccess: WriteReq [2d80:2dbf] 
      0: board.cache_hierarchy.l1i-cache-0: functionalAccess: WriteReq [2d80:2dbf] 
      0: board.cache_hierarchy.l2-cache-0: functionalAccess: WriteReq [2d80:2dbf] 
      0: board.cache_hierarchy.l1d-cache-0: functionalAccess: WriteReq [2dc0:2dff] 
      0: board.cache_hierarchy.l1i-cache-0: functionalAccess: WriteReq [2dc0:2dff] 
      0: board.cache_hierarchy.l2-cache-0: functionalAccess: WriteReq [2dc0:2dff] 
      0: board.cache_hierarchy.l1d-cache-0: functionalAccess: WriteReq [2e00:2e3f] 
      0: board.cache_hierarchy.l1i-cache-0: functionalAccess: WriteReq [2e00:2e3f] 
      0: board.cache_hierarchy.l2-cache-0: functionalAccess: WriteReq [2e00:2e3f] 
      0: board.cache_hierarchy.l1d-cache-0: functionalAccess: WriteReq [2e40:2e7f] 
      0: board.cache_hierarchy.l1i-cache-0: functionalAccess: WriteReq [2e40:2e7f] 
      0: board.cache_hierarchy.l2-cache-0: functionalAccess: WriteReq [2e40:2e7f] 
      0: board.cache_hierarchy.l1d-cache-0: functionalAccess: WriteReq [2e80:2ebf] 
      0: board.cache_hierarchy.l1i-cache-0: functionalAccess: WriteReq [2e80:2ebf] 
      0: board.cache_hierarchy.l2-cache-0: functionalAccess: WriteReq [2e80:2ebf] 
      0: board.cache_hierarchy.l1d-cache-0: functionalAccess: WriteReq [2ec0:2eff] 
      0: board.cache_hierarchy.l1i-cache-0: functionalAccess: WriteReq [2ec0:2eff] 
      0: board.cache_hierarchy.l2-cache-0: functionalAccess: WriteReq [2ec0:2eff] 
      0: board.cache_hierarchy.l1d-cache-0: functionalAccess: WriteReq [2f00:2f3f] 
      0: board.cache_hierarchy.l1i-cache-0: functionalAccess: WriteReq [2f00:2f3f] 
      0: board.cache_hierarchy.l2-cache-0: functionalAccess: WriteReq [2f00:2f3f] 
      0: board.cache_hierarchy.l1d-cache-0: functionalAccess: WriteReq [2f40:2f7f] 
      0: board.cache_hierarchy.l1i-cache-0: functionalAccess: WriteReq [2f40:2f7f] 
      0: board.cache_hierarchy.l2-cache-0: functionalAccess: WriteReq [2f40:2f7f] 
      0: board.cache_hierarchy.l1d-cache-0: functionalAccess: WriteReq [2f80:2fbf] 
      0: board.cache_hierarchy.l1i-cache-0: functionalAccess: WriteReq [2f80:2fbf] 
      0: board.cache_hierarchy.l2-cache-0: functionalAccess: WriteReq [2f80:2fbf] 
      0: board.cache_hierarchy.l1d-cache-0: functionalAccess: WriteReq [2fc0:2fff] 
      0: board.cache_hierarchy.l1i-cache-0: functionalAccess: WriteReq [2fc0:2fff] 
      0: board.cache_hierarchy.l2-cache-0: functionalAccess: WriteReq [2fc0:2fff] 
      0: board.processor.cores.core.workload: Allocating Page: 0x13000-0x14000
      0: board.cache_hierarchy.l1d-cache-0: functionalAccess: WriteReq [3000:303f] 
      0: board.cache_hierarchy.l1i-cache-0: functionalAccess: WriteReq [3000:303f] 
      0: board.cache_hierarchy.l2-cache-0: functionalAccess: WriteReq [3000:303f] 
      0: board.cache_hierarchy.l1d-cache-0: functionalAccess: WriteReq [3040:307f] 
      0: board.cache_hierarchy.l1i-cache-0: functionalAccess: WriteReq [3040:307f] 
      0: board.cache_hierarchy.l2-cache-0: functionalAccess: WriteReq [3040:307f] 
      0: board.cache_hierarchy.l1d-cache-0: functionalAccess: WriteReq [3080:30bf] 
      0: board.cache_hierarchy.l1i-cache-0: functionalAccess: WriteReq [3080:30bf] 
      0: board.cache_hierarchy.l2-cache-0: functionalAccess: WriteReq [3080:30bf] 
      0: board.cache_hierarchy.l1d-cache-0: functionalAccess: WriteReq [30c0:30ff] 
      0: board.cache_hierarchy.l1i-cache-0: functionalAccess: WriteReq [30c0:30ff] 
      0: board.cache_hierarchy.l2-cache-0: functionalAccess: WriteReq [30c0:30ff] 
      0: board.cache_hierarchy.l1d-cache-0: functionalAccess: WriteReq [3100:313f] 
      0: board.cache_hierarchy.l1i-cache-0: functionalAccess: WriteReq [3100:313f] 
      0: board.cache_hierarchy.l2-cache-0: functionalAccess: WriteReq [3100:313f] 
      0: board.cache_hierarchy.l1d-cache-0: functionalAccess: WriteReq [3140:317f] 
      0: board.cache_hierarchy.l1i-cache-0: functionalAccess: WriteReq [3140:317f] 
      0: board.cache_hierarchy.l2-cache-0: functionalAccess: WriteReq [3140:317f] 
      0: board.cache_hierarchy.l1d-cache-0: functionalAccess: WriteReq [3180:31bf] 
      0: board.cache_hierarchy.l1i-cache-0: functionalAccess: WriteReq [3180:31bf] 
      0: board.cache_hierarchy.l2-cache-0: functionalAccess: WriteReq [3180:31bf] 
      0: board.cache_hierarchy.l1d-cache-0: functionalAccess: WriteReq [31c0:31ff] 
      0: board.cache_hierarchy.l1i-cache-0: functionalAccess: WriteReq [31c0:31ff] 
      0: board.cache_hierarchy.l2-cache-0: functionalAccess: WriteReq [31c0:31ff] 
      0: board.cache_hierarchy.l1d-cache-0: functionalAccess: WriteReq [3200:323f] 
      0: board.cache_hierarchy.l1i-cache-0: functionalAccess: WriteReq [3200:323f] 
      0: board.cache_hierarchy.l2-cache-0: functionalAccess: WriteReq [3200:323f] 
      0: board.cache_hierarchy.l1d-cache-0: functionalAccess: WriteReq [3240:327f] 
      0: board.cache_hierarchy.l1i-cache-0: functionalAccess: WriteReq [3240:327f] 
      0: board.cache_hierarchy.l2-cache-0: functionalAccess: WriteReq [3240:327f] 
      0: board.cache_hierarchy.l1d-cache-0: functionalAccess: WriteReq [3280:32bf] 
      0: board.cache_hierarchy.l1i-cache-0: functionalAccess: WriteReq [3280:32bf] 
      0: board.cache_hierarchy.l2-cache-0: functionalAccess: WriteReq [3280:32bf] 
      0: board.cache_hierarchy.l1d-cache-0: functionalAccess: WriteReq [32c0:32ff] 
      0: board.cache_hierarchy.l1i-cache-0: functionalAccess: WriteReq [32c0:32ff] 
      0: board.cache_hierarchy.l2-cache-0: functionalAccess: WriteReq [32c0:32ff] 
      0: board.cache_hierarchy.l1d-cache-0: functionalAccess: WriteReq [3300:332f] 
      0: board.cache_hierarchy.l1i-cache-0: functionalAccess: WriteReq [3300:332f] 
      0: board.cache_hierarchy.l2-cache-0: functionalAccess: WriteReq [3300:332f] 
      0: board.cache_hierarchy.l1d-cache-0: functionalAccess: WriteReq [3330:333f] 
      0: board.cache_hierarchy.l1i-cache-0: functionalAccess: WriteReq [3330:333f] 
      0: board.cache_hierarchy.l2-cache-0: functionalAccess: WriteReq [3330:333f] 
      0: board.cache_hierarchy.l1d-cache-0: functionalAccess: WriteReq [3340:337f] 
      0: board.cache_hierarchy.l1i-cache-0: functionalAccess: WriteReq [3340:337f] 
      0: board.cache_hierarchy.l2-cache-0: functionalAccess: WriteReq [3340:337f] 
      0: board.cache_hierarchy.l1d-cache-0: functionalAccess: WriteReq [3380:33bf] 
      0: board.cache_hierarchy.l1i-cache-0: functionalAccess: WriteReq [3380:33bf] 
      0: board.cache_hierarchy.l2-cache-0: functionalAccess: WriteReq [3380:33bf] 
      0: board.cache_hierarchy.l1d-cache-0: functionalAccess: WriteReq [33c0:33ff] 
      0: board.cache_hierarchy.l1i-cache-0: functionalAccess: WriteReq [33c0:33ff] 
      0: board.cache_hierarchy.l2-cache-0: functionalAccess: WriteReq [33c0:33ff] 
      0: board.cache_hierarchy.l1d-cache-0: functionalAccess: WriteReq [3400:343f] 
      0: board.cache_hierarchy.l1i-cache-0: functionalAccess: WriteReq [3400:343f] 
      0: board.cache_hierarchy.l2-cache-0: functionalAccess: WriteReq [3400:343f] 
      0: board.cache_hierarchy.l1d-cache-0: functionalAccess: WriteReq [3440:347f] 
      0: board.cache_hierarchy.l1i-cache-0: functionalAccess: WriteReq [3440:347f] 
      0: board.cache_hierarchy.l2-cache-0: functionalAccess: WriteReq [3440:347f] 
      0: board.cache_hierarchy.l1d-cache-0: functionalAccess: WriteReq [3480:34bf] 
      0: board.cache_hierarchy.l1i-cache-0: functionalAccess: WriteReq [3480:34bf] 
      0: board.cache_hierarchy.l2-cache-0: functionalAccess: WriteReq [3480:34bf] 
      0: board.cache_hierarchy.l1d-cache-0: functionalAccess: WriteReq [34c0:34ff] 
      0: board.cache_hierarchy.l1i-cache-0: functionalAccess: WriteReq [34c0:34ff] 
      0: board.cache_hierarchy.l2-cache-0: functionalAccess: WriteReq [34c0:34ff] 
      0: board.cache_hierarchy.l1d-cache-0: functionalAccess: WriteReq [3500:353f] 
      0: board.cache_hierarchy.l1i-cache-0: functionalAccess: WriteReq [3500:353f] 
      0: board.cache_hierarchy.l2-cache-0: functionalAccess: WriteReq [3500:353f] 
      0: board.cache_hierarchy.l1d-cache-0: functionalAccess: WriteReq [3540:357f] 
      0: board.cache_hierarchy.l1i-cache-0: functionalAccess: WriteReq [3540:357f] 
      0: board.cache_hierarchy.l2-cache-0: functionalAccess: WriteReq [3540:357f] 
      0: board.cache_hierarchy.l1d-cache-0: functionalAccess: WriteReq [3580:35bf] 
      0: board.cache_hierarchy.l1i-cache-0: functionalAccess: WriteReq [3580:35bf] 
      0: board.cache_hierarchy.l2-cache-0: functionalAccess: WriteReq [3580:35bf] 
      0: board.cache_hierarchy.l1d-cache-0: functionalAccess: WriteReq [35c0:35ff] 
      0: board.cache_hierarchy.l1i-cache-0: functionalAccess: WriteReq [35c0:35ff] 
      0: board.cache_hierarchy.l2-cache-0: functionalAccess: WriteReq [35c0:35ff] 
      0: board.cache_hierarchy.l1d-cache-0: functionalAccess: WriteReq [3600:363f] 
      0: board.cache_hierarchy.l1i-cache-0: functionalAccess: WriteReq [3600:363f] 
      0: board.cache_hierarchy.l2-cache-0: functionalAccess: WriteReq [3600:363f] 
      0: board.cache_hierarchy.l1d-cache-0: functionalAccess: WriteReq [3640:367f] 
      0: board.cache_hierarchy.l1i-cache-0: functionalAccess: WriteReq [3640:367f] 
      0: board.cache_hierarchy.l2-cache-0: functionalAccess: WriteReq [3640:367f] 
      0: board.cache_hierarchy.l1d-cache-0: functionalAccess: WriteReq [3680:36bf] 
      0: board.cache_hierarchy.l1i-cache-0: functionalAccess: WriteReq [3680:36bf] 
      0: board.cache_hierarchy.l2-cache-0: functionalAccess: WriteReq [3680:36bf] 
      0: board.cache_hierarchy.l1d-cache-0: functionalAccess: WriteReq [36c0:36ff] 
      0: board.cache_hierarchy.l1i-cache-0: functionalAccess: WriteReq [36c0:36ff] 
      0: board.cache_hierarchy.l2-cache-0: functionalAccess: WriteReq [36c0:36ff] 
      0: board.cache_hierarchy.l1d-cache-0: functionalAccess: WriteReq [3700:373f] 
      0: board.cache_hierarchy.l1i-cache-0: functionalAccess: WriteReq [3700:373f] 
      0: board.cache_hierarchy.l2-cache-0: functionalAccess: WriteReq [3700:373f] 
      0: board.cache_hierarchy.l1d-cache-0: functionalAccess: WriteReq [3740:377f] 
      0: board.cache_hierarchy.l1i-cache-0: functionalAccess: WriteReq [3740:377f] 
      0: board.cache_hierarchy.l2-cache-0: functionalAccess: WriteReq [3740:377f] 
      0: board.cache_hierarchy.l1d-cache-0: functionalAccess: WriteReq [3780:37bf] 
      0: board.cache_hierarchy.l1i-cache-0: functionalAccess: WriteReq [3780:37bf] 
      0: board.cache_hierarchy.l2-cache-0: functionalAccess: WriteReq [3780:37bf] 
      0: board.cache_hierarchy.l1d-cache-0: functionalAccess: WriteReq [37c0:37ff] 
      0: board.cache_hierarchy.l1i-cache-0: functionalAccess: WriteReq [37c0:37ff] 
      0: board.cache_hierarchy.l2-cache-0: functionalAccess: WriteReq [37c0:37ff] 
      0: board.cache_hierarchy.l1d-cache-0: functionalAccess: WriteReq [3800:383f] 
      0: board.cache_hierarchy.l1i-cache-0: functionalAccess: WriteReq [3800:383f] 
      0: board.cache_hierarchy.l2-cache-0: functionalAccess: WriteReq [3800:383f] 
      0: board.cache_hierarchy.l1d-cache-0: functionalAccess: WriteReq [3840:387f] 
      0: board.cache_hierarchy.l1i-cache-0: functionalAccess: WriteReq [3840:387f] 
      0: board.cache_hierarchy.l2-cache-0: functionalAccess: WriteReq [3840:387f] 
      0: board.cache_hierarchy.l1d-cache-0: functionalAccess: WriteReq [3880:38bf] 
      0: board.cache_hierarchy.l1i-cache-0: functionalAccess: WriteReq [3880:38bf] 
      0: board.cache_hierarchy.l2-cache-0: functionalAccess: WriteReq [3880:38bf] 
      0: board.cache_hierarchy.l1d-cache-0: functionalAccess: WriteReq [38c0:38ff] 
      0: board.cache_hierarchy.l1i-cache-0: functionalAccess: WriteReq [38c0:38ff] 
      0: board.cache_hierarchy.l2-cache-0: functionalAccess: WriteReq [38c0:38ff] 
      0: board.cache_hierarchy.l1d-cache-0: functionalAccess: WriteReq [3900:392f] 
      0: board.cache_hierarchy.l1i-cache-0: functionalAccess: WriteReq [3900:392f] 
      0: board.cache_hierarchy.l2-cache-0: functionalAccess: WriteReq [3900:392f] 
      0: board.processor.cores.core.workload: Allocating Page: 0x7ffffffffffff000-0x8000000000000000
      0: board.cache_hierarchy.l1d-cache-0: functionalAccess: WriteReq [4fef:4ffe] 
      0: board.cache_hierarchy.l1i-cache-0: functionalAccess: WriteReq [4fef:4ffe] 
      0: board.cache_hierarchy.l2-cache-0: functionalAccess: WriteReq [4fef:4ffe] 
      0: board.cache_hierarchy.l1d-cache-0: functionalAccess: WriteReq [4fc9:4fc9] 
      0: board.cache_hierarchy.l1i-cache-0: functionalAccess: WriteReq [4fc9:4fc9] 
      0: board.cache_hierarchy.l2-cache-0: functionalAccess: WriteReq [4fc9:4fc9] 
      0: board.cache_hierarchy.l1d-cache-0: functionalAccess: WriteReq [4fca:4fca] 
      0: board.cache_hierarchy.l1i-cache-0: functionalAccess: WriteReq [4fca:4fca] 
      0: board.cache_hierarchy.l2-cache-0: functionalAccess: WriteReq [4fca:4fca] 
      0: board.cache_hierarchy.l1d-cache-0: functionalAccess: WriteReq [4fcb:4fcb] 
      0: board.cache_hierarchy.l1i-cache-0: functionalAccess: WriteReq [4fcb:4fcb] 
      0: board.cache_hierarchy.l2-cache-0: functionalAccess: WriteReq [4fcb:4fcb] 
      0: board.cache_hierarchy.l1d-cache-0: functionalAccess: WriteReq [4fcc:4fcc] 
      0: board.cache_hierarchy.l1i-cache-0: functionalAccess: WriteReq [4fcc:4fcc] 
      0: board.cache_hierarchy.l2-cache-0: functionalAccess: WriteReq [4fcc:4fcc] 
      0: board.cache_hierarchy.l1d-cache-0: functionalAccess: WriteReq [4fcd:4fcd] 
      0: board.cache_hierarchy.l1i-cache-0: functionalAccess: WriteReq [4fcd:4fcd] 
      0: board.cache_hierarchy.l2-cache-0: functionalAccess: WriteReq [4fcd:4fcd] 
      0: board.cache_hierarchy.l1d-cache-0: functionalAccess: WriteReq [4fce:4fce] 
      0: board.cache_hierarchy.l1i-cache-0: functionalAccess: WriteReq [4fce:4fce] 
      0: board.cache_hierarchy.l2-cache-0: functionalAccess: WriteReq [4fce:4fce] 
      0: board.cache_hierarchy.l1d-cache-0: functionalAccess: WriteReq [4fcf:4fcf] 
      0: board.cache_hierarchy.l1i-cache-0: functionalAccess: WriteReq [4fcf:4fcf] 
      0: board.cache_hierarchy.l2-cache-0: functionalAccess: WriteReq [4fcf:4fcf] 
      0: board.cache_hierarchy.l1d-cache-0: functionalAccess: WriteReq [4fd0:4fd0] 
      0: board.cache_hierarchy.l1i-cache-0: functionalAccess: WriteReq [4fd0:4fd0] 
      0: board.cache_hierarchy.l2-cache-0: functionalAccess: WriteReq [4fd0:4fd0] 
      0: board.cache_hierarchy.l1d-cache-0: functionalAccess: WriteReq [4fd1:4fd1] 
      0: board.cache_hierarchy.l1i-cache-0: functionalAccess: WriteReq [4fd1:4fd1] 
      0: board.cache_hierarchy.l2-cache-0: functionalAccess: WriteReq [4fd1:4fd1] 
      0: board.cache_hierarchy.l1d-cache-0: functionalAccess: WriteReq [4fd2:4fd2] 
      0: board.cache_hierarchy.l1i-cache-0: functionalAccess: WriteReq [4fd2:4fd2] 
      0: board.cache_hierarchy.l2-cache-0: functionalAccess: WriteReq [4fd2:4fd2] 
      0: board.cache_hierarchy.l1d-cache-0: functionalAccess: WriteReq [4fd3:4fd3] 
      0: board.cache_hierarchy.l1i-cache-0: functionalAccess: WriteReq [4fd3:4fd3] 
      0: board.cache_hierarchy.l2-cache-0: functionalAccess: WriteReq [4fd3:4fd3] 
      0: board.cache_hierarchy.l1d-cache-0: functionalAccess: WriteReq [4fd4:4fd4] 
      0: board.cache_hierarchy.l1i-cache-0: functionalAccess: WriteReq [4fd4:4fd4] 
      0: board.cache_hierarchy.l2-cache-0: functionalAccess: WriteReq [4fd4:4fd4] 
      0: board.cache_hierarchy.l1d-cache-0: functionalAccess: WriteReq [4fd5:4fd5] 
      0: board.cache_hierarchy.l1i-cache-0: functionalAccess: WriteReq [4fd5:4fd5] 
      0: board.cache_hierarchy.l2-cache-0: functionalAccess: WriteReq [4fd5:4fd5] 
      0: board.cache_hierarchy.l1d-cache-0: functionalAccess: WriteReq [4fd6:4fd6] 
      0: board.cache_hierarchy.l1i-cache-0: functionalAccess: WriteReq [4fd6:4fd6] 
      0: board.cache_hierarchy.l2-cache-0: functionalAccess: WriteReq [4fd6:4fd6] 
      0: board.cache_hierarchy.l1d-cache-0: functionalAccess: WriteReq [4fd7:4fd7] 
      0: board.cache_hierarchy.l1i-cache-0: functionalAccess: WriteReq [4fd7:4fd7] 
      0: board.cache_hierarchy.l2-cache-0: functionalAccess: WriteReq [4fd7:4fd7] 
      0: board.cache_hierarchy.l1d-cache-0: functionalAccess: WriteReq [4fd8:4fd8] 
      0: board.cache_hierarchy.l1i-cache-0: functionalAccess: WriteReq [4fd8:4fd8] 
      0: board.cache_hierarchy.l2-cache-0: functionalAccess: WriteReq [4fd8:4fd8] 
      0: board.cache_hierarchy.l1d-cache-0: functionalAccess: WriteReq [4fd9:4fd9] 
      0: board.cache_hierarchy.l1i-cache-0: functionalAccess: WriteReq [4fd9:4fd9] 
      0: board.cache_hierarchy.l2-cache-0: functionalAccess: WriteReq [4fd9:4fd9] 
      0: board.cache_hierarchy.l1d-cache-0: functionalAccess: WriteReq [4fda:4fda] 
      0: board.cache_hierarchy.l1i-cache-0: functionalAccess: WriteReq [4fda:4fda] 
      0: board.cache_hierarchy.l2-cache-0: functionalAccess: WriteReq [4fda:4fda] 
      0: board.cache_hierarchy.l1d-cache-0: functionalAccess: WriteReq [4fdb:4fdb] 
      0: board.cache_hierarchy.l1i-cache-0: functionalAccess: WriteReq [4fdb:4fdb] 
      0: board.cache_hierarchy.l2-cache-0: functionalAccess: WriteReq [4fdb:4fdb] 
      0: board.cache_hierarchy.l1d-cache-0: functionalAccess: WriteReq [4fdc:4fdc] 
      0: board.cache_hierarchy.l1i-cache-0: functionalAccess: WriteReq [4fdc:4fdc] 
      0: board.cache_hierarchy.l2-cache-0: functionalAccess: WriteReq [4fdc:4fdc] 
      0: board.cache_hierarchy.l1d-cache-0: functionalAccess: WriteReq [4fdd:4fdd] 
      0: board.cache_hierarchy.l1i-cache-0: functionalAccess: WriteReq [4fdd:4fdd] 
      0: board.cache_hierarchy.l2-cache-0: functionalAccess: WriteReq [4fdd:4fdd] 
      0: board.cache_hierarchy.l1d-cache-0: functionalAccess: WriteReq [4fde:4fde] 
      0: board.cache_hierarchy.l1i-cache-0: functionalAccess: WriteReq [4fde:4fde] 
      0: board.cache_hierarchy.l2-cache-0: functionalAccess: WriteReq [4fde:4fde] 
      0: board.cache_hierarchy.l1d-cache-0: functionalAccess: WriteReq [4fdf:4fdf] 
      0: board.cache_hierarchy.l1i-cache-0: functionalAccess: WriteReq [4fdf:4fdf] 
      0: board.cache_hierarchy.l2-cache-0: functionalAccess: WriteReq [4fdf:4fdf] 
      0: board.cache_hierarchy.l1d-cache-0: functionalAccess: WriteReq [4fe0:4fe0] 
      0: board.cache_hierarchy.l1i-cache-0: functionalAccess: WriteReq [4fe0:4fe0] 
      0: board.cache_hierarchy.l2-cache-0: functionalAccess: WriteReq [4fe0:4fe0] 
      0: board.cache_hierarchy.l1d-cache-0: functionalAccess: WriteReq [4fe1:4fe1] 
      0: board.cache_hierarchy.l1i-cache-0: functionalAccess: WriteReq [4fe1:4fe1] 
      0: board.cache_hierarchy.l2-cache-0: functionalAccess: WriteReq [4fe1:4fe1] 
      0: board.cache_hierarchy.l1d-cache-0: functionalAccess: WriteReq [4fe2:4fe2] 
      0: board.cache_hierarchy.l1i-cache-0: functionalAccess: WriteReq [4fe2:4fe2] 
      0: board.cache_hierarchy.l2-cache-0: functionalAccess: WriteReq [4fe2:4fe2] 
      0: board.cache_hierarchy.l1d-cache-0: functionalAccess: WriteReq [4fe3:4fe3] 
      0: board.cache_hierarchy.l1i-cache-0: functionalAccess: WriteReq [4fe3:4fe3] 
      0: board.cache_hierarchy.l2-cache-0: functionalAccess: WriteReq [4fe3:4fe3] 
      0: board.cache_hierarchy.l1d-cache-0: functionalAccess: WriteReq [4fe4:4fe4] 
      0: board.cache_hierarchy.l1i-cache-0: functionalAccess: WriteReq [4fe4:4fe4] 
      0: board.cache_hierarchy.l2-cache-0: functionalAccess: WriteReq [4fe4:4fe4] 
      0: board.cache_hierarchy.l1d-cache-0: functionalAccess: WriteReq [4fe5:4fe5] 
      0: board.cache_hierarchy.l1i-cache-0: functionalAccess: WriteReq [4fe5:4fe5] 
      0: board.cache_hierarchy.l2-cache-0: functionalAccess: WriteReq [4fe5:4fe5] 
      0: board.cache_hierarchy.l1d-cache-0: functionalAccess: WriteReq [4fe6:4fe6] 
      0: board.cache_hierarchy.l1i-cache-0: functionalAccess: WriteReq [4fe6:4fe6] 
      0: board.cache_hierarchy.l2-cache-0: functionalAccess: WriteReq [4fe6:4fe6] 
      0: board.cache_hierarchy.l1d-cache-0: functionalAccess: WriteReq [4fe7:4fe7] 
      0: board.cache_hierarchy.l1i-cache-0: functionalAccess: WriteReq [4fe7:4fe7] 
      0: board.cache_hierarchy.l2-cache-0: functionalAccess: WriteReq [4fe7:4fe7] 
      0: board.cache_hierarchy.l1d-cache-0: functionalAccess: WriteReq [4fe8:4fe8] 
      0: board.cache_hierarchy.l1i-cache-0: functionalAccess: WriteReq [4fe8:4fe8] 
      0: board.cache_hierarchy.l2-cache-0: functionalAccess: WriteReq [4fe8:4fe8] 
      0: board.cache_hierarchy.l1d-cache-0: functionalAccess: WriteReq [4fe9:4fe9] 
      0: board.cache_hierarchy.l1i-cache-0: functionalAccess: WriteReq [4fe9:4fe9] 
      0: board.cache_hierarchy.l2-cache-0: functionalAccess: WriteReq [4fe9:4fe9] 
      0: board.cache_hierarchy.l1d-cache-0: functionalAccess: WriteReq [4fea:4fea] 
      0: board.cache_hierarchy.l1i-cache-0: functionalAccess: WriteReq [4fea:4fea] 
      0: board.cache_hierarchy.l2-cache-0: functionalAccess: WriteReq [4fea:4fea] 
      0: board.cache_hierarchy.l1d-cache-0: functionalAccess: WriteReq [4feb:4feb] 
      0: board.cache_hierarchy.l1i-cache-0: functionalAccess: WriteReq [4feb:4feb] 
      0: board.cache_hierarchy.l2-cache-0: functionalAccess: WriteReq [4feb:4feb] 
      0: board.cache_hierarchy.l1d-cache-0: functionalAccess: WriteReq [4fec:4fec] 
      0: board.cache_hierarchy.l1i-cache-0: functionalAccess: WriteReq [4fec:4fec] 
      0: board.cache_hierarchy.l2-cache-0: functionalAccess: WriteReq [4fec:4fec] 
      0: board.cache_hierarchy.l1d-cache-0: functionalAccess: WriteReq [4fed:4fed] 
      0: board.cache_hierarchy.l1i-cache-0: functionalAccess: WriteReq [4fed:4fed] 
      0: board.cache_hierarchy.l2-cache-0: functionalAccess: WriteReq [4fed:4fed] 
      0: board.cache_hierarchy.l1d-cache-0: functionalAccess: WriteReq [4fee:4fee] 
      0: board.cache_hierarchy.l1i-cache-0: functionalAccess: WriteReq [4fee:4fee] 
      0: board.cache_hierarchy.l2-cache-0: functionalAccess: WriteReq [4fee:4fee] 
      0: board.cache_hierarchy.l1d-cache-0: functionalAccess: WriteReq [4fc4:4fc4] 
      0: board.cache_hierarchy.l1i-cache-0: functionalAccess: WriteReq [4fc4:4fc4] 
      0: board.cache_hierarchy.l2-cache-0: functionalAccess: WriteReq [4fc4:4fc4] 
      0: board.cache_hierarchy.l1d-cache-0: functionalAccess: WriteReq [4fc5:4fc5] 
      0: board.cache_hierarchy.l1i-cache-0: functionalAccess: WriteReq [4fc5:4fc5] 
      0: board.cache_hierarchy.l2-cache-0: functionalAccess: WriteReq [4fc5:4fc5] 
      0: board.cache_hierarchy.l1d-cache-0: functionalAccess: WriteReq [4fc6:4fc6] 
      0: board.cache_hierarchy.l1i-cache-0: functionalAccess: WriteReq [4fc6:4fc6] 
      0: board.cache_hierarchy.l2-cache-0: functionalAccess: WriteReq [4fc6:4fc6] 
      0: board.cache_hierarchy.l1d-cache-0: functionalAccess: WriteReq [4fc7:4fc7] 
      0: board.cache_hierarchy.l1i-cache-0: functionalAccess: WriteReq [4fc7:4fc7] 
      0: board.cache_hierarchy.l2-cache-0: functionalAccess: WriteReq [4fc7:4fc7] 
      0: board.cache_hierarchy.l1d-cache-0: functionalAccess: WriteReq [4fc8:4fc8] 
      0: board.cache_hierarchy.l1i-cache-0: functionalAccess: WriteReq [4fc8:4fc8] 
      0: board.cache_hierarchy.l2-cache-0: functionalAccess: WriteReq [4fc8:4fc8] 
      0: board.cache_hierarchy.l1d-cache-0: functionalAccess: WriteReq [4f10:4f17] 
      0: board.cache_hierarchy.l1i-cache-0: functionalAccess: WriteReq [4f10:4f17] 
      0: board.cache_hierarchy.l2-cache-0: functionalAccess: WriteReq [4f10:4f17] 
      0: board.cache_hierarchy.l1d-cache-0: functionalAccess: WriteReq [4f18:4f1f] 
      0: board.cache_hierarchy.l1i-cache-0: functionalAccess: WriteReq [4f18:4f1f] 
      0: board.cache_hierarchy.l2-cache-0: functionalAccess: WriteReq [4f18:4f1f] 
      0: board.cache_hierarchy.l1d-cache-0: functionalAccess: WriteReq [4f20:4f27] 
      0: board.cache_hierarchy.l1i-cache-0: functionalAccess: WriteReq [4f20:4f27] 
      0: board.cache_hierarchy.l2-cache-0: functionalAccess: WriteReq [4f20:4f27] 
      0: board.cache_hierarchy.l1d-cache-0: functionalAccess: WriteReq [4f28:4f2f] 
      0: board.cache_hierarchy.l1i-cache-0: functionalAccess: WriteReq [4f28:4f2f] 
      0: board.cache_hierarchy.l2-cache-0: functionalAccess: WriteReq [4f28:4f2f] 
      0: board.cache_hierarchy.l1d-cache-0: functionalAccess: WriteReq [4f30:4f37] 
      0: board.cache_hierarchy.l1i-cache-0: functionalAccess: WriteReq [4f30:4f37] 
      0: board.cache_hierarchy.l2-cache-0: functionalAccess: WriteReq [4f30:4f37] 
      0: board.cache_hierarchy.l1d-cache-0: functionalAccess: WriteReq [4f38:4f3f] 
      0: board.cache_hierarchy.l1i-cache-0: functionalAccess: WriteReq [4f38:4f3f] 
      0: board.cache_hierarchy.l2-cache-0: functionalAccess: WriteReq [4f38:4f3f] 
      0: board.cache_hierarchy.l1d-cache-0: functionalAccess: WriteReq [4f40:4f47] 
      0: board.cache_hierarchy.l1i-cache-0: functionalAccess: WriteReq [4f40:4f47] 
      0: board.cache_hierarchy.l2-cache-0: functionalAccess: WriteReq [4f40:4f47] 
      0: board.cache_hierarchy.l1d-cache-0: functionalAccess: WriteReq [4f48:4f4f] 
      0: board.cache_hierarchy.l1i-cache-0: functionalAccess: WriteReq [4f48:4f4f] 
      0: board.cache_hierarchy.l2-cache-0: functionalAccess: WriteReq [4f48:4f4f] 
      0: board.cache_hierarchy.l1d-cache-0: functionalAccess: WriteReq [4f50:4f57] 
      0: board.cache_hierarchy.l1i-cache-0: functionalAccess: WriteReq [4f50:4f57] 
      0: board.cache_hierarchy.l2-cache-0: functionalAccess: WriteReq [4f50:4f57] 
      0: board.cache_hierarchy.l1d-cache-0: functionalAccess: WriteReq [4f58:4f5f] 
      0: board.cache_hierarchy.l1i-cache-0: functionalAccess: WriteReq [4f58:4f5f] 
      0: board.cache_hierarchy.l2-cache-0: functionalAccess: WriteReq [4f58:4f5f] 
      0: board.cache_hierarchy.l1d-cache-0: functionalAccess: WriteReq [4f60:4f67] 
      0: board.cache_hierarchy.l1i-cache-0: functionalAccess: WriteReq [4f60:4f67] 
      0: board.cache_hierarchy.l2-cache-0: functionalAccess: WriteReq [4f60:4f67] 
      0: board.cache_hierarchy.l1d-cache-0: functionalAccess: WriteReq [4f68:4f6f] 
      0: board.cache_hierarchy.l1i-cache-0: functionalAccess: WriteReq [4f68:4f6f] 
      0: board.cache_hierarchy.l2-cache-0: functionalAccess: WriteReq [4f68:4f6f] 
      0: board.cache_hierarchy.l1d-cache-0: functionalAccess: WriteReq [4f70:4f77] 
      0: board.cache_hierarchy.l1i-cache-0: functionalAccess: WriteReq [4f70:4f77] 
      0: board.cache_hierarchy.l2-cache-0: functionalAccess: WriteReq [4f70:4f77] 
      0: board.cache_hierarchy.l1d-cache-0: functionalAccess: WriteReq [4f78:4f7f] 
      0: board.cache_hierarchy.l1i-cache-0: functionalAccess: WriteReq [4f78:4f7f] 
      0: board.cache_hierarchy.l2-cache-0: functionalAccess: WriteReq [4f78:4f7f] 
      0: board.cache_hierarchy.l1d-cache-0: functionalAccess: WriteReq [4f80:4f87] 
      0: board.cache_hierarchy.l1i-cache-0: functionalAccess: WriteReq [4f80:4f87] 
      0: board.cache_hierarchy.l2-cache-0: functionalAccess: WriteReq [4f80:4f87] 
      0: board.cache_hierarchy.l1d-cache-0: functionalAccess: WriteReq [4f88:4f8f] 
      0: board.cache_hierarchy.l1i-cache-0: functionalAccess: WriteReq [4f88:4f8f] 
      0: board.cache_hierarchy.l2-cache-0: functionalAccess: WriteReq [4f88:4f8f] 
      0: board.cache_hierarchy.l1d-cache-0: functionalAccess: WriteReq [4f90:4f97] 
      0: board.cache_hierarchy.l1i-cache-0: functionalAccess: WriteReq [4f90:4f97] 
      0: board.cache_hierarchy.l2-cache-0: functionalAccess: WriteReq [4f90:4f97] 
      0: board.cache_hierarchy.l1d-cache-0: functionalAccess: WriteReq [4f98:4f9f] 
      0: board.cache_hierarchy.l1i-cache-0: functionalAccess: WriteReq [4f98:4f9f] 
      0: board.cache_hierarchy.l2-cache-0: functionalAccess: WriteReq [4f98:4f9f] 
      0: board.cache_hierarchy.l1d-cache-0: functionalAccess: WriteReq [4fa0:4fa7] 
      0: board.cache_hierarchy.l1i-cache-0: functionalAccess: WriteReq [4fa0:4fa7] 
      0: board.cache_hierarchy.l2-cache-0: functionalAccess: WriteReq [4fa0:4fa7] 
      0: board.cache_hierarchy.l1d-cache-0: functionalAccess: WriteReq [4fa8:4faf] 
      0: board.cache_hierarchy.l1i-cache-0: functionalAccess: WriteReq [4fa8:4faf] 
      0: board.cache_hierarchy.l2-cache-0: functionalAccess: WriteReq [4fa8:4faf] 
      0: board.cache_hierarchy.l1d-cache-0: functionalAccess: WriteReq [4fb0:4fb7] 
      0: board.cache_hierarchy.l1i-cache-0: functionalAccess: WriteReq [4fb0:4fb7] 
      0: board.cache_hierarchy.l2-cache-0: functionalAccess: WriteReq [4fb0:4fb7] 
      0: board.processor.cores.core.workload: Translating: 0x10180->0x180
      0: board.cache_hierarchy.l1i-cache-0: access for ReadReq [180:1bf] IF miss
   1000: board.cache_hierarchy.l1i-cache-0: sendMSHRQueuePacket: MSHR ReadReq [180:1bf] IF
   1000: board.cache_hierarchy.l1i-cache-0: createMissPacket: created ReadSharedReq [180:1bf] IF from ReadReq [180:1bf] IF
   1000: board.cache_hierarchy.l2-cache-0: access for ReadSharedReq [180:1bf] IF miss
   2000: board.processor.cores.core.workload: Translating: 0x10180->0x180
   2000: board.cache_hierarchy.l1i-cache-0: access for ReadReq [180:1bf] IF miss
   2000: board.cache_hierarchy.l1i-cache-0: handleTimingReqMiss coalescing MSHR for ReadReq [180:1bf] IF
  12000: board.cache_hierarchy.l2-cache-0: sendMSHRQueuePacket: MSHR ReadSharedReq [180:1bf] IF
  12000: board.cache_hierarchy.l2-cache-0: createMissPacket: created ReadSharedReq [180:1bf] IF from ReadSharedReq [180:1bf] IF
  76000: board.cache_hierarchy.l2-cache-0: recvTimingResp: Handling response ReadResp [180:1bf] IF
  76000: board.cache_hierarchy.l2-cache-0: Block for addr 0x180 being updated in Cache
  76000: board.cache_hierarchy.l2-cache-0: Block addr 0x180 (ns) moving from  to state: 6 (E) writable: 1 readable: 1 dirty: 0 prefetched: 0 | tag: 0 secure: 0 valid: 1 | set: 0x6 way: 0
  76000: board.cache_hierarchy.l2-cache-0: recvTimingResp: Leaving with ReadResp [180:1bf] IF
  78000: board.cache_hierarchy.l1i-cache-0: recvTimingResp: Handling response ReadResp [180:1bf] IF
  78000: board.cache_hierarchy.l1i-cache-0: Block for addr 0x180 being updated in Cache
  78000: board.cache_hierarchy.l1i-cache-0: Block addr 0x180 (ns) moving from  to state: 6 (E) writable: 1 readable: 1 dirty: 0 prefetched: 0 | tag: 0 secure: 0 valid: 1 | set: 0x6 way: 0
  78000: board.cache_hierarchy.l1i-cache-0: recvTimingResp: Leaving with ReadResp [180:1bf] IF
  87000: board.processor.cores.core.workload: Translating: 0x108c0->0x8c0
  87000: board.cache_hierarchy.l1i-cache-0: access for ReadReq [8c0:8ff] IF miss
  80000: board.processor.cores.core: 0x10194    : auipc gp, 3                : 
  88000: board.cache_hierarchy.l1i-cache-0: sendMSHRQueuePacket: MSHR ReadReq [8c0:8ff] IF
  88000: board.cache_hierarchy.l1i-cache-0: createMissPacket: created ReadSharedReq [8c0:8ff] IF from ReadReq [8c0:8ff] IF
  88000: board.cache_hierarchy.l2-cache-0: access for ReadSharedReq [8c0:8ff] IF miss
  80000: board.processor.cores.core: 0x10198    : addi gp, gp, -100          : 
  81000: board.processor.cores.core: 0x1019c    : auipc a0, 3                : 
  81000: board.processor.cores.core: 0x101a0    : addi a0, a0, 404           : 
  82000: board.processor.cores.core: 0x101a4    : auipc a2, 3                : 
  82000: board.processor.cores.core: 0x101a8    : addi a2, a2, 1932          : 
  83000: board.processor.cores.core: 0x101ac    : c_sub a2, a0               : 
  83000: board.processor.cores.core: 0x101ae    : c_li a1, 0                 : 
  84000: board.processor.cores.core: 0x101b0    : jal ra, 1842               : 
  99000: board.cache_hierarchy.l2-cache-0: sendMSHRQueuePacket: MSHR ReadSharedReq [8c0:8ff] IF
  99000: board.cache_hierarchy.l2-cache-0: createMissPacket: created ReadSharedReq [8c0:8ff] IF from ReadSharedReq [8c0:8ff] IF
 147000: board.cache_hierarchy.l2-cache-0: recvTimingResp: Handling response ReadResp [8c0:8ff] IF
 147000: board.cache_hierarchy.l2-cache-0: Block for addr 0x8c0 being updated in Cache
 147000: board.cache_hierarchy.l2-cache-0: Block addr 0x8c0 (ns) moving from  to state: 6 (E) writable: 1 readable: 1 dirty: 0 prefetched: 0 | tag: 0 secure: 0 valid: 1 | set: 0x23 way: 0
 147000: board.cache_hierarchy.l2-cache-0: recvTimingResp: Leaving with ReadResp [8c0:8ff] IF
 149000: board.cache_hierarchy.l1i-cache-0: recvTimingResp: Handling response ReadResp [8c0:8ff] IF
 149000: board.cache_hierarchy.l1i-cache-0: Block for addr 0x8c0 being updated in Cache
 149000: board.cache_hierarchy.l1i-cache-0: Block addr 0x8c0 (ns) moving from  to state: 6 (E) writable: 1 readable: 1 dirty: 0 prefetched: 0 | tag: 0 secure: 0 valid: 1 | set: 0x23 way: 0
 149000: board.cache_hierarchy.l1i-cache-0: recvTimingResp: Leaving with ReadResp [8c0:8ff] IF
 155000: board.processor.cores.core.workload: Translating: 0x10900->0x900
 155000: board.cache_hierarchy.l1i-cache-0: access for ReadReq [900:93f] IF miss
 156000: board.cache_hierarchy.l1i-cache-0: sendMSHRQueuePacket: MSHR ReadReq [900:93f] IF
 156000: board.cache_hierarchy.l1i-cache-0: createMissPacket: created ReadSharedReq [900:93f] IF from ReadReq [900:93f] IF
 156000: board.cache_hierarchy.l2-cache-0: access for ReadSharedReq [900:93f] IF miss
 150000: board.processor.cores.core: 0x108e2    : c_li t1, 15                : 
 150000: board.processor.cores.core: 0x108e4    : c_mv a4, a0                : 
 151000: board.processor.cores.core: 0x108e6    : bgeu t1, a2, 34            : 
 151000: board.processor.cores.core: 0x108ea    : andi a5, a4, 15            : 
 159000: board.processor.cores.core.workload: Translating: 0x13330->0x3330
 152000: board.processor.cores.core: 0x108ee    : c_bnez a5, 128             : 
 152000: board.processor.cores.core: 0x108f0    : c_bnez a1, 102             : 
 160000: board.processor.cores.core.workload: Translating: 0x13338->0x3338
 153000: board.processor.cores.core: 0x108f2    : andi a3, a2, 18446744073709551600 : 
 153000: board.processor.cores.core: 0x108f6    : c_andi a2, 15              : 
 154000: board.processor.cores.core: 0x108f8    : c_add a3, a4               : 
 154000: board.processor.cores.core: 0x108fa    : c_sd a1, 0(a4)             : 
 155000: board.processor.cores.core: 0x108fc    : c_sd a1, 8(a4)             : 
 155000: board.processor.cores.core: 0x108fe    : c_addi a4, 16              : 
 163000: board.cache_hierarchy.l1d-cache-0: access for WriteReq [3330:3337] type=MemWrite UC
 164000: board.cache_hierarchy.l1d-cache-0: sendWriteQueuePacket: write WriteReq [3330:3337] type=MemWrite UC
 164000: board.cache_hierarchy.l2-cache-0: access for WriteReq [3330:3337] type=MemWrite UC
 164000: board.cache_hierarchy.l1d-cache-0: access for WriteReq [3338:333f] type=MemWrite UC
 165000: board.cache_hierarchy.l1d-cache-0: sendWriteQueuePacket: write WriteReq [3338:333f] type=MemWrite UC
 166000: board.cache_hierarchy.l1d-cache-0: sendWriteQueuePacket: write WriteReq [3338:333f] type=MemWrite UC
 166000: board.cache_hierarchy.l2-cache-0: access for WriteReq [3338:333f] type=MemWrite UC
 167000: board.cache_hierarchy.l2-cache-0: sendMSHRQueuePacket: MSHR ReadSharedReq [900:93f] IF
 167000: board.cache_hierarchy.l2-cache-0: createMissPacket: created ReadSharedReq [900:93f] IF from ReadSharedReq [900:93f] IF
 175000: board.cache_hierarchy.l2-cache-0: sendWriteQueuePacket: write WriteReq [3330:3337] type=MemWrite UC
 177000: board.cache_hierarchy.l2-cache-0: sendWriteQueuePacket: write WriteReq [3338:333f] type=MemWrite UC
 177000: board.cache_hierarchy.l2-cache-0: sendWriteQueuePacket: write WriteReq [3338:333f] type=MemWrite UC
 196000: board.cache_hierarchy.l2-cache-0: recvTimingResp: Handling response WriteResp [3330:3337] type=MemWrite UC
 198000: board.cache_hierarchy.l1d-cache-0: recvTimingResp: Handling response WriteResp [3330:3337] type=MemWrite UC
 198000: board.cache_hierarchy.l2-cache-0: recvTimingResp: Handling response WriteResp [3338:333f] type=MemWrite UC
 200000: board.cache_hierarchy.l1d-cache-0: recvTimingResp: Handling response WriteResp [3338:333f] type=MemWrite UC
 215000: board.cache_hierarchy.l2-cache-0: recvTimingResp: Handling response ReadResp [900:93f] IF
 215000: board.cache_hierarchy.l2-cache-0: Block for addr 0x900 being updated in Cache
 215000: board.cache_hierarchy.l2-cache-0: Block addr 0x900 (ns) moving from  to state: 6 (E) writable: 1 readable: 1 dirty: 0 prefetched: 0 | tag: 0 secure: 0 valid: 1 | set: 0x24 way: 0
 215000: board.cache_hierarchy.l2-cache-0: recvTimingResp: Leaving with ReadResp [900:93f] IF
 217000: board.cache_hierarchy.l1i-cache-0: recvTimingResp: Handling response ReadResp [900:93f] IF
 217000: board.cache_hierarchy.l1i-cache-0: Block for addr 0x900 being updated in Cache
 217000: board.cache_hierarchy.l1i-cache-0: Block addr 0x900 (ns) moving from  to state: 6 (E) writable: 1 readable: 1 dirty: 0 prefetched: 0 | tag: 0 secure: 0 valid: 1 | set: 0x24 way: 0
 217000: board.cache_hierarchy.l1i-cache-0: recvTimingResp: Leaving with ReadResp [900:93f] IF
 219000: board.processor.cores.core.workload: Translating: 0x10180->0x180
 219000: board.cache_hierarchy.l1i-cache-0: access for ReadReq [180:1bf] IF hit state: 6 (E) writable: 1 readable: 1 dirty: 0 prefetched: 0 | tag: 0 secure: 0 valid: 1 | set: 0x6 way: 0
 221000: board.processor.cores.core.workload: Translating: 0x101c0->0x1c0
 221000: board.cache_hierarchy.l1i-cache-0: access for ReadReq [1c0:1ff] IF miss
 222000: board.cache_hierarchy.l1i-cache-0: sendMSHRQueuePacket: MSHR ReadReq [1c0:1ff] IF
 222000: board.cache_hierarchy.l1i-cache-0: createMissPacket: created ReadSharedReq [1c0:1ff] IF from ReadReq [1c0:1ff] IF
 222000: board.cache_hierarchy.l2-cache-0: access for ReadSharedReq [1c0:1ff] IF miss
 226000: board.processor.cores.core.workload: Translating: 0x108c0->0x8c0
 226000: board.cache_hierarchy.l1i-cache-0: access for ReadReq [8c0:8ff] IF hit state: 6 (E) writable: 1 readable: 1 dirty: 0 prefetched: 0 | tag: 0 secure: 0 valid: 1 | set: 0x23 way: 0
 218000: board.processor.cores.core: 0x10900    : bltu a4, a3, -6            : 
 228000: board.processor.cores.core.workload: Translating: 0x10900->0x900
 228000: board.cache_hierarchy.l1i-cache-0: access for ReadReq [900:93f] IF hit state: 6 (E) writable: 1 readable: 1 dirty: 0 prefetched: 0 | tag: 0 secure: 0 valid: 1 | set: 0x24 way: 0
 230000: board.processor.cores.core.workload: Translating: 0x10180->0x180
 230000: board.cache_hierarchy.l1i-cache-0: access for ReadReq [180:1bf] IF hit state: 6 (E) writable: 1 readable: 1 dirty: 0 prefetched: 0 | tag: 0 secure: 0 valid: 1 | set: 0x6 way: 0
 232000: board.processor.cores.core.workload: Translating: 0x101c0->0x1c0
 232000: board.cache_hierarchy.l1i-cache-0: access for ReadReq [1c0:1ff] IF miss
 232000: board.cache_hierarchy.l1i-cache-0: handleTimingReqMiss coalescing MSHR for ReadReq [1c0:1ff] IF
 233000: board.cache_hierarchy.l2-cache-0: sendMSHRQueuePacket: MSHR ReadSharedReq [1c0:1ff] IF
 233000: board.cache_hierarchy.l2-cache-0: createMissPacket: created ReadSharedReq [1c0:1ff] IF from ReadSharedReq [1c0:1ff] IF
 233000: board.processor.cores.core.workload: Translating: 0x13340->0x3340
 233000: board.processor.cores.core.workload: Translating: 0x13348->0x3348
 227000: board.processor.cores.core: 0x108fa    : c_sd a1, 0(a4)             : 
 227000: board.processor.cores.core: 0x108fc    : c_sd a1, 8(a4)             : 
 228000: board.processor.cores.core: 0x108fe    : c_addi a4, 16              : 
 237000: board.cache_hierarchy.l1d-cache-0: access for WriteReq [3340:3347] type=MemWrite UC
 237000: board.cache_hierarchy.l1d-cache-0: access for WriteReq [3348:334f] type=MemWrite UC
 238000: board.cache_hierarchy.l1d-cache-0: sendWriteQueuePacket: write WriteReq [3340:3347] type=MemWrite UC
 238000: board.cache_hierarchy.l2-cache-0: access for WriteReq [3340:3347] type=MemWrite UC
 238001: board.cache_hierarchy.l1d-cache-0: sendWriteQueuePacket: write WriteReq [3348:334f] type=MemWrite UC
 239000: board.processor.cores.core.workload: Translating: 0x108c0->0x8c0
 239000: board.cache_hierarchy.l1i-cache-0: access for ReadReq [8c0:8ff] IF hit state: 6 (E) writable: 1 readable: 1 dirty: 0 prefetched: 0 | tag: 0 secure: 0 valid: 1 | set: 0x23 way: 0
 240000: board.cache_hierarchy.l1d-cache-0: sendWriteQueuePacket: write WriteReq [3348:334f] type=MemWrite UC
 240000: board.cache_hierarchy.l2-cache-0: access for WriteReq [3348:334f] type=MemWrite UC
 229000: board.processor.cores.core: 0x10900    : bltu a4, a3, -6            : 
 241000: board.processor.cores.core.workload: Translating: 0x10900->0x900
 241000: board.cache_hierarchy.l1i-cache-0: access for ReadReq [900:93f] IF hit state: 6 (E) writable: 1 readable: 1 dirty: 0 prefetched: 0 | tag: 0 secure: 0 valid: 1 | set: 0x24 way: 0
 243000: board.processor.cores.core.workload: Translating: 0x10180->0x180
 243000: board.cache_hierarchy.l1i-cache-0: access for ReadReq [180:1bf] IF hit state: 6 (E) writable: 1 readable: 1 dirty: 0 prefetched: 0 | tag: 0 secure: 0 valid: 1 | set: 0x6 way: 0
 245000: board.processor.cores.core.workload: Translating: 0x101c0->0x1c0
 245000: board.cache_hierarchy.l1i-cache-0: access for ReadReq [1c0:1ff] IF miss
 245000: board.cache_hierarchy.l1i-cache-0: handleTimingReqMiss coalescing MSHR for ReadReq [1c0:1ff] IF
 247000: board.processor.cores.core.workload: Translating: 0x13350->0x3350
 247000: board.processor.cores.core.workload: Translating: 0x13358->0x3358
 249000: board.cache_hierarchy.l2-cache-0: sendWriteQueuePacket: write WriteReq [3340:3347] type=MemWrite UC
 240000: board.processor.cores.core: 0x108fa    : c_sd a1, 0(a4)             : 
 240000: board.processor.cores.core: 0x108fc    : c_sd a1, 8(a4)             : 
 241000: board.processor.cores.core: 0x108fe    : c_addi a4, 16              : 
 251000: board.cache_hierarchy.l2-cache-0: sendWriteQueuePacket: write WriteReq [3348:334f] type=MemWrite UC
 251000: board.cache_hierarchy.l2-cache-0: sendWriteQueuePacket: write WriteReq [3348:334f] type=MemWrite UC
 251000: board.cache_hierarchy.l1d-cache-0: access for WriteReq [3350:3357] type=MemWrite UC
 251000: board.cache_hierarchy.l1d-cache-0: access for WriteReq [3358:335f] type=MemWrite UC
 252000: board.cache_hierarchy.l1d-cache-0: sendWriteQueuePacket: write WriteReq [3350:3357] type=MemWrite UC
 252000: board.cache_hierarchy.l2-cache-0: access for WriteReq [3350:3357] type=MemWrite UC
 252001: board.cache_hierarchy.l1d-cache-0: sendWriteQueuePacket: write WriteReq [3358:335f] type=MemWrite UC
 253000: board.processor.cores.core.workload: Translating: 0x108c0->0x8c0
 253000: board.cache_hierarchy.l1i-cache-0: access for ReadReq [8c0:8ff] IF hit state: 6 (E) writable: 1 readable: 1 dirty: 0 prefetched: 0 | tag: 0 secure: 0 valid: 1 | set: 0x23 way: 0
 254000: board.cache_hierarchy.l1d-cache-0: sendWriteQueuePacket: write WriteReq [3358:335f] type=MemWrite UC
 254000: board.cache_hierarchy.l2-cache-0: access for WriteReq [3358:335f] type=MemWrite UC
 242000: board.processor.cores.core: 0x10900    : bltu a4, a3, -6            : 
 255000: board.processor.cores.core.workload: Translating: 0x10900->0x900
 255000: board.cache_hierarchy.l1i-cache-0: access for ReadReq [900:93f] IF hit state: 6 (E) writable: 1 readable: 1 dirty: 0 prefetched: 0 | tag: 0 secure: 0 valid: 1 | set: 0x24 way: 0
 257000: board.processor.cores.core.workload: Translating: 0x10180->0x180
 257000: board.cache_hierarchy.l1i-cache-0: access for ReadReq [180:1bf] IF hit state: 6 (E) writable: 1 readable: 1 dirty: 0 prefetched: 0 | tag: 0 secure: 0 valid: 1 | set: 0x6 way: 0
 259000: board.processor.cores.core.workload: Translating: 0x101c0->0x1c0
 259000: board.cache_hierarchy.l1i-cache-0: access for ReadReq [1c0:1ff] IF miss
 259000: board.cache_hierarchy.l1i-cache-0: handleTimingReqMiss coalescing MSHR for ReadReq [1c0:1ff] IF
 261000: board.processor.cores.core.workload: Translating: 0x13360->0x3360
 261000: board.processor.cores.core.workload: Translating: 0x13368->0x3368
 263000: board.cache_hierarchy.l2-cache-0: sendWriteQueuePacket: write WriteReq [3350:3357] type=MemWrite UC
 254000: board.processor.cores.core: 0x108fa    : c_sd a1, 0(a4)             : 
 254000: board.processor.cores.core: 0x108fc    : c_sd a1, 8(a4)             : 
 255000: board.processor.cores.core: 0x108fe    : c_addi a4, 16              : 
 265000: board.cache_hierarchy.l2-cache-0: sendWriteQueuePacket: write WriteReq [3358:335f] type=MemWrite UC
 265000: board.cache_hierarchy.l2-cache-0: sendWriteQueuePacket: write WriteReq [3358:335f] type=MemWrite UC
 265000: board.cache_hierarchy.l1d-cache-0: access for WriteReq [3360:3367] type=MemWrite UC
 265000: board.cache_hierarchy.l1d-cache-0: access for WriteReq [3368:336f] type=MemWrite UC
 266000: board.cache_hierarchy.l1d-cache-0: sendWriteQueuePacket: write WriteReq [3360:3367] type=MemWrite UC
 266000: board.cache_hierarchy.l2-cache-0: access for WriteReq [3360:3367] type=MemWrite UC
 266001: board.cache_hierarchy.l1d-cache-0: sendWriteQueuePacket: write WriteReq [3368:336f] type=MemWrite UC
 267000: board.processor.cores.core.workload: Translating: 0x108c0->0x8c0
 267000: board.cache_hierarchy.l1i-cache-0: access for ReadReq [8c0:8ff] IF hit state: 6 (E) writable: 1 readable: 1 dirty: 0 prefetched: 0 | tag: 0 secure: 0 valid: 1 | set: 0x23 way: 0
 268000: board.cache_hierarchy.l1d-cache-0: sendWriteQueuePacket: write WriteReq [3368:336f] type=MemWrite UC
 268000: board.cache_hierarchy.l2-cache-0: access for WriteReq [3368:336f] type=MemWrite UC
 256000: board.processor.cores.core: 0x10900    : bltu a4, a3, -6            : 
 269000: board.processor.cores.core.workload: Translating: 0x10900->0x900
 269000: board.cache_hierarchy.l1i-cache-0: access for ReadReq [900:93f] IF hit state: 6 (E) writable: 1 readable: 1 dirty: 0 prefetched: 0 | tag: 0 secure: 0 valid: 1 | set: 0x24 way: 0
 270000: board.cache_hierarchy.l2-cache-0: recvTimingResp: Handling response WriteResp [3340:3347] type=MemWrite UC
 271000: board.processor.cores.core.workload: Translating: 0x10180->0x180
 271000: board.cache_hierarchy.l1i-cache-0: access for ReadReq [180:1bf] IF hit state: 6 (E) writable: 1 readable: 1 dirty: 0 prefetched: 0 | tag: 0 secure: 0 valid: 1 | set: 0x6 way: 0
 272000: board.cache_hierarchy.l1d-cache-0: recvTimingResp: Handling response WriteResp [3340:3347] type=MemWrite UC
 272000: board.cache_hierarchy.l2-cache-0: recvTimingResp: Handling response WriteResp [3348:334f] type=MemWrite UC
 273000: board.processor.cores.core.workload: Translating: 0x101c0->0x1c0
 273000: board.cache_hierarchy.l1i-cache-0: access for ReadReq [1c0:1ff] IF miss
 273000: board.cache_hierarchy.l1i-cache-0: handleTimingReqMiss coalescing MSHR for ReadReq [1c0:1ff] IF
 274000: board.cache_hierarchy.l1d-cache-0: recvTimingResp: Handling response WriteResp [3348:334f] type=MemWrite UC
 275000: board.processor.cores.core.workload: Translating: 0x13370->0x3370
 275000: board.processor.cores.core.workload: Translating: 0x13378->0x3378
 277000: board.cache_hierarchy.l2-cache-0: sendWriteQueuePacket: write WriteReq [3360:3367] type=MemWrite UC
 268000: board.processor.cores.core: 0x108fa    : c_sd a1, 0(a4)             : 
 268000: board.processor.cores.core: 0x108fc    : c_sd a1, 8(a4)             : 
 269000: board.processor.cores.core: 0x108fe    : c_addi a4, 16              : 
 279000: board.cache_hierarchy.l2-cache-0: sendWriteQueuePacket: write WriteReq [3368:336f] type=MemWrite UC
 279000: board.cache_hierarchy.l2-cache-0: sendWriteQueuePacket: write WriteReq [3368:336f] type=MemWrite UC
 279000: board.cache_hierarchy.l1d-cache-0: access for WriteReq [3370:3377] type=MemWrite UC
 279000: board.cache_hierarchy.l1d-cache-0: access for WriteReq [3378:337f] type=MemWrite UC
 280000: board.cache_hierarchy.l1d-cache-0: sendWriteQueuePacket: write WriteReq [3370:3377] type=MemWrite UC
 280000: board.cache_hierarchy.l2-cache-0: access for WriteReq [3370:3377] type=MemWrite UC
 280001: board.cache_hierarchy.l1d-cache-0: sendWriteQueuePacket: write WriteReq [3378:337f] type=MemWrite UC
 281000: board.cache_hierarchy.l2-cache-0: recvTimingResp: Handling response ReadResp [1c0:1ff] IF
 281000: board.cache_hierarchy.l2-cache-0: Block for addr 0x1c0 being updated in Cache
 281000: board.cache_hierarchy.l2-cache-0: Block addr 0x1c0 (ns) moving from  to state: 6 (E) writable: 1 readable: 1 dirty: 0 prefetched: 0 | tag: 0 secure: 0 valid: 1 | set: 0x7 way: 0
 281000: board.cache_hierarchy.l2-cache-0: recvTimingResp: Leaving with ReadResp [1c0:1ff] IF
 281000: board.processor.cores.core.workload: Translating: 0x108c0->0x8c0
 281000: board.cache_hierarchy.l1i-cache-0: access for ReadReq [8c0:8ff] IF hit state: 6 (E) writable: 1 readable: 1 dirty: 0 prefetched: 0 | tag: 0 secure: 0 valid: 1 | set: 0x23 way: 0
 282000: board.cache_hierarchy.l1d-cache-0: sendWriteQueuePacket: write WriteReq [3378:337f] type=MemWrite UC
 282000: board.cache_hierarchy.l2-cache-0: access for WriteReq [3378:337f] type=MemWrite UC
 270000: board.processor.cores.core: 0x10900    : bltu a4, a3, -6            : 
 283000: board.cache_hierarchy.l1i-cache-0: recvTimingResp: Handling response ReadResp [1c0:1ff] IF
 283000: board.cache_hierarchy.l1i-cache-0: Block for addr 0x1c0 being updated in Cache
 283000: board.cache_hierarchy.l1i-cache-0: Block addr 0x1c0 (ns) moving from  to state: 6 (E) writable: 1 readable: 1 dirty: 0 prefetched: 0 | tag: 0 secure: 0 valid: 1 | set: 0x7 way: 0
 283000: board.cache_hierarchy.l1i-cache-0: recvTimingResp: Leaving with ReadResp [1c0:1ff] IF
 283000: board.processor.cores.core.workload: Translating: 0x10900->0x900
 283000: board.cache_hierarchy.l1i-cache-0: access for ReadReq [900:93f] IF hit state: 6 (E) writable: 1 readable: 1 dirty: 0 prefetched: 0 | tag: 0 secure: 0 valid: 1 | set: 0x24 way: 0
 284000: board.cache_hierarchy.l2-cache-0: recvTimingResp: Handling response WriteResp [3350:3357] type=MemWrite UC
 286000: board.cache_hierarchy.l1d-cache-0: recvTimingResp: Handling response WriteResp [3350:3357] type=MemWrite UC
 286000: board.cache_hierarchy.l2-cache-0: recvTimingResp: Handling response WriteResp [3358:335f] type=MemWrite UC
 286000: board.processor.cores.core.workload: Translating: 0x10180->0x180
 286000: board.cache_hierarchy.l1i-cache-0: access for ReadReq [180:1bf] IF hit state: 6 (E) writable: 1 readable: 1 dirty: 0 prefetched: 0 | tag: 0 secure: 0 valid: 1 | set: 0x6 way: 0
 288000: board.cache_hierarchy.l1d-cache-0: recvTimingResp: Handling response WriteResp [3358:335f] type=MemWrite UC
 288000: board.processor.cores.core.workload: Translating: 0x101c0->0x1c0
 288000: board.cache_hierarchy.l1i-cache-0: access for ReadReq [1c0:1ff] IF hit state: 6 (E) writable: 1 readable: 1 dirty: 0 prefetched: 0 | tag: 0 secure: 0 valid: 1 | set: 0x7 way: 0
 289000: board.processor.cores.core.workload: Translating: 0x13380->0x3380
 289000: board.processor.cores.core.workload: Translating: 0x13388->0x3388
 291000: board.cache_hierarchy.l2-cache-0: sendWriteQueuePacket: write WriteReq [3370:3377] type=MemWrite UC
 282000: board.processor.cores.core: 0x108fa    : c_sd a1, 0(a4)             : 
 282000: board.processor.cores.core: 0x108fc    : c_sd a1, 8(a4)             : 
 283000: board.processor.cores.core: 0x108fe    : c_addi a4, 16              : 
 293000: board.cache_hierarchy.l2-cache-0: sendWriteQueuePacket: write WriteReq [3378:337f] type=MemWrite UC
 293000: board.cache_hierarchy.l2-cache-0: sendWriteQueuePacket: write WriteReq [3378:337f] type=MemWrite UC
 293000: board.cache_hierarchy.l1d-cache-0: access for WriteReq [3380:3387] type=MemWrite UC
 293000: board.cache_hierarchy.l1d-cache-0: access for WriteReq [3388:338f] type=MemWrite UC
 294000: board.cache_hierarchy.l1d-cache-0: sendWriteQueuePacket: write WriteReq [3380:3387] type=MemWrite UC
 294000: board.cache_hierarchy.l2-cache-0: access for WriteReq [3380:3387] type=MemWrite UC
 294001: board.cache_hierarchy.l1d-cache-0: sendWriteQueuePacket: write WriteReq [3388:338f] type=MemWrite UC
 295000: board.processor.cores.core.workload: Translating: 0x108c0->0x8c0
 295000: board.cache_hierarchy.l1i-cache-0: access for ReadReq [8c0:8ff] IF hit state: 6 (E) writable: 1 readable: 1 dirty: 0 prefetched: 0 | tag: 0 secure: 0 valid: 1 | set: 0x23 way: 0
 296000: board.cache_hierarchy.l1d-cache-0: sendWriteQueuePacket: write WriteReq [3388:338f] type=MemWrite UC
 296000: board.cache_hierarchy.l2-cache-0: access for WriteReq [3388:338f] type=MemWrite UC
 285000: board.processor.cores.core: 0x10900    : bltu a4, a3, -6            : 
 297000: board.processor.cores.core.workload: Translating: 0x10900->0x900
 297000: board.cache_hierarchy.l1i-cache-0: access for ReadReq [900:93f] IF hit state: 6 (E) writable: 1 readable: 1 dirty: 0 prefetched: 0 | tag: 0 secure: 0 valid: 1 | set: 0x24 way: 0
 298000: board.cache_hierarchy.l2-cache-0: recvTimingResp: Handling response WriteResp [3360:3367] type=MemWrite UC
 299000: board.processor.cores.core.workload: Translating: 0x10180->0x180
 299000: board.cache_hierarchy.l1i-cache-0: access for ReadReq [180:1bf] IF hit state: 6 (E) writable: 1 readable: 1 dirty: 0 prefetched: 0 | tag: 0 secure: 0 valid: 1 | set: 0x6 way: 0
 300000: board.cache_hierarchy.l1d-cache-0: recvTimingResp: Handling response WriteResp [3360:3367] type=MemWrite UC
 300000: board.cache_hierarchy.l2-cache-0: recvTimingResp: Handling response WriteResp [3368:336f] type=MemWrite UC
 301000: board.processor.cores.core.workload: Translating: 0x101c0->0x1c0
 301000: board.cache_hierarchy.l1i-cache-0: access for ReadReq [1c0:1ff] IF hit state: 6 (E) writable: 1 readable: 1 dirty: 0 prefetched: 0 | tag: 0 secure: 0 valid: 1 | set: 0x7 way: 0
 302000: board.cache_hierarchy.l1d-cache-0: recvTimingResp: Handling response WriteResp [3368:336f] type=MemWrite UC
 303000: board.processor.cores.core.workload: Translating: 0x10a40->0xa40
 303000: board.cache_hierarchy.l1i-cache-0: access for ReadReq [a40:a7f] IF miss
 303000: board.processor.cores.core.workload: Translating: 0x13390->0x3390
 303000: board.processor.cores.core.workload: Translating: 0x13398->0x3398
 304000: board.cache_hierarchy.l1i-cache-0: sendMSHRQueuePacket: MSHR ReadReq [a40:a7f] IF
 304000: board.cache_hierarchy.l1i-cache-0: createMissPacket: created ReadSharedReq [a40:a7f] IF from ReadReq [a40:a7f] IF
 304000: board.cache_hierarchy.l2-cache-0: access for ReadSharedReq [a40:a7f] IF miss
 305000: board.cache_hierarchy.l2-cache-0: sendWriteQueuePacket: write WriteReq [3380:3387] type=MemWrite UC
 296000: board.processor.cores.core: 0x108fa    : c_sd a1, 0(a4)             : 
 296000: board.processor.cores.core: 0x108fc    : c_sd a1, 8(a4)             : 
 297000: board.processor.cores.core: 0x108fe    : c_addi a4, 16              : 
 307000: board.cache_hierarchy.l2-cache-0: sendWriteQueuePacket: write WriteReq [3388:338f] type=MemWrite UC
 307000: board.cache_hierarchy.l2-cache-0: sendWriteQueuePacket: write WriteReq [3388:338f] type=MemWrite UC
 307000: board.cache_hierarchy.l1d-cache-0: access for WriteReq [3390:3397] type=MemWrite UC
 307000: board.cache_hierarchy.l1d-cache-0: access for WriteReq [3398:339f] type=MemWrite UC
 308000: board.cache_hierarchy.l1d-cache-0: sendWriteQueuePacket: write WriteReq [3390:3397] type=MemWrite UC
 308000: board.cache_hierarchy.l2-cache-0: access for WriteReq [3390:3397] type=MemWrite UC
 308001: board.cache_hierarchy.l1d-cache-0: sendWriteQueuePacket: write WriteReq [3398:339f] type=MemWrite UC
 309000: board.processor.cores.core.workload: Translating: 0x108c0->0x8c0
 309000: board.cache_hierarchy.l1i-cache-0: access for ReadReq [8c0:8ff] IF hit state: 6 (E) writable: 1 readable: 1 dirty: 0 prefetched: 0 | tag: 0 secure: 0 valid: 1 | set: 0x23 way: 0
 310000: board.cache_hierarchy.l1d-cache-0: sendWriteQueuePacket: write WriteReq [3398:339f] type=MemWrite UC
 310000: board.cache_hierarchy.l2-cache-0: access for WriteReq [3398:339f] type=MemWrite UC
 298000: board.processor.cores.core: 0x10900    : bltu a4, a3, -6            : 
 311000: board.processor.cores.core.workload: Translating: 0x10900->0x900
 311000: board.cache_hierarchy.l1i-cache-0: access for ReadReq [900:93f] IF hit state: 6 (E) writable: 1 readable: 1 dirty: 0 prefetched: 0 | tag: 0 secure: 0 valid: 1 | set: 0x24 way: 0
 312000: board.cache_hierarchy.l2-cache-0: recvTimingResp: Handling response WriteResp [3370:3377] type=MemWrite UC
 313000: board.processor.cores.core.workload: Translating: 0x10180->0x180
 313000: board.cache_hierarchy.l1i-cache-0: access for ReadReq [180:1bf] IF hit state: 6 (E) writable: 1 readable: 1 dirty: 0 prefetched: 0 | tag: 0 secure: 0 valid: 1 | set: 0x6 way: 0
 314000: board.cache_hierarchy.l1d-cache-0: recvTimingResp: Handling response WriteResp [3370:3377] type=MemWrite UC
 314000: board.cache_hierarchy.l2-cache-0: recvTimingResp: Handling response WriteResp [3378:337f] type=MemWrite UC
 315000: board.cache_hierarchy.l2-cache-0: sendMSHRQueuePacket: MSHR ReadSharedReq [a40:a7f] IF
 315000: board.cache_hierarchy.l2-cache-0: createMissPacket: created ReadSharedReq [a40:a7f] IF from ReadSharedReq [a40:a7f] IF
 315000: board.processor.cores.core.workload: Translating: 0x101c0->0x1c0
 315000: board.cache_hierarchy.l1i-cache-0: access for ReadReq [1c0:1ff] IF hit state: 6 (E) writable: 1 readable: 1 dirty: 0 prefetched: 0 | tag: 0 secure: 0 valid: 1 | set: 0x7 way: 0
 316000: board.cache_hierarchy.l1d-cache-0: recvTimingResp: Handling response WriteResp [3378:337f] type=MemWrite UC
 317000: board.processor.cores.core.workload: Translating: 0x10a40->0xa40
 317000: board.cache_hierarchy.l1i-cache-0: access for ReadReq [a40:a7f] IF miss
 317000: board.cache_hierarchy.l1i-cache-0: handleTimingReqMiss coalescing MSHR for ReadReq [a40:a7f] IF
 317000: board.processor.cores.core.workload: Translating: 0x133a0->0x33a0
 317000: board.processor.cores.core.workload: Translating: 0x133a8->0x33a8
 319000: board.cache_hierarchy.l2-cache-0: sendWriteQueuePacket: write WriteReq [3390:3397] type=MemWrite UC
 310000: board.processor.cores.core: 0x108fa    : c_sd a1, 0(a4)             : 
 310000: board.processor.cores.core: 0x108fc    : c_sd a1, 8(a4)             : 
 311000: board.processor.cores.core: 0x108fe    : c_addi a4, 16              : 
 321000: board.cache_hierarchy.l2-cache-0: sendWriteQueuePacket: write WriteReq [3398:339f] type=MemWrite UC
 321000: board.cache_hierarchy.l2-cache-0: sendWriteQueuePacket: write WriteReq [3398:339f] type=MemWrite UC
 321000: board.cache_hierarchy.l1d-cache-0: access for WriteReq [33a0:33a7] type=MemWrite UC
 321000: board.cache_hierarchy.l1d-cache-0: access for WriteReq [33a8:33af] type=MemWrite UC
 322000: board.cache_hierarchy.l1d-cache-0: sendWriteQueuePacket: write WriteReq [33a0:33a7] type=MemWrite UC
 322000: board.cache_hierarchy.l2-cache-0: access for WriteReq [33a0:33a7] type=MemWrite UC
 322001: board.cache_hierarchy.l1d-cache-0: sendWriteQueuePacket: write WriteReq [33a8:33af] type=MemWrite UC
 323000: board.processor.cores.core.workload: Translating: 0x108c0->0x8c0
 323000: board.cache_hierarchy.l1i-cache-0: access for ReadReq [8c0:8ff] IF hit state: 6 (E) writable: 1 readable: 1 dirty: 0 prefetched: 0 | tag: 0 secure: 0 valid: 1 | set: 0x23 way: 0
 324000: board.cache_hierarchy.l1d-cache-0: sendWriteQueuePacket: write WriteReq [33a8:33af] type=MemWrite UC
 324000: board.cache_hierarchy.l2-cache-0: access for WriteReq [33a8:33af] type=MemWrite UC
 312000: board.processor.cores.core: 0x10900    : bltu a4, a3, -6            : 
 325000: board.processor.cores.core.workload: Translating: 0x10900->0x900
 325000: board.cache_hierarchy.l1i-cache-0: access for ReadReq [900:93f] IF hit state: 6 (E) writable: 1 readable: 1 dirty: 0 prefetched: 0 | tag: 0 secure: 0 valid: 1 | set: 0x24 way: 0
 326000: board.cache_hierarchy.l2-cache-0: recvTimingResp: Handling response WriteResp [3380:3387] type=MemWrite UC
 327000: board.processor.cores.core.workload: Translating: 0x10180->0x180
 327000: board.cache_hierarchy.l1i-cache-0: access for ReadReq [180:1bf] IF hit state: 6 (E) writable: 1 readable: 1 dirty: 0 prefetched: 0 | tag: 0 secure: 0 valid: 1 | set: 0x6 way: 0
 328000: board.cache_hierarchy.l1d-cache-0: recvTimingResp: Handling response WriteResp [3380:3387] type=MemWrite UC
 328000: board.cache_hierarchy.l2-cache-0: recvTimingResp: Handling response WriteResp [3388:338f] type=MemWrite UC
 329000: board.processor.cores.core.workload: Translating: 0x101c0->0x1c0
 329000: board.cache_hierarchy.l1i-cache-0: access for ReadReq [1c0:1ff] IF hit state: 6 (E) writable: 1 readable: 1 dirty: 0 prefetched: 0 | tag: 0 secure: 0 valid: 1 | set: 0x7 way: 0
 330000: board.cache_hierarchy.l1d-cache-0: recvTimingResp: Handling response WriteResp [3388:338f] type=MemWrite UC
 331000: board.processor.cores.core.workload: Translating: 0x10a40->0xa40
 331000: board.cache_hierarchy.l1i-cache-0: access for ReadReq [a40:a7f] IF miss
 331000: board.cache_hierarchy.l1i-cache-0: handleTimingReqMiss coalescing MSHR for ReadReq [a40:a7f] IF
 331000: board.processor.cores.core.workload: Translating: 0x133b0->0x33b0
 331000: board.processor.cores.core.workload: Translating: 0x133b8->0x33b8
 333000: board.cache_hierarchy.l2-cache-0: sendWriteQueuePacket: write WriteReq [33a0:33a7] type=MemWrite UC
 324000: board.processor.cores.core: 0x108fa    : c_sd a1, 0(a4)             : 
 324000: board.processor.cores.core: 0x108fc    : c_sd a1, 8(a4)             : 
 325000: board.processor.cores.core: 0x108fe    : c_addi a4, 16              : 
 335000: board.cache_hierarchy.l2-cache-0: sendWriteQueuePacket: write WriteReq [33a8:33af] type=MemWrite UC
 335000: board.cache_hierarchy.l2-cache-0: sendWriteQueuePacket: write WriteReq [33a8:33af] type=MemWrite UC
 335000: board.cache_hierarchy.l1d-cache-0: access for WriteReq [33b0:33b7] type=MemWrite UC
 335000: board.cache_hierarchy.l1d-cache-0: access for WriteReq [33b8:33bf] type=MemWrite UC
 336000: board.cache_hierarchy.l1d-cache-0: sendWriteQueuePacket: write WriteReq [33b0:33b7] type=MemWrite UC
 336000: board.cache_hierarchy.l2-cache-0: access for WriteReq [33b0:33b7] type=MemWrite UC
 336001: board.cache_hierarchy.l1d-cache-0: sendWriteQueuePacket: write WriteReq [33b8:33bf] type=MemWrite UC
 337000: board.processor.cores.core.workload: Translating: 0x108c0->0x8c0
 337000: board.cache_hierarchy.l1i-cache-0: access for ReadReq [8c0:8ff] IF hit state: 6 (E) writable: 1 readable: 1 dirty: 0 prefetched: 0 | tag: 0 secure: 0 valid: 1 | set: 0x23 way: 0
 338000: board.cache_hierarchy.l1d-cache-0: sendWriteQueuePacket: write WriteReq [33b8:33bf] type=MemWrite UC
 338000: board.cache_hierarchy.l2-cache-0: access for WriteReq [33b8:33bf] type=MemWrite UC
 326000: board.processor.cores.core: 0x10900    : bltu a4, a3, -6            : 
 339000: board.processor.cores.core.workload: Translating: 0x10900->0x900
 339000: board.cache_hierarchy.l1i-cache-0: access for ReadReq [900:93f] IF hit state: 6 (E) writable: 1 readable: 1 dirty: 0 prefetched: 0 | tag: 0 secure: 0 valid: 1 | set: 0x24 way: 0
 340000: board.cache_hierarchy.l2-cache-0: recvTimingResp: Handling response WriteResp [3390:3397] type=MemWrite UC
 341000: board.processor.cores.core.workload: Translating: 0x10180->0x180
 341000: board.cache_hierarchy.l1i-cache-0: access for ReadReq [180:1bf] IF hit state: 6 (E) writable: 1 readable: 1 dirty: 0 prefetched: 0 | tag: 0 secure: 0 valid: 1 | set: 0x6 way: 0
 342000: board.cache_hierarchy.l1d-cache-0: recvTimingResp: Handling response WriteResp [3390:3397] type=MemWrite UC
 342000: board.cache_hierarchy.l2-cache-0: recvTimingResp: Handling response WriteResp [3398:339f] type=MemWrite UC
 343000: board.processor.cores.core.workload: Translating: 0x101c0->0x1c0
 343000: board.cache_hierarchy.l1i-cache-0: access for ReadReq [1c0:1ff] IF hit state: 6 (E) writable: 1 readable: 1 dirty: 0 prefetched: 0 | tag: 0 secure: 0 valid: 1 | set: 0x7 way: 0
 344000: board.cache_hierarchy.l1d-cache-0: recvTimingResp: Handling response WriteResp [3398:339f] type=MemWrite UC
 345000: board.processor.cores.core.workload: Translating: 0x10a40->0xa40
 345000: board.cache_hierarchy.l1i-cache-0: access for ReadReq [a40:a7f] IF miss
 345000: board.cache_hierarchy.l1i-cache-0: handleTimingReqMiss coalescing MSHR for ReadReq [a40:a7f] IF
 345000: board.processor.cores.core.workload: Translating: 0x133c0->0x33c0
 345000: board.processor.cores.core.workload: Translating: 0x133c8->0x33c8
 347000: board.cache_hierarchy.l2-cache-0: sendWriteQueuePacket: write WriteReq [33b0:33b7] type=MemWrite UC
 338000: board.processor.cores.core: 0x108fa    : c_sd a1, 0(a4)             : 
 338000: board.processor.cores.core: 0x108fc    : c_sd a1, 8(a4)             : 
 339000: board.processor.cores.core: 0x108fe    : c_addi a4, 16              : 
 349000: board.cache_hierarchy.l2-cache-0: sendWriteQueuePacket: write WriteReq [33b8:33bf] type=MemWrite UC
 349000: board.cache_hierarchy.l2-cache-0: sendWriteQueuePacket: write WriteReq [33b8:33bf] type=MemWrite UC
 349000: board.cache_hierarchy.l1d-cache-0: access for WriteReq [33c0:33c7] type=MemWrite UC
 349000: board.cache_hierarchy.l1d-cache-0: access for WriteReq [33c8:33cf] type=MemWrite UC
 350000: board.cache_hierarchy.l1d-cache-0: sendWriteQueuePacket: write WriteReq [33c0:33c7] type=MemWrite UC
 350000: board.cache_hierarchy.l2-cache-0: access for WriteReq [33c0:33c7] type=MemWrite UC
 350001: board.cache_hierarchy.l1d-cache-0: sendWriteQueuePacket: write WriteReq [33c8:33cf] type=MemWrite UC
 351000: board.processor.cores.core.workload: Translating: 0x108c0->0x8c0
 351000: board.cache_hierarchy.l1i-cache-0: access for ReadReq [8c0:8ff] IF hit state: 6 (E) writable: 1 readable: 1 dirty: 0 prefetched: 0 | tag: 0 secure: 0 valid: 1 | set: 0x23 way: 0
 352000: board.cache_hierarchy.l1d-cache-0: sendWriteQueuePacket: write WriteReq [33c8:33cf] type=MemWrite UC
 352000: board.cache_hierarchy.l2-cache-0: access for WriteReq [33c8:33cf] type=MemWrite UC
 340000: board.processor.cores.core: 0x10900    : bltu a4, a3, -6            : 
 353000: board.processor.cores.core.workload: Translating: 0x10900->0x900
 353000: board.cache_hierarchy.l1i-cache-0: access for ReadReq [900:93f] IF hit state: 6 (E) writable: 1 readable: 1 dirty: 0 prefetched: 0 | tag: 0 secure: 0 valid: 1 | set: 0x24 way: 0
 354000: board.cache_hierarchy.l2-cache-0: recvTimingResp: Handling response WriteResp [33a0:33a7] type=MemWrite UC
 355000: board.processor.cores.core.workload: Translating: 0x10180->0x180
 355000: board.cache_hierarchy.l1i-cache-0: access for ReadReq [180:1bf] IF hit state: 6 (E) writable: 1 readable: 1 dirty: 0 prefetched: 0 | tag: 0 secure: 0 valid: 1 | set: 0x6 way: 0
 356000: board.cache_hierarchy.l1d-cache-0: recvTimingResp: Handling response WriteResp [33a0:33a7] type=MemWrite UC
 356000: board.cache_hierarchy.l2-cache-0: recvTimingResp: Handling response WriteResp [33a8:33af] type=MemWrite UC
 357000: board.processor.cores.core.workload: Translating: 0x101c0->0x1c0
 357000: board.cache_hierarchy.l1i-cache-0: access for ReadReq [1c0:1ff] IF hit state: 6 (E) writable: 1 readable: 1 dirty: 0 prefetched: 0 | tag: 0 secure: 0 valid: 1 | set: 0x7 way: 0
 358000: board.cache_hierarchy.l1d-cache-0: recvTimingResp: Handling response WriteResp [33a8:33af] type=MemWrite UC
 359000: board.processor.cores.core.workload: Translating: 0x10a40->0xa40
 359000: board.cache_hierarchy.l1i-cache-0: access for ReadReq [a40:a7f] IF miss
 359000: board.cache_hierarchy.l1i-cache-0: handleTimingReqMiss coalescing MSHR for ReadReq [a40:a7f] IF
 359000: board.processor.cores.core.workload: Translating: 0x133d0->0x33d0
 359000: board.processor.cores.core.workload: Translating: 0x133d8->0x33d8
 361000: board.cache_hierarchy.l2-cache-0: sendWriteQueuePacket: write WriteReq [33c0:33c7] type=MemWrite UC
 352000: board.processor.cores.core: 0x108fa    : c_sd a1, 0(a4)             : 
 352000: board.processor.cores.core: 0x108fc    : c_sd a1, 8(a4)             : 
 353000: board.processor.cores.core: 0x108fe    : c_addi a4, 16              : 
 363000: board.cache_hierarchy.l2-cache-0: sendWriteQueuePacket: write WriteReq [33c8:33cf] type=MemWrite UC
 363000: board.cache_hierarchy.l2-cache-0: sendWriteQueuePacket: write WriteReq [33c8:33cf] type=MemWrite UC
 363000: board.cache_hierarchy.l2-cache-0: recvTimingResp: Handling response ReadResp [a40:a7f] IF
 363000: board.cache_hierarchy.l2-cache-0: Block for addr 0xa40 being updated in Cache
 363000: board.cache_hierarchy.l2-cache-0: Block addr 0xa40 (ns) moving from  to state: 6 (E) writable: 1 readable: 1 dirty: 0 prefetched: 0 | tag: 0 secure: 0 valid: 1 | set: 0x29 way: 0
 363000: board.cache_hierarchy.l2-cache-0: recvTimingResp: Leaving with ReadResp [a40:a7f] IF
 363000: board.cache_hierarchy.l1d-cache-0: access for WriteReq [33d0:33d7] type=MemWrite UC
 363000: board.cache_hierarchy.l1d-cache-0: access for WriteReq [33d8:33df] type=MemWrite UC
 364000: board.cache_hierarchy.l1d-cache-0: sendWriteQueuePacket: write WriteReq [33d0:33d7] type=MemWrite UC
 364000: board.cache_hierarchy.l2-cache-0: access for WriteReq [33d0:33d7] type=MemWrite UC
 364001: board.cache_hierarchy.l1d-cache-0: sendWriteQueuePacket: write WriteReq [33d8:33df] type=MemWrite UC
 365000: board.cache_hierarchy.l1i-cache-0: recvTimingResp: Handling response ReadResp [a40:a7f] IF
 365000: board.cache_hierarchy.l1i-cache-0: Block for addr 0xa40 being updated in Cache
 365000: board.cache_hierarchy.l1i-cache-0: Block addr 0xa40 (ns) moving from  to state: 6 (E) writable: 1 readable: 1 dirty: 0 prefetched: 0 | tag: 0 secure: 0 valid: 1 | set: 0x29 way: 0
 365000: board.cache_hierarchy.l1i-cache-0: recvTimingResp: Leaving with ReadResp [a40:a7f] IF
 365000: board.processor.cores.core.workload: Translating: 0x108c0->0x8c0
 365000: board.cache_hierarchy.l1i-cache-0: access for ReadReq [8c0:8ff] IF hit state: 6 (E) writable: 1 readable: 1 dirty: 0 prefetched: 0 | tag: 0 secure: 0 valid: 1 | set: 0x23 way: 0
 366000: board.cache_hierarchy.l1d-cache-0: sendWriteQueuePacket: write WriteReq [33d8:33df] type=MemWrite UC
 366000: board.cache_hierarchy.l2-cache-0: access for WriteReq [33d8:33df] type=MemWrite UC
 354000: board.processor.cores.core: 0x10900    : bltu a4, a3, -6            : 
 368000: board.cache_hierarchy.l2-cache-0: recvTimingResp: Handling response WriteResp [33b0:33b7] type=MemWrite UC
 368000: board.processor.cores.core.workload: Translating: 0x10900->0x900
 368000: board.cache_hierarchy.l1i-cache-0: access for ReadReq [900:93f] IF hit state: 6 (E) writable: 1 readable: 1 dirty: 0 prefetched: 0 | tag: 0 secure: 0 valid: 1 | set: 0x24 way: 0
 370000: board.cache_hierarchy.l1d-cache-0: recvTimingResp: Handling response WriteResp [33b0:33b7] type=MemWrite UC
 370000: board.cache_hierarchy.l2-cache-0: recvTimingResp: Handling response WriteResp [33b8:33bf] type=MemWrite UC
 370000: board.processor.cores.core.workload: Translating: 0x10180->0x180
 370000: board.cache_hierarchy.l1i-cache-0: access for ReadReq [180:1bf] IF hit state: 6 (E) writable: 1 readable: 1 dirty: 0 prefetched: 0 | tag: 0 secure: 0 valid: 1 | set: 0x6 way: 0
 372000: board.cache_hierarchy.l1d-cache-0: recvTimingResp: Handling response WriteResp [33b8:33bf] type=MemWrite UC
 372000: board.processor.cores.core.workload: Translating: 0x101c0->0x1c0
 372000: board.cache_hierarchy.l1i-cache-0: access for ReadReq [1c0:1ff] IF hit state: 6 (E) writable: 1 readable: 1 dirty: 0 prefetched: 0 | tag: 0 secure: 0 valid: 1 | set: 0x7 way: 0
 373000: board.processor.cores.core.workload: Translating: 0x133e0->0x33e0
 373000: board.processor.cores.core.workload: Translating: 0x133e8->0x33e8
 374000: board.processor.cores.core.workload: Translating: 0x10a40->0xa40
 374000: board.cache_hierarchy.l1i-cache-0: access for ReadReq [a40:a7f] IF hit state: 6 (E) writable: 1 readable: 1 dirty: 0 prefetched: 0 | tag: 0 secure: 0 valid: 1 | set: 0x29 way: 0
 375000: board.cache_hierarchy.l2-cache-0: sendWriteQueuePacket: write WriteReq [33d0:33d7] type=MemWrite UC
 367000: board.processor.cores.core: 0x108fa    : c_sd a1, 0(a4)             : 
 367000: board.processor.cores.core: 0x108fc    : c_sd a1, 8(a4)             : 
 377000: board.cache_hierarchy.l2-cache-0: sendWriteQueuePacket: write WriteReq [33d8:33df] type=MemWrite UC
 377000: board.cache_hierarchy.l2-cache-0: sendWriteQueuePacket: write WriteReq [33d8:33df] type=MemWrite UC
 377000: board.cache_hierarchy.l1d-cache-0: access for WriteReq [33e0:33e7] type=MemWrite UC
 377000: board.cache_hierarchy.l1d-cache-0: access for WriteReq [33e8:33ef] type=MemWrite UC
 378000: board.cache_hierarchy.l1d-cache-0: sendWriteQueuePacket: write WriteReq [33e0:33e7] type=MemWrite UC
 378000: board.cache_hierarchy.l2-cache-0: access for WriteReq [33e0:33e7] type=MemWrite UC
 378001: board.cache_hierarchy.l1d-cache-0: sendWriteQueuePacket: write WriteReq [33e8:33ef] type=MemWrite UC
 379000: board.processor.cores.core.workload: Translating: 0x108c0->0x8c0
 379000: board.cache_hierarchy.l1i-cache-0: access for ReadReq [8c0:8ff] IF hit state: 6 (E) writable: 1 readable: 1 dirty: 0 prefetched: 0 | tag: 0 secure: 0 valid: 1 | set: 0x23 way: 0
 380000: board.cache_hierarchy.l1d-cache-0: sendWriteQueuePacket: write WriteReq [33e8:33ef] type=MemWrite UC
 380000: board.cache_hierarchy.l2-cache-0: access for WriteReq [33e8:33ef] type=MemWrite UC
 368000: board.processor.cores.core: 0x108fe    : c_addi a4, 16              : 
 369000: board.processor.cores.core: 0x10900    : bltu a4, a3, -6            : 
 381000: board.processor.cores.core.workload: Translating: 0x10900->0x900
 381000: board.cache_hierarchy.l1i-cache-0: access for ReadReq [900:93f] IF hit state: 6 (E) writable: 1 readable: 1 dirty: 0 prefetched: 0 | tag: 0 secure: 0 valid: 1 | set: 0x24 way: 0
 382000: board.cache_hierarchy.l2-cache-0: recvTimingResp: Handling response WriteResp [33c0:33c7] type=MemWrite UC
 383000: board.processor.cores.core.workload: Translating: 0x10180->0x180
 383000: board.cache_hierarchy.l1i-cache-0: access for ReadReq [180:1bf] IF hit state: 6 (E) writable: 1 readable: 1 dirty: 0 prefetched: 0 | tag: 0 secure: 0 valid: 1 | set: 0x6 way: 0
 384000: board.cache_hierarchy.l1d-cache-0: recvTimingResp: Handling response WriteResp [33c0:33c7] type=MemWrite UC
 384000: board.cache_hierarchy.l2-cache-0: recvTimingResp: Handling response WriteResp [33c8:33cf] type=MemWrite UC
 385000: board.processor.cores.core.workload: Translating: 0x101c0->0x1c0
 385000: board.cache_hierarchy.l1i-cache-0: access for ReadReq [1c0:1ff] IF hit state: 6 (E) writable: 1 readable: 1 dirty: 0 prefetched: 0 | tag: 0 secure: 0 valid: 1 | set: 0x7 way: 0
 386000: board.cache_hierarchy.l1d-cache-0: recvTimingResp: Handling response WriteResp [33c8:33cf] type=MemWrite UC
 387000: board.processor.cores.core.workload: Translating: 0x10a40->0xa40
 387000: board.cache_hierarchy.l1i-cache-0: access for ReadReq [a40:a7f] IF hit state: 6 (E) writable: 1 readable: 1 dirty: 0 prefetched: 0 | tag: 0 secure: 0 valid: 1 | set: 0x29 way: 0
 387000: board.processor.cores.core.workload: Translating: 0x133f0->0x33f0
 387000: board.processor.cores.core.workload: Translating: 0x133f8->0x33f8
 389000: board.cache_hierarchy.l2-cache-0: sendWriteQueuePacket: write WriteReq [33e0:33e7] type=MemWrite UC
 380000: board.processor.cores.core: 0x108fa    : c_sd a1, 0(a4)             : 
 380000: board.processor.cores.core: 0x108fc    : c_sd a1, 8(a4)             : 
 381000: board.processor.cores.core: 0x108fe    : c_addi a4, 16              : 
 391000: board.cache_hierarchy.l2-cache-0: sendWriteQueuePacket: write WriteReq [33e8:33ef] type=MemWrite UC
 391000: board.cache_hierarchy.l2-cache-0: sendWriteQueuePacket: write WriteReq [33e8:33ef] type=MemWrite UC
 391000: board.cache_hierarchy.l1d-cache-0: access for WriteReq [33f0:33f7] type=MemWrite UC
 391000: board.cache_hierarchy.l1d-cache-0: access for WriteReq [33f8:33ff] type=MemWrite UC
 392000: board.cache_hierarchy.l1d-cache-0: sendWriteQueuePacket: write WriteReq [33f0:33f7] type=MemWrite UC
 392000: board.cache_hierarchy.l2-cache-0: access for WriteReq [33f0:33f7] type=MemWrite UC
 392001: board.cache_hierarchy.l1d-cache-0: sendWriteQueuePacket: write WriteReq [33f8:33ff] type=MemWrite UC
 393000: board.processor.cores.core.workload: Translating: 0x108c0->0x8c0
 393000: board.cache_hierarchy.l1i-cache-0: access for ReadReq [8c0:8ff] IF hit state: 6 (E) writable: 1 readable: 1 dirty: 0 prefetched: 0 | tag: 0 secure: 0 valid: 1 | set: 0x23 way: 0
 394000: board.cache_hierarchy.l1d-cache-0: sendWriteQueuePacket: write WriteReq [33f8:33ff] type=MemWrite UC
 394000: board.cache_hierarchy.l2-cache-0: access for WriteReq [33f8:33ff] type=MemWrite UC
 382000: board.processor.cores.core: 0x10900    : bltu a4, a3, -6            : 
 395000: board.processor.cores.core.workload: Translating: 0x10900->0x900
 395000: board.cache_hierarchy.l1i-cache-0: access for ReadReq [900:93f] IF hit state: 6 (E) writable: 1 readable: 1 dirty: 0 prefetched: 0 | tag: 0 secure: 0 valid: 1 | set: 0x24 way: 0
 396000: board.cache_hierarchy.l2-cache-0: recvTimingResp: Handling response WriteResp [33d0:33d7] type=MemWrite UC
 396000: board.processor.cores.core.workload: Translating: 0x108c0->0x8c0
 396000: board.cache_hierarchy.l1i-cache-0: access for ReadReq [8c0:8ff] IF hit state: 6 (E) writable: 1 readable: 1 dirty: 0 prefetched: 0 | tag: 0 secure: 0 valid: 1 | set: 0x23 way: 0
 398000: board.cache_hierarchy.l1d-cache-0: recvTimingResp: Handling response WriteResp [33d0:33d7] type=MemWrite UC
 398000: board.cache_hierarchy.l2-cache-0: recvTimingResp: Handling response WriteResp [33d8:33df] type=MemWrite UC
 398000: board.processor.cores.core.workload: Translating: 0x10900->0x900
 398000: board.cache_hierarchy.l1i-cache-0: access for ReadReq [900:93f] IF hit state: 6 (E) writable: 1 readable: 1 dirty: 0 prefetched: 0 | tag: 0 secure: 0 valid: 1 | set: 0x24 way: 0
 399000: board.processor.cores.core.workload: Translating: 0x108c0->0x8c0
 399000: board.cache_hierarchy.l1i-cache-0: access for ReadReq [8c0:8ff] IF hit state: 6 (E) writable: 1 readable: 1 dirty: 0 prefetched: 0 | tag: 0 secure: 0 valid: 1 | set: 0x23 way: 0
 400000: board.cache_hierarchy.l1d-cache-0: recvTimingResp: Handling response WriteResp [33d8:33df] type=MemWrite UC
 401000: board.processor.cores.core.workload: Translating: 0x10900->0x900
 401000: board.cache_hierarchy.l1i-cache-0: access for ReadReq [900:93f] IF hit state: 6 (E) writable: 1 readable: 1 dirty: 0 prefetched: 0 | tag: 0 secure: 0 valid: 1 | set: 0x24 way: 0
 401000: board.processor.cores.core.workload: Translating: 0x13400->0x3400
 401000: board.processor.cores.core.workload: Translating: 0x13408->0x3408
 402000: board.processor.cores.core.workload: Translating: 0x108c0->0x8c0
 402000: board.cache_hierarchy.l1i-cache-0: access for ReadReq [8c0:8ff] IF hit state: 6 (E) writable: 1 readable: 1 dirty: 0 prefetched: 0 | tag: 0 secure: 0 valid: 1 | set: 0x23 way: 0
 403000: board.cache_hierarchy.l2-cache-0: sendWriteQueuePacket: write WriteReq [33f0:33f7] type=MemWrite UC
 394000: board.processor.cores.core: 0x108fa    : c_sd a1, 0(a4)             : 
 394000: board.processor.cores.core: 0x108fc    : c_sd a1, 8(a4)             : 
 404000: board.processor.cores.core.workload: Translating: 0x10900->0x900
 404000: board.cache_hierarchy.l1i-cache-0: access for ReadReq [900:93f] IF hit state: 6 (E) writable: 1 readable: 1 dirty: 0 prefetched: 0 | tag: 0 secure: 0 valid: 1 | set: 0x24 way: 0
 404000: board.processor.cores.core.workload: Translating: 0x13410->0x3410
 395000: board.processor.cores.core: 0x108fe    : c_addi a4, 16              : 
 405000: board.cache_hierarchy.l2-cache-0: sendWriteQueuePacket: write WriteReq [33f8:33ff] type=MemWrite UC
 405000: board.cache_hierarchy.l2-cache-0: sendWriteQueuePacket: write WriteReq [33f8:33ff] type=MemWrite UC
 405000: board.processor.cores.core.workload: Translating: 0x108c0->0x8c0
 405000: board.cache_hierarchy.l1i-cache-0: access for ReadReq [8c0:8ff] IF hit state: 6 (E) writable: 1 readable: 1 dirty: 0 prefetched: 0 | tag: 0 secure: 0 valid: 1 | set: 0x23 way: 0
 405000: board.processor.cores.core.workload: Translating: 0x13418->0x3418
 405000: board.cache_hierarchy.l1d-cache-0: access for WriteReq [3400:3407] type=MemWrite UC
 405000: board.cache_hierarchy.l1d-cache-0: access for WriteReq [3408:340f] type=MemWrite UC
 406000: board.cache_hierarchy.l1d-cache-0: sendWriteQueuePacket: write WriteReq [3400:3407] type=MemWrite UC
 406000: board.cache_hierarchy.l2-cache-0: access for WriteReq [3400:3407] type=MemWrite UC
 406000: board.processor.cores.core.workload: Translating: 0x13420->0x3420
 396000: board.processor.cores.core: 0x10900    : bltu a4, a3, -6            : 
 397000: board.processor.cores.core: 0x108fa    : c_sd a1, 0(a4)             : 
 406001: board.cache_hierarchy.l1d-cache-0: sendWriteQueuePacket: write WriteReq [3408:340f] type=MemWrite UC
 407000: board.processor.cores.core.workload: Translating: 0x10900->0x900
 407000: board.cache_hierarchy.l1i-cache-0: access for ReadReq [900:93f] IF hit state: 6 (E) writable: 1 readable: 1 dirty: 0 prefetched: 0 | tag: 0 secure: 0 valid: 1 | set: 0x24 way: 0
 407000: board.processor.cores.core.workload: Translating: 0x13428->0x3428
 397000: board.processor.cores.core: 0x108fc    : c_sd a1, 8(a4)             : 
 398000: board.processor.cores.core: 0x108fe    : c_addi a4, 16              : 
 408000: board.cache_hierarchy.l1d-cache-0: sendWriteQueuePacket: write WriteReq [3408:340f] type=MemWrite UC
 408000: board.cache_hierarchy.l2-cache-0: access for WriteReq [3408:340f] type=MemWrite UC
 408000: board.processor.cores.core.workload: Translating: 0x108c0->0x8c0
 408000: board.cache_hierarchy.l1i-cache-0: access for ReadReq [8c0:8ff] IF hit state: 6 (E) writable: 1 readable: 1 dirty: 0 prefetched: 0 | tag: 0 secure: 0 valid: 1 | set: 0x23 way: 0
 408000: board.processor.cores.core.workload: Translating: 0x13430->0x3430
 408000: board.cache_hierarchy.l1d-cache-0: access for WriteReq [3410:3417] type=MemWrite UC
 399000: board.processor.cores.core: 0x10900    : bltu a4, a3, -6            : 
 400000: board.processor.cores.core: 0x108fa    : c_sd a1, 0(a4)             : 
 409000: board.cache_hierarchy.l1d-cache-0: sendWriteQueuePacket: write WriteReq [3410:3417] type=MemWrite UC
 409000: board.processor.cores.core.workload: Translating: 0x13438->0x3438
 409000: board.cache_hierarchy.l1d-cache-0: access for WriteReq [3418:341f] type=MemWrite UC
 400000: board.processor.cores.core: 0x108fc    : c_sd a1, 8(a4)             : 
 401000: board.processor.cores.core: 0x108fe    : c_addi a4, 16              : 
 410000: board.cache_hierarchy.l2-cache-0: recvTimingResp: Handling response WriteResp [33e0:33e7] type=MemWrite UC
 410000: board.cache_hierarchy.l1d-cache-0: sendWriteQueuePacket: write WriteReq [3410:3417] type=MemWrite UC
 410000: board.cache_hierarchy.l2-cache-0: access for WriteReq [3410:3417] type=MemWrite UC
 410000: board.processor.cores.core.workload: Translating: 0x10900->0x900
 410000: board.cache_hierarchy.l1i-cache-0: access for ReadReq [900:93f] IF hit state: 6 (E) writable: 1 readable: 1 dirty: 0 prefetched: 0 | tag: 0 secure: 0 valid: 1 | set: 0x24 way: 0
 410000: board.cache_hierarchy.l1d-cache-0: access for WriteReq [3420:3427] type=MemWrite UC
 402000: board.processor.cores.core: 0x10900    : bltu a4, a3, -6            : 
 403000: board.processor.cores.core: 0x108fa    : c_sd a1, 0(a4)             : 
 410001: board.cache_hierarchy.l1d-cache-0: sendWriteQueuePacket: write WriteReq [3418:341f] type=MemWrite UC
 411000: board.processor.cores.core.workload: Translating: 0x108c0->0x8c0
 411000: board.cache_hierarchy.l1i-cache-0: access for ReadReq [8c0:8ff] IF hit state: 6 (E) writable: 1 readable: 1 dirty: 0 prefetched: 0 | tag: 0 secure: 0 valid: 1 | set: 0x23 way: 0
 411000: board.processor.cores.core.workload: Translating: 0x13440->0x3440
 411000: board.processor.cores.core.workload: Translating: 0x13448->0x3448
 411000: board.cache_hierarchy.l1d-cache-0: access for WriteReq [3428:342f] type=MemWrite UC
 403000: board.processor.cores.core: 0x108fc    : c_sd a1, 8(a4)             : 
 404000: board.processor.cores.core: 0x108fe    : c_addi a4, 16              : 
 412000: board.cache_hierarchy.l1d-cache-0: recvTimingResp: Handling response WriteResp [33e0:33e7] type=MemWrite UC
 412000: board.cache_hierarchy.l1d-cache-0: sendWriteQueuePacket: write WriteReq [3418:341f] type=MemWrite UC
 412000: board.cache_hierarchy.l2-cache-0: access for WriteReq [3418:341f] type=MemWrite UC
 412000: board.cache_hierarchy.l2-cache-0: recvTimingResp: Handling response WriteResp [33e8:33ef] type=MemWrite UC
 412000: board.cache_hierarchy.l1d-cache-0: access for WriteReq [3430:3437] type=MemWrite UC
 405000: board.processor.cores.core: 0x10900    : bltu a4, a3, -6            : 
 412001: board.cache_hierarchy.l1d-cache-0: sendWriteQueuePacket: write WriteReq [3420:3427] type=MemWrite UC
 413000: board.processor.cores.core.workload: Translating: 0x10900->0x900
 413000: board.cache_hierarchy.l1i-cache-0: access for ReadReq [900:93f] IF hit state: 6 (E) writable: 1 readable: 1 dirty: 0 prefetched: 0 | tag: 0 secure: 0 valid: 1 | set: 0x24 way: 0
 413000: board.cache_hierarchy.l1d-cache-0: access for WriteReq [3438:343f] type=MemWrite UC
 406000: board.processor.cores.core: 0x108fa    : c_sd a1, 0(a4)             : 
 406000: board.processor.cores.core: 0x108fc    : c_sd a1, 8(a4)             : 
 414000: board.cache_hierarchy.l1d-cache-0: recvTimingResp: Handling response WriteResp [33e8:33ef] type=MemWrite UC
 414000: board.cache_hierarchy.l1d-cache-0: sendWriteQueuePacket: write WriteReq [3420:3427] type=MemWrite UC
 414000: board.cache_hierarchy.l2-cache-0: access for WriteReq [3420:3427] type=MemWrite UC
 414000: board.processor.cores.core.workload: Translating: 0x108c0->0x8c0
 414000: board.cache_hierarchy.l1i-cache-0: access for ReadReq [8c0:8ff] IF hit state: 6 (E) writable: 1 readable: 1 dirty: 0 prefetched: 0 | tag: 0 secure: 0 valid: 1 | set: 0x23 way: 0
 414000: board.processor.cores.core.workload: Translating: 0x13450->0x3450
 414000: board.processor.cores.core.workload: Translating: 0x13458->0x3458
 407000: board.processor.cores.core: 0x108fe    : c_addi a4, 16              : 
 414001: board.cache_hierarchy.l1d-cache-0: sendWriteQueuePacket: write WriteReq [3428:342f] type=MemWrite UC
 415000: board.cache_hierarchy.l1d-cache-0: access for WriteReq [3440:3447] type=MemWrite UC
 415000: board.cache_hierarchy.l1d-cache-0: access for WriteReq [3448:344f] type=MemWrite UC
 408000: board.processor.cores.core: 0x10900    : bltu a4, a3, -6            : 
 416000: board.cache_hierarchy.l1d-cache-0: sendWriteQueuePacket: write WriteReq [3428:342f] type=MemWrite UC
 416000: board.cache_hierarchy.l2-cache-0: access for WriteReq [3428:342f] type=MemWrite UC
 416000: board.processor.cores.core.workload: Translating: 0x10900->0x900
 416000: board.cache_hierarchy.l1i-cache-0: access for ReadReq [900:93f] IF hit state: 6 (E) writable: 1 readable: 1 dirty: 0 prefetched: 0 | tag: 0 secure: 0 valid: 1 | set: 0x24 way: 0
 409000: board.processor.cores.core: 0x108fa    : c_sd a1, 0(a4)             : 
 409000: board.processor.cores.core: 0x108fc    : c_sd a1, 8(a4)             : 
 416001: board.cache_hierarchy.l1d-cache-0: sendWriteQueuePacket: write WriteReq [3430:3437] type=MemWrite UC
 417000: board.cache_hierarchy.l2-cache-0: sendWriteQueuePacket: write WriteReq [3400:3407] type=MemWrite UC
 417000: board.processor.cores.core.workload: Translating: 0x108c0->0x8c0
 417000: board.cache_hierarchy.l1i-cache-0: access for ReadReq [8c0:8ff] IF hit state: 6 (E) writable: 1 readable: 1 dirty: 0 prefetched: 0 | tag: 0 secure: 0 valid: 1 | set: 0x23 way: 0
 417000: board.processor.cores.core.workload: Translating: 0x13460->0x3460
 417000: board.processor.cores.core.workload: Translating: 0x13468->0x3468
 410000: board.processor.cores.core: 0x108fe    : c_addi a4, 16              : 
 418000: board.cache_hierarchy.l1d-cache-0: sendWriteQueuePacket: write WriteReq [3430:3437] type=MemWrite UC
 418000: board.cache_hierarchy.l2-cache-0: access for WriteReq [3430:3437] type=MemWrite UC
 418000: board.cache_hierarchy.l1d-cache-0: access for WriteReq [3450:3457] type=MemWrite UC
 418000: board.cache_hierarchy.l1d-cache-0: access for WriteReq [3458:345f] type=MemWrite UC
 411000: board.processor.cores.core: 0x10900    : bltu a4, a3, -6            : 
 418001: board.cache_hierarchy.l1d-cache-0: sendWriteQueuePacket: write WriteReq [3438:343f] type=MemWrite UC
 419000: board.cache_hierarchy.l2-cache-0: sendWriteQueuePacket: write WriteReq [3408:340f] type=MemWrite UC
 419000: board.cache_hierarchy.l2-cache-0: sendWriteQueuePacket: write WriteReq [3408:340f] type=MemWrite UC
 419000: board.processor.cores.core.workload: Translating: 0x10900->0x900
 419000: board.cache_hierarchy.l1i-cache-0: access for ReadReq [900:93f] IF hit state: 6 (E) writable: 1 readable: 1 dirty: 0 prefetched: 0 | tag: 0 secure: 0 valid: 1 | set: 0x24 way: 0
 412000: board.processor.cores.core: 0x108fa    : c_sd a1, 0(a4)             : 
 412000: board.processor.cores.core: 0x108fc    : c_sd a1, 8(a4)             : 
 420000: board.cache_hierarchy.l1d-cache-0: sendWriteQueuePacket: write WriteReq [3438:343f] type=MemWrite UC
 420000: board.cache_hierarchy.l2-cache-0: access for WriteReq [3438:343f] type=MemWrite UC
 420000: board.processor.cores.core.workload: Translating: 0x108c0->0x8c0
 420000: board.cache_hierarchy.l1i-cache-0: access for ReadReq [8c0:8ff] IF hit state: 6 (E) writable: 1 readable: 1 dirty: 0 prefetched: 0 | tag: 0 secure: 0 valid: 1 | set: 0x23 way: 0
 420000: board.processor.cores.core.workload: Translating: 0x13470->0x3470
 420000: board.processor.cores.core.workload: Translating: 0x13478->0x3478
 413000: board.processor.cores.core: 0x108fe    : c_addi a4, 16              : 
 420001: board.cache_hierarchy.l1d-cache-0: sendWriteQueuePacket: write WriteReq [3440:3447] type=MemWrite UC
 421000: board.cache_hierarchy.l2-cache-0: sendWriteQueuePacket: write WriteReq [3410:3417] type=MemWrite UC
 421000: board.cache_hierarchy.l2-cache-0: sendWriteQueuePacket: write WriteReq [3410:3417] type=MemWrite UC
 421000: board.cache_hierarchy.l1d-cache-0: access for WriteReq [3460:3467] type=MemWrite UC
 421000: board.cache_hierarchy.l1d-cache-0: access for WriteReq [3468:346f] type=MemWrite UC
 414000: board.processor.cores.core: 0x10900    : bltu a4, a3, -6            : 
 422000: board.cache_hierarchy.l1d-cache-0: sendWriteQueuePacket: write WriteReq [3440:3447] type=MemWrite UC
 422000: board.cache_hierarchy.l2-cache-0: access for WriteReq [3440:3447] type=MemWrite UC
 422000: board.processor.cores.core.workload: Translating: 0x10900->0x900
 422000: board.cache_hierarchy.l1i-cache-0: access for ReadReq [900:93f] IF hit state: 6 (E) writable: 1 readable: 1 dirty: 0 prefetched: 0 | tag: 0 secure: 0 valid: 1 | set: 0x24 way: 0
 415000: board.processor.cores.core: 0x108fa    : c_sd a1, 0(a4)             : 
 415000: board.processor.cores.core: 0x108fc    : c_sd a1, 8(a4)             : 
 422001: board.cache_hierarchy.l1d-cache-0: sendWriteQueuePacket: write WriteReq [3448:344f] type=MemWrite UC
 423000: board.cache_hierarchy.l2-cache-0: sendWriteQueuePacket: write WriteReq [3418:341f] type=MemWrite UC
 423000: board.cache_hierarchy.l2-cache-0: sendWriteQueuePacket: write WriteReq [3418:341f] type=MemWrite UC
 423000: board.processor.cores.core.workload: Translating: 0x108c0->0x8c0
 423000: board.cache_hierarchy.l1i-cache-0: access for ReadReq [8c0:8ff] IF hit state: 6 (E) writable: 1 readable: 1 dirty: 0 prefetched: 0 | tag: 0 secure: 0 valid: 1 | set: 0x23 way: 0
 423000: board.processor.cores.core.workload: Translating: 0x13480->0x3480
 423000: board.processor.cores.core.workload: Translating: 0x13488->0x3488
 416000: board.processor.cores.core: 0x108fe    : c_addi a4, 16              : 
 424000: board.cache_hierarchy.l2-cache-0: recvTimingResp: Handling response WriteResp [33f0:33f7] type=MemWrite UC
 424000: board.cache_hierarchy.l1d-cache-0: sendWriteQueuePacket: write WriteReq [3448:344f] type=MemWrite UC
 424000: board.cache_hierarchy.l2-cache-0: access for WriteReq [3448:344f] type=MemWrite UC
 424000: board.cache_hierarchy.l1d-cache-0: access for WriteReq [3470:3477] type=MemWrite UC
 424000: board.cache_hierarchy.l1d-cache-0: access for WriteReq [3478:347f] type=MemWrite UC
 417000: board.processor.cores.core: 0x10900    : bltu a4, a3, -6            : 
 424001: board.cache_hierarchy.l1d-cache-0: sendWriteQueuePacket: write WriteReq [3450:3457] type=MemWrite UC
 425000: board.cache_hierarchy.l2-cache-0: sendWriteQueuePacket: write WriteReq [3420:3427] type=MemWrite UC
 425000: board.cache_hierarchy.l2-cache-0: sendWriteQueuePacket: write WriteReq [3420:3427] type=MemWrite UC
 425000: board.processor.cores.core.workload: Translating: 0x10900->0x900
 425000: board.cache_hierarchy.l1i-cache-0: access for ReadReq [900:93f] IF hit state: 6 (E) writable: 1 readable: 1 dirty: 0 prefetched: 0 | tag: 0 secure: 0 valid: 1 | set: 0x24 way: 0
 418000: board.processor.cores.core: 0x108fa    : c_sd a1, 0(a4)             : 
 418000: board.processor.cores.core: 0x108fc    : c_sd a1, 8(a4)             : 
 426000: board.cache_hierarchy.l1d-cache-0: recvTimingResp: Handling response WriteResp [33f0:33f7] type=MemWrite UC
 426000: board.cache_hierarchy.l1d-cache-0: sendWriteQueuePacket: write WriteReq [3450:3457] type=MemWrite UC
 426000: board.cache_hierarchy.l2-cache-0: access for WriteReq [3450:3457] type=MemWrite UC
 426000: board.cache_hierarchy.l2-cache-0: recvTimingResp: Handling response WriteResp [33f8:33ff] type=MemWrite UC
 426000: board.processor.cores.core.workload: Translating: 0x108c0->0x8c0
 426000: board.cache_hierarchy.l1i-cache-0: access for ReadReq [8c0:8ff] IF hit state: 6 (E) writable: 1 readable: 1 dirty: 0 prefetched: 0 | tag: 0 secure: 0 valid: 1 | set: 0x23 way: 0
 426000: board.processor.cores.core.workload: Translating: 0x13490->0x3490
 426000: board.processor.cores.core.workload: Translating: 0x13498->0x3498
 419000: board.processor.cores.core: 0x108fe    : c_addi a4, 16              : 
 426001: board.cache_hierarchy.l1d-cache-0: sendWriteQueuePacket: write WriteReq [3458:345f] type=MemWrite UC
 427000: board.cache_hierarchy.l2-cache-0: sendWriteQueuePacket: write WriteReq [3428:342f] type=MemWrite UC
 427000: board.cache_hierarchy.l2-cache-0: sendWriteQueuePacket: write WriteReq [3428:342f] type=MemWrite UC
 427000: board.cache_hierarchy.l1d-cache-0: access for WriteReq [3480:3487] type=MemWrite UC
 427000: board.cache_hierarchy.l1d-cache-0: access for WriteReq [3488:348f] type=MemWrite UC
 420000: board.processor.cores.core: 0x10900    : bltu a4, a3, -6            : 
 428000: board.cache_hierarchy.l1d-cache-0: recvTimingResp: Handling response WriteResp [33f8:33ff] type=MemWrite UC
 428000: board.cache_hierarchy.l1d-cache-0: sendWriteQueuePacket: write WriteReq [3458:345f] type=MemWrite UC
 428000: board.cache_hierarchy.l2-cache-0: access for WriteReq [3458:345f] type=MemWrite UC
 428000: board.processor.cores.core.workload: Translating: 0x10900->0x900
 428000: board.cache_hierarchy.l1i-cache-0: access for ReadReq [900:93f] IF hit state: 6 (E) writable: 1 readable: 1 dirty: 0 prefetched: 0 | tag: 0 secure: 0 valid: 1 | set: 0x24 way: 0
 421000: board.processor.cores.core: 0x108fa    : c_sd a1, 0(a4)             : 
 421000: board.processor.cores.core: 0x108fc    : c_sd a1, 8(a4)             : 
 428001: board.cache_hierarchy.l1d-cache-0: sendWriteQueuePacket: write WriteReq [3460:3467] type=MemWrite UC
 429000: board.cache_hierarchy.l2-cache-0: sendWriteQueuePacket: write WriteReq [3430:3437] type=MemWrite UC
 429000: board.cache_hierarchy.l2-cache-0: sendWriteQueuePacket: write WriteReq [3430:3437] type=MemWrite UC
 429000: board.processor.cores.core.workload: Translating: 0x108c0->0x8c0
 429000: board.cache_hierarchy.l1i-cache-0: access for ReadReq [8c0:8ff] IF hit state: 6 (E) writable: 1 readable: 1 dirty: 0 prefetched: 0 | tag: 0 secure: 0 valid: 1 | set: 0x23 way: 0
 429000: board.processor.cores.core.workload: Translating: 0x134a0->0x34a0
 429000: board.processor.cores.core.workload: Translating: 0x134a8->0x34a8
 422000: board.processor.cores.core: 0x108fe    : c_addi a4, 16              : 
 430000: board.cache_hierarchy.l1d-cache-0: sendWriteQueuePacket: write WriteReq [3460:3467] type=MemWrite UC
 430000: board.cache_hierarchy.l2-cache-0: access for WriteReq [3460:3467] type=MemWrite UC
 430000: board.cache_hierarchy.l1d-cache-0: access for WriteReq [3490:3497] type=MemWrite UC
 430000: board.cache_hierarchy.l1d-cache-0: access for WriteReq [3498:349f] type=MemWrite UC
 423000: board.processor.cores.core: 0x10900    : bltu a4, a3, -6            : 
 430001: board.cache_hierarchy.l1d-cache-0: sendWriteQueuePacket: write WriteReq [3468:346f] type=MemWrite UC
 431000: board.cache_hierarchy.l2-cache-0: sendWriteQueuePacket: write WriteReq [3438:343f] type=MemWrite UC
 431000: board.cache_hierarchy.l2-cache-0: sendWriteQueuePacket: write WriteReq [3438:343f] type=MemWrite UC
 431000: board.processor.cores.core.workload: Translating: 0x10900->0x900
 431000: board.cache_hierarchy.l1i-cache-0: access for ReadReq [900:93f] IF hit state: 6 (E) writable: 1 readable: 1 dirty: 0 prefetched: 0 | tag: 0 secure: 0 valid: 1 | set: 0x24 way: 0
 424000: board.processor.cores.core: 0x108fa    : c_sd a1, 0(a4)             : 
 424000: board.processor.cores.core: 0x108fc    : c_sd a1, 8(a4)             : 
 432000: board.cache_hierarchy.l1d-cache-0: sendWriteQueuePacket: write WriteReq [3468:346f] type=MemWrite UC
 432000: board.cache_hierarchy.l2-cache-0: access for WriteReq [3468:346f] type=MemWrite UC
 432000: board.processor.cores.core.workload: Translating: 0x108c0->0x8c0
 432000: board.cache_hierarchy.l1i-cache-0: access for ReadReq [8c0:8ff] IF hit state: 6 (E) writable: 1 readable: 1 dirty: 0 prefetched: 0 | tag: 0 secure: 0 valid: 1 | set: 0x23 way: 0
 432000: board.processor.cores.core.workload: Translating: 0x134b0->0x34b0
 432000: board.processor.cores.core.workload: Translating: 0x134b8->0x34b8
 425000: board.processor.cores.core: 0x108fe    : c_addi a4, 16              : 
 432001: board.cache_hierarchy.l1d-cache-0: sendWriteQueuePacket: write WriteReq [3470:3477] type=MemWrite UC
 433000: board.cache_hierarchy.l2-cache-0: sendWriteQueuePacket: write WriteReq [3440:3447] type=MemWrite UC
 433000: board.cache_hierarchy.l2-cache-0: sendWriteQueuePacket: write WriteReq [3440:3447] type=MemWrite UC
 433000: board.cache_hierarchy.l1d-cache-0: access for WriteReq [34a0:34a7] type=MemWrite UC
 433000: board.cache_hierarchy.l1d-cache-0: access for WriteReq [34a8:34af] type=MemWrite UC
 433000: board.cache_hierarchy.l1d-cache-0: Blocking for cause 1, mask=2
 426000: board.processor.cores.core: 0x10900    : bltu a4, a3, -6            : 
 434000: board.cache_hierarchy.l1d-cache-0: sendWriteQueuePacket: write WriteReq [3470:3477] type=MemWrite UC
 434000: board.cache_hierarchy.l2-cache-0: access for WriteReq [3470:3477] type=MemWrite UC
 434000: board.cache_hierarchy.l1d-cache-0: Unblocking for cause 1, mask=0
 434000: board.processor.cores.core.workload: Translating: 0x10900->0x900
 434000: board.cache_hierarchy.l1i-cache-0: access for ReadReq [900:93f] IF hit state: 6 (E) writable: 1 readable: 1 dirty: 0 prefetched: 0 | tag: 0 secure: 0 valid: 1 | set: 0x24 way: 0
 427000: board.processor.cores.core: 0x108fa    : c_sd a1, 0(a4)             : 
 427000: board.processor.cores.core: 0x108fc    : c_sd a1, 8(a4)             : 
 434001: board.cache_hierarchy.l1d-cache-0: sendWriteQueuePacket: write WriteReq [3478:347f] type=MemWrite UC
 435000: board.cache_hierarchy.l2-cache-0: sendWriteQueuePacket: write WriteReq [3448:344f] type=MemWrite UC
 435000: board.cache_hierarchy.l2-cache-0: sendWriteQueuePacket: write WriteReq [3448:344f] type=MemWrite UC
 435000: board.processor.cores.core.workload: Translating: 0x108c0->0x8c0
 435000: board.cache_hierarchy.l1i-cache-0: access for ReadReq [8c0:8ff] IF hit state: 6 (E) writable: 1 readable: 1 dirty: 0 prefetched: 0 | tag: 0 secure: 0 valid: 1 | set: 0x23 way: 0
 435000: board.processor.cores.core.workload: Translating: 0x134c0->0x34c0
 435000: board.processor.cores.core.workload: Translating: 0x134c8->0x34c8
 428000: board.processor.cores.core: 0x108fe    : c_addi a4, 16              : 
 436000: board.cache_hierarchy.l1d-cache-0: sendWriteQueuePacket: write WriteReq [3478:347f] type=MemWrite UC
 436000: board.cache_hierarchy.l2-cache-0: access for WriteReq [3478:347f] type=MemWrite UC
 436000: board.cache_hierarchy.l1d-cache-0: access for WriteReq [34b0:34b7] type=MemWrite UC
 436000: board.cache_hierarchy.l1d-cache-0: access for WriteReq [34b8:34bf] type=MemWrite UC
 436000: board.cache_hierarchy.l1d-cache-0: Blocking for cause 1, mask=2
 429000: board.processor.cores.core: 0x10900    : bltu a4, a3, -6            : 
 436001: board.cache_hierarchy.l1d-cache-0: sendWriteQueuePacket: write WriteReq [3480:3487] type=MemWrite UC
 437000: board.cache_hierarchy.l2-cache-0: sendWriteQueuePacket: write WriteReq [3450:3457] type=MemWrite UC
 437000: board.cache_hierarchy.l2-cache-0: sendWriteQueuePacket: write WriteReq [3450:3457] type=MemWrite UC
 437000: board.processor.cores.core.workload: Translating: 0x10900->0x900
 437000: board.cache_hierarchy.l1i-cache-0: access for ReadReq [900:93f] IF hit state: 6 (E) writable: 1 readable: 1 dirty: 0 prefetched: 0 | tag: 0 secure: 0 valid: 1 | set: 0x24 way: 0
 430000: board.processor.cores.core: 0x108fa    : c_sd a1, 0(a4)             : 
 430000: board.processor.cores.core: 0x108fc    : c_sd a1, 8(a4)             : 
 438000: board.cache_hierarchy.l2-cache-0: recvTimingResp: Handling response WriteResp [3400:3407] type=MemWrite UC
 438000: board.cache_hierarchy.l1d-cache-0: sendWriteQueuePacket: write WriteReq [3480:3487] type=MemWrite UC
 438000: board.cache_hierarchy.l2-cache-0: access for WriteReq [3480:3487] type=MemWrite UC
 438000: board.cache_hierarchy.l1d-cache-0: Unblocking for cause 1, mask=0
 438000: board.processor.cores.core.workload: Translating: 0x108c0->0x8c0
 438000: board.cache_hierarchy.l1i-cache-0: access for ReadReq [8c0:8ff] IF hit state: 6 (E) writable: 1 readable: 1 dirty: 0 prefetched: 0 | tag: 0 secure: 0 valid: 1 | set: 0x23 way: 0
 438000: board.processor.cores.core.workload: Translating: 0x134d0->0x34d0
 438000: board.processor.cores.core.workload: Translating: 0x134d8->0x34d8
 431000: board.processor.cores.core: 0x108fe    : c_addi a4, 16              : 
 438001: board.cache_hierarchy.l1d-cache-0: sendWriteQueuePacket: write WriteReq [3488:348f] type=MemWrite UC
 439000: board.cache_hierarchy.l2-cache-0: sendWriteQueuePacket: write WriteReq [3458:345f] type=MemWrite UC
 439000: board.cache_hierarchy.l2-cache-0: sendWriteQueuePacket: write WriteReq [3458:345f] type=MemWrite UC
 439000: board.cache_hierarchy.l1d-cache-0: access for WriteReq [34c0:34c7] type=MemWrite UC
 439000: board.cache_hierarchy.l1d-cache-0: Blocking for cause 1, mask=2
 432000: board.processor.cores.core: 0x10900    : bltu a4, a3, -6            : 
 440000: board.cache_hierarchy.l1d-cache-0: recvTimingResp: Handling response WriteResp [3400:3407] type=MemWrite UC
 440000: board.cache_hierarchy.l1d-cache-0: sendWriteQueuePacket: write WriteReq [3488:348f] type=MemWrite UC
 440000: board.cache_hierarchy.l2-cache-0: access for WriteReq [3488:348f] type=MemWrite UC
 440000: board.cache_hierarchy.l1d-cache-0: Unblocking for cause 1, mask=0
 440000: board.cache_hierarchy.l2-cache-0: recvTimingResp: Handling response WriteResp [3408:340f] type=MemWrite UC
 440000: board.processor.cores.core.workload: Translating: 0x10900->0x900
 440000: board.cache_hierarchy.l1i-cache-0: access for ReadReq [900:93f] IF hit state: 6 (E) writable: 1 readable: 1 dirty: 0 prefetched: 0 | tag: 0 secure: 0 valid: 1 | set: 0x24 way: 0
 433000: board.processor.cores.core: 0x108fa    : c_sd a1, 0(a4)             : 
 433000: board.processor.cores.core: 0x108fc    : c_sd a1, 8(a4)             : 
 440001: board.cache_hierarchy.l1d-cache-0: sendWriteQueuePacket: write WriteReq [3490:3497] type=MemWrite UC
 440001: board.cache_hierarchy.l1d-cache-0: access for WriteReq [34c8:34cf] type=MemWrite UC
 440001: board.cache_hierarchy.l1d-cache-0: Blocking for cause 1, mask=2
 441000: board.cache_hierarchy.l2-cache-0: sendWriteQueuePacket: write WriteReq [3460:3467] type=MemWrite UC
 441000: board.cache_hierarchy.l2-cache-0: sendWriteQueuePacket: write WriteReq [3460:3467] type=MemWrite UC
 441000: board.processor.cores.core.workload: Translating: 0x108c0->0x8c0
 441000: board.cache_hierarchy.l1i-cache-0: access for ReadReq [8c0:8ff] IF hit state: 6 (E) writable: 1 readable: 1 dirty: 0 prefetched: 0 | tag: 0 secure: 0 valid: 1 | set: 0x23 way: 0
 441000: board.processor.cores.core.workload: Translating: 0x134e0->0x34e0
 441000: board.processor.cores.core.workload: Translating: 0x134e8->0x34e8
 434000: board.processor.cores.core: 0x108fe    : c_addi a4, 16              : 
 442000: board.cache_hierarchy.l1d-cache-0: recvTimingResp: Handling response WriteResp [3408:340f] type=MemWrite UC
 442000: board.cache_hierarchy.l2-cache-0: recvTimingResp: Handling response WriteResp [3410:3417] type=MemWrite UC
 442000: board.cache_hierarchy.l1d-cache-0: sendWriteQueuePacket: write WriteReq [3490:3497] type=MemWrite UC
 442000: board.cache_hierarchy.l2-cache-0: access for WriteReq [3490:3497] type=MemWrite UC
 442000: board.cache_hierarchy.l1d-cache-0: Unblocking for cause 1, mask=0
 442000: board.cache_hierarchy.l1d-cache-0: access for WriteReq [34d0:34d7] type=MemWrite UC
 442000: board.cache_hierarchy.l1d-cache-0: Blocking for cause 1, mask=2
 435000: board.processor.cores.core: 0x10900    : bltu a4, a3, -6            : 
 442001: board.cache_hierarchy.l1d-cache-0: sendWriteQueuePacket: write WriteReq [3498:349f] type=MemWrite UC
 443000: board.cache_hierarchy.l2-cache-0: sendWriteQueuePacket: write WriteReq [3468:346f] type=MemWrite UC
 443000: board.cache_hierarchy.l2-cache-0: sendWriteQueuePacket: write WriteReq [3468:346f] type=MemWrite UC
 443000: board.processor.cores.core.workload: Translating: 0x10900->0x900
 443000: board.cache_hierarchy.l1i-cache-0: access for ReadReq [900:93f] IF hit state: 6 (E) writable: 1 readable: 1 dirty: 0 prefetched: 0 | tag: 0 secure: 0 valid: 1 | set: 0x24 way: 0
 436000: board.processor.cores.core: 0x108fa    : c_sd a1, 0(a4)             : 
 436000: board.processor.cores.core: 0x108fc    : c_sd a1, 8(a4)             : 
 444000: board.cache_hierarchy.l1d-cache-0: recvTimingResp: Handling response WriteResp [3410:3417] type=MemWrite UC
 444000: board.cache_hierarchy.l1d-cache-0: sendWriteQueuePacket: write WriteReq [3498:349f] type=MemWrite UC
 444000: board.cache_hierarchy.l2-cache-0: access for WriteReq [3498:349f] type=MemWrite UC
 444000: board.cache_hierarchy.l1d-cache-0: Unblocking for cause 1, mask=0
 444000: board.cache_hierarchy.l2-cache-0: recvTimingResp: Handling response WriteResp [3418:341f] type=MemWrite UC
 444000: board.processor.cores.core.workload: Translating: 0x108c0->0x8c0
 444000: board.cache_hierarchy.l1i-cache-0: access for ReadReq [8c0:8ff] IF hit state: 6 (E) writable: 1 readable: 1 dirty: 0 prefetched: 0 | tag: 0 secure: 0 valid: 1 | set: 0x23 way: 0
 444000: board.processor.cores.core.workload: Translating: 0x134f0->0x34f0
 444000: board.processor.cores.core.workload: Translating: 0x134f8->0x34f8
 437000: board.processor.cores.core: 0x108fe    : c_addi a4, 16              : 
 444001: board.cache_hierarchy.l1d-cache-0: sendWriteQueuePacket: write WriteReq [34a0:34a7] type=MemWrite UC
 444001: board.cache_hierarchy.l1d-cache-0: access for WriteReq [34d8:34df] type=MemWrite UC
 444001: board.cache_hierarchy.l1d-cache-0: Blocking for cause 1, mask=2
 445000: board.cache_hierarchy.l2-cache-0: sendWriteQueuePacket: write WriteReq [3470:3477] type=MemWrite UC
 445000: board.cache_hierarchy.l2-cache-0: sendWriteQueuePacket: write WriteReq [3470:3477] type=MemWrite UC
 438000: board.processor.cores.core: 0x10900    : bltu a4, a3, -6            : 
 446000: board.cache_hierarchy.l1d-cache-0: recvTimingResp: Handling response WriteResp [3418:341f] type=MemWrite UC
 446000: board.cache_hierarchy.l2-cache-0: recvTimingResp: Handling response WriteResp [3420:3427] type=MemWrite UC
 446000: board.cache_hierarchy.l1d-cache-0: sendWriteQueuePacket: write WriteReq [34a0:34a7] type=MemWrite UC
 446000: board.cache_hierarchy.l2-cache-0: access for WriteReq [34a0:34a7] type=MemWrite UC
 446000: board.cache_hierarchy.l1d-cache-0: Unblocking for cause 1, mask=0
 446000: board.processor.cores.core.workload: Translating: 0x10900->0x900
 446000: board.cache_hierarchy.l1i-cache-0: access for ReadReq [900:93f] IF hit state: 6 (E) writable: 1 readable: 1 dirty: 0 prefetched: 0 | tag: 0 secure: 0 valid: 1 | set: 0x24 way: 0
 439000: board.processor.cores.core: 0x108fa    : c_sd a1, 0(a4)             : 
 439000: board.processor.cores.core: 0x108fc    : c_sd a1, 8(a4)             : 
 446001: board.cache_hierarchy.l1d-cache-0: sendWriteQueuePacket: write WriteReq [34a8:34af] type=MemWrite UC
 446001: board.cache_hierarchy.l1d-cache-0: access for WriteReq [34e0:34e7] type=MemWrite UC
 446001: board.cache_hierarchy.l1d-cache-0: Blocking for cause 1, mask=2
 447000: board.cache_hierarchy.l2-cache-0: sendWriteQueuePacket: write WriteReq [3478:347f] type=MemWrite UC
 447000: board.cache_hierarchy.l2-cache-0: sendWriteQueuePacket: write WriteReq [3478:347f] type=MemWrite UC
 447000: board.processor.cores.core.workload: Translating: 0x108c0->0x8c0
 447000: board.cache_hierarchy.l1i-cache-0: access for ReadReq [8c0:8ff] IF hit state: 6 (E) writable: 1 readable: 1 dirty: 0 prefetched: 0 | tag: 0 secure: 0 valid: 1 | set: 0x23 way: 0
 447000: board.processor.cores.core.workload: Translating: 0x13500->0x3500
 447000: board.processor.cores.core.workload: Translating: 0x13508->0x3508
 440000: board.processor.cores.core: 0x108fe    : c_addi a4, 16              : 
 448000: board.cache_hierarchy.l1d-cache-0: recvTimingResp: Handling response WriteResp [3420:3427] type=MemWrite UC
 448000: board.cache_hierarchy.l1d-cache-0: sendWriteQueuePacket: write WriteReq [34a8:34af] type=MemWrite UC
 448000: board.cache_hierarchy.l2-cache-0: access for WriteReq [34a8:34af] type=MemWrite UC
 448000: board.cache_hierarchy.l1d-cache-0: Unblocking for cause 1, mask=0
 448000: board.cache_hierarchy.l2-cache-0: recvTimingResp: Handling response WriteResp [3428:342f] type=MemWrite UC
 441000: board.processor.cores.core: 0x10900    : bltu a4, a3, -6            : 
 448001: board.cache_hierarchy.l1d-cache-0: sendWriteQueuePacket: write WriteReq [34b0:34b7] type=MemWrite UC
 448001: board.cache_hierarchy.l1d-cache-0: access for WriteReq [34e8:34ef] type=MemWrite UC
 448001: board.cache_hierarchy.l1d-cache-0: Blocking for cause 1, mask=2
 449000: board.cache_hierarchy.l2-cache-0: sendWriteQueuePacket: write WriteReq [3480:3487] type=MemWrite UC
 449000: board.cache_hierarchy.l2-cache-0: sendWriteQueuePacket: write WriteReq [3480:3487] type=MemWrite UC
 449000: board.processor.cores.core.workload: Translating: 0x10900->0x900
 449000: board.cache_hierarchy.l1i-cache-0: access for ReadReq [900:93f] IF hit state: 6 (E) writable: 1 readable: 1 dirty: 0 prefetched: 0 | tag: 0 secure: 0 valid: 1 | set: 0x24 way: 0
 442000: board.processor.cores.core: 0x108fa    : c_sd a1, 0(a4)             : 
 442000: board.processor.cores.core: 0x108fc    : c_sd a1, 8(a4)             : 
 450000: board.cache_hierarchy.l1d-cache-0: recvTimingResp: Handling response WriteResp [3428:342f] type=MemWrite UC
 450000: board.cache_hierarchy.l2-cache-0: recvTimingResp: Handling response WriteResp [3430:3437] type=MemWrite UC
 450000: board.cache_hierarchy.l1d-cache-0: sendWriteQueuePacket: write WriteReq [34b0:34b7] type=MemWrite UC
 450000: board.cache_hierarchy.l2-cache-0: access for WriteReq [34b0:34b7] type=MemWrite UC
 450000: board.cache_hierarchy.l1d-cache-0: Unblocking for cause 1, mask=0
 450000: board.processor.cores.core.workload: Translating: 0x108c0->0x8c0
 450000: board.cache_hierarchy.l1i-cache-0: access for ReadReq [8c0:8ff] IF hit state: 6 (E) writable: 1 readable: 1 dirty: 0 prefetched: 0 | tag: 0 secure: 0 valid: 1 | set: 0x23 way: 0
 450000: board.processor.cores.core.workload: Translating: 0x13510->0x3510
 443000: board.processor.cores.core: 0x108fe    : c_addi a4, 16              : 
 450001: board.cache_hierarchy.l1d-cache-0: sendWriteQueuePacket: write WriteReq [34b8:34bf] type=MemWrite UC
 450001: board.cache_hierarchy.l1d-cache-0: access for WriteReq [34f0:34f7] type=MemWrite UC
 450001: board.cache_hierarchy.l1d-cache-0: Blocking for cause 1, mask=2
 451000: board.cache_hierarchy.l2-cache-0: sendWriteQueuePacket: write WriteReq [3488:348f] type=MemWrite UC
 451000: board.cache_hierarchy.l2-cache-0: sendWriteQueuePacket: write WriteReq [3488:348f] type=MemWrite UC
 451000: board.processor.cores.core.workload: Translating: 0x13518->0x3518
 444000: board.processor.cores.core: 0x10900    : bltu a4, a3, -6            : 
 452000: board.cache_hierarchy.l1d-cache-0: recvTimingResp: Handling response WriteResp [3430:3437] type=MemWrite UC
 452000: board.cache_hierarchy.l1d-cache-0: sendWriteQueuePacket: write WriteReq [34b8:34bf] type=MemWrite UC
 452000: board.cache_hierarchy.l2-cache-0: access for WriteReq [34b8:34bf] type=MemWrite UC
 452000: board.cache_hierarchy.l1d-cache-0: Unblocking for cause 1, mask=0
 452000: board.cache_hierarchy.l2-cache-0: recvTimingResp: Handling response WriteResp [3438:343f] type=MemWrite UC
 452000: board.processor.cores.core.workload: Translating: 0x10900->0x900
 452000: board.cache_hierarchy.l1i-cache-0: access for ReadReq [900:93f] IF hit state: 6 (E) writable: 1 readable: 1 dirty: 0 prefetched: 0 | tag: 0 secure: 0 valid: 1 | set: 0x24 way: 0
 445000: board.processor.cores.core: 0x108fa    : c_sd a1, 0(a4)             : 
 452001: board.cache_hierarchy.l1d-cache-0: sendWriteQueuePacket: write WriteReq [34c0:34c7] type=MemWrite UC
 452001: board.cache_hierarchy.l1d-cache-0: access for WriteReq [34f8:34ff] type=MemWrite UC
 452001: board.cache_hierarchy.l1d-cache-0: Blocking for cause 1, mask=2
 453000: board.cache_hierarchy.l2-cache-0: sendWriteQueuePacket: write WriteReq [3490:3497] type=MemWrite UC
 453000: board.cache_hierarchy.l2-cache-0: sendWriteQueuePacket: write WriteReq [3490:3497] type=MemWrite UC
 453000: board.processor.cores.core.workload: Translating: 0x108c0->0x8c0
 453000: board.cache_hierarchy.l1i-cache-0: access for ReadReq [8c0:8ff] IF hit state: 6 (E) writable: 1 readable: 1 dirty: 0 prefetched: 0 | tag: 0 secure: 0 valid: 1 | set: 0x23 way: 0
 445000: board.processor.cores.core: 0x108fc    : c_sd a1, 8(a4)             : 
 454000: board.cache_hierarchy.l1d-cache-0: recvTimingResp: Handling response WriteResp [3438:343f] type=MemWrite UC
 454000: board.cache_hierarchy.l2-cache-0: recvTimingResp: Handling response WriteResp [3440:3447] type=MemWrite UC
 454000: board.cache_hierarchy.l1d-cache-0: sendWriteQueuePacket: write WriteReq [34c0:34c7] type=MemWrite UC
 454000: board.cache_hierarchy.l2-cache-0: access for WriteReq [34c0:34c7] type=MemWrite UC
 454000: board.cache_hierarchy.l1d-cache-0: Unblocking for cause 1, mask=0
 454000: board.processor.cores.core.workload: Translating: 0x13520->0x3520
 446000: board.processor.cores.core: 0x108fe    : c_addi a4, 16              : 
 454001: board.cache_hierarchy.l1d-cache-0: sendWriteQueuePacket: write WriteReq [34c8:34cf] type=MemWrite UC
 454001: board.cache_hierarchy.l1d-cache-0: access for WriteReq [3500:3507] type=MemWrite UC
 454001: board.cache_hierarchy.l1d-cache-0: Blocking for cause 1, mask=2
 455000: board.cache_hierarchy.l2-cache-0: sendWriteQueuePacket: write WriteReq [3498:349f] type=MemWrite UC
 455000: board.cache_hierarchy.l2-cache-0: sendWriteQueuePacket: write WriteReq [3498:349f] type=MemWrite UC
 455000: board.processor.cores.core.workload: Translating: 0x10900->0x900
 455000: board.cache_hierarchy.l1i-cache-0: access for ReadReq [900:93f] IF hit state: 6 (E) writable: 1 readable: 1 dirty: 0 prefetched: 0 | tag: 0 secure: 0 valid: 1 | set: 0x24 way: 0
 455000: board.processor.cores.core.workload: Translating: 0x13528->0x3528
 456000: board.cache_hierarchy.l1d-cache-0: recvTimingResp: Handling response WriteResp [3440:3447] type=MemWrite UC
 456000: board.cache_hierarchy.l1d-cache-0: sendWriteQueuePacket: write WriteReq [34c8:34cf] type=MemWrite UC
 456000: board.cache_hierarchy.l2-cache-0: access for WriteReq [34c8:34cf] type=MemWrite UC
 456000: board.cache_hierarchy.l1d-cache-0: Unblocking for cause 1, mask=0
 456000: board.cache_hierarchy.l2-cache-0: recvTimingResp: Handling response WriteResp [3448:344f] type=MemWrite UC
 456000: board.processor.cores.core.workload: Translating: 0x108c0->0x8c0
 456000: board.cache_hierarchy.l1i-cache-0: access for ReadReq [8c0:8ff] IF hit state: 6 (E) writable: 1 readable: 1 dirty: 0 prefetched: 0 | tag: 0 secure: 0 valid: 1 | set: 0x23 way: 0
 447000: board.processor.cores.core: 0x10900    : bltu a4, a3, -6            : 
 448000: board.processor.cores.core: 0x108fa    : c_sd a1, 0(a4)             : 
 456001: board.cache_hierarchy.l1d-cache-0: sendWriteQueuePacket: write WriteReq [34d0:34d7] type=MemWrite UC
 456001: board.cache_hierarchy.l1d-cache-0: access for WriteReq [3508:350f] type=MemWrite UC
 456001: board.cache_hierarchy.l1d-cache-0: Blocking for cause 1, mask=2
 457000: board.cache_hierarchy.l2-cache-0: sendWriteQueuePacket: write WriteReq [34a0:34a7] type=MemWrite UC
 457000: board.cache_hierarchy.l2-cache-0: sendWriteQueuePacket: write WriteReq [34a0:34a7] type=MemWrite UC
 448000: board.processor.cores.core: 0x108fc    : c_sd a1, 8(a4)             : 
 458000: board.cache_hierarchy.l1d-cache-0: recvTimingResp: Handling response WriteResp [3448:344f] type=MemWrite UC
 458000: board.cache_hierarchy.l2-cache-0: recvTimingResp: Handling response WriteResp [3450:3457] type=MemWrite UC
 458000: board.cache_hierarchy.l1d-cache-0: sendWriteQueuePacket: write WriteReq [34d0:34d7] type=MemWrite UC
 458000: board.cache_hierarchy.l2-cache-0: access for WriteReq [34d0:34d7] type=MemWrite UC
 458000: board.cache_hierarchy.l1d-cache-0: Unblocking for cause 1, mask=0
 458000: board.processor.cores.core.workload: Translating: 0x10900->0x900
 458000: board.cache_hierarchy.l1i-cache-0: access for ReadReq [900:93f] IF hit state: 6 (E) writable: 1 readable: 1 dirty: 0 prefetched: 0 | tag: 0 secure: 0 valid: 1 | set: 0x24 way: 0
 458000: board.processor.cores.core.workload: Translating: 0x13530->0x3530
 458001: board.cache_hierarchy.l1d-cache-0: sendWriteQueuePacket: write WriteReq [34d8:34df] type=MemWrite UC
 458001: board.cache_hierarchy.l1d-cache-0: access for WriteReq [3510:3517] type=MemWrite UC
 458001: board.cache_hierarchy.l1d-cache-0: Blocking for cause 1, mask=2
 459000: board.cache_hierarchy.l2-cache-0: sendWriteQueuePacket: write WriteReq [34a8:34af] type=MemWrite UC
 459000: board.cache_hierarchy.l2-cache-0: sendWriteQueuePacket: write WriteReq [34a8:34af] type=MemWrite UC
 459000: board.processor.cores.core.workload: Translating: 0x108c0->0x8c0
 459000: board.cache_hierarchy.l1i-cache-0: access for ReadReq [8c0:8ff] IF hit state: 6 (E) writable: 1 readable: 1 dirty: 0 prefetched: 0 | tag: 0 secure: 0 valid: 1 | set: 0x23 way: 0
 459000: board.processor.cores.core.workload: Translating: 0x13538->0x3538
 449000: board.processor.cores.core: 0x108fe    : c_addi a4, 16              : 
 460000: board.cache_hierarchy.l1d-cache-0: recvTimingResp: Handling response WriteResp [3450:3457] type=MemWrite UC
 460000: board.cache_hierarchy.l1d-cache-0: sendWriteQueuePacket: write WriteReq [34d8:34df] type=MemWrite UC
 460000: board.cache_hierarchy.l2-cache-0: access for WriteReq [34d8:34df] type=MemWrite UC
 460000: board.cache_hierarchy.l1d-cache-0: Unblocking for cause 1, mask=0
 460000: board.cache_hierarchy.l2-cache-0: recvTimingResp: Handling response WriteResp [3458:345f] type=MemWrite UC
 450000: board.processor.cores.core: 0x10900    : bltu a4, a3, -6            : 
 451000: board.processor.cores.core: 0x108fa    : c_sd a1, 0(a4)             : 
 460001: board.cache_hierarchy.l1d-cache-0: sendWriteQueuePacket: write WriteReq [34e0:34e7] type=MemWrite UC
 460001: board.cache_hierarchy.l1d-cache-0: access for WriteReq [3518:351f] type=MemWrite UC
 460001: board.cache_hierarchy.l1d-cache-0: Blocking for cause 1, mask=2
 461000: board.cache_hierarchy.l2-cache-0: sendWriteQueuePacket: write WriteReq [34b0:34b7] type=MemWrite UC
 461000: board.cache_hierarchy.l2-cache-0: sendWriteQueuePacket: write WriteReq [34b0:34b7] type=MemWrite UC
 461000: board.processor.cores.core.workload: Translating: 0x10900->0x900
 461000: board.cache_hierarchy.l1i-cache-0: access for ReadReq [900:93f] IF hit state: 6 (E) writable: 1 readable: 1 dirty: 0 prefetched: 0 | tag: 0 secure: 0 valid: 1 | set: 0x24 way: 0
 451000: board.processor.cores.core: 0x108fc    : c_sd a1, 8(a4)             : 
 462000: board.cache_hierarchy.l1d-cache-0: recvTimingResp: Handling response WriteResp [3458:345f] type=MemWrite UC
 462000: board.cache_hierarchy.l2-cache-0: recvTimingResp: Handling response WriteResp [3460:3467] type=MemWrite UC
 462000: board.cache_hierarchy.l1d-cache-0: sendWriteQueuePacket: write WriteReq [34e0:34e7] type=MemWrite UC
 462000: board.cache_hierarchy.l2-cache-0: access for WriteReq [34e0:34e7] type=MemWrite UC
 462000: board.cache_hierarchy.l1d-cache-0: Unblocking for cause 1, mask=0
 462000: board.processor.cores.core.workload: Translating: 0x108c0->0x8c0
 462000: board.cache_hierarchy.l1i-cache-0: access for ReadReq [8c0:8ff] IF hit state: 6 (E) writable: 1 readable: 1 dirty: 0 prefetched: 0 | tag: 0 secure: 0 valid: 1 | set: 0x23 way: 0
 462000: board.processor.cores.core.workload: Translating: 0x13540->0x3540
 452000: board.processor.cores.core: 0x108fe    : c_addi a4, 16              : 
 462001: board.cache_hierarchy.l1d-cache-0: sendWriteQueuePacket: write WriteReq [34e8:34ef] type=MemWrite UC
 462001: board.cache_hierarchy.l1d-cache-0: access for WriteReq [3520:3527] type=MemWrite UC
 462001: board.cache_hierarchy.l1d-cache-0: Blocking for cause 1, mask=2
 463000: board.cache_hierarchy.l2-cache-0: sendWriteQueuePacket: write WriteReq [34b8:34bf] type=MemWrite UC
 463000: board.cache_hierarchy.l2-cache-0: sendWriteQueuePacket: write WriteReq [34b8:34bf] type=MemWrite UC
 463000: board.processor.cores.core.workload: Translating: 0x13548->0x3548
 453000: board.processor.cores.core: 0x10900    : bltu a4, a3, -6            : 
 464000: board.cache_hierarchy.l1d-cache-0: recvTimingResp: Handling response WriteResp [3460:3467] type=MemWrite UC
 464000: board.cache_hierarchy.l1d-cache-0: sendWriteQueuePacket: write WriteReq [34e8:34ef] type=MemWrite UC
 464000: board.cache_hierarchy.l2-cache-0: access for WriteReq [34e8:34ef] type=MemWrite UC
 464000: board.cache_hierarchy.l1d-cache-0: Unblocking for cause 1, mask=0
 464000: board.cache_hierarchy.l2-cache-0: recvTimingResp: Handling response WriteResp [3468:346f] type=MemWrite UC
 464000: board.processor.cores.core.workload: Translating: 0x10900->0x900
 464000: board.cache_hierarchy.l1i-cache-0: access for ReadReq [900:93f] IF hit state: 6 (E) writable: 1 readable: 1 dirty: 0 prefetched: 0 | tag: 0 secure: 0 valid: 1 | set: 0x24 way: 0
 454000: board.processor.cores.core: 0x108fa    : c_sd a1, 0(a4)             : 
 464001: board.cache_hierarchy.l1d-cache-0: sendWriteQueuePacket: write WriteReq [34f0:34f7] type=MemWrite UC
 464001: board.cache_hierarchy.l1d-cache-0: access for WriteReq [3528:352f] type=MemWrite UC
 464001: board.cache_hierarchy.l1d-cache-0: Blocking for cause 1, mask=2
 465000: board.cache_hierarchy.l2-cache-0: sendWriteQueuePacket: write WriteReq [34c0:34c7] type=MemWrite UC
 465000: board.cache_hierarchy.l2-cache-0: sendWriteQueuePacket: write WriteReq [34c0:34c7] type=MemWrite UC
 465000: board.processor.cores.core.workload: Translating: 0x108c0->0x8c0
 465000: board.cache_hierarchy.l1i-cache-0: access for ReadReq [8c0:8ff] IF hit state: 6 (E) writable: 1 readable: 1 dirty: 0 prefetched: 0 | tag: 0 secure: 0 valid: 1 | set: 0x23 way: 0
 454000: board.processor.cores.core: 0x108fc    : c_sd a1, 8(a4)             : 
 466000: board.cache_hierarchy.l1d-cache-0: recvTimingResp: Handling response WriteResp [3468:346f] type=MemWrite UC
 466000: board.cache_hierarchy.l2-cache-0: recvTimingResp: Handling response WriteResp [3470:3477] type=MemWrite UC
 466000: board.cache_hierarchy.l1d-cache-0: sendWriteQueuePacket: write WriteReq [34f0:34f7] type=MemWrite UC
 466000: board.cache_hierarchy.l2-cache-0: access for WriteReq [34f0:34f7] type=MemWrite UC
 466000: board.cache_hierarchy.l1d-cache-0: Unblocking for cause 1, mask=0
 466000: board.processor.cores.core.workload: Translating: 0x13550->0x3550
 455000: board.processor.cores.core: 0x108fe    : c_addi a4, 16              : 
 466001: board.cache_hierarchy.l1d-cache-0: sendWriteQueuePacket: write WriteReq [34f8:34ff] type=MemWrite UC
 466001: board.cache_hierarchy.l1d-cache-0: access for WriteReq [3530:3537] type=MemWrite UC
 466001: board.cache_hierarchy.l1d-cache-0: Blocking for cause 1, mask=2
 467000: board.cache_hierarchy.l2-cache-0: sendWriteQueuePacket: write WriteReq [34c8:34cf] type=MemWrite UC
 467000: board.cache_hierarchy.l2-cache-0: sendWriteQueuePacket: write WriteReq [34c8:34cf] type=MemWrite UC
 467000: board.processor.cores.core.workload: Translating: 0x10900->0x900
 467000: board.cache_hierarchy.l1i-cache-0: access for ReadReq [900:93f] IF hit state: 6 (E) writable: 1 readable: 1 dirty: 0 prefetched: 0 | tag: 0 secure: 0 valid: 1 | set: 0x24 way: 0
 467000: board.processor.cores.core.workload: Translating: 0x13558->0x3558
 456000: board.processor.cores.core: 0x10900    : bltu a4, a3, -6            : 
 468000: board.cache_hierarchy.l1d-cache-0: recvTimingResp: Handling response WriteResp [3470:3477] type=MemWrite UC
 468000: board.cache_hierarchy.l1d-cache-0: sendWriteQueuePacket: write WriteReq [34f8:34ff] type=MemWrite UC
 468000: board.cache_hierarchy.l2-cache-0: access for WriteReq [34f8:34ff] type=MemWrite UC
 468000: board.cache_hierarchy.l1d-cache-0: Unblocking for cause 1, mask=0
 468000: board.cache_hierarchy.l2-cache-0: recvTimingResp: Handling response WriteResp [3478:347f] type=MemWrite UC
 468000: board.processor.cores.core.workload: Translating: 0x108c0->0x8c0
 468000: board.cache_hierarchy.l1i-cache-0: access for ReadReq [8c0:8ff] IF hit state: 6 (E) writable: 1 readable: 1 dirty: 0 prefetched: 0 | tag: 0 secure: 0 valid: 1 | set: 0x23 way: 0
 457000: board.processor.cores.core: 0x108fa    : c_sd a1, 0(a4)             : 
 468001: board.cache_hierarchy.l1d-cache-0: sendWriteQueuePacket: write WriteReq [3500:3507] type=MemWrite UC
 468001: board.cache_hierarchy.l1d-cache-0: access for WriteReq [3538:353f] type=MemWrite UC
 468001: board.cache_hierarchy.l1d-cache-0: Blocking for cause 1, mask=2
 469000: board.cache_hierarchy.l2-cache-0: sendWriteQueuePacket: write WriteReq [34d0:34d7] type=MemWrite UC
 469000: board.cache_hierarchy.l2-cache-0: sendWriteQueuePacket: write WriteReq [34d0:34d7] type=MemWrite UC
 457000: board.processor.cores.core: 0x108fc    : c_sd a1, 8(a4)             : 
 470000: board.cache_hierarchy.l1d-cache-0: recvTimingResp: Handling response WriteResp [3478:347f] type=MemWrite UC
 470000: board.cache_hierarchy.l2-cache-0: recvTimingResp: Handling response WriteResp [3480:3487] type=MemWrite UC
 470000: board.cache_hierarchy.l1d-cache-0: sendWriteQueuePacket: write WriteReq [3500:3507] type=MemWrite UC
 470000: board.cache_hierarchy.l2-cache-0: access for WriteReq [3500:3507] type=MemWrite UC
 470000: board.cache_hierarchy.l1d-cache-0: Unblocking for cause 1, mask=0
 470000: board.processor.cores.core.workload: Translating: 0x10900->0x900
 470000: board.cache_hierarchy.l1i-cache-0: access for ReadReq [900:93f] IF hit state: 6 (E) writable: 1 readable: 1 dirty: 0 prefetched: 0 | tag: 0 secure: 0 valid: 1 | set: 0x24 way: 0
 470000: board.processor.cores.core.workload: Translating: 0x13560->0x3560
 470001: board.cache_hierarchy.l1d-cache-0: sendWriteQueuePacket: write WriteReq [3508:350f] type=MemWrite UC
 470001: board.cache_hierarchy.l1d-cache-0: access for WriteReq [3540:3547] type=MemWrite UC
 470001: board.cache_hierarchy.l1d-cache-0: Blocking for cause 1, mask=2
 471000: board.cache_hierarchy.l2-cache-0: sendWriteQueuePacket: write WriteReq [34d8:34df] type=MemWrite UC
 471000: board.cache_hierarchy.l2-cache-0: sendWriteQueuePacket: write WriteReq [34d8:34df] type=MemWrite UC
 471000: board.processor.cores.core.workload: Translating: 0x108c0->0x8c0
 471000: board.cache_hierarchy.l1i-cache-0: access for ReadReq [8c0:8ff] IF hit state: 6 (E) writable: 1 readable: 1 dirty: 0 prefetched: 0 | tag: 0 secure: 0 valid: 1 | set: 0x23 way: 0
 471000: board.processor.cores.core.workload: Translating: 0x13568->0x3568
 458000: board.processor.cores.core: 0x108fe    : c_addi a4, 16              : 
 472000: board.cache_hierarchy.l1d-cache-0: recvTimingResp: Handling response WriteResp [3480:3487] type=MemWrite UC
 472000: board.cache_hierarchy.l1d-cache-0: sendWriteQueuePacket: write WriteReq [3508:350f] type=MemWrite UC
 472000: board.cache_hierarchy.l2-cache-0: access for WriteReq [3508:350f] type=MemWrite UC
 472000: board.cache_hierarchy.l1d-cache-0: Unblocking for cause 1, mask=0
 472000: board.cache_hierarchy.l2-cache-0: recvTimingResp: Handling response WriteResp [3488:348f] type=MemWrite UC
 459000: board.processor.cores.core: 0x10900    : bltu a4, a3, -6            : 
 460000: board.processor.cores.core: 0x108fa    : c_sd a1, 0(a4)             : 
 472001: board.cache_hierarchy.l1d-cache-0: sendWriteQueuePacket: write WriteReq [3510:3517] type=MemWrite UC
 472001: board.cache_hierarchy.l1d-cache-0: access for WriteReq [3548:354f] type=MemWrite UC
 472001: board.cache_hierarchy.l1d-cache-0: Blocking for cause 1, mask=2
 473000: board.cache_hierarchy.l2-cache-0: sendWriteQueuePacket: write WriteReq [34e0:34e7] type=MemWrite UC
 473000: board.cache_hierarchy.l2-cache-0: sendWriteQueuePacket: write WriteReq [34e0:34e7] type=MemWrite UC
 473000: board.processor.cores.core.workload: Translating: 0x10900->0x900
 473000: board.cache_hierarchy.l1i-cache-0: access for ReadReq [900:93f] IF hit state: 6 (E) writable: 1 readable: 1 dirty: 0 prefetched: 0 | tag: 0 secure: 0 valid: 1 | set: 0x24 way: 0
 460000: board.processor.cores.core: 0x108fc    : c_sd a1, 8(a4)             : 
 474000: board.cache_hierarchy.l1d-cache-0: recvTimingResp: Handling response WriteResp [3488:348f] type=MemWrite UC
 474000: board.cache_hierarchy.l2-cache-0: recvTimingResp: Handling response WriteResp [3490:3497] type=MemWrite UC
 474000: board.cache_hierarchy.l1d-cache-0: sendWriteQueuePacket: write WriteReq [3510:3517] type=MemWrite UC
 474000: board.cache_hierarchy.l2-cache-0: access for WriteReq [3510:3517] type=MemWrite UC
 474000: board.cache_hierarchy.l1d-cache-0: Unblocking for cause 1, mask=0
 474000: board.processor.cores.core.workload: Translating: 0x108c0->0x8c0
 474000: board.cache_hierarchy.l1i-cache-0: access for ReadReq [8c0:8ff] IF hit state: 6 (E) writable: 1 readable: 1 dirty: 0 prefetched: 0 | tag: 0 secure: 0 valid: 1 | set: 0x23 way: 0
 474000: board.processor.cores.core.workload: Translating: 0x13570->0x3570
 474001: board.cache_hierarchy.l1d-cache-0: sendWriteQueuePacket: write WriteReq [3518:351f] type=MemWrite UC
 474001: board.cache_hierarchy.l1d-cache-0: access for WriteReq [3550:3557] type=MemWrite UC
 474001: board.cache_hierarchy.l1d-cache-0: Blocking for cause 1, mask=2
 475000: board.cache_hierarchy.l2-cache-0: sendWriteQueuePacket: write WriteReq [34e8:34ef] type=MemWrite UC
 475000: board.cache_hierarchy.l2-cache-0: sendWriteQueuePacket: write WriteReq [34e8:34ef] type=MemWrite UC
 475000: board.processor.cores.core.workload: Translating: 0x13578->0x3578
 461000: board.processor.cores.core: 0x108fe    : c_addi a4, 16              : 
 476000: board.cache_hierarchy.l1d-cache-0: recvTimingResp: Handling response WriteResp [3490:3497] type=MemWrite UC
 476000: board.cache_hierarchy.l1d-cache-0: sendWriteQueuePacket: write WriteReq [3518:351f] type=MemWrite UC
 476000: board.cache_hierarchy.l2-cache-0: access for WriteReq [3518:351f] type=MemWrite UC
 476000: board.cache_hierarchy.l1d-cache-0: Unblocking for cause 1, mask=0
 476000: board.cache_hierarchy.l2-cache-0: recvTimingResp: Handling response WriteResp [3498:349f] type=MemWrite UC
 476000: board.processor.cores.core.workload: Translating: 0x10900->0x900
 476000: board.cache_hierarchy.l1i-cache-0: access for ReadReq [900:93f] IF hit state: 6 (E) writable: 1 readable: 1 dirty: 0 prefetched: 0 | tag: 0 secure: 0 valid: 1 | set: 0x24 way: 0
 462000: board.processor.cores.core: 0x10900    : bltu a4, a3, -6            : 
 463000: board.processor.cores.core: 0x108fa    : c_sd a1, 0(a4)             : 
 476001: board.cache_hierarchy.l1d-cache-0: sendWriteQueuePacket: write WriteReq [3520:3527] type=MemWrite UC
 476001: board.cache_hierarchy.l1d-cache-0: access for WriteReq [3558:355f] type=MemWrite UC
 476001: board.cache_hierarchy.l1d-cache-0: Blocking for cause 1, mask=2
 477000: board.cache_hierarchy.l2-cache-0: sendWriteQueuePacket: write WriteReq [34f0:34f7] type=MemWrite UC
 477000: board.cache_hierarchy.l2-cache-0: sendWriteQueuePacket: write WriteReq [34f0:34f7] type=MemWrite UC
 477000: board.processor.cores.core.workload: Translating: 0x108c0->0x8c0
 477000: board.cache_hierarchy.l1i-cache-0: access for ReadReq [8c0:8ff] IF hit state: 6 (E) writable: 1 readable: 1 dirty: 0 prefetched: 0 | tag: 0 secure: 0 valid: 1 | set: 0x23 way: 0
 463000: board.processor.cores.core: 0x108fc    : c_sd a1, 8(a4)             : 
 478000: board.cache_hierarchy.l1d-cache-0: recvTimingResp: Handling response WriteResp [3498:349f] type=MemWrite UC
 478000: board.cache_hierarchy.l2-cache-0: recvTimingResp: Handling response WriteResp [34a0:34a7] type=MemWrite UC
 478000: board.cache_hierarchy.l1d-cache-0: sendWriteQueuePacket: write WriteReq [3520:3527] type=MemWrite UC
 478000: board.cache_hierarchy.l2-cache-0: access for WriteReq [3520:3527] type=MemWrite UC
 478000: board.cache_hierarchy.l1d-cache-0: Unblocking for cause 1, mask=0
 478000: board.processor.cores.core.workload: Translating: 0x13580->0x3580
 478001: board.cache_hierarchy.l1d-cache-0: sendWriteQueuePacket: write WriteReq [3528:352f] type=MemWrite UC
 478001: board.cache_hierarchy.l1d-cache-0: access for WriteReq [3560:3567] type=MemWrite UC
 478001: board.cache_hierarchy.l1d-cache-0: Blocking for cause 1, mask=2
 479000: board.cache_hierarchy.l2-cache-0: sendWriteQueuePacket: write WriteReq [34f8:34ff] type=MemWrite UC
 479000: board.cache_hierarchy.l2-cache-0: sendWriteQueuePacket: write WriteReq [34f8:34ff] type=MemWrite UC
 479000: board.processor.cores.core.workload: Translating: 0x10900->0x900
 479000: board.cache_hierarchy.l1i-cache-0: access for ReadReq [900:93f] IF hit state: 6 (E) writable: 1 readable: 1 dirty: 0 prefetched: 0 | tag: 0 secure: 0 valid: 1 | set: 0x24 way: 0
 479000: board.processor.cores.core.workload: Translating: 0x13588->0x3588
 464000: board.processor.cores.core: 0x108fe    : c_addi a4, 16              : 
 480000: board.cache_hierarchy.l1d-cache-0: recvTimingResp: Handling response WriteResp [34a0:34a7] type=MemWrite UC
 480000: board.cache_hierarchy.l1d-cache-0: sendWriteQueuePacket: write WriteReq [3528:352f] type=MemWrite UC
 480000: board.cache_hierarchy.l2-cache-0: access for WriteReq [3528:352f] type=MemWrite UC
 480000: board.cache_hierarchy.l1d-cache-0: Unblocking for cause 1, mask=0
 480000: board.cache_hierarchy.l2-cache-0: recvTimingResp: Handling response WriteResp [34a8:34af] type=MemWrite UC
 480000: board.processor.cores.core.workload: Translating: 0x108c0->0x8c0
 480000: board.cache_hierarchy.l1i-cache-0: access for ReadReq [8c0:8ff] IF hit state: 6 (E) writable: 1 readable: 1 dirty: 0 prefetched: 0 | tag: 0 secure: 0 valid: 1 | set: 0x23 way: 0
 465000: board.processor.cores.core: 0x10900    : bltu a4, a3, -6            : 
 466000: board.processor.cores.core: 0x108fa    : c_sd a1, 0(a4)             : 
 480001: board.cache_hierarchy.l1d-cache-0: sendWriteQueuePacket: write WriteReq [3530:3537] type=MemWrite UC
 480001: board.cache_hierarchy.l1d-cache-0: access for WriteReq [3568:356f] type=MemWrite UC
 480001: board.cache_hierarchy.l1d-cache-0: Blocking for cause 1, mask=2
 481000: board.cache_hierarchy.l2-cache-0: sendWriteQueuePacket: write WriteReq [3500:3507] type=MemWrite UC
 481000: board.cache_hierarchy.l2-cache-0: sendWriteQueuePacket: write WriteReq [3500:3507] type=MemWrite UC
 466000: board.processor.cores.core: 0x108fc    : c_sd a1, 8(a4)             : 
 482000: board.cache_hierarchy.l1d-cache-0: recvTimingResp: Handling response WriteResp [34a8:34af] type=MemWrite UC
 482000: board.cache_hierarchy.l2-cache-0: recvTimingResp: Handling response WriteResp [34b0:34b7] type=MemWrite UC
 482000: board.cache_hierarchy.l1d-cache-0: sendWriteQueuePacket: write WriteReq [3530:3537] type=MemWrite UC
 482000: board.cache_hierarchy.l2-cache-0: access for WriteReq [3530:3537] type=MemWrite UC
 482000: board.cache_hierarchy.l1d-cache-0: Unblocking for cause 1, mask=0
 482000: board.processor.cores.core.workload: Translating: 0x10900->0x900
 482000: board.cache_hierarchy.l1i-cache-0: access for ReadReq [900:93f] IF hit state: 6 (E) writable: 1 readable: 1 dirty: 0 prefetched: 0 | tag: 0 secure: 0 valid: 1 | set: 0x24 way: 0
 482000: board.processor.cores.core.workload: Translating: 0x13590->0x3590
 482001: board.cache_hierarchy.l1d-cache-0: sendWriteQueuePacket: write WriteReq [3538:353f] type=MemWrite UC
 482001: board.cache_hierarchy.l1d-cache-0: access for WriteReq [3570:3577] type=MemWrite UC
 482001: board.cache_hierarchy.l1d-cache-0: Blocking for cause 1, mask=2
 483000: board.cache_hierarchy.l2-cache-0: sendWriteQueuePacket: write WriteReq [3508:350f] type=MemWrite UC
 483000: board.cache_hierarchy.l2-cache-0: sendWriteQueuePacket: write WriteReq [3508:350f] type=MemWrite UC
 483000: board.processor.cores.core.workload: Translating: 0x108c0->0x8c0
 483000: board.cache_hierarchy.l1i-cache-0: access for ReadReq [8c0:8ff] IF hit state: 6 (E) writable: 1 readable: 1 dirty: 0 prefetched: 0 | tag: 0 secure: 0 valid: 1 | set: 0x23 way: 0
 483000: board.processor.cores.core.workload: Translating: 0x13598->0x3598
 467000: board.processor.cores.core: 0x108fe    : c_addi a4, 16              : 
 484000: board.cache_hierarchy.l1d-cache-0: recvTimingResp: Handling response WriteResp [34b0:34b7] type=MemWrite UC
 484000: board.cache_hierarchy.l1d-cache-0: sendWriteQueuePacket: write WriteReq [3538:353f] type=MemWrite UC
 484000: board.cache_hierarchy.l2-cache-0: access for WriteReq [3538:353f] type=MemWrite UC
 484000: board.cache_hierarchy.l1d-cache-0: Unblocking for cause 1, mask=0
 484000: board.cache_hierarchy.l2-cache-0: recvTimingResp: Handling response WriteResp [34b8:34bf] type=MemWrite UC
 468000: board.processor.cores.core: 0x10900    : bltu a4, a3, -6            : 
 469000: board.processor.cores.core: 0x108fa    : c_sd a1, 0(a4)             : 
 484001: board.cache_hierarchy.l1d-cache-0: sendWriteQueuePacket: write WriteReq [3540:3547] type=MemWrite UC
 484001: board.cache_hierarchy.l1d-cache-0: access for WriteReq [3578:357f] type=MemWrite UC
 484001: board.cache_hierarchy.l1d-cache-0: Blocking for cause 1, mask=2
 485000: board.cache_hierarchy.l2-cache-0: sendWriteQueuePacket: write WriteReq [3510:3517] type=MemWrite UC
 485000: board.cache_hierarchy.l2-cache-0: sendWriteQueuePacket: write WriteReq [3510:3517] type=MemWrite UC
 485000: board.processor.cores.core.workload: Translating: 0x10900->0x900
 485000: board.cache_hierarchy.l1i-cache-0: access for ReadReq [900:93f] IF hit state: 6 (E) writable: 1 readable: 1 dirty: 0 prefetched: 0 | tag: 0 secure: 0 valid: 1 | set: 0x24 way: 0
 469000: board.processor.cores.core: 0x108fc    : c_sd a1, 8(a4)             : 
 486000: board.cache_hierarchy.l1d-cache-0: recvTimingResp: Handling response WriteResp [34b8:34bf] type=MemWrite UC
 486000: board.cache_hierarchy.l2-cache-0: recvTimingResp: Handling response WriteResp [34c0:34c7] type=MemWrite UC
 486000: board.cache_hierarchy.l1d-cache-0: sendWriteQueuePacket: write WriteReq [3540:3547] type=MemWrite UC
 486000: board.cache_hierarchy.l2-cache-0: access for WriteReq [3540:3547] type=MemWrite UC
 486000: board.cache_hierarchy.l1d-cache-0: Unblocking for cause 1, mask=0
 486000: board.processor.cores.core.workload: Translating: 0x108c0->0x8c0
 486000: board.cache_hierarchy.l1i-cache-0: access for ReadReq [8c0:8ff] IF hit state: 6 (E) writable: 1 readable: 1 dirty: 0 prefetched: 0 | tag: 0 secure: 0 valid: 1 | set: 0x23 way: 0
 486000: board.processor.cores.core.workload: Translating: 0x135a0->0x35a0
 486001: board.cache_hierarchy.l1d-cache-0: sendWriteQueuePacket: write WriteReq [3548:354f] type=MemWrite UC
 486001: board.cache_hierarchy.l1d-cache-0: access for WriteReq [3580:3587] type=MemWrite UC
 486001: board.cache_hierarchy.l1d-cache-0: Blocking for cause 1, mask=2
 487000: board.cache_hierarchy.l2-cache-0: sendWriteQueuePacket: write WriteReq [3518:351f] type=MemWrite UC
 487000: board.cache_hierarchy.l2-cache-0: sendWriteQueuePacket: write WriteReq [3518:351f] type=MemWrite UC
 487000: board.processor.cores.core.workload: Translating: 0x135a8->0x35a8
 470000: board.processor.cores.core: 0x108fe    : c_addi a4, 16              : 
 488000: board.cache_hierarchy.l1d-cache-0: recvTimingResp: Handling response WriteResp [34c0:34c7] type=MemWrite UC
 488000: board.cache_hierarchy.l1d-cache-0: sendWriteQueuePacket: write WriteReq [3548:354f] type=MemWrite UC
 488000: board.cache_hierarchy.l2-cache-0: access for WriteReq [3548:354f] type=MemWrite UC
 488000: board.cache_hierarchy.l1d-cache-0: Unblocking for cause 1, mask=0
 488000: board.cache_hierarchy.l2-cache-0: recvTimingResp: Handling response WriteResp [34c8:34cf] type=MemWrite UC
 488000: board.processor.cores.core.workload: Translating: 0x10900->0x900
 488000: board.cache_hierarchy.l1i-cache-0: access for ReadReq [900:93f] IF hit state: 6 (E) writable: 1 readable: 1 dirty: 0 prefetched: 0 | tag: 0 secure: 0 valid: 1 | set: 0x24 way: 0
 471000: board.processor.cores.core: 0x10900    : bltu a4, a3, -6            : 
 472000: board.processor.cores.core: 0x108fa    : c_sd a1, 0(a4)             : 
 488001: board.cache_hierarchy.l1d-cache-0: sendWriteQueuePacket: write WriteReq [3550:3557] type=MemWrite UC
 488001: board.cache_hierarchy.l1d-cache-0: access for WriteReq [3588:358f] type=MemWrite UC
 488001: board.cache_hierarchy.l1d-cache-0: Blocking for cause 1, mask=2
 489000: board.cache_hierarchy.l2-cache-0: sendWriteQueuePacket: write WriteReq [3520:3527] type=MemWrite UC
 489000: board.cache_hierarchy.l2-cache-0: sendWriteQueuePacket: write WriteReq [3520:3527] type=MemWrite UC
 489000: board.processor.cores.core.workload: Translating: 0x108c0->0x8c0
 489000: board.cache_hierarchy.l1i-cache-0: access for ReadReq [8c0:8ff] IF hit state: 6 (E) writable: 1 readable: 1 dirty: 0 prefetched: 0 | tag: 0 secure: 0 valid: 1 | set: 0x23 way: 0
 472000: board.processor.cores.core: 0x108fc    : c_sd a1, 8(a4)             : 
 490000: board.cache_hierarchy.l1d-cache-0: recvTimingResp: Handling response WriteResp [34c8:34cf] type=MemWrite UC
 490000: board.cache_hierarchy.l2-cache-0: recvTimingResp: Handling response WriteResp [34d0:34d7] type=MemWrite UC
 490000: board.cache_hierarchy.l1d-cache-0: sendWriteQueuePacket: write WriteReq [3550:3557] type=MemWrite UC
 490000: board.cache_hierarchy.l2-cache-0: access for WriteReq [3550:3557] type=MemWrite UC
 490000: board.cache_hierarchy.l1d-cache-0: Unblocking for cause 1, mask=0
 490000: board.processor.cores.core.workload: Translating: 0x135b0->0x35b0
 490001: board.cache_hierarchy.l1d-cache-0: sendWriteQueuePacket: write WriteReq [3558:355f] type=MemWrite UC
 490001: board.cache_hierarchy.l1d-cache-0: access for WriteReq [3590:3597] type=MemWrite UC
 490001: board.cache_hierarchy.l1d-cache-0: Blocking for cause 1, mask=2
 491000: board.cache_hierarchy.l2-cache-0: sendWriteQueuePacket: write WriteReq [3528:352f] type=MemWrite UC
 491000: board.cache_hierarchy.l2-cache-0: sendWriteQueuePacket: write WriteReq [3528:352f] type=MemWrite UC
 491000: board.processor.cores.core.workload: Translating: 0x10900->0x900
 491000: board.cache_hierarchy.l1i-cache-0: access for ReadReq [900:93f] IF hit state: 6 (E) writable: 1 readable: 1 dirty: 0 prefetched: 0 | tag: 0 secure: 0 valid: 1 | set: 0x24 way: 0
 491000: board.processor.cores.core.workload: Translating: 0x135b8->0x35b8
 473000: board.processor.cores.core: 0x108fe    : c_addi a4, 16              : 
 492000: board.cache_hierarchy.l1d-cache-0: recvTimingResp: Handling response WriteResp [34d0:34d7] type=MemWrite UC
 492000: board.cache_hierarchy.l1d-cache-0: sendWriteQueuePacket: write WriteReq [3558:355f] type=MemWrite UC
 492000: board.cache_hierarchy.l2-cache-0: access for WriteReq [3558:355f] type=MemWrite UC
 492000: board.cache_hierarchy.l1d-cache-0: Unblocking for cause 1, mask=0
 492000: board.cache_hierarchy.l2-cache-0: recvTimingResp: Handling response WriteResp [34d8:34df] type=MemWrite UC
 492000: board.processor.cores.core.workload: Translating: 0x108c0->0x8c0
 492000: board.cache_hierarchy.l1i-cache-0: access for ReadReq [8c0:8ff] IF hit state: 6 (E) writable: 1 readable: 1 dirty: 0 prefetched: 0 | tag: 0 secure: 0 valid: 1 | set: 0x23 way: 0
 474000: board.processor.cores.core: 0x10900    : bltu a4, a3, -6            : 
 475000: board.processor.cores.core: 0x108fa    : c_sd a1, 0(a4)             : 
 492001: board.cache_hierarchy.l1d-cache-0: sendWriteQueuePacket: write WriteReq [3560:3567] type=MemWrite UC
 492001: board.cache_hierarchy.l1d-cache-0: access for WriteReq [3598:359f] type=MemWrite UC
 492001: board.cache_hierarchy.l1d-cache-0: Blocking for cause 1, mask=2
 493000: board.cache_hierarchy.l2-cache-0: sendWriteQueuePacket: write WriteReq [3530:3537] type=MemWrite UC
 493000: board.cache_hierarchy.l2-cache-0: sendWriteQueuePacket: write WriteReq [3530:3537] type=MemWrite UC
 475000: board.processor.cores.core: 0x108fc    : c_sd a1, 8(a4)             : 
 494000: board.cache_hierarchy.l1d-cache-0: recvTimingResp: Handling response WriteResp [34d8:34df] type=MemWrite UC
 494000: board.cache_hierarchy.l2-cache-0: recvTimingResp: Handling response WriteResp [34e0:34e7] type=MemWrite UC
 494000: board.cache_hierarchy.l1d-cache-0: sendWriteQueuePacket: write WriteReq [3560:3567] type=MemWrite UC
 494000: board.cache_hierarchy.l2-cache-0: access for WriteReq [3560:3567] type=MemWrite UC
 494000: board.cache_hierarchy.l1d-cache-0: Unblocking for cause 1, mask=0
 494000: board.processor.cores.core.workload: Translating: 0x10900->0x900
 494000: board.cache_hierarchy.l1i-cache-0: access for ReadReq [900:93f] IF hit state: 6 (E) writable: 1 readable: 1 dirty: 0 prefetched: 0 | tag: 0 secure: 0 valid: 1 | set: 0x24 way: 0
 494000: board.processor.cores.core.workload: Translating: 0x135c0->0x35c0
 494001: board.cache_hierarchy.l1d-cache-0: sendWriteQueuePacket: write WriteReq [3568:356f] type=MemWrite UC
 494001: board.cache_hierarchy.l1d-cache-0: access for WriteReq [35a0:35a7] type=MemWrite UC
 494001: board.cache_hierarchy.l1d-cache-0: Blocking for cause 1, mask=2
 495000: board.cache_hierarchy.l2-cache-0: sendWriteQueuePacket: write WriteReq [3538:353f] type=MemWrite UC
 495000: board.cache_hierarchy.l2-cache-0: sendWriteQueuePacket: write WriteReq [3538:353f] type=MemWrite UC
 495000: board.processor.cores.core.workload: Translating: 0x108c0->0x8c0
 495000: board.cache_hierarchy.l1i-cache-0: access for ReadReq [8c0:8ff] IF hit state: 6 (E) writable: 1 readable: 1 dirty: 0 prefetched: 0 | tag: 0 secure: 0 valid: 1 | set: 0x23 way: 0
 495000: board.processor.cores.core.workload: Translating: 0x135c8->0x35c8
 476000: board.processor.cores.core: 0x108fe    : c_addi a4, 16              : 
 496000: board.cache_hierarchy.l1d-cache-0: recvTimingResp: Handling response WriteResp [34e0:34e7] type=MemWrite UC
 496000: board.cache_hierarchy.l1d-cache-0: sendWriteQueuePacket: write WriteReq [3568:356f] type=MemWrite UC
 496000: board.cache_hierarchy.l2-cache-0: access for WriteReq [3568:356f] type=MemWrite UC
 496000: board.cache_hierarchy.l1d-cache-0: Unblocking for cause 1, mask=0
 496000: board.cache_hierarchy.l2-cache-0: recvTimingResp: Handling response WriteResp [34e8:34ef] type=MemWrite UC
 477000: board.processor.cores.core: 0x10900    : bltu a4, a3, -6            : 
 478000: board.processor.cores.core: 0x108fa    : c_sd a1, 0(a4)             : 
 496001: board.cache_hierarchy.l1d-cache-0: sendWriteQueuePacket: write WriteReq [3570:3577] type=MemWrite UC
 496001: board.cache_hierarchy.l1d-cache-0: access for WriteReq [35a8:35af] type=MemWrite UC
 496001: board.cache_hierarchy.l1d-cache-0: Blocking for cause 1, mask=2
 497000: board.cache_hierarchy.l2-cache-0: sendWriteQueuePacket: write WriteReq [3540:3547] type=MemWrite UC
 497000: board.cache_hierarchy.l2-cache-0: sendWriteQueuePacket: write WriteReq [3540:3547] type=MemWrite UC
 497000: board.processor.cores.core.workload: Translating: 0x10900->0x900
 497000: board.cache_hierarchy.l1i-cache-0: access for ReadReq [900:93f] IF hit state: 6 (E) writable: 1 readable: 1 dirty: 0 prefetched: 0 | tag: 0 secure: 0 valid: 1 | set: 0x24 way: 0
 478000: board.processor.cores.core: 0x108fc    : c_sd a1, 8(a4)             : 
 498000: board.cache_hierarchy.l1d-cache-0: recvTimingResp: Handling response WriteResp [34e8:34ef] type=MemWrite UC
 498000: board.cache_hierarchy.l2-cache-0: recvTimingResp: Handling response WriteResp [34f0:34f7] type=MemWrite UC
 498000: board.cache_hierarchy.l1d-cache-0: sendWriteQueuePacket: write WriteReq [3570:3577] type=MemWrite UC
 498000: board.cache_hierarchy.l2-cache-0: access for WriteReq [3570:3577] type=MemWrite UC
 498000: board.cache_hierarchy.l1d-cache-0: Unblocking for cause 1, mask=0
 498000: board.processor.cores.core.workload: Translating: 0x108c0->0x8c0
 498000: board.cache_hierarchy.l1i-cache-0: access for ReadReq [8c0:8ff] IF hit state: 6 (E) writable: 1 readable: 1 dirty: 0 prefetched: 0 | tag: 0 secure: 0 valid: 1 | set: 0x23 way: 0
 498000: board.processor.cores.core.workload: Translating: 0x135d0->0x35d0
 498001: board.cache_hierarchy.l1d-cache-0: sendWriteQueuePacket: write WriteReq [3578:357f] type=MemWrite UC
 498001: board.cache_hierarchy.l1d-cache-0: access for WriteReq [35b0:35b7] type=MemWrite UC
 498001: board.cache_hierarchy.l1d-cache-0: Blocking for cause 1, mask=2
 499000: board.cache_hierarchy.l2-cache-0: sendWriteQueuePacket: write WriteReq [3548:354f] type=MemWrite UC
 499000: board.cache_hierarchy.l2-cache-0: sendWriteQueuePacket: write WriteReq [3548:354f] type=MemWrite UC
 499000: board.processor.cores.core.workload: Translating: 0x135d8->0x35d8
 479000: board.processor.cores.core: 0x108fe    : c_addi a4, 16              : 
 500000: board.cache_hierarchy.l1d-cache-0: recvTimingResp: Handling response WriteResp [34f0:34f7] type=MemWrite UC
 500000: board.cache_hierarchy.l1d-cache-0: sendWriteQueuePacket: write WriteReq [3578:357f] type=MemWrite UC
 500000: board.cache_hierarchy.l2-cache-0: access for WriteReq [3578:357f] type=MemWrite UC
 500000: board.cache_hierarchy.l1d-cache-0: Unblocking for cause 1, mask=0
 500000: board.cache_hierarchy.l2-cache-0: recvTimingResp: Handling response WriteResp [34f8:34ff] type=MemWrite UC
 500000: board.processor.cores.core.workload: Translating: 0x10900->0x900
 500000: board.cache_hierarchy.l1i-cache-0: access for ReadReq [900:93f] IF hit state: 6 (E) writable: 1 readable: 1 dirty: 0 prefetched: 0 | tag: 0 secure: 0 valid: 1 | set: 0x24 way: 0
 480000: board.processor.cores.core: 0x10900    : bltu a4, a3, -6            : 
 481000: board.processor.cores.core: 0x108fa    : c_sd a1, 0(a4)             : 
 500001: board.cache_hierarchy.l1d-cache-0: sendWriteQueuePacket: write WriteReq [3580:3587] type=MemWrite UC
 500001: board.cache_hierarchy.l1d-cache-0: access for WriteReq [35b8:35bf] type=MemWrite UC
 500001: board.cache_hierarchy.l1d-cache-0: Blocking for cause 1, mask=2
 501000: board.cache_hierarchy.l2-cache-0: sendWriteQueuePacket: write WriteReq [3550:3557] type=MemWrite UC
 501000: board.cache_hierarchy.l2-cache-0: sendWriteQueuePacket: write WriteReq [3550:3557] type=MemWrite UC
 501000: board.processor.cores.core.workload: Translating: 0x108c0->0x8c0
 501000: board.cache_hierarchy.l1i-cache-0: access for ReadReq [8c0:8ff] IF hit state: 6 (E) writable: 1 readable: 1 dirty: 0 prefetched: 0 | tag: 0 secure: 0 valid: 1 | set: 0x23 way: 0
 481000: board.processor.cores.core: 0x108fc    : c_sd a1, 8(a4)             : 
 502000: board.cache_hierarchy.l1d-cache-0: recvTimingResp: Handling response WriteResp [34f8:34ff] type=MemWrite UC
 502000: board.cache_hierarchy.l2-cache-0: recvTimingResp: Handling response WriteResp [3500:3507] type=MemWrite UC
 502000: board.cache_hierarchy.l1d-cache-0: sendWriteQueuePacket: write WriteReq [3580:3587] type=MemWrite UC
 502000: board.cache_hierarchy.l2-cache-0: access for WriteReq [3580:3587] type=MemWrite UC
 502000: board.cache_hierarchy.l1d-cache-0: Unblocking for cause 1, mask=0
 502000: board.processor.cores.core.workload: Translating: 0x135e0->0x35e0
 502001: board.cache_hierarchy.l1d-cache-0: sendWriteQueuePacket: write WriteReq [3588:358f] type=MemWrite UC
 502001: board.cache_hierarchy.l1d-cache-0: access for WriteReq [35c0:35c7] type=MemWrite UC
 502001: board.cache_hierarchy.l1d-cache-0: Blocking for cause 1, mask=2
 503000: board.cache_hierarchy.l2-cache-0: sendWriteQueuePacket: write WriteReq [3558:355f] type=MemWrite UC
 503000: board.cache_hierarchy.l2-cache-0: sendWriteQueuePacket: write WriteReq [3558:355f] type=MemWrite UC
 503000: board.processor.cores.core.workload: Translating: 0x10900->0x900
 503000: board.cache_hierarchy.l1i-cache-0: access for ReadReq [900:93f] IF hit state: 6 (E) writable: 1 readable: 1 dirty: 0 prefetched: 0 | tag: 0 secure: 0 valid: 1 | set: 0x24 way: 0
 503000: board.processor.cores.core.workload: Translating: 0x135e8->0x35e8
 482000: board.processor.cores.core: 0x108fe    : c_addi a4, 16              : 
 504000: board.cache_hierarchy.l1d-cache-0: recvTimingResp: Handling response WriteResp [3500:3507] type=MemWrite UC
 504000: board.cache_hierarchy.l1d-cache-0: sendWriteQueuePacket: write WriteReq [3588:358f] type=MemWrite UC
 504000: board.cache_hierarchy.l2-cache-0: access for WriteReq [3588:358f] type=MemWrite UC
 504000: board.cache_hierarchy.l1d-cache-0: Unblocking for cause 1, mask=0
 504000: board.cache_hierarchy.l2-cache-0: recvTimingResp: Handling response WriteResp [3508:350f] type=MemWrite UC
 504000: board.processor.cores.core.workload: Translating: 0x108c0->0x8c0
 504000: board.cache_hierarchy.l1i-cache-0: access for ReadReq [8c0:8ff] IF hit state: 6 (E) writable: 1 readable: 1 dirty: 0 prefetched: 0 | tag: 0 secure: 0 valid: 1 | set: 0x23 way: 0
 483000: board.processor.cores.core: 0x10900    : bltu a4, a3, -6            : 
 484000: board.processor.cores.core: 0x108fa    : c_sd a1, 0(a4)             : 
 504001: board.cache_hierarchy.l1d-cache-0: sendWriteQueuePacket: write WriteReq [3590:3597] type=MemWrite UC
 504001: board.cache_hierarchy.l1d-cache-0: access for WriteReq [35c8:35cf] type=MemWrite UC
 504001: board.cache_hierarchy.l1d-cache-0: Blocking for cause 1, mask=2
 505000: board.cache_hierarchy.l2-cache-0: sendWriteQueuePacket: write WriteReq [3560:3567] type=MemWrite UC
 505000: board.cache_hierarchy.l2-cache-0: sendWriteQueuePacket: write WriteReq [3560:3567] type=MemWrite UC
 484000: board.processor.cores.core: 0x108fc    : c_sd a1, 8(a4)             : 
 506000: board.cache_hierarchy.l1d-cache-0: recvTimingResp: Handling response WriteResp [3508:350f] type=MemWrite UC
 506000: board.cache_hierarchy.l2-cache-0: recvTimingResp: Handling response WriteResp [3510:3517] type=MemWrite UC
 506000: board.cache_hierarchy.l1d-cache-0: sendWriteQueuePacket: write WriteReq [3590:3597] type=MemWrite UC
 506000: board.cache_hierarchy.l2-cache-0: access for WriteReq [3590:3597] type=MemWrite UC
 506000: board.cache_hierarchy.l1d-cache-0: Unblocking for cause 1, mask=0
 506000: board.processor.cores.core.workload: Translating: 0x10900->0x900
 506000: board.cache_hierarchy.l1i-cache-0: access for ReadReq [900:93f] IF hit state: 6 (E) writable: 1 readable: 1 dirty: 0 prefetched: 0 | tag: 0 secure: 0 valid: 1 | set: 0x24 way: 0
 506000: board.processor.cores.core.workload: Translating: 0x135f0->0x35f0
 506001: board.cache_hierarchy.l1d-cache-0: sendWriteQueuePacket: write WriteReq [3598:359f] type=MemWrite UC
 506001: board.cache_hierarchy.l1d-cache-0: access for WriteReq [35d0:35d7] type=MemWrite UC
 506001: board.cache_hierarchy.l1d-cache-0: Blocking for cause 1, mask=2
 507000: board.cache_hierarchy.l2-cache-0: sendWriteQueuePacket: write WriteReq [3568:356f] type=MemWrite UC
 507000: board.cache_hierarchy.l2-cache-0: sendWriteQueuePacket: write WriteReq [3568:356f] type=MemWrite UC
 507000: board.processor.cores.core.workload: Translating: 0x108c0->0x8c0
 507000: board.cache_hierarchy.l1i-cache-0: access for ReadReq [8c0:8ff] IF hit state: 6 (E) writable: 1 readable: 1 dirty: 0 prefetched: 0 | tag: 0 secure: 0 valid: 1 | set: 0x23 way: 0
 507000: board.processor.cores.core.workload: Translating: 0x135f8->0x35f8
 485000: board.processor.cores.core: 0x108fe    : c_addi a4, 16              : 
 508000: board.cache_hierarchy.l1d-cache-0: recvTimingResp: Handling response WriteResp [3510:3517] type=MemWrite UC
 508000: board.cache_hierarchy.l1d-cache-0: sendWriteQueuePacket: write WriteReq [3598:359f] type=MemWrite UC
 508000: board.cache_hierarchy.l2-cache-0: access for WriteReq [3598:359f] type=MemWrite UC
 508000: board.cache_hierarchy.l1d-cache-0: Unblocking for cause 1, mask=0
 508000: board.cache_hierarchy.l2-cache-0: recvTimingResp: Handling response WriteResp [3518:351f] type=MemWrite UC
 486000: board.processor.cores.core: 0x10900    : bltu a4, a3, -6            : 
 487000: board.processor.cores.core: 0x108fa    : c_sd a1, 0(a4)             : 
 508001: board.cache_hierarchy.l1d-cache-0: sendWriteQueuePacket: write WriteReq [35a0:35a7] type=MemWrite UC
 508001: board.cache_hierarchy.l1d-cache-0: access for WriteReq [35d8:35df] type=MemWrite UC
 508001: board.cache_hierarchy.l1d-cache-0: Blocking for cause 1, mask=2
 509000: board.cache_hierarchy.l2-cache-0: sendWriteQueuePacket: write WriteReq [3570:3577] type=MemWrite UC
 509000: board.cache_hierarchy.l2-cache-0: sendWriteQueuePacket: write WriteReq [3570:3577] type=MemWrite UC
 509000: board.processor.cores.core.workload: Translating: 0x10900->0x900
 509000: board.cache_hierarchy.l1i-cache-0: access for ReadReq [900:93f] IF hit state: 6 (E) writable: 1 readable: 1 dirty: 0 prefetched: 0 | tag: 0 secure: 0 valid: 1 | set: 0x24 way: 0
 487000: board.processor.cores.core: 0x108fc    : c_sd a1, 8(a4)             : 
 510000: board.cache_hierarchy.l1d-cache-0: recvTimingResp: Handling response WriteResp [3518:351f] type=MemWrite UC
 510000: board.cache_hierarchy.l2-cache-0: recvTimingResp: Handling response WriteResp [3520:3527] type=MemWrite UC
 510000: board.cache_hierarchy.l1d-cache-0: sendWriteQueuePacket: write WriteReq [35a0:35a7] type=MemWrite UC
 510000: board.cache_hierarchy.l2-cache-0: access for WriteReq [35a0:35a7] type=MemWrite UC
 510000: board.cache_hierarchy.l1d-cache-0: Unblocking for cause 1, mask=0
 510000: board.processor.cores.core.workload: Translating: 0x108c0->0x8c0
 510000: board.cache_hierarchy.l1i-cache-0: access for ReadReq [8c0:8ff] IF hit state: 6 (E) writable: 1 readable: 1 dirty: 0 prefetched: 0 | tag: 0 secure: 0 valid: 1 | set: 0x23 way: 0
 510000: board.processor.cores.core.workload: Translating: 0x13600->0x3600
 510001: board.cache_hierarchy.l1d-cache-0: sendWriteQueuePacket: write WriteReq [35a8:35af] type=MemWrite UC
 510001: board.cache_hierarchy.l1d-cache-0: access for WriteReq [35e0:35e7] type=MemWrite UC
 510001: board.cache_hierarchy.l1d-cache-0: Blocking for cause 1, mask=2
 511000: board.cache_hierarchy.l2-cache-0: sendWriteQueuePacket: write WriteReq [3578:357f] type=MemWrite UC
 511000: board.cache_hierarchy.l2-cache-0: sendWriteQueuePacket: write WriteReq [3578:357f] type=MemWrite UC
 511000: board.processor.cores.core.workload: Translating: 0x13608->0x3608
 488000: board.processor.cores.core: 0x108fe    : c_addi a4, 16              : 
 512000: board.cache_hierarchy.l1d-cache-0: recvTimingResp: Handling response WriteResp [3520:3527] type=MemWrite UC
 512000: board.cache_hierarchy.l1d-cache-0: sendWriteQueuePacket: write WriteReq [35a8:35af] type=MemWrite UC
 512000: board.cache_hierarchy.l2-cache-0: access for WriteReq [35a8:35af] type=MemWrite UC
 512000: board.cache_hierarchy.l1d-cache-0: Unblocking for cause 1, mask=0
 512000: board.cache_hierarchy.l2-cache-0: recvTimingResp: Handling response WriteResp [3528:352f] type=MemWrite UC
 512000: board.processor.cores.core.workload: Translating: 0x10900->0x900
 512000: board.cache_hierarchy.l1i-cache-0: access for ReadReq [900:93f] IF hit state: 6 (E) writable: 1 readable: 1 dirty: 0 prefetched: 0 | tag: 0 secure: 0 valid: 1 | set: 0x24 way: 0
 489000: board.processor.cores.core: 0x10900    : bltu a4, a3, -6            : 
 490000: board.processor.cores.core: 0x108fa    : c_sd a1, 0(a4)             : 
 512001: board.cache_hierarchy.l1d-cache-0: sendWriteQueuePacket: write WriteReq [35b0:35b7] type=MemWrite UC
 512001: board.cache_hierarchy.l1d-cache-0: access for WriteReq [35e8:35ef] type=MemWrite UC
 512001: board.cache_hierarchy.l1d-cache-0: Blocking for cause 1, mask=2
 513000: board.cache_hierarchy.l2-cache-0: sendWriteQueuePacket: write WriteReq [3580:3587] type=MemWrite UC
 513000: board.cache_hierarchy.l2-cache-0: sendWriteQueuePacket: write WriteReq [3580:3587] type=MemWrite UC
 513000: board.processor.cores.core.workload: Translating: 0x108c0->0x8c0
 513000: board.cache_hierarchy.l1i-cache-0: access for ReadReq [8c0:8ff] IF hit state: 6 (E) writable: 1 readable: 1 dirty: 0 prefetched: 0 | tag: 0 secure: 0 valid: 1 | set: 0x23 way: 0
 490000: board.processor.cores.core: 0x108fc    : c_sd a1, 8(a4)             : 
 514000: board.cache_hierarchy.l1d-cache-0: recvTimingResp: Handling response WriteResp [3528:352f] type=MemWrite UC
 514000: board.cache_hierarchy.l2-cache-0: recvTimingResp: Handling response WriteResp [3530:3537] type=MemWrite UC
 514000: board.cache_hierarchy.l1d-cache-0: sendWriteQueuePacket: write WriteReq [35b0:35b7] type=MemWrite UC
 514000: board.cache_hierarchy.l2-cache-0: access for WriteReq [35b0:35b7] type=MemWrite UC
 514000: board.cache_hierarchy.l1d-cache-0: Unblocking for cause 1, mask=0
 514000: board.processor.cores.core.workload: Translating: 0x13610->0x3610
 514001: board.cache_hierarchy.l1d-cache-0: sendWriteQueuePacket: write WriteReq [35b8:35bf] type=MemWrite UC
 514001: board.cache_hierarchy.l1d-cache-0: access for WriteReq [35f0:35f7] type=MemWrite UC
 514001: board.cache_hierarchy.l1d-cache-0: Blocking for cause 1, mask=2
 515000: board.cache_hierarchy.l2-cache-0: sendWriteQueuePacket: write WriteReq [3588:358f] type=MemWrite UC
 515000: board.cache_hierarchy.l2-cache-0: sendWriteQueuePacket: write WriteReq [3588:358f] type=MemWrite UC
 515000: board.processor.cores.core.workload: Translating: 0x10900->0x900
 515000: board.cache_hierarchy.l1i-cache-0: access for ReadReq [900:93f] IF hit state: 6 (E) writable: 1 readable: 1 dirty: 0 prefetched: 0 | tag: 0 secure: 0 valid: 1 | set: 0x24 way: 0
 515000: board.processor.cores.core.workload: Translating: 0x13618->0x3618
 491000: board.processor.cores.core: 0x108fe    : c_addi a4, 16              : 
 516000: board.cache_hierarchy.l1d-cache-0: recvTimingResp: Handling response WriteResp [3530:3537] type=MemWrite UC
 516000: board.cache_hierarchy.l1d-cache-0: sendWriteQueuePacket: write WriteReq [35b8:35bf] type=MemWrite UC
 516000: board.cache_hierarchy.l2-cache-0: access for WriteReq [35b8:35bf] type=MemWrite UC
 516000: board.cache_hierarchy.l1d-cache-0: Unblocking for cause 1, mask=0
 516000: board.cache_hierarchy.l2-cache-0: recvTimingResp: Handling response WriteResp [3538:353f] type=MemWrite UC
 516000: board.processor.cores.core.workload: Translating: 0x108c0->0x8c0
 516000: board.cache_hierarchy.l1i-cache-0: access for ReadReq [8c0:8ff] IF hit state: 6 (E) writable: 1 readable: 1 dirty: 0 prefetched: 0 | tag: 0 secure: 0 valid: 1 | set: 0x23 way: 0
 492000: board.processor.cores.core: 0x10900    : bltu a4, a3, -6            : 
 493000: board.processor.cores.core: 0x108fa    : c_sd a1, 0(a4)             : 
 516001: board.cache_hierarchy.l1d-cache-0: sendWriteQueuePacket: write WriteReq [35c0:35c7] type=MemWrite UC
 516001: board.cache_hierarchy.l1d-cache-0: access for WriteReq [35f8:35ff] type=MemWrite UC
 516001: board.cache_hierarchy.l1d-cache-0: Blocking for cause 1, mask=2
 517000: board.cache_hierarchy.l2-cache-0: sendWriteQueuePacket: write WriteReq [3590:3597] type=MemWrite UC
 517000: board.cache_hierarchy.l2-cache-0: sendWriteQueuePacket: write WriteReq [3590:3597] type=MemWrite UC
 493000: board.processor.cores.core: 0x108fc    : c_sd a1, 8(a4)             : 
 518000: board.cache_hierarchy.l1d-cache-0: recvTimingResp: Handling response WriteResp [3538:353f] type=MemWrite UC
 518000: board.cache_hierarchy.l2-cache-0: recvTimingResp: Handling response WriteResp [3540:3547] type=MemWrite UC
 518000: board.cache_hierarchy.l1d-cache-0: sendWriteQueuePacket: write WriteReq [35c0:35c7] type=MemWrite UC
 518000: board.cache_hierarchy.l2-cache-0: access for WriteReq [35c0:35c7] type=MemWrite UC
 518000: board.cache_hierarchy.l1d-cache-0: Unblocking for cause 1, mask=0
 518000: board.processor.cores.core.workload: Translating: 0x10900->0x900
 518000: board.cache_hierarchy.l1i-cache-0: access for ReadReq [900:93f] IF hit state: 6 (E) writable: 1 readable: 1 dirty: 0 prefetched: 0 | tag: 0 secure: 0 valid: 1 | set: 0x24 way: 0
 518000: board.processor.cores.core.workload: Translating: 0x13620->0x3620
 518001: board.cache_hierarchy.l1d-cache-0: sendWriteQueuePacket: write WriteReq [35c8:35cf] type=MemWrite UC
 518001: board.cache_hierarchy.l1d-cache-0: access for WriteReq [3600:3607] type=MemWrite UC
 518001: board.cache_hierarchy.l1d-cache-0: Blocking for cause 1, mask=2
 519000: board.cache_hierarchy.l2-cache-0: sendWriteQueuePacket: write WriteReq [3598:359f] type=MemWrite UC
 519000: board.cache_hierarchy.l2-cache-0: sendWriteQueuePacket: write WriteReq [3598:359f] type=MemWrite UC
 519000: board.processor.cores.core.workload: Translating: 0x108c0->0x8c0
 519000: board.cache_hierarchy.l1i-cache-0: access for ReadReq [8c0:8ff] IF hit state: 6 (E) writable: 1 readable: 1 dirty: 0 prefetched: 0 | tag: 0 secure: 0 valid: 1 | set: 0x23 way: 0
 519000: board.processor.cores.core.workload: Translating: 0x13628->0x3628
 494000: board.processor.cores.core: 0x108fe    : c_addi a4, 16              : 
 520000: board.cache_hierarchy.l1d-cache-0: recvTimingResp: Handling response WriteResp [3540:3547] type=MemWrite UC
 520000: board.cache_hierarchy.l1d-cache-0: sendWriteQueuePacket: write WriteReq [35c8:35cf] type=MemWrite UC
 520000: board.cache_hierarchy.l2-cache-0: access for WriteReq [35c8:35cf] type=MemWrite UC
 520000: board.cache_hierarchy.l1d-cache-0: Unblocking for cause 1, mask=0
 520000: board.cache_hierarchy.l2-cache-0: recvTimingResp: Handling response WriteResp [3548:354f] type=MemWrite UC
 495000: board.processor.cores.core: 0x10900    : bltu a4, a3, -6            : 
 496000: board.processor.cores.core: 0x108fa    : c_sd a1, 0(a4)             : 
 520001: board.cache_hierarchy.l1d-cache-0: sendWriteQueuePacket: write WriteReq [35d0:35d7] type=MemWrite UC
 520001: board.cache_hierarchy.l1d-cache-0: access for WriteReq [3608:360f] type=MemWrite UC
 520001: board.cache_hierarchy.l1d-cache-0: Blocking for cause 1, mask=2
 521000: board.cache_hierarchy.l2-cache-0: sendWriteQueuePacket: write WriteReq [35a0:35a7] type=MemWrite UC
 521000: board.cache_hierarchy.l2-cache-0: sendWriteQueuePacket: write WriteReq [35a0:35a7] type=MemWrite UC
 521000: board.processor.cores.core.workload: Translating: 0x10900->0x900
 521000: board.cache_hierarchy.l1i-cache-0: access for ReadReq [900:93f] IF hit state: 6 (E) writable: 1 readable: 1 dirty: 0 prefetched: 0 | tag: 0 secure: 0 valid: 1 | set: 0x24 way: 0
 496000: board.processor.cores.core: 0x108fc    : c_sd a1, 8(a4)             : 
 522000: board.cache_hierarchy.l1d-cache-0: recvTimingResp: Handling response WriteResp [3548:354f] type=MemWrite UC
 522000: board.cache_hierarchy.l2-cache-0: recvTimingResp: Handling response WriteResp [3550:3557] type=MemWrite UC
 522000: board.cache_hierarchy.l1d-cache-0: sendWriteQueuePacket: write WriteReq [35d0:35d7] type=MemWrite UC
 522000: board.cache_hierarchy.l2-cache-0: access for WriteReq [35d0:35d7] type=MemWrite UC
 522000: board.cache_hierarchy.l1d-cache-0: Unblocking for cause 1, mask=0
 522000: board.processor.cores.core.workload: Translating: 0x108c0->0x8c0
 522000: board.cache_hierarchy.l1i-cache-0: access for ReadReq [8c0:8ff] IF hit state: 6 (E) writable: 1 readable: 1 dirty: 0 prefetched: 0 | tag: 0 secure: 0 valid: 1 | set: 0x23 way: 0
 522000: board.processor.cores.core.workload: Translating: 0x13630->0x3630
 522001: board.cache_hierarchy.l1d-cache-0: sendWriteQueuePacket: write WriteReq [35d8:35df] type=MemWrite UC
 522001: board.cache_hierarchy.l1d-cache-0: access for WriteReq [3610:3617] type=MemWrite UC
 522001: board.cache_hierarchy.l1d-cache-0: Blocking for cause 1, mask=2
 523000: board.cache_hierarchy.l2-cache-0: sendWriteQueuePacket: write WriteReq [35a8:35af] type=MemWrite UC
 523000: board.cache_hierarchy.l2-cache-0: sendWriteQueuePacket: write WriteReq [35a8:35af] type=MemWrite UC
 523000: board.processor.cores.core.workload: Translating: 0x13638->0x3638
 497000: board.processor.cores.core: 0x108fe    : c_addi a4, 16              : 
 524000: board.cache_hierarchy.l1d-cache-0: recvTimingResp: Handling response WriteResp [3550:3557] type=MemWrite UC
 524000: board.cache_hierarchy.l1d-cache-0: sendWriteQueuePacket: write WriteReq [35d8:35df] type=MemWrite UC
 524000: board.cache_hierarchy.l2-cache-0: access for WriteReq [35d8:35df] type=MemWrite UC
 524000: board.cache_hierarchy.l1d-cache-0: Unblocking for cause 1, mask=0
 524000: board.cache_hierarchy.l2-cache-0: recvTimingResp: Handling response WriteResp [3558:355f] type=MemWrite UC
 524000: board.processor.cores.core.workload: Translating: 0x10900->0x900
 524000: board.cache_hierarchy.l1i-cache-0: access for ReadReq [900:93f] IF hit state: 6 (E) writable: 1 readable: 1 dirty: 0 prefetched: 0 | tag: 0 secure: 0 valid: 1 | set: 0x24 way: 0
 498000: board.processor.cores.core: 0x10900    : bltu a4, a3, -6            : 
 499000: board.processor.cores.core: 0x108fa    : c_sd a1, 0(a4)             : 
 524001: board.cache_hierarchy.l1d-cache-0: sendWriteQueuePacket: write WriteReq [35e0:35e7] type=MemWrite UC
 524001: board.cache_hierarchy.l1d-cache-0: access for WriteReq [3618:361f] type=MemWrite UC
 524001: board.cache_hierarchy.l1d-cache-0: Blocking for cause 1, mask=2
 525000: board.cache_hierarchy.l2-cache-0: sendWriteQueuePacket: write WriteReq [35b0:35b7] type=MemWrite UC
 525000: board.cache_hierarchy.l2-cache-0: sendWriteQueuePacket: write WriteReq [35b0:35b7] type=MemWrite UC
 525000: board.processor.cores.core.workload: Translating: 0x108c0->0x8c0
 525000: board.cache_hierarchy.l1i-cache-0: access for ReadReq [8c0:8ff] IF hit state: 6 (E) writable: 1 readable: 1 dirty: 0 prefetched: 0 | tag: 0 secure: 0 valid: 1 | set: 0x23 way: 0
 499000: board.processor.cores.core: 0x108fc    : c_sd a1, 8(a4)             : 
 526000: board.cache_hierarchy.l1d-cache-0: recvTimingResp: Handling response WriteResp [3558:355f] type=MemWrite UC
 526000: board.cache_hierarchy.l2-cache-0: recvTimingResp: Handling response WriteResp [3560:3567] type=MemWrite UC
 526000: board.cache_hierarchy.l1d-cache-0: sendWriteQueuePacket: write WriteReq [35e0:35e7] type=MemWrite UC
 526000: board.cache_hierarchy.l2-cache-0: access for WriteReq [35e0:35e7] type=MemWrite UC
 526000: board.cache_hierarchy.l1d-cache-0: Unblocking for cause 1, mask=0
 526000: board.processor.cores.core.workload: Translating: 0x13640->0x3640
 526001: board.cache_hierarchy.l1d-cache-0: sendWriteQueuePacket: write WriteReq [35e8:35ef] type=MemWrite UC
 526001: board.cache_hierarchy.l1d-cache-0: access for WriteReq [3620:3627] type=MemWrite UC
 526001: board.cache_hierarchy.l1d-cache-0: Blocking for cause 1, mask=2
 527000: board.cache_hierarchy.l2-cache-0: sendWriteQueuePacket: write WriteReq [35b8:35bf] type=MemWrite UC
 527000: board.cache_hierarchy.l2-cache-0: sendWriteQueuePacket: write WriteReq [35b8:35bf] type=MemWrite UC
 527000: board.processor.cores.core.workload: Translating: 0x10900->0x900
 527000: board.cache_hierarchy.l1i-cache-0: access for ReadReq [900:93f] IF hit state: 6 (E) writable: 1 readable: 1 dirty: 0 prefetched: 0 | tag: 0 secure: 0 valid: 1 | set: 0x24 way: 0
 527000: board.processor.cores.core.workload: Translating: 0x13648->0x3648
 500000: board.processor.cores.core: 0x108fe    : c_addi a4, 16              : 
 528000: board.cache_hierarchy.l1d-cache-0: recvTimingResp: Handling response WriteResp [3560:3567] type=MemWrite UC
 528000: board.cache_hierarchy.l1d-cache-0: sendWriteQueuePacket: write WriteReq [35e8:35ef] type=MemWrite UC
 528000: board.cache_hierarchy.l2-cache-0: access for WriteReq [35e8:35ef] type=MemWrite UC
 528000: board.cache_hierarchy.l1d-cache-0: Unblocking for cause 1, mask=0
 528000: board.cache_hierarchy.l2-cache-0: recvTimingResp: Handling response WriteResp [3568:356f] type=MemWrite UC
 528000: board.processor.cores.core.workload: Translating: 0x108c0->0x8c0
 528000: board.cache_hierarchy.l1i-cache-0: access for ReadReq [8c0:8ff] IF hit state: 6 (E) writable: 1 readable: 1 dirty: 0 prefetched: 0 | tag: 0 secure: 0 valid: 1 | set: 0x23 way: 0
 501000: board.processor.cores.core: 0x10900    : bltu a4, a3, -6            : 
 502000: board.processor.cores.core: 0x108fa    : c_sd a1, 0(a4)             : 
 528001: board.cache_hierarchy.l1d-cache-0: sendWriteQueuePacket: write WriteReq [35f0:35f7] type=MemWrite UC
 528001: board.cache_hierarchy.l1d-cache-0: access for WriteReq [3628:362f] type=MemWrite UC
 528001: board.cache_hierarchy.l1d-cache-0: Blocking for cause 1, mask=2
 529000: board.cache_hierarchy.l2-cache-0: sendWriteQueuePacket: write WriteReq [35c0:35c7] type=MemWrite UC
 529000: board.cache_hierarchy.l2-cache-0: sendWriteQueuePacket: write WriteReq [35c0:35c7] type=MemWrite UC
 502000: board.processor.cores.core: 0x108fc    : c_sd a1, 8(a4)             : 
 530000: board.cache_hierarchy.l1d-cache-0: recvTimingResp: Handling response WriteResp [3568:356f] type=MemWrite UC
 530000: board.cache_hierarchy.l2-cache-0: recvTimingResp: Handling response WriteResp [3570:3577] type=MemWrite UC
 530000: board.cache_hierarchy.l1d-cache-0: sendWriteQueuePacket: write WriteReq [35f0:35f7] type=MemWrite UC
 530000: board.cache_hierarchy.l2-cache-0: access for WriteReq [35f0:35f7] type=MemWrite UC
 530000: board.cache_hierarchy.l1d-cache-0: Unblocking for cause 1, mask=0
 530000: board.processor.cores.core.workload: Translating: 0x10900->0x900
 530000: board.cache_hierarchy.l1i-cache-0: access for ReadReq [900:93f] IF hit state: 6 (E) writable: 1 readable: 1 dirty: 0 prefetched: 0 | tag: 0 secure: 0 valid: 1 | set: 0x24 way: 0
 530000: board.processor.cores.core.workload: Translating: 0x13650->0x3650
 530001: board.cache_hierarchy.l1d-cache-0: sendWriteQueuePacket: write WriteReq [35f8:35ff] type=MemWrite UC
 530001: board.cache_hierarchy.l1d-cache-0: access for WriteReq [3630:3637] type=MemWrite UC
 530001: board.cache_hierarchy.l1d-cache-0: Blocking for cause 1, mask=2
 531000: board.cache_hierarchy.l2-cache-0: sendWriteQueuePacket: write WriteReq [35c8:35cf] type=MemWrite UC
 531000: board.cache_hierarchy.l2-cache-0: sendWriteQueuePacket: write WriteReq [35c8:35cf] type=MemWrite UC
 531000: board.processor.cores.core.workload: Translating: 0x108c0->0x8c0
 531000: board.cache_hierarchy.l1i-cache-0: access for ReadReq [8c0:8ff] IF hit state: 6 (E) writable: 1 readable: 1 dirty: 0 prefetched: 0 | tag: 0 secure: 0 valid: 1 | set: 0x23 way: 0
 531000: board.processor.cores.core.workload: Translating: 0x13658->0x3658
 503000: board.processor.cores.core: 0x108fe    : c_addi a4, 16              : 
 532000: board.cache_hierarchy.l1d-cache-0: recvTimingResp: Handling response WriteResp [3570:3577] type=MemWrite UC
 532000: board.cache_hierarchy.l1d-cache-0: sendWriteQueuePacket: write WriteReq [35f8:35ff] type=MemWrite UC
 532000: board.cache_hierarchy.l2-cache-0: access for WriteReq [35f8:35ff] type=MemWrite UC
 532000: board.cache_hierarchy.l1d-cache-0: Unblocking for cause 1, mask=0
 532000: board.cache_hierarchy.l2-cache-0: recvTimingResp: Handling response WriteResp [3578:357f] type=MemWrite UC
 504000: board.processor.cores.core: 0x10900    : bltu a4, a3, -6            : 
 505000: board.processor.cores.core: 0x108fa    : c_sd a1, 0(a4)             : 
 532001: board.cache_hierarchy.l1d-cache-0: sendWriteQueuePacket: write WriteReq [3600:3607] type=MemWrite UC
 532001: board.cache_hierarchy.l1d-cache-0: access for WriteReq [3638:363f] type=MemWrite UC
 532001: board.cache_hierarchy.l1d-cache-0: Blocking for cause 1, mask=2
 533000: board.cache_hierarchy.l2-cache-0: sendWriteQueuePacket: write WriteReq [35d0:35d7] type=MemWrite UC
 533000: board.cache_hierarchy.l2-cache-0: sendWriteQueuePacket: write WriteReq [35d0:35d7] type=MemWrite UC
 533000: board.processor.cores.core.workload: Translating: 0x10900->0x900
 533000: board.cache_hierarchy.l1i-cache-0: access for ReadReq [900:93f] IF hit state: 6 (E) writable: 1 readable: 1 dirty: 0 prefetched: 0 | tag: 0 secure: 0 valid: 1 | set: 0x24 way: 0
 505000: board.processor.cores.core: 0x108fc    : c_sd a1, 8(a4)             : 
 534000: board.cache_hierarchy.l1d-cache-0: recvTimingResp: Handling response WriteResp [3578:357f] type=MemWrite UC
 534000: board.cache_hierarchy.l2-cache-0: recvTimingResp: Handling response WriteResp [3580:3587] type=MemWrite UC
 534000: board.cache_hierarchy.l1d-cache-0: sendWriteQueuePacket: write WriteReq [3600:3607] type=MemWrite UC
 534000: board.cache_hierarchy.l2-cache-0: access for WriteReq [3600:3607] type=MemWrite UC
 534000: board.cache_hierarchy.l1d-cache-0: Unblocking for cause 1, mask=0
 534000: board.processor.cores.core.workload: Translating: 0x108c0->0x8c0
 534000: board.cache_hierarchy.l1i-cache-0: access for ReadReq [8c0:8ff] IF hit state: 6 (E) writable: 1 readable: 1 dirty: 0 prefetched: 0 | tag: 0 secure: 0 valid: 1 | set: 0x23 way: 0
 534000: board.processor.cores.core.workload: Translating: 0x13660->0x3660
 534001: board.cache_hierarchy.l1d-cache-0: sendWriteQueuePacket: write WriteReq [3608:360f] type=MemWrite UC
 534001: board.cache_hierarchy.l1d-cache-0: access for WriteReq [3640:3647] type=MemWrite UC
 534001: board.cache_hierarchy.l1d-cache-0: Blocking for cause 1, mask=2
 535000: board.cache_hierarchy.l2-cache-0: sendWriteQueuePacket: write WriteReq [35d8:35df] type=MemWrite UC
 535000: board.cache_hierarchy.l2-cache-0: sendWriteQueuePacket: write WriteReq [35d8:35df] type=MemWrite UC
 535000: board.processor.cores.core.workload: Translating: 0x13668->0x3668
 506000: board.processor.cores.core: 0x108fe    : c_addi a4, 16              : 
 536000: board.cache_hierarchy.l1d-cache-0: recvTimingResp: Handling response WriteResp [3580:3587] type=MemWrite UC
 536000: board.cache_hierarchy.l1d-cache-0: sendWriteQueuePacket: write WriteReq [3608:360f] type=MemWrite UC
 536000: board.cache_hierarchy.l2-cache-0: access for WriteReq [3608:360f] type=MemWrite UC
 536000: board.cache_hierarchy.l1d-cache-0: Unblocking for cause 1, mask=0
 536000: board.cache_hierarchy.l2-cache-0: recvTimingResp: Handling response WriteResp [3588:358f] type=MemWrite UC
 536000: board.processor.cores.core.workload: Translating: 0x10900->0x900
 536000: board.cache_hierarchy.l1i-cache-0: access for ReadReq [900:93f] IF hit state: 6 (E) writable: 1 readable: 1 dirty: 0 prefetched: 0 | tag: 0 secure: 0 valid: 1 | set: 0x24 way: 0
 507000: board.processor.cores.core: 0x10900    : bltu a4, a3, -6            : 
 508000: board.processor.cores.core: 0x108fa    : c_sd a1, 0(a4)             : 
 536001: board.cache_hierarchy.l1d-cache-0: sendWriteQueuePacket: write WriteReq [3610:3617] type=MemWrite UC
 536001: board.cache_hierarchy.l1d-cache-0: access for WriteReq [3648:364f] type=MemWrite UC
 536001: board.cache_hierarchy.l1d-cache-0: Blocking for cause 1, mask=2
 537000: board.cache_hierarchy.l2-cache-0: sendWriteQueuePacket: write WriteReq [35e0:35e7] type=MemWrite UC
 537000: board.cache_hierarchy.l2-cache-0: sendWriteQueuePacket: write WriteReq [35e0:35e7] type=MemWrite UC
 537000: board.processor.cores.core.workload: Translating: 0x108c0->0x8c0
 537000: board.cache_hierarchy.l1i-cache-0: access for ReadReq [8c0:8ff] IF hit state: 6 (E) writable: 1 readable: 1 dirty: 0 prefetched: 0 | tag: 0 secure: 0 valid: 1 | set: 0x23 way: 0
 508000: board.processor.cores.core: 0x108fc    : c_sd a1, 8(a4)             : 
 538000: board.cache_hierarchy.l1d-cache-0: recvTimingResp: Handling response WriteResp [3588:358f] type=MemWrite UC
 538000: board.cache_hierarchy.l2-cache-0: recvTimingResp: Handling response WriteResp [3590:3597] type=MemWrite UC
 538000: board.cache_hierarchy.l1d-cache-0: sendWriteQueuePacket: write WriteReq [3610:3617] type=MemWrite UC
 538000: board.cache_hierarchy.l2-cache-0: access for WriteReq [3610:3617] type=MemWrite UC
 538000: board.cache_hierarchy.l1d-cache-0: Unblocking for cause 1, mask=0
 538000: board.processor.cores.core.workload: Translating: 0x13670->0x3670
 538001: board.cache_hierarchy.l1d-cache-0: sendWriteQueuePacket: write WriteReq [3618:361f] type=MemWrite UC
 538001: board.cache_hierarchy.l1d-cache-0: access for WriteReq [3650:3657] type=MemWrite UC
 538001: board.cache_hierarchy.l1d-cache-0: Blocking for cause 1, mask=2
 539000: board.cache_hierarchy.l2-cache-0: sendWriteQueuePacket: write WriteReq [35e8:35ef] type=MemWrite UC
 539000: board.cache_hierarchy.l2-cache-0: sendWriteQueuePacket: write WriteReq [35e8:35ef] type=MemWrite UC
 539000: board.processor.cores.core.workload: Translating: 0x13678->0x3678
 509000: board.processor.cores.core: 0x108fe    : c_addi a4, 16              : 
 540000: board.cache_hierarchy.l1d-cache-0: recvTimingResp: Handling response WriteResp [3590:3597] type=MemWrite UC
 540000: board.cache_hierarchy.l1d-cache-0: sendWriteQueuePacket: write WriteReq [3618:361f] type=MemWrite UC
 540000: board.cache_hierarchy.l2-cache-0: access for WriteReq [3618:361f] type=MemWrite UC
 540000: board.cache_hierarchy.l1d-cache-0: Unblocking for cause 1, mask=0
 540000: board.cache_hierarchy.l2-cache-0: recvTimingResp: Handling response WriteResp [3598:359f] type=MemWrite UC
 540000: board.processor.cores.core.workload: Translating: 0x10900->0x900
 540000: board.cache_hierarchy.l1i-cache-0: access for ReadReq [900:93f] IF hit state: 6 (E) writable: 1 readable: 1 dirty: 0 prefetched: 0 | tag: 0 secure: 0 valid: 1 | set: 0x24 way: 0
 510000: board.processor.cores.core: 0x10900    : bltu a4, a3, -6            : 
 511000: board.processor.cores.core: 0x108fa    : c_sd a1, 0(a4)             : 
 540001: board.cache_hierarchy.l1d-cache-0: sendWriteQueuePacket: write WriteReq [3620:3627] type=MemWrite UC
 540001: board.cache_hierarchy.l1d-cache-0: access for WriteReq [3658:365f] type=MemWrite UC
 540001: board.cache_hierarchy.l1d-cache-0: Blocking for cause 1, mask=2
 541000: board.cache_hierarchy.l2-cache-0: sendWriteQueuePacket: write WriteReq [35f0:35f7] type=MemWrite UC
 541000: board.cache_hierarchy.l2-cache-0: sendWriteQueuePacket: write WriteReq [35f0:35f7] type=MemWrite UC
 541000: board.processor.cores.core.workload: Translating: 0x108c0->0x8c0
 541000: board.cache_hierarchy.l1i-cache-0: access for ReadReq [8c0:8ff] IF hit state: 6 (E) writable: 1 readable: 1 dirty: 0 prefetched: 0 | tag: 0 secure: 0 valid: 1 | set: 0x23 way: 0
 511000: board.processor.cores.core: 0x108fc    : c_sd a1, 8(a4)             : 
 542000: board.cache_hierarchy.l1d-cache-0: recvTimingResp: Handling response WriteResp [3598:359f] type=MemWrite UC
 542000: board.cache_hierarchy.l2-cache-0: recvTimingResp: Handling response WriteResp [35a0:35a7] type=MemWrite UC
 542000: board.cache_hierarchy.l1d-cache-0: sendWriteQueuePacket: write WriteReq [3620:3627] type=MemWrite UC
 542000: board.cache_hierarchy.l2-cache-0: access for WriteReq [3620:3627] type=MemWrite UC
 542000: board.cache_hierarchy.l1d-cache-0: Unblocking for cause 1, mask=0
 542000: board.processor.cores.core.workload: Translating: 0x13680->0x3680
 542001: board.cache_hierarchy.l1d-cache-0: sendWriteQueuePacket: write WriteReq [3628:362f] type=MemWrite UC
 542001: board.cache_hierarchy.l1d-cache-0: access for WriteReq [3660:3667] type=MemWrite UC
 542001: board.cache_hierarchy.l1d-cache-0: Blocking for cause 1, mask=2
 543000: board.cache_hierarchy.l2-cache-0: sendWriteQueuePacket: write WriteReq [35f8:35ff] type=MemWrite UC
 543000: board.cache_hierarchy.l2-cache-0: sendWriteQueuePacket: write WriteReq [35f8:35ff] type=MemWrite UC
 543000: board.processor.cores.core.workload: Translating: 0x13688->0x3688
 512000: board.processor.cores.core: 0x108fe    : c_addi a4, 16              : 
 544000: board.cache_hierarchy.l1d-cache-0: recvTimingResp: Handling response WriteResp [35a0:35a7] type=MemWrite UC
 544000: board.cache_hierarchy.l1d-cache-0: sendWriteQueuePacket: write WriteReq [3628:362f] type=MemWrite UC
 544000: board.cache_hierarchy.l2-cache-0: access for WriteReq [3628:362f] type=MemWrite UC
 544000: board.cache_hierarchy.l1d-cache-0: Unblocking for cause 1, mask=0
 544000: board.cache_hierarchy.l2-cache-0: recvTimingResp: Handling response WriteResp [35a8:35af] type=MemWrite UC
 544000: board.processor.cores.core.workload: Translating: 0x10900->0x900
 544000: board.cache_hierarchy.l1i-cache-0: access for ReadReq [900:93f] IF hit state: 6 (E) writable: 1 readable: 1 dirty: 0 prefetched: 0 | tag: 0 secure: 0 valid: 1 | set: 0x24 way: 0
 513000: board.processor.cores.core: 0x10900    : bltu a4, a3, -6            : 
 514000: board.processor.cores.core: 0x108fa    : c_sd a1, 0(a4)             : 
 544001: board.cache_hierarchy.l1d-cache-0: sendWriteQueuePacket: write WriteReq [3630:3637] type=MemWrite UC
 544001: board.cache_hierarchy.l1d-cache-0: access for WriteReq [3668:366f] type=MemWrite UC
 544001: board.cache_hierarchy.l1d-cache-0: Blocking for cause 1, mask=2
 545000: board.cache_hierarchy.l2-cache-0: sendWriteQueuePacket: write WriteReq [3600:3607] type=MemWrite UC
 545000: board.cache_hierarchy.l2-cache-0: sendWriteQueuePacket: write WriteReq [3600:3607] type=MemWrite UC
 545000: board.processor.cores.core.workload: Translating: 0x108c0->0x8c0
 545000: board.cache_hierarchy.l1i-cache-0: access for ReadReq [8c0:8ff] IF hit state: 6 (E) writable: 1 readable: 1 dirty: 0 prefetched: 0 | tag: 0 secure: 0 valid: 1 | set: 0x23 way: 0
 514000: board.processor.cores.core: 0x108fc    : c_sd a1, 8(a4)             : 
 546000: board.cache_hierarchy.l1d-cache-0: recvTimingResp: Handling response WriteResp [35a8:35af] type=MemWrite UC
 546000: board.cache_hierarchy.l2-cache-0: recvTimingResp: Handling response WriteResp [35b0:35b7] type=MemWrite UC
 546000: board.cache_hierarchy.l1d-cache-0: sendWriteQueuePacket: write WriteReq [3630:3637] type=MemWrite UC
 546000: board.cache_hierarchy.l2-cache-0: access for WriteReq [3630:3637] type=MemWrite UC
 546000: board.cache_hierarchy.l1d-cache-0: Unblocking for cause 1, mask=0
 546000: board.processor.cores.core.workload: Translating: 0x13690->0x3690
 546001: board.cache_hierarchy.l1d-cache-0: sendWriteQueuePacket: write WriteReq [3638:363f] type=MemWrite UC
 546001: board.cache_hierarchy.l1d-cache-0: access for WriteReq [3670:3677] type=MemWrite UC
 546001: board.cache_hierarchy.l1d-cache-0: Blocking for cause 1, mask=2
 547000: board.cache_hierarchy.l2-cache-0: sendWriteQueuePacket: write WriteReq [3608:360f] type=MemWrite UC
 547000: board.cache_hierarchy.l2-cache-0: sendWriteQueuePacket: write WriteReq [3608:360f] type=MemWrite UC
 547000: board.processor.cores.core.workload: Translating: 0x13698->0x3698
 515000: board.processor.cores.core: 0x108fe    : c_addi a4, 16              : 
 548000: board.cache_hierarchy.l1d-cache-0: recvTimingResp: Handling response WriteResp [35b0:35b7] type=MemWrite UC
 548000: board.cache_hierarchy.l1d-cache-0: sendWriteQueuePacket: write WriteReq [3638:363f] type=MemWrite UC
 548000: board.cache_hierarchy.l2-cache-0: access for WriteReq [3638:363f] type=MemWrite UC
 548000: board.cache_hierarchy.l1d-cache-0: Unblocking for cause 1, mask=0
 548000: board.cache_hierarchy.l2-cache-0: recvTimingResp: Handling response WriteResp [35b8:35bf] type=MemWrite UC
 548000: board.processor.cores.core.workload: Translating: 0x10900->0x900
 548000: board.cache_hierarchy.l1i-cache-0: access for ReadReq [900:93f] IF hit state: 6 (E) writable: 1 readable: 1 dirty: 0 prefetched: 0 | tag: 0 secure: 0 valid: 1 | set: 0x24 way: 0
 516000: board.processor.cores.core: 0x10900    : bltu a4, a3, -6            : 
 517000: board.processor.cores.core: 0x108fa    : c_sd a1, 0(a4)             : 
 548001: board.cache_hierarchy.l1d-cache-0: sendWriteQueuePacket: write WriteReq [3640:3647] type=MemWrite UC
 548001: board.cache_hierarchy.l1d-cache-0: access for WriteReq [3678:367f] type=MemWrite UC
 548001: board.cache_hierarchy.l1d-cache-0: Blocking for cause 1, mask=2
 549000: board.cache_hierarchy.l2-cache-0: sendWriteQueuePacket: write WriteReq [3610:3617] type=MemWrite UC
 549000: board.cache_hierarchy.l2-cache-0: sendWriteQueuePacket: write WriteReq [3610:3617] type=MemWrite UC
 549000: board.processor.cores.core.workload: Translating: 0x108c0->0x8c0
 549000: board.cache_hierarchy.l1i-cache-0: access for ReadReq [8c0:8ff] IF hit state: 6 (E) writable: 1 readable: 1 dirty: 0 prefetched: 0 | tag: 0 secure: 0 valid: 1 | set: 0x23 way: 0
 517000: board.processor.cores.core: 0x108fc    : c_sd a1, 8(a4)             : 
 550000: board.cache_hierarchy.l1d-cache-0: recvTimingResp: Handling response WriteResp [35b8:35bf] type=MemWrite UC
 550000: board.cache_hierarchy.l2-cache-0: recvTimingResp: Handling response WriteResp [35c0:35c7] type=MemWrite UC
 550000: board.cache_hierarchy.l1d-cache-0: sendWriteQueuePacket: write WriteReq [3640:3647] type=MemWrite UC
 550000: board.cache_hierarchy.l2-cache-0: access for WriteReq [3640:3647] type=MemWrite UC
 550000: board.cache_hierarchy.l1d-cache-0: Unblocking for cause 1, mask=0
 550000: board.processor.cores.core.workload: Translating: 0x136a0->0x36a0
 550001: board.cache_hierarchy.l1d-cache-0: sendWriteQueuePacket: write WriteReq [3648:364f] type=MemWrite UC
 550001: board.cache_hierarchy.l1d-cache-0: access for WriteReq [3680:3687] type=MemWrite UC
 550001: board.cache_hierarchy.l1d-cache-0: Blocking for cause 1, mask=2
 551000: board.cache_hierarchy.l2-cache-0: sendWriteQueuePacket: write WriteReq [3618:361f] type=MemWrite UC
 551000: board.cache_hierarchy.l2-cache-0: sendWriteQueuePacket: write WriteReq [3618:361f] type=MemWrite UC
 551000: board.processor.cores.core.workload: Translating: 0x136a8->0x36a8
 518000: board.processor.cores.core: 0x108fe    : c_addi a4, 16              : 
 552000: board.cache_hierarchy.l1d-cache-0: recvTimingResp: Handling response WriteResp [35c0:35c7] type=MemWrite UC
 552000: board.cache_hierarchy.l1d-cache-0: sendWriteQueuePacket: write WriteReq [3648:364f] type=MemWrite UC
 552000: board.cache_hierarchy.l2-cache-0: access for WriteReq [3648:364f] type=MemWrite UC
 552000: board.cache_hierarchy.l1d-cache-0: Unblocking for cause 1, mask=0
 552000: board.cache_hierarchy.l2-cache-0: recvTimingResp: Handling response WriteResp [35c8:35cf] type=MemWrite UC
 552000: board.processor.cores.core.workload: Translating: 0x10900->0x900
 552000: board.cache_hierarchy.l1i-cache-0: access for ReadReq [900:93f] IF hit state: 6 (E) writable: 1 readable: 1 dirty: 0 prefetched: 0 | tag: 0 secure: 0 valid: 1 | set: 0x24 way: 0
 519000: board.processor.cores.core: 0x10900    : bltu a4, a3, -6            : 
 520000: board.processor.cores.core: 0x108fa    : c_sd a1, 0(a4)             : 
 552001: board.cache_hierarchy.l1d-cache-0: sendWriteQueuePacket: write WriteReq [3650:3657] type=MemWrite UC
 552001: board.cache_hierarchy.l1d-cache-0: access for WriteReq [3688:368f] type=MemWrite UC
 552001: board.cache_hierarchy.l1d-cache-0: Blocking for cause 1, mask=2
 553000: board.cache_hierarchy.l2-cache-0: sendWriteQueuePacket: write WriteReq [3620:3627] type=MemWrite UC
 553000: board.cache_hierarchy.l2-cache-0: sendWriteQueuePacket: write WriteReq [3620:3627] type=MemWrite UC
 553000: board.processor.cores.core.workload: Translating: 0x108c0->0x8c0
 553000: board.cache_hierarchy.l1i-cache-0: access for ReadReq [8c0:8ff] IF hit state: 6 (E) writable: 1 readable: 1 dirty: 0 prefetched: 0 | tag: 0 secure: 0 valid: 1 | set: 0x23 way: 0
 520000: board.processor.cores.core: 0x108fc    : c_sd a1, 8(a4)             : 
 554000: board.cache_hierarchy.l1d-cache-0: recvTimingResp: Handling response WriteResp [35c8:35cf] type=MemWrite UC
 554000: board.cache_hierarchy.l2-cache-0: recvTimingResp: Handling response WriteResp [35d0:35d7] type=MemWrite UC
 554000: board.cache_hierarchy.l1d-cache-0: sendWriteQueuePacket: write WriteReq [3650:3657] type=MemWrite UC
 554000: board.cache_hierarchy.l2-cache-0: access for WriteReq [3650:3657] type=MemWrite UC
 554000: board.cache_hierarchy.l1d-cache-0: Unblocking for cause 1, mask=0
 554000: board.processor.cores.core.workload: Translating: 0x136b0->0x36b0
 554001: board.cache_hierarchy.l1d-cache-0: sendWriteQueuePacket: write WriteReq [3658:365f] type=MemWrite UC
 554001: board.cache_hierarchy.l1d-cache-0: access for WriteReq [3690:3697] type=MemWrite UC
 554001: board.cache_hierarchy.l1d-cache-0: Blocking for cause 1, mask=2
 555000: board.cache_hierarchy.l2-cache-0: sendWriteQueuePacket: write WriteReq [3628:362f] type=MemWrite UC
 555000: board.cache_hierarchy.l2-cache-0: sendWriteQueuePacket: write WriteReq [3628:362f] type=MemWrite UC
 555000: board.processor.cores.core.workload: Translating: 0x136b8->0x36b8
 521000: board.processor.cores.core: 0x108fe    : c_addi a4, 16              : 
 556000: board.cache_hierarchy.l1d-cache-0: recvTimingResp: Handling response WriteResp [35d0:35d7] type=MemWrite UC
 556000: board.cache_hierarchy.l1d-cache-0: sendWriteQueuePacket: write WriteReq [3658:365f] type=MemWrite UC
 556000: board.cache_hierarchy.l2-cache-0: access for WriteReq [3658:365f] type=MemWrite UC
 556000: board.cache_hierarchy.l1d-cache-0: Unblocking for cause 1, mask=0
 556000: board.cache_hierarchy.l2-cache-0: recvTimingResp: Handling response WriteResp [35d8:35df] type=MemWrite UC
 556000: board.processor.cores.core.workload: Translating: 0x10900->0x900
 556000: board.cache_hierarchy.l1i-cache-0: access for ReadReq [900:93f] IF hit state: 6 (E) writable: 1 readable: 1 dirty: 0 prefetched: 0 | tag: 0 secure: 0 valid: 1 | set: 0x24 way: 0
 522000: board.processor.cores.core: 0x10900    : bltu a4, a3, -6            : 
 523000: board.processor.cores.core: 0x108fa    : c_sd a1, 0(a4)             : 
 556001: board.cache_hierarchy.l1d-cache-0: sendWriteQueuePacket: write WriteReq [3660:3667] type=MemWrite UC
 556001: board.cache_hierarchy.l1d-cache-0: access for WriteReq [3698:369f] type=MemWrite UC
 556001: board.cache_hierarchy.l1d-cache-0: Blocking for cause 1, mask=2
 557000: board.cache_hierarchy.l2-cache-0: sendWriteQueuePacket: write WriteReq [3630:3637] type=MemWrite UC
 557000: board.cache_hierarchy.l2-cache-0: sendWriteQueuePacket: write WriteReq [3630:3637] type=MemWrite UC
 557000: board.processor.cores.core.workload: Translating: 0x108c0->0x8c0
 557000: board.cache_hierarchy.l1i-cache-0: access for ReadReq [8c0:8ff] IF hit state: 6 (E) writable: 1 readable: 1 dirty: 0 prefetched: 0 | tag: 0 secure: 0 valid: 1 | set: 0x23 way: 0
 523000: board.processor.cores.core: 0x108fc    : c_sd a1, 8(a4)             : 
 558000: board.cache_hierarchy.l1d-cache-0: recvTimingResp: Handling response WriteResp [35d8:35df] type=MemWrite UC
 558000: board.cache_hierarchy.l2-cache-0: recvTimingResp: Handling response WriteResp [35e0:35e7] type=MemWrite UC
 558000: board.cache_hierarchy.l1d-cache-0: sendWriteQueuePacket: write WriteReq [3660:3667] type=MemWrite UC
 558000: board.cache_hierarchy.l2-cache-0: access for WriteReq [3660:3667] type=MemWrite UC
 558000: board.cache_hierarchy.l1d-cache-0: Unblocking for cause 1, mask=0
 558000: board.processor.cores.core.workload: Translating: 0x136c0->0x36c0
 558001: board.cache_hierarchy.l1d-cache-0: sendWriteQueuePacket: write WriteReq [3668:366f] type=MemWrite UC
 558001: board.cache_hierarchy.l1d-cache-0: access for WriteReq [36a0:36a7] type=MemWrite UC
 558001: board.cache_hierarchy.l1d-cache-0: Blocking for cause 1, mask=2
 559000: board.cache_hierarchy.l2-cache-0: sendWriteQueuePacket: write WriteReq [3638:363f] type=MemWrite UC
 559000: board.cache_hierarchy.l2-cache-0: sendWriteQueuePacket: write WriteReq [3638:363f] type=MemWrite UC
 559000: board.processor.cores.core.workload: Translating: 0x136c8->0x36c8
 524000: board.processor.cores.core: 0x108fe    : c_addi a4, 16              : 
 560000: board.cache_hierarchy.l1d-cache-0: recvTimingResp: Handling response WriteResp [35e0:35e7] type=MemWrite UC
 560000: board.cache_hierarchy.l1d-cache-0: sendWriteQueuePacket: write WriteReq [3668:366f] type=MemWrite UC
 560000: board.cache_hierarchy.l2-cache-0: access for WriteReq [3668:366f] type=MemWrite UC
 560000: board.cache_hierarchy.l1d-cache-0: Unblocking for cause 1, mask=0
 560000: board.cache_hierarchy.l2-cache-0: recvTimingResp: Handling response WriteResp [35e8:35ef] type=MemWrite UC
 560000: board.processor.cores.core.workload: Translating: 0x10900->0x900
 560000: board.cache_hierarchy.l1i-cache-0: access for ReadReq [900:93f] IF hit state: 6 (E) writable: 1 readable: 1 dirty: 0 prefetched: 0 | tag: 0 secure: 0 valid: 1 | set: 0x24 way: 0
 525000: board.processor.cores.core: 0x10900    : bltu a4, a3, -6            : 
 526000: board.processor.cores.core: 0x108fa    : c_sd a1, 0(a4)             : 
 560001: board.cache_hierarchy.l1d-cache-0: sendWriteQueuePacket: write WriteReq [3670:3677] type=MemWrite UC
 560001: board.cache_hierarchy.l1d-cache-0: access for WriteReq [36a8:36af] type=MemWrite UC
 560001: board.cache_hierarchy.l1d-cache-0: Blocking for cause 1, mask=2
 561000: board.cache_hierarchy.l2-cache-0: sendWriteQueuePacket: write WriteReq [3640:3647] type=MemWrite UC
 561000: board.cache_hierarchy.l2-cache-0: sendWriteQueuePacket: write WriteReq [3640:3647] type=MemWrite UC
 561000: board.processor.cores.core.workload: Translating: 0x108c0->0x8c0
 561000: board.cache_hierarchy.l1i-cache-0: access for ReadReq [8c0:8ff] IF hit state: 6 (E) writable: 1 readable: 1 dirty: 0 prefetched: 0 | tag: 0 secure: 0 valid: 1 | set: 0x23 way: 0
 526000: board.processor.cores.core: 0x108fc    : c_sd a1, 8(a4)             : 
 562000: board.cache_hierarchy.l1d-cache-0: recvTimingResp: Handling response WriteResp [35e8:35ef] type=MemWrite UC
 562000: board.cache_hierarchy.l2-cache-0: recvTimingResp: Handling response WriteResp [35f0:35f7] type=MemWrite UC
 562000: board.cache_hierarchy.l1d-cache-0: sendWriteQueuePacket: write WriteReq [3670:3677] type=MemWrite UC
 562000: board.cache_hierarchy.l2-cache-0: access for WriteReq [3670:3677] type=MemWrite UC
 562000: board.cache_hierarchy.l1d-cache-0: Unblocking for cause 1, mask=0
 562000: board.processor.cores.core.workload: Translating: 0x136d0->0x36d0
 562001: board.cache_hierarchy.l1d-cache-0: sendWriteQueuePacket: write WriteReq [3678:367f] type=MemWrite UC
 562001: board.cache_hierarchy.l1d-cache-0: access for WriteReq [36b0:36b7] type=MemWrite UC
 562001: board.cache_hierarchy.l1d-cache-0: Blocking for cause 1, mask=2
 563000: board.cache_hierarchy.l2-cache-0: sendWriteQueuePacket: write WriteReq [3648:364f] type=MemWrite UC
 563000: board.cache_hierarchy.l2-cache-0: sendWriteQueuePacket: write WriteReq [3648:364f] type=MemWrite UC
 563000: board.processor.cores.core.workload: Translating: 0x136d8->0x36d8
 527000: board.processor.cores.core: 0x108fe    : c_addi a4, 16              : 
 564000: board.cache_hierarchy.l1d-cache-0: recvTimingResp: Handling response WriteResp [35f0:35f7] type=MemWrite UC
 564000: board.cache_hierarchy.l1d-cache-0: sendWriteQueuePacket: write WriteReq [3678:367f] type=MemWrite UC
 564000: board.cache_hierarchy.l2-cache-0: access for WriteReq [3678:367f] type=MemWrite UC
 564000: board.cache_hierarchy.l1d-cache-0: Unblocking for cause 1, mask=0
 564000: board.cache_hierarchy.l2-cache-0: recvTimingResp: Handling response WriteResp [35f8:35ff] type=MemWrite UC
 564000: board.processor.cores.core.workload: Translating: 0x10900->0x900
 564000: board.cache_hierarchy.l1i-cache-0: access for ReadReq [900:93f] IF hit state: 6 (E) writable: 1 readable: 1 dirty: 0 prefetched: 0 | tag: 0 secure: 0 valid: 1 | set: 0x24 way: 0
 528000: board.processor.cores.core: 0x10900    : bltu a4, a3, -6            : 
 529000: board.processor.cores.core: 0x108fa    : c_sd a1, 0(a4)             : 
 564001: board.cache_hierarchy.l1d-cache-0: sendWriteQueuePacket: write WriteReq [3680:3687] type=MemWrite UC
 564001: board.cache_hierarchy.l1d-cache-0: access for WriteReq [36b8:36bf] type=MemWrite UC
 564001: board.cache_hierarchy.l1d-cache-0: Blocking for cause 1, mask=2
 565000: board.cache_hierarchy.l2-cache-0: sendWriteQueuePacket: write WriteReq [3650:3657] type=MemWrite UC
 565000: board.cache_hierarchy.l2-cache-0: sendWriteQueuePacket: write WriteReq [3650:3657] type=MemWrite UC
 565000: board.processor.cores.core.workload: Translating: 0x108c0->0x8c0
 565000: board.cache_hierarchy.l1i-cache-0: access for ReadReq [8c0:8ff] IF hit state: 6 (E) writable: 1 readable: 1 dirty: 0 prefetched: 0 | tag: 0 secure: 0 valid: 1 | set: 0x23 way: 0
 529000: board.processor.cores.core: 0x108fc    : c_sd a1, 8(a4)             : 
 566000: board.cache_hierarchy.l1d-cache-0: recvTimingResp: Handling response WriteResp [35f8:35ff] type=MemWrite UC
 566000: board.cache_hierarchy.l2-cache-0: recvTimingResp: Handling response WriteResp [3600:3607] type=MemWrite UC
 566000: board.cache_hierarchy.l1d-cache-0: sendWriteQueuePacket: write WriteReq [3680:3687] type=MemWrite UC
 566000: board.cache_hierarchy.l2-cache-0: access for WriteReq [3680:3687] type=MemWrite UC
 566000: board.cache_hierarchy.l1d-cache-0: Unblocking for cause 1, mask=0
 566000: board.processor.cores.core.workload: Translating: 0x136e0->0x36e0
 566001: board.cache_hierarchy.l1d-cache-0: sendWriteQueuePacket: write WriteReq [3688:368f] type=MemWrite UC
 566001: board.cache_hierarchy.l1d-cache-0: access for WriteReq [36c0:36c7] type=MemWrite UC
 566001: board.cache_hierarchy.l1d-cache-0: Blocking for cause 1, mask=2
 567000: board.cache_hierarchy.l2-cache-0: sendWriteQueuePacket: write WriteReq [3658:365f] type=MemWrite UC
 567000: board.cache_hierarchy.l2-cache-0: sendWriteQueuePacket: write WriteReq [3658:365f] type=MemWrite UC
 567000: board.processor.cores.core.workload: Translating: 0x136e8->0x36e8
 530000: board.processor.cores.core: 0x108fe    : c_addi a4, 16              : 
 568000: board.cache_hierarchy.l1d-cache-0: recvTimingResp: Handling response WriteResp [3600:3607] type=MemWrite UC
 568000: board.cache_hierarchy.l1d-cache-0: sendWriteQueuePacket: write WriteReq [3688:368f] type=MemWrite UC
 568000: board.cache_hierarchy.l2-cache-0: access for WriteReq [3688:368f] type=MemWrite UC
 568000: board.cache_hierarchy.l1d-cache-0: Unblocking for cause 1, mask=0
 568000: board.cache_hierarchy.l2-cache-0: recvTimingResp: Handling response WriteResp [3608:360f] type=MemWrite UC
 568000: board.processor.cores.core.workload: Translating: 0x10900->0x900
 568000: board.cache_hierarchy.l1i-cache-0: access for ReadReq [900:93f] IF hit state: 6 (E) writable: 1 readable: 1 dirty: 0 prefetched: 0 | tag: 0 secure: 0 valid: 1 | set: 0x24 way: 0
 531000: board.processor.cores.core: 0x10900    : bltu a4, a3, -6            : 
 532000: board.processor.cores.core: 0x108fa    : c_sd a1, 0(a4)             : 
 568001: board.cache_hierarchy.l1d-cache-0: sendWriteQueuePacket: write WriteReq [3690:3697] type=MemWrite UC
 568001: board.cache_hierarchy.l1d-cache-0: access for WriteReq [36c8:36cf] type=MemWrite UC
 568001: board.cache_hierarchy.l1d-cache-0: Blocking for cause 1, mask=2
 569000: board.cache_hierarchy.l2-cache-0: sendWriteQueuePacket: write WriteReq [3660:3667] type=MemWrite UC
 569000: board.cache_hierarchy.l2-cache-0: sendWriteQueuePacket: write WriteReq [3660:3667] type=MemWrite UC
 569000: board.processor.cores.core.workload: Translating: 0x108c0->0x8c0
 569000: board.cache_hierarchy.l1i-cache-0: access for ReadReq [8c0:8ff] IF hit state: 6 (E) writable: 1 readable: 1 dirty: 0 prefetched: 0 | tag: 0 secure: 0 valid: 1 | set: 0x23 way: 0
 532000: board.processor.cores.core: 0x108fc    : c_sd a1, 8(a4)             : 
 570000: board.cache_hierarchy.l1d-cache-0: recvTimingResp: Handling response WriteResp [3608:360f] type=MemWrite UC
 570000: board.cache_hierarchy.l2-cache-0: recvTimingResp: Handling response WriteResp [3610:3617] type=MemWrite UC
 570000: board.cache_hierarchy.l1d-cache-0: sendWriteQueuePacket: write WriteReq [3690:3697] type=MemWrite UC
 570000: board.cache_hierarchy.l2-cache-0: access for WriteReq [3690:3697] type=MemWrite UC
 570000: board.cache_hierarchy.l1d-cache-0: Unblocking for cause 1, mask=0
 570000: board.processor.cores.core.workload: Translating: 0x136f0->0x36f0
 570001: board.cache_hierarchy.l1d-cache-0: sendWriteQueuePacket: write WriteReq [3698:369f] type=MemWrite UC
 570001: board.cache_hierarchy.l1d-cache-0: access for WriteReq [36d0:36d7] type=MemWrite UC
 570001: board.cache_hierarchy.l1d-cache-0: Blocking for cause 1, mask=2
 571000: board.cache_hierarchy.l2-cache-0: sendWriteQueuePacket: write WriteReq [3668:366f] type=MemWrite UC
 571000: board.cache_hierarchy.l2-cache-0: sendWriteQueuePacket: write WriteReq [3668:366f] type=MemWrite UC
 571000: board.processor.cores.core.workload: Translating: 0x136f8->0x36f8
 533000: board.processor.cores.core: 0x108fe    : c_addi a4, 16              : 
 572000: board.cache_hierarchy.l1d-cache-0: recvTimingResp: Handling response WriteResp [3610:3617] type=MemWrite UC
 572000: board.cache_hierarchy.l1d-cache-0: sendWriteQueuePacket: write WriteReq [3698:369f] type=MemWrite UC
 572000: board.cache_hierarchy.l2-cache-0: access for WriteReq [3698:369f] type=MemWrite UC
 572000: board.cache_hierarchy.l1d-cache-0: Unblocking for cause 1, mask=0
 572000: board.cache_hierarchy.l2-cache-0: recvTimingResp: Handling response WriteResp [3618:361f] type=MemWrite UC
 572000: board.processor.cores.core.workload: Translating: 0x10900->0x900
 572000: board.cache_hierarchy.l1i-cache-0: access for ReadReq [900:93f] IF hit state: 6 (E) writable: 1 readable: 1 dirty: 0 prefetched: 0 | tag: 0 secure: 0 valid: 1 | set: 0x24 way: 0
 534000: board.processor.cores.core: 0x10900    : bltu a4, a3, -6            : 
 535000: board.processor.cores.core: 0x108fa    : c_sd a1, 0(a4)             : 
 572001: board.cache_hierarchy.l1d-cache-0: sendWriteQueuePacket: write WriteReq [36a0:36a7] type=MemWrite UC
 572001: board.cache_hierarchy.l1d-cache-0: access for WriteReq [36d8:36df] type=MemWrite UC
 572001: board.cache_hierarchy.l1d-cache-0: Blocking for cause 1, mask=2
 573000: board.cache_hierarchy.l2-cache-0: sendWriteQueuePacket: write WriteReq [3670:3677] type=MemWrite UC
 573000: board.cache_hierarchy.l2-cache-0: sendWriteQueuePacket: write WriteReq [3670:3677] type=MemWrite UC
 573000: board.processor.cores.core.workload: Translating: 0x108c0->0x8c0
 573000: board.cache_hierarchy.l1i-cache-0: access for ReadReq [8c0:8ff] IF hit state: 6 (E) writable: 1 readable: 1 dirty: 0 prefetched: 0 | tag: 0 secure: 0 valid: 1 | set: 0x23 way: 0
 535000: board.processor.cores.core: 0x108fc    : c_sd a1, 8(a4)             : 
 574000: board.cache_hierarchy.l1d-cache-0: recvTimingResp: Handling response WriteResp [3618:361f] type=MemWrite UC
 574000: board.cache_hierarchy.l2-cache-0: recvTimingResp: Handling response WriteResp [3620:3627] type=MemWrite UC
 574000: board.cache_hierarchy.l1d-cache-0: sendWriteQueuePacket: write WriteReq [36a0:36a7] type=MemWrite UC
 574000: board.cache_hierarchy.l2-cache-0: access for WriteReq [36a0:36a7] type=MemWrite UC
 574000: board.cache_hierarchy.l1d-cache-0: Unblocking for cause 1, mask=0
 574000: board.processor.cores.core.workload: Translating: 0x13700->0x3700
 574001: board.cache_hierarchy.l1d-cache-0: sendWriteQueuePacket: write WriteReq [36a8:36af] type=MemWrite UC
 574001: board.cache_hierarchy.l1d-cache-0: access for WriteReq [36e0:36e7] type=MemWrite UC
 574001: board.cache_hierarchy.l1d-cache-0: Blocking for cause 1, mask=2
 575000: board.cache_hierarchy.l2-cache-0: sendWriteQueuePacket: write WriteReq [3678:367f] type=MemWrite UC
 575000: board.cache_hierarchy.l2-cache-0: sendWriteQueuePacket: write WriteReq [3678:367f] type=MemWrite UC
 575000: board.processor.cores.core.workload: Translating: 0x13708->0x3708
 536000: board.processor.cores.core: 0x108fe    : c_addi a4, 16              : 
 576000: board.cache_hierarchy.l1d-cache-0: recvTimingResp: Handling response WriteResp [3620:3627] type=MemWrite UC
 576000: board.cache_hierarchy.l1d-cache-0: sendWriteQueuePacket: write WriteReq [36a8:36af] type=MemWrite UC
 576000: board.cache_hierarchy.l2-cache-0: access for WriteReq [36a8:36af] type=MemWrite UC
 576000: board.cache_hierarchy.l1d-cache-0: Unblocking for cause 1, mask=0
 576000: board.cache_hierarchy.l2-cache-0: recvTimingResp: Handling response WriteResp [3628:362f] type=MemWrite UC
 576000: board.processor.cores.core.workload: Translating: 0x10900->0x900
 576000: board.cache_hierarchy.l1i-cache-0: access for ReadReq [900:93f] IF hit state: 6 (E) writable: 1 readable: 1 dirty: 0 prefetched: 0 | tag: 0 secure: 0 valid: 1 | set: 0x24 way: 0
 537000: board.processor.cores.core: 0x10900    : bltu a4, a3, -6            : 
 538000: board.processor.cores.core: 0x108fa    : c_sd a1, 0(a4)             : 
 576001: board.cache_hierarchy.l1d-cache-0: sendWriteQueuePacket: write WriteReq [36b0:36b7] type=MemWrite UC
 576001: board.cache_hierarchy.l1d-cache-0: access for WriteReq [36e8:36ef] type=MemWrite UC
 576001: board.cache_hierarchy.l1d-cache-0: Blocking for cause 1, mask=2
 577000: board.cache_hierarchy.l2-cache-0: sendWriteQueuePacket: write WriteReq [3680:3687] type=MemWrite UC
 577000: board.cache_hierarchy.l2-cache-0: sendWriteQueuePacket: write WriteReq [3680:3687] type=MemWrite UC
 577000: board.processor.cores.core.workload: Translating: 0x108c0->0x8c0
 577000: board.cache_hierarchy.l1i-cache-0: access for ReadReq [8c0:8ff] IF hit state: 6 (E) writable: 1 readable: 1 dirty: 0 prefetched: 0 | tag: 0 secure: 0 valid: 1 | set: 0x23 way: 0
 538000: board.processor.cores.core: 0x108fc    : c_sd a1, 8(a4)             : 
 578000: board.cache_hierarchy.l1d-cache-0: recvTimingResp: Handling response WriteResp [3628:362f] type=MemWrite UC
 578000: board.cache_hierarchy.l2-cache-0: recvTimingResp: Handling response WriteResp [3630:3637] type=MemWrite UC
 578000: board.cache_hierarchy.l1d-cache-0: sendWriteQueuePacket: write WriteReq [36b0:36b7] type=MemWrite UC
 578000: board.cache_hierarchy.l2-cache-0: access for WriteReq [36b0:36b7] type=MemWrite UC
 578000: board.cache_hierarchy.l1d-cache-0: Unblocking for cause 1, mask=0
 578000: board.processor.cores.core.workload: Translating: 0x13710->0x3710
 578001: board.cache_hierarchy.l1d-cache-0: sendWriteQueuePacket: write WriteReq [36b8:36bf] type=MemWrite UC
 578001: board.cache_hierarchy.l1d-cache-0: access for WriteReq [36f0:36f7] type=MemWrite UC
 578001: board.cache_hierarchy.l1d-cache-0: Blocking for cause 1, mask=2
 579000: board.cache_hierarchy.l2-cache-0: sendWriteQueuePacket: write WriteReq [3688:368f] type=MemWrite UC
 579000: board.cache_hierarchy.l2-cache-0: sendWriteQueuePacket: write WriteReq [3688:368f] type=MemWrite UC
 579000: board.processor.cores.core.workload: Translating: 0x13718->0x3718
 540000: board.processor.cores.core: 0x108fe    : c_addi a4, 16              : 
 580000: board.cache_hierarchy.l1d-cache-0: recvTimingResp: Handling response WriteResp [3630:3637] type=MemWrite UC
 580000: board.cache_hierarchy.l1d-cache-0: sendWriteQueuePacket: write WriteReq [36b8:36bf] type=MemWrite UC
 580000: board.cache_hierarchy.l2-cache-0: access for WriteReq [36b8:36bf] type=MemWrite UC
 580000: board.cache_hierarchy.l1d-cache-0: Unblocking for cause 1, mask=0
 580000: board.cache_hierarchy.l2-cache-0: recvTimingResp: Handling response WriteResp [3638:363f] type=MemWrite UC
 580000: board.processor.cores.core.workload: Translating: 0x10900->0x900
 580000: board.cache_hierarchy.l1i-cache-0: access for ReadReq [900:93f] IF hit state: 6 (E) writable: 1 readable: 1 dirty: 0 prefetched: 0 | tag: 0 secure: 0 valid: 1 | set: 0x24 way: 0
 541000: board.processor.cores.core: 0x10900    : bltu a4, a3, -6            : 
 542000: board.processor.cores.core: 0x108fa    : c_sd a1, 0(a4)             : 
 580001: board.cache_hierarchy.l1d-cache-0: sendWriteQueuePacket: write WriteReq [36c0:36c7] type=MemWrite UC
 580001: board.cache_hierarchy.l1d-cache-0: access for WriteReq [36f8:36ff] type=MemWrite UC
 580001: board.cache_hierarchy.l1d-cache-0: Blocking for cause 1, mask=2
 581000: board.cache_hierarchy.l2-cache-0: sendWriteQueuePacket: write WriteReq [3690:3697] type=MemWrite UC
 581000: board.cache_hierarchy.l2-cache-0: sendWriteQueuePacket: write WriteReq [3690:3697] type=MemWrite UC
 581000: board.processor.cores.core.workload: Translating: 0x108c0->0x8c0
 581000: board.cache_hierarchy.l1i-cache-0: access for ReadReq [8c0:8ff] IF hit state: 6 (E) writable: 1 readable: 1 dirty: 0 prefetched: 0 | tag: 0 secure: 0 valid: 1 | set: 0x23 way: 0
 542000: board.processor.cores.core: 0x108fc    : c_sd a1, 8(a4)             : 
 582000: board.cache_hierarchy.l1d-cache-0: recvTimingResp: Handling response WriteResp [3638:363f] type=MemWrite UC
 582000: board.cache_hierarchy.l2-cache-0: recvTimingResp: Handling response WriteResp [3640:3647] type=MemWrite UC
 582000: board.cache_hierarchy.l1d-cache-0: sendWriteQueuePacket: write WriteReq [36c0:36c7] type=MemWrite UC
 582000: board.cache_hierarchy.l2-cache-0: access for WriteReq [36c0:36c7] type=MemWrite UC
 582000: board.cache_hierarchy.l1d-cache-0: Unblocking for cause 1, mask=0
 582000: board.processor.cores.core.workload: Translating: 0x13720->0x3720
 582001: board.cache_hierarchy.l1d-cache-0: sendWriteQueuePacket: write WriteReq [36c8:36cf] type=MemWrite UC
 582001: board.cache_hierarchy.l1d-cache-0: access for WriteReq [3700:3707] type=MemWrite UC
 582001: board.cache_hierarchy.l1d-cache-0: Blocking for cause 1, mask=2
 583000: board.cache_hierarchy.l2-cache-0: sendWriteQueuePacket: write WriteReq [3698:369f] type=MemWrite UC
 583000: board.cache_hierarchy.l2-cache-0: sendWriteQueuePacket: write WriteReq [3698:369f] type=MemWrite UC
 583000: board.processor.cores.core.workload: Translating: 0x13728->0x3728
 544000: board.processor.cores.core: 0x108fe    : c_addi a4, 16              : 
 584000: board.cache_hierarchy.l1d-cache-0: recvTimingResp: Handling response WriteResp [3640:3647] type=MemWrite UC
 584000: board.cache_hierarchy.l1d-cache-0: sendWriteQueuePacket: write WriteReq [36c8:36cf] type=MemWrite UC
 584000: board.cache_hierarchy.l2-cache-0: access for WriteReq [36c8:36cf] type=MemWrite UC
 584000: board.cache_hierarchy.l1d-cache-0: Unblocking for cause 1, mask=0
 584000: board.cache_hierarchy.l2-cache-0: recvTimingResp: Handling response WriteResp [3648:364f] type=MemWrite UC
 584000: board.processor.cores.core.workload: Translating: 0x10900->0x900
 584000: board.cache_hierarchy.l1i-cache-0: access for ReadReq [900:93f] IF hit state: 6 (E) writable: 1 readable: 1 dirty: 0 prefetched: 0 | tag: 0 secure: 0 valid: 1 | set: 0x24 way: 0
 545000: board.processor.cores.core: 0x10900    : bltu a4, a3, -6            : 
 546000: board.processor.cores.core: 0x108fa    : c_sd a1, 0(a4)             : 
 584001: board.cache_hierarchy.l1d-cache-0: sendWriteQueuePacket: write WriteReq [36d0:36d7] type=MemWrite UC
 584001: board.cache_hierarchy.l1d-cache-0: access for WriteReq [3708:370f] type=MemWrite UC
 584001: board.cache_hierarchy.l1d-cache-0: Blocking for cause 1, mask=2
 585000: board.cache_hierarchy.l2-cache-0: sendWriteQueuePacket: write WriteReq [36a0:36a7] type=MemWrite UC
 585000: board.cache_hierarchy.l2-cache-0: sendWriteQueuePacket: write WriteReq [36a0:36a7] type=MemWrite UC
 585000: board.processor.cores.core.workload: Translating: 0x108c0->0x8c0
 585000: board.cache_hierarchy.l1i-cache-0: access for ReadReq [8c0:8ff] IF hit state: 6 (E) writable: 1 readable: 1 dirty: 0 prefetched: 0 | tag: 0 secure: 0 valid: 1 | set: 0x23 way: 0
 546000: board.processor.cores.core: 0x108fc    : c_sd a1, 8(a4)             : 
 586000: board.cache_hierarchy.l1d-cache-0: recvTimingResp: Handling response WriteResp [3648:364f] type=MemWrite UC
 586000: board.cache_hierarchy.l2-cache-0: recvTimingResp: Handling response WriteResp [3650:3657] type=MemWrite UC
 586000: board.cache_hierarchy.l1d-cache-0: sendWriteQueuePacket: write WriteReq [36d0:36d7] type=MemWrite UC
 586000: board.cache_hierarchy.l2-cache-0: access for WriteReq [36d0:36d7] type=MemWrite UC
 586000: board.cache_hierarchy.l1d-cache-0: Unblocking for cause 1, mask=0
 586000: board.processor.cores.core.workload: Translating: 0x13730->0x3730
 586001: board.cache_hierarchy.l1d-cache-0: sendWriteQueuePacket: write WriteReq [36d8:36df] type=MemWrite UC
 586001: board.cache_hierarchy.l1d-cache-0: access for WriteReq [3710:3717] type=MemWrite UC
 586001: board.cache_hierarchy.l1d-cache-0: Blocking for cause 1, mask=2
 587000: board.cache_hierarchy.l2-cache-0: sendWriteQueuePacket: write WriteReq [36a8:36af] type=MemWrite UC
 587000: board.cache_hierarchy.l2-cache-0: sendWriteQueuePacket: write WriteReq [36a8:36af] type=MemWrite UC
 587000: board.processor.cores.core.workload: Translating: 0x13738->0x3738
 548000: board.processor.cores.core: 0x108fe    : c_addi a4, 16              : 
 588000: board.cache_hierarchy.l1d-cache-0: recvTimingResp: Handling response WriteResp [3650:3657] type=MemWrite UC
 588000: board.cache_hierarchy.l1d-cache-0: sendWriteQueuePacket: write WriteReq [36d8:36df] type=MemWrite UC
 588000: board.cache_hierarchy.l2-cache-0: access for WriteReq [36d8:36df] type=MemWrite UC
 588000: board.cache_hierarchy.l1d-cache-0: Unblocking for cause 1, mask=0
 588000: board.cache_hierarchy.l2-cache-0: recvTimingResp: Handling response WriteResp [3658:365f] type=MemWrite UC
 588000: board.processor.cores.core.workload: Translating: 0x10900->0x900
 588000: board.cache_hierarchy.l1i-cache-0: access for ReadReq [900:93f] IF hit state: 6 (E) writable: 1 readable: 1 dirty: 0 prefetched: 0 | tag: 0 secure: 0 valid: 1 | set: 0x24 way: 0
 549000: board.processor.cores.core: 0x10900    : bltu a4, a3, -6            : 
 550000: board.processor.cores.core: 0x108fa    : c_sd a1, 0(a4)             : 
 588001: board.cache_hierarchy.l1d-cache-0: sendWriteQueuePacket: write WriteReq [36e0:36e7] type=MemWrite UC
 588001: board.cache_hierarchy.l1d-cache-0: access for WriteReq [3718:371f] type=MemWrite UC
 588001: board.cache_hierarchy.l1d-cache-0: Blocking for cause 1, mask=2
 589000: board.cache_hierarchy.l2-cache-0: sendWriteQueuePacket: write WriteReq [36b0:36b7] type=MemWrite UC
 589000: board.cache_hierarchy.l2-cache-0: sendWriteQueuePacket: write WriteReq [36b0:36b7] type=MemWrite UC
 589000: board.processor.cores.core.workload: Translating: 0x108c0->0x8c0
 589000: board.cache_hierarchy.l1i-cache-0: access for ReadReq [8c0:8ff] IF hit state: 6 (E) writable: 1 readable: 1 dirty: 0 prefetched: 0 | tag: 0 secure: 0 valid: 1 | set: 0x23 way: 0
 550000: board.processor.cores.core: 0x108fc    : c_sd a1, 8(a4)             : 
 590000: board.cache_hierarchy.l1d-cache-0: recvTimingResp: Handling response WriteResp [3658:365f] type=MemWrite UC
 590000: board.cache_hierarchy.l2-cache-0: recvTimingResp: Handling response WriteResp [3660:3667] type=MemWrite UC
 590000: board.cache_hierarchy.l1d-cache-0: sendWriteQueuePacket: write WriteReq [36e0:36e7] type=MemWrite UC
 590000: board.cache_hierarchy.l2-cache-0: access for WriteReq [36e0:36e7] type=MemWrite UC
 590000: board.cache_hierarchy.l1d-cache-0: Unblocking for cause 1, mask=0
 590000: board.processor.cores.core.workload: Translating: 0x13740->0x3740
 590001: board.cache_hierarchy.l1d-cache-0: sendWriteQueuePacket: write WriteReq [36e8:36ef] type=MemWrite UC
 590001: board.cache_hierarchy.l1d-cache-0: access for WriteReq [3720:3727] type=MemWrite UC
 590001: board.cache_hierarchy.l1d-cache-0: Blocking for cause 1, mask=2
 591000: board.cache_hierarchy.l2-cache-0: sendWriteQueuePacket: write WriteReq [36b8:36bf] type=MemWrite UC
 591000: board.cache_hierarchy.l2-cache-0: sendWriteQueuePacket: write WriteReq [36b8:36bf] type=MemWrite UC
 591000: board.processor.cores.core.workload: Translating: 0x13748->0x3748
 552000: board.processor.cores.core: 0x108fe    : c_addi a4, 16              : 
 592000: board.cache_hierarchy.l1d-cache-0: recvTimingResp: Handling response WriteResp [3660:3667] type=MemWrite UC
 592000: board.cache_hierarchy.l1d-cache-0: sendWriteQueuePacket: write WriteReq [36e8:36ef] type=MemWrite UC
 592000: board.cache_hierarchy.l2-cache-0: access for WriteReq [36e8:36ef] type=MemWrite UC
 592000: board.cache_hierarchy.l1d-cache-0: Unblocking for cause 1, mask=0
 592000: board.cache_hierarchy.l2-cache-0: recvTimingResp: Handling response WriteResp [3668:366f] type=MemWrite UC
 592000: board.processor.cores.core.workload: Translating: 0x10900->0x900
 592000: board.cache_hierarchy.l1i-cache-0: access for ReadReq [900:93f] IF hit state: 6 (E) writable: 1 readable: 1 dirty: 0 prefetched: 0 | tag: 0 secure: 0 valid: 1 | set: 0x24 way: 0
 553000: board.processor.cores.core: 0x10900    : bltu a4, a3, -6            : 
 554000: board.processor.cores.core: 0x108fa    : c_sd a1, 0(a4)             : 
 592001: board.cache_hierarchy.l1d-cache-0: sendWriteQueuePacket: write WriteReq [36f0:36f7] type=MemWrite UC
 592001: board.cache_hierarchy.l1d-cache-0: access for WriteReq [3728:372f] type=MemWrite UC
 592001: board.cache_hierarchy.l1d-cache-0: Blocking for cause 1, mask=2
 593000: board.cache_hierarchy.l2-cache-0: sendWriteQueuePacket: write WriteReq [36c0:36c7] type=MemWrite UC
 593000: board.cache_hierarchy.l2-cache-0: sendWriteQueuePacket: write WriteReq [36c0:36c7] type=MemWrite UC
 593000: board.processor.cores.core.workload: Translating: 0x108c0->0x8c0
 593000: board.cache_hierarchy.l1i-cache-0: access for ReadReq [8c0:8ff] IF hit state: 6 (E) writable: 1 readable: 1 dirty: 0 prefetched: 0 | tag: 0 secure: 0 valid: 1 | set: 0x23 way: 0
 554000: board.processor.cores.core: 0x108fc    : c_sd a1, 8(a4)             : 
 594000: board.cache_hierarchy.l1d-cache-0: recvTimingResp: Handling response WriteResp [3668:366f] type=MemWrite UC
 594000: board.cache_hierarchy.l2-cache-0: recvTimingResp: Handling response WriteResp [3670:3677] type=MemWrite UC
 594000: board.cache_hierarchy.l1d-cache-0: sendWriteQueuePacket: write WriteReq [36f0:36f7] type=MemWrite UC
 594000: board.cache_hierarchy.l2-cache-0: access for WriteReq [36f0:36f7] type=MemWrite UC
 594000: board.cache_hierarchy.l1d-cache-0: Unblocking for cause 1, mask=0
 594000: board.processor.cores.core.workload: Translating: 0x13750->0x3750
 594001: board.cache_hierarchy.l1d-cache-0: sendWriteQueuePacket: write WriteReq [36f8:36ff] type=MemWrite UC
 594001: board.cache_hierarchy.l1d-cache-0: access for WriteReq [3730:3737] type=MemWrite UC
 594001: board.cache_hierarchy.l1d-cache-0: Blocking for cause 1, mask=2
 595000: board.cache_hierarchy.l2-cache-0: sendWriteQueuePacket: write WriteReq [36c8:36cf] type=MemWrite UC
 595000: board.cache_hierarchy.l2-cache-0: sendWriteQueuePacket: write WriteReq [36c8:36cf] type=MemWrite UC
 595000: board.processor.cores.core.workload: Translating: 0x13758->0x3758
 556000: board.processor.cores.core: 0x108fe    : c_addi a4, 16              : 
 596000: board.cache_hierarchy.l1d-cache-0: recvTimingResp: Handling response WriteResp [3670:3677] type=MemWrite UC
 596000: board.cache_hierarchy.l1d-cache-0: sendWriteQueuePacket: write WriteReq [36f8:36ff] type=MemWrite UC
 596000: board.cache_hierarchy.l2-cache-0: access for WriteReq [36f8:36ff] type=MemWrite UC
 596000: board.cache_hierarchy.l1d-cache-0: Unblocking for cause 1, mask=0
 596000: board.cache_hierarchy.l2-cache-0: recvTimingResp: Handling response WriteResp [3678:367f] type=MemWrite UC
 596000: board.processor.cores.core.workload: Translating: 0x10900->0x900
 596000: board.cache_hierarchy.l1i-cache-0: access for ReadReq [900:93f] IF hit state: 6 (E) writable: 1 readable: 1 dirty: 0 prefetched: 0 | tag: 0 secure: 0 valid: 1 | set: 0x24 way: 0
 557000: board.processor.cores.core: 0x10900    : bltu a4, a3, -6            : 
 558000: board.processor.cores.core: 0x108fa    : c_sd a1, 0(a4)             : 
 596001: board.cache_hierarchy.l1d-cache-0: sendWriteQueuePacket: write WriteReq [3700:3707] type=MemWrite UC
 596001: board.cache_hierarchy.l1d-cache-0: access for WriteReq [3738:373f] type=MemWrite UC
 596001: board.cache_hierarchy.l1d-cache-0: Blocking for cause 1, mask=2
 597000: board.cache_hierarchy.l2-cache-0: sendWriteQueuePacket: write WriteReq [36d0:36d7] type=MemWrite UC
 597000: board.cache_hierarchy.l2-cache-0: sendWriteQueuePacket: write WriteReq [36d0:36d7] type=MemWrite UC
 597000: board.processor.cores.core.workload: Translating: 0x108c0->0x8c0
 597000: board.cache_hierarchy.l1i-cache-0: access for ReadReq [8c0:8ff] IF hit state: 6 (E) writable: 1 readable: 1 dirty: 0 prefetched: 0 | tag: 0 secure: 0 valid: 1 | set: 0x23 way: 0
 558000: board.processor.cores.core: 0x108fc    : c_sd a1, 8(a4)             : 
 598000: board.cache_hierarchy.l1d-cache-0: recvTimingResp: Handling response WriteResp [3678:367f] type=MemWrite UC
 598000: board.cache_hierarchy.l2-cache-0: recvTimingResp: Handling response WriteResp [3680:3687] type=MemWrite UC
 598000: board.cache_hierarchy.l1d-cache-0: sendWriteQueuePacket: write WriteReq [3700:3707] type=MemWrite UC
 598000: board.cache_hierarchy.l2-cache-0: access for WriteReq [3700:3707] type=MemWrite UC
 598000: board.cache_hierarchy.l1d-cache-0: Unblocking for cause 1, mask=0
 598000: board.processor.cores.core.workload: Translating: 0x13760->0x3760
 598001: board.cache_hierarchy.l1d-cache-0: sendWriteQueuePacket: write WriteReq [3708:370f] type=MemWrite UC
 598001: board.cache_hierarchy.l1d-cache-0: access for WriteReq [3740:3747] type=MemWrite UC
 598001: board.cache_hierarchy.l1d-cache-0: Blocking for cause 1, mask=2
 599000: board.cache_hierarchy.l2-cache-0: sendWriteQueuePacket: write WriteReq [36d8:36df] type=MemWrite UC
 599000: board.cache_hierarchy.l2-cache-0: sendWriteQueuePacket: write WriteReq [36d8:36df] type=MemWrite UC
 599000: board.processor.cores.core.workload: Translating: 0x13768->0x3768
 560000: board.processor.cores.core: 0x108fe    : c_addi a4, 16              : 
 600000: board.cache_hierarchy.l1d-cache-0: recvTimingResp: Handling response WriteResp [3680:3687] type=MemWrite UC
 600000: board.cache_hierarchy.l1d-cache-0: sendWriteQueuePacket: write WriteReq [3708:370f] type=MemWrite UC
 600000: board.cache_hierarchy.l2-cache-0: access for WriteReq [3708:370f] type=MemWrite UC
 600000: board.cache_hierarchy.l1d-cache-0: Unblocking for cause 1, mask=0
 600000: board.cache_hierarchy.l2-cache-0: recvTimingResp: Handling response WriteResp [3688:368f] type=MemWrite UC
 600000: board.processor.cores.core.workload: Translating: 0x10900->0x900
 600000: board.cache_hierarchy.l1i-cache-0: access for ReadReq [900:93f] IF hit state: 6 (E) writable: 1 readable: 1 dirty: 0 prefetched: 0 | tag: 0 secure: 0 valid: 1 | set: 0x24 way: 0
 561000: board.processor.cores.core: 0x10900    : bltu a4, a3, -6            : 
 562000: board.processor.cores.core: 0x108fa    : c_sd a1, 0(a4)             : 
 600001: board.cache_hierarchy.l1d-cache-0: sendWriteQueuePacket: write WriteReq [3710:3717] type=MemWrite UC
 600001: board.cache_hierarchy.l1d-cache-0: access for WriteReq [3748:374f] type=MemWrite UC
 600001: board.cache_hierarchy.l1d-cache-0: Blocking for cause 1, mask=2
 601000: board.cache_hierarchy.l2-cache-0: sendWriteQueuePacket: write WriteReq [36e0:36e7] type=MemWrite UC
 601000: board.cache_hierarchy.l2-cache-0: sendWriteQueuePacket: write WriteReq [36e0:36e7] type=MemWrite UC
 601000: board.processor.cores.core.workload: Translating: 0x108c0->0x8c0
 601000: board.cache_hierarchy.l1i-cache-0: access for ReadReq [8c0:8ff] IF hit state: 6 (E) writable: 1 readable: 1 dirty: 0 prefetched: 0 | tag: 0 secure: 0 valid: 1 | set: 0x23 way: 0
 562000: board.processor.cores.core: 0x108fc    : c_sd a1, 8(a4)             : 
 602000: board.cache_hierarchy.l1d-cache-0: recvTimingResp: Handling response WriteResp [3688:368f] type=MemWrite UC
 602000: board.cache_hierarchy.l2-cache-0: recvTimingResp: Handling response WriteResp [3690:3697] type=MemWrite UC
 602000: board.cache_hierarchy.l1d-cache-0: sendWriteQueuePacket: write WriteReq [3710:3717] type=MemWrite UC
 602000: board.cache_hierarchy.l2-cache-0: access for WriteReq [3710:3717] type=MemWrite UC
 602000: board.cache_hierarchy.l1d-cache-0: Unblocking for cause 1, mask=0
 602000: board.processor.cores.core.workload: Translating: 0x13770->0x3770
 602001: board.cache_hierarchy.l1d-cache-0: sendWriteQueuePacket: write WriteReq [3718:371f] type=MemWrite UC
 602001: board.cache_hierarchy.l1d-cache-0: access for WriteReq [3750:3757] type=MemWrite UC
 602001: board.cache_hierarchy.l1d-cache-0: Blocking for cause 1, mask=2
 603000: board.cache_hierarchy.l2-cache-0: sendWriteQueuePacket: write WriteReq [36e8:36ef] type=MemWrite UC
 603000: board.cache_hierarchy.l2-cache-0: sendWriteQueuePacket: write WriteReq [36e8:36ef] type=MemWrite UC
 603000: board.processor.cores.core.workload: Translating: 0x13778->0x3778
 564000: board.processor.cores.core: 0x108fe    : c_addi a4, 16              : 
 604000: board.cache_hierarchy.l1d-cache-0: recvTimingResp: Handling response WriteResp [3690:3697] type=MemWrite UC
 604000: board.cache_hierarchy.l1d-cache-0: sendWriteQueuePacket: write WriteReq [3718:371f] type=MemWrite UC
 604000: board.cache_hierarchy.l2-cache-0: access for WriteReq [3718:371f] type=MemWrite UC
 604000: board.cache_hierarchy.l1d-cache-0: Unblocking for cause 1, mask=0
 604000: board.cache_hierarchy.l2-cache-0: recvTimingResp: Handling response WriteResp [3698:369f] type=MemWrite UC
 604000: board.processor.cores.core.workload: Translating: 0x10900->0x900
 604000: board.cache_hierarchy.l1i-cache-0: access for ReadReq [900:93f] IF hit state: 6 (E) writable: 1 readable: 1 dirty: 0 prefetched: 0 | tag: 0 secure: 0 valid: 1 | set: 0x24 way: 0
 565000: board.processor.cores.core: 0x10900    : bltu a4, a3, -6            : 
 566000: board.processor.cores.core: 0x108fa    : c_sd a1, 0(a4)             : 
 604001: board.cache_hierarchy.l1d-cache-0: sendWriteQueuePacket: write WriteReq [3720:3727] type=MemWrite UC
 604001: board.cache_hierarchy.l1d-cache-0: access for WriteReq [3758:375f] type=MemWrite UC
 604001: board.cache_hierarchy.l1d-cache-0: Blocking for cause 1, mask=2
 605000: board.cache_hierarchy.l2-cache-0: sendWriteQueuePacket: write WriteReq [36f0:36f7] type=MemWrite UC
 605000: board.cache_hierarchy.l2-cache-0: sendWriteQueuePacket: write WriteReq [36f0:36f7] type=MemWrite UC
 605000: board.processor.cores.core.workload: Translating: 0x108c0->0x8c0
 605000: board.cache_hierarchy.l1i-cache-0: access for ReadReq [8c0:8ff] IF hit state: 6 (E) writable: 1 readable: 1 dirty: 0 prefetched: 0 | tag: 0 secure: 0 valid: 1 | set: 0x23 way: 0
 566000: board.processor.cores.core: 0x108fc    : c_sd a1, 8(a4)             : 
 606000: board.cache_hierarchy.l1d-cache-0: recvTimingResp: Handling response WriteResp [3698:369f] type=MemWrite UC
 606000: board.cache_hierarchy.l2-cache-0: recvTimingResp: Handling response WriteResp [36a0:36a7] type=MemWrite UC
 606000: board.cache_hierarchy.l1d-cache-0: sendWriteQueuePacket: write WriteReq [3720:3727] type=MemWrite UC
 606000: board.cache_hierarchy.l2-cache-0: access for WriteReq [3720:3727] type=MemWrite UC
 606000: board.cache_hierarchy.l1d-cache-0: Unblocking for cause 1, mask=0
 606000: board.processor.cores.core.workload: Translating: 0x13780->0x3780
 606001: board.cache_hierarchy.l1d-cache-0: sendWriteQueuePacket: write WriteReq [3728:372f] type=MemWrite UC
 606001: board.cache_hierarchy.l1d-cache-0: access for WriteReq [3760:3767] type=MemWrite UC
 606001: board.cache_hierarchy.l1d-cache-0: Blocking for cause 1, mask=2
 607000: board.cache_hierarchy.l2-cache-0: sendWriteQueuePacket: write WriteReq [36f8:36ff] type=MemWrite UC
 607000: board.cache_hierarchy.l2-cache-0: sendWriteQueuePacket: write WriteReq [36f8:36ff] type=MemWrite UC
 607000: board.processor.cores.core.workload: Translating: 0x13788->0x3788
 568000: board.processor.cores.core: 0x108fe    : c_addi a4, 16              : 
 608000: board.cache_hierarchy.l1d-cache-0: recvTimingResp: Handling response WriteResp [36a0:36a7] type=MemWrite UC
 608000: board.cache_hierarchy.l1d-cache-0: sendWriteQueuePacket: write WriteReq [3728:372f] type=MemWrite UC
 608000: board.cache_hierarchy.l2-cache-0: access for WriteReq [3728:372f] type=MemWrite UC
 608000: board.cache_hierarchy.l1d-cache-0: Unblocking for cause 1, mask=0
 608000: board.cache_hierarchy.l2-cache-0: recvTimingResp: Handling response WriteResp [36a8:36af] type=MemWrite UC
 608000: board.processor.cores.core.workload: Translating: 0x10900->0x900
 608000: board.cache_hierarchy.l1i-cache-0: access for ReadReq [900:93f] IF hit state: 6 (E) writable: 1 readable: 1 dirty: 0 prefetched: 0 | tag: 0 secure: 0 valid: 1 | set: 0x24 way: 0
 569000: board.processor.cores.core: 0x10900    : bltu a4, a3, -6            : 
 570000: board.processor.cores.core: 0x108fa    : c_sd a1, 0(a4)             : 
 608001: board.cache_hierarchy.l1d-cache-0: sendWriteQueuePacket: write WriteReq [3730:3737] type=MemWrite UC
 608001: board.cache_hierarchy.l1d-cache-0: access for WriteReq [3768:376f] type=MemWrite UC
 608001: board.cache_hierarchy.l1d-cache-0: Blocking for cause 1, mask=2
 609000: board.cache_hierarchy.l2-cache-0: sendWriteQueuePacket: write WriteReq [3700:3707] type=MemWrite UC
 609000: board.cache_hierarchy.l2-cache-0: sendWriteQueuePacket: write WriteReq [3700:3707] type=MemWrite UC
 609000: board.processor.cores.core.workload: Translating: 0x108c0->0x8c0
 609000: board.cache_hierarchy.l1i-cache-0: access for ReadReq [8c0:8ff] IF hit state: 6 (E) writable: 1 readable: 1 dirty: 0 prefetched: 0 | tag: 0 secure: 0 valid: 1 | set: 0x23 way: 0
 570000: board.processor.cores.core: 0x108fc    : c_sd a1, 8(a4)             : 
 610000: board.cache_hierarchy.l1d-cache-0: recvTimingResp: Handling response WriteResp [36a8:36af] type=MemWrite UC
 610000: board.cache_hierarchy.l2-cache-0: recvTimingResp: Handling response WriteResp [36b0:36b7] type=MemWrite UC
 610000: board.cache_hierarchy.l1d-cache-0: sendWriteQueuePacket: write WriteReq [3730:3737] type=MemWrite UC
 610000: board.cache_hierarchy.l2-cache-0: access for WriteReq [3730:3737] type=MemWrite UC
 610000: board.cache_hierarchy.l1d-cache-0: Unblocking for cause 1, mask=0
 610000: board.processor.cores.core.workload: Translating: 0x13790->0x3790
 610001: board.cache_hierarchy.l1d-cache-0: sendWriteQueuePacket: write WriteReq [3738:373f] type=MemWrite UC
 610001: board.cache_hierarchy.l1d-cache-0: access for WriteReq [3770:3777] type=MemWrite UC
 610001: board.cache_hierarchy.l1d-cache-0: Blocking for cause 1, mask=2
 611000: board.cache_hierarchy.l2-cache-0: sendWriteQueuePacket: write WriteReq [3708:370f] type=MemWrite UC
 611000: board.cache_hierarchy.l2-cache-0: sendWriteQueuePacket: write WriteReq [3708:370f] type=MemWrite UC
 611000: board.processor.cores.core.workload: Translating: 0x13798->0x3798
 572000: board.processor.cores.core: 0x108fe    : c_addi a4, 16              : 
 612000: board.cache_hierarchy.l1d-cache-0: recvTimingResp: Handling response WriteResp [36b0:36b7] type=MemWrite UC
 612000: board.cache_hierarchy.l1d-cache-0: sendWriteQueuePacket: write WriteReq [3738:373f] type=MemWrite UC
 612000: board.cache_hierarchy.l2-cache-0: access for WriteReq [3738:373f] type=MemWrite UC
 612000: board.cache_hierarchy.l1d-cache-0: Unblocking for cause 1, mask=0
 612000: board.cache_hierarchy.l2-cache-0: recvTimingResp: Handling response WriteResp [36b8:36bf] type=MemWrite UC
 612000: board.processor.cores.core.workload: Translating: 0x10900->0x900
 612000: board.cache_hierarchy.l1i-cache-0: access for ReadReq [900:93f] IF hit state: 6 (E) writable: 1 readable: 1 dirty: 0 prefetched: 0 | tag: 0 secure: 0 valid: 1 | set: 0x24 way: 0
 573000: board.processor.cores.core: 0x10900    : bltu a4, a3, -6            : 
 574000: board.processor.cores.core: 0x108fa    : c_sd a1, 0(a4)             : 
 612001: board.cache_hierarchy.l1d-cache-0: sendWriteQueuePacket: write WriteReq [3740:3747] type=MemWrite UC
 612001: board.cache_hierarchy.l1d-cache-0: access for WriteReq [3778:377f] type=MemWrite UC
 612001: board.cache_hierarchy.l1d-cache-0: Blocking for cause 1, mask=2
 613000: board.cache_hierarchy.l2-cache-0: sendWriteQueuePacket: write WriteReq [3710:3717] type=MemWrite UC
 613000: board.cache_hierarchy.l2-cache-0: sendWriteQueuePacket: write WriteReq [3710:3717] type=MemWrite UC
 613000: board.processor.cores.core.workload: Translating: 0x108c0->0x8c0
 613000: board.cache_hierarchy.l1i-cache-0: access for ReadReq [8c0:8ff] IF hit state: 6 (E) writable: 1 readable: 1 dirty: 0 prefetched: 0 | tag: 0 secure: 0 valid: 1 | set: 0x23 way: 0
 574000: board.processor.cores.core: 0x108fc    : c_sd a1, 8(a4)             : 
 614000: board.cache_hierarchy.l1d-cache-0: recvTimingResp: Handling response WriteResp [36b8:36bf] type=MemWrite UC
 614000: board.cache_hierarchy.l2-cache-0: recvTimingResp: Handling response WriteResp [36c0:36c7] type=MemWrite UC
 614000: board.cache_hierarchy.l1d-cache-0: sendWriteQueuePacket: write WriteReq [3740:3747] type=MemWrite UC
 614000: board.cache_hierarchy.l2-cache-0: access for WriteReq [3740:3747] type=MemWrite UC
 614000: board.cache_hierarchy.l1d-cache-0: Unblocking for cause 1, mask=0
 614000: board.processor.cores.core.workload: Translating: 0x137a0->0x37a0
 614001: board.cache_hierarchy.l1d-cache-0: sendWriteQueuePacket: write WriteReq [3748:374f] type=MemWrite UC
 614001: board.cache_hierarchy.l1d-cache-0: access for WriteReq [3780:3787] type=MemWrite UC
 614001: board.cache_hierarchy.l1d-cache-0: Blocking for cause 1, mask=2
 615000: board.cache_hierarchy.l2-cache-0: sendWriteQueuePacket: write WriteReq [3718:371f] type=MemWrite UC
 615000: board.cache_hierarchy.l2-cache-0: sendWriteQueuePacket: write WriteReq [3718:371f] type=MemWrite UC
 615000: board.processor.cores.core.workload: Translating: 0x137a8->0x37a8
 576000: board.processor.cores.core: 0x108fe    : c_addi a4, 16              : 
 616000: board.cache_hierarchy.l1d-cache-0: recvTimingResp: Handling response WriteResp [36c0:36c7] type=MemWrite UC
 616000: board.cache_hierarchy.l1d-cache-0: sendWriteQueuePacket: write WriteReq [3748:374f] type=MemWrite UC
 616000: board.cache_hierarchy.l2-cache-0: access for WriteReq [3748:374f] type=MemWrite UC
 616000: board.cache_hierarchy.l1d-cache-0: Unblocking for cause 1, mask=0
 616000: board.cache_hierarchy.l2-cache-0: recvTimingResp: Handling response WriteResp [36c8:36cf] type=MemWrite UC
 616000: board.processor.cores.core.workload: Translating: 0x10900->0x900
 616000: board.cache_hierarchy.l1i-cache-0: access for ReadReq [900:93f] IF hit state: 6 (E) writable: 1 readable: 1 dirty: 0 prefetched: 0 | tag: 0 secure: 0 valid: 1 | set: 0x24 way: 0
 577000: board.processor.cores.core: 0x10900    : bltu a4, a3, -6            : 
 578000: board.processor.cores.core: 0x108fa    : c_sd a1, 0(a4)             : 
 616001: board.cache_hierarchy.l1d-cache-0: sendWriteQueuePacket: write WriteReq [3750:3757] type=MemWrite UC
 616001: board.cache_hierarchy.l1d-cache-0: access for WriteReq [3788:378f] type=MemWrite UC
 616001: board.cache_hierarchy.l1d-cache-0: Blocking for cause 1, mask=2
 617000: board.cache_hierarchy.l2-cache-0: sendWriteQueuePacket: write WriteReq [3720:3727] type=MemWrite UC
 617000: board.cache_hierarchy.l2-cache-0: sendWriteQueuePacket: write WriteReq [3720:3727] type=MemWrite UC
 617000: board.processor.cores.core.workload: Translating: 0x108c0->0x8c0
 617000: board.cache_hierarchy.l1i-cache-0: access for ReadReq [8c0:8ff] IF hit state: 6 (E) writable: 1 readable: 1 dirty: 0 prefetched: 0 | tag: 0 secure: 0 valid: 1 | set: 0x23 way: 0
 578000: board.processor.cores.core: 0x108fc    : c_sd a1, 8(a4)             : 
 618000: board.cache_hierarchy.l1d-cache-0: recvTimingResp: Handling response WriteResp [36c8:36cf] type=MemWrite UC
 618000: board.cache_hierarchy.l2-cache-0: recvTimingResp: Handling response WriteResp [36d0:36d7] type=MemWrite UC
 618000: board.cache_hierarchy.l1d-cache-0: sendWriteQueuePacket: write WriteReq [3750:3757] type=MemWrite UC
 618000: board.cache_hierarchy.l2-cache-0: access for WriteReq [3750:3757] type=MemWrite UC
 618000: board.cache_hierarchy.l1d-cache-0: Unblocking for cause 1, mask=0
 618000: board.processor.cores.core.workload: Translating: 0x137b0->0x37b0
 618001: board.cache_hierarchy.l1d-cache-0: sendWriteQueuePacket: write WriteReq [3758:375f] type=MemWrite UC
 618001: board.cache_hierarchy.l1d-cache-0: access for WriteReq [3790:3797] type=MemWrite UC
 618001: board.cache_hierarchy.l1d-cache-0: Blocking for cause 1, mask=2
 619000: board.cache_hierarchy.l2-cache-0: sendWriteQueuePacket: write WriteReq [3728:372f] type=MemWrite UC
 619000: board.cache_hierarchy.l2-cache-0: sendWriteQueuePacket: write WriteReq [3728:372f] type=MemWrite UC
 619000: board.processor.cores.core.workload: Translating: 0x137b8->0x37b8
 580000: board.processor.cores.core: 0x108fe    : c_addi a4, 16              : 
 620000: board.cache_hierarchy.l1d-cache-0: recvTimingResp: Handling response WriteResp [36d0:36d7] type=MemWrite UC
 620000: board.cache_hierarchy.l1d-cache-0: sendWriteQueuePacket: write WriteReq [3758:375f] type=MemWrite UC
 620000: board.cache_hierarchy.l2-cache-0: access for WriteReq [3758:375f] type=MemWrite UC
 620000: board.cache_hierarchy.l1d-cache-0: Unblocking for cause 1, mask=0
 620000: board.cache_hierarchy.l2-cache-0: recvTimingResp: Handling response WriteResp [36d8:36df] type=MemWrite UC
 620000: board.processor.cores.core.workload: Translating: 0x10900->0x900
 620000: board.cache_hierarchy.l1i-cache-0: access for ReadReq [900:93f] IF hit state: 6 (E) writable: 1 readable: 1 dirty: 0 prefetched: 0 | tag: 0 secure: 0 valid: 1 | set: 0x24 way: 0
 581000: board.processor.cores.core: 0x10900    : bltu a4, a3, -6            : 
 582000: board.processor.cores.core: 0x108fa    : c_sd a1, 0(a4)             : 
 620001: board.cache_hierarchy.l1d-cache-0: sendWriteQueuePacket: write WriteReq [3760:3767] type=MemWrite UC
 620001: board.cache_hierarchy.l1d-cache-0: access for WriteReq [3798:379f] type=MemWrite UC
 620001: board.cache_hierarchy.l1d-cache-0: Blocking for cause 1, mask=2
 621000: board.cache_hierarchy.l2-cache-0: sendWriteQueuePacket: write WriteReq [3730:3737] type=MemWrite UC
 621000: board.cache_hierarchy.l2-cache-0: sendWriteQueuePacket: write WriteReq [3730:3737] type=MemWrite UC
 621000: board.processor.cores.core.workload: Translating: 0x108c0->0x8c0
 621000: board.cache_hierarchy.l1i-cache-0: access for ReadReq [8c0:8ff] IF hit state: 6 (E) writable: 1 readable: 1 dirty: 0 prefetched: 0 | tag: 0 secure: 0 valid: 1 | set: 0x23 way: 0
 582000: board.processor.cores.core: 0x108fc    : c_sd a1, 8(a4)             : 
 622000: board.cache_hierarchy.l1d-cache-0: recvTimingResp: Handling response WriteResp [36d8:36df] type=MemWrite UC
 622000: board.cache_hierarchy.l2-cache-0: recvTimingResp: Handling response WriteResp [36e0:36e7] type=MemWrite UC
 622000: board.cache_hierarchy.l1d-cache-0: sendWriteQueuePacket: write WriteReq [3760:3767] type=MemWrite UC
 622000: board.cache_hierarchy.l2-cache-0: access for WriteReq [3760:3767] type=MemWrite UC
 622000: board.cache_hierarchy.l1d-cache-0: Unblocking for cause 1, mask=0
 622000: board.processor.cores.core.workload: Translating: 0x137c0->0x37c0
 622001: board.cache_hierarchy.l1d-cache-0: sendWriteQueuePacket: write WriteReq [3768:376f] type=MemWrite UC
 622001: board.cache_hierarchy.l1d-cache-0: access for WriteReq [37a0:37a7] type=MemWrite UC
 622001: board.cache_hierarchy.l1d-cache-0: Blocking for cause 1, mask=2
 623000: board.cache_hierarchy.l2-cache-0: sendWriteQueuePacket: write WriteReq [3738:373f] type=MemWrite UC
 623000: board.cache_hierarchy.l2-cache-0: sendWriteQueuePacket: write WriteReq [3738:373f] type=MemWrite UC
 623000: board.processor.cores.core.workload: Translating: 0x137c8->0x37c8
 584000: board.processor.cores.core: 0x108fe    : c_addi a4, 16              : 
 624000: board.cache_hierarchy.l1d-cache-0: recvTimingResp: Handling response WriteResp [36e0:36e7] type=MemWrite UC
 624000: board.cache_hierarchy.l1d-cache-0: sendWriteQueuePacket: write WriteReq [3768:376f] type=MemWrite UC
 624000: board.cache_hierarchy.l2-cache-0: access for WriteReq [3768:376f] type=MemWrite UC
 624000: board.cache_hierarchy.l1d-cache-0: Unblocking for cause 1, mask=0
 624000: board.cache_hierarchy.l2-cache-0: recvTimingResp: Handling response WriteResp [36e8:36ef] type=MemWrite UC
 624000: board.processor.cores.core.workload: Translating: 0x10900->0x900
 624000: board.cache_hierarchy.l1i-cache-0: access for ReadReq [900:93f] IF hit state: 6 (E) writable: 1 readable: 1 dirty: 0 prefetched: 0 | tag: 0 secure: 0 valid: 1 | set: 0x24 way: 0
 585000: board.processor.cores.core: 0x10900    : bltu a4, a3, -6            : 
 586000: board.processor.cores.core: 0x108fa    : c_sd a1, 0(a4)             : 
 624001: board.cache_hierarchy.l1d-cache-0: sendWriteQueuePacket: write WriteReq [3770:3777] type=MemWrite UC
 624001: board.cache_hierarchy.l1d-cache-0: access for WriteReq [37a8:37af] type=MemWrite UC
 624001: board.cache_hierarchy.l1d-cache-0: Blocking for cause 1, mask=2
 625000: board.cache_hierarchy.l2-cache-0: sendWriteQueuePacket: write WriteReq [3740:3747] type=MemWrite UC
 625000: board.cache_hierarchy.l2-cache-0: sendWriteQueuePacket: write WriteReq [3740:3747] type=MemWrite UC
 625000: board.processor.cores.core.workload: Translating: 0x108c0->0x8c0
 625000: board.cache_hierarchy.l1i-cache-0: access for ReadReq [8c0:8ff] IF hit state: 6 (E) writable: 1 readable: 1 dirty: 0 prefetched: 0 | tag: 0 secure: 0 valid: 1 | set: 0x23 way: 0
 586000: board.processor.cores.core: 0x108fc    : c_sd a1, 8(a4)             : 
 626000: board.cache_hierarchy.l1d-cache-0: recvTimingResp: Handling response WriteResp [36e8:36ef] type=MemWrite UC
 626000: board.cache_hierarchy.l2-cache-0: recvTimingResp: Handling response WriteResp [36f0:36f7] type=MemWrite UC
 626000: board.cache_hierarchy.l1d-cache-0: sendWriteQueuePacket: write WriteReq [3770:3777] type=MemWrite UC
 626000: board.cache_hierarchy.l2-cache-0: access for WriteReq [3770:3777] type=MemWrite UC
 626000: board.cache_hierarchy.l1d-cache-0: Unblocking for cause 1, mask=0
 626000: board.processor.cores.core.workload: Translating: 0x137d0->0x37d0
 626001: board.cache_hierarchy.l1d-cache-0: sendWriteQueuePacket: write WriteReq [3778:377f] type=MemWrite UC
 626001: board.cache_hierarchy.l1d-cache-0: access for WriteReq [37b0:37b7] type=MemWrite UC
 626001: board.cache_hierarchy.l1d-cache-0: Blocking for cause 1, mask=2
 627000: board.cache_hierarchy.l2-cache-0: sendWriteQueuePacket: write WriteReq [3748:374f] type=MemWrite UC
 627000: board.cache_hierarchy.l2-cache-0: sendWriteQueuePacket: write WriteReq [3748:374f] type=MemWrite UC
 627000: board.processor.cores.core.workload: Translating: 0x137d8->0x37d8
 588000: board.processor.cores.core: 0x108fe    : c_addi a4, 16              : 
 628000: board.cache_hierarchy.l1d-cache-0: recvTimingResp: Handling response WriteResp [36f0:36f7] type=MemWrite UC
 628000: board.cache_hierarchy.l1d-cache-0: sendWriteQueuePacket: write WriteReq [3778:377f] type=MemWrite UC
 628000: board.cache_hierarchy.l2-cache-0: access for WriteReq [3778:377f] type=MemWrite UC
 628000: board.cache_hierarchy.l1d-cache-0: Unblocking for cause 1, mask=0
 628000: board.cache_hierarchy.l2-cache-0: recvTimingResp: Handling response WriteResp [36f8:36ff] type=MemWrite UC
 628000: board.processor.cores.core.workload: Translating: 0x10900->0x900
 628000: board.cache_hierarchy.l1i-cache-0: access for ReadReq [900:93f] IF hit state: 6 (E) writable: 1 readable: 1 dirty: 0 prefetched: 0 | tag: 0 secure: 0 valid: 1 | set: 0x24 way: 0
 589000: board.processor.cores.core: 0x10900    : bltu a4, a3, -6            : 
 590000: board.processor.cores.core: 0x108fa    : c_sd a1, 0(a4)             : 
 628001: board.cache_hierarchy.l1d-cache-0: sendWriteQueuePacket: write WriteReq [3780:3787] type=MemWrite UC
 628001: board.cache_hierarchy.l1d-cache-0: access for WriteReq [37b8:37bf] type=MemWrite UC
 628001: board.cache_hierarchy.l1d-cache-0: Blocking for cause 1, mask=2
 629000: board.cache_hierarchy.l2-cache-0: sendWriteQueuePacket: write WriteReq [3750:3757] type=MemWrite UC
 629000: board.cache_hierarchy.l2-cache-0: sendWriteQueuePacket: write WriteReq [3750:3757] type=MemWrite UC
 629000: board.processor.cores.core.workload: Translating: 0x108c0->0x8c0
 629000: board.cache_hierarchy.l1i-cache-0: access for ReadReq [8c0:8ff] IF hit state: 6 (E) writable: 1 readable: 1 dirty: 0 prefetched: 0 | tag: 0 secure: 0 valid: 1 | set: 0x23 way: 0
 590000: board.processor.cores.core: 0x108fc    : c_sd a1, 8(a4)             : 
 630000: board.cache_hierarchy.l1d-cache-0: recvTimingResp: Handling response WriteResp [36f8:36ff] type=MemWrite UC
 630000: board.cache_hierarchy.l2-cache-0: recvTimingResp: Handling response WriteResp [3700:3707] type=MemWrite UC
 630000: board.cache_hierarchy.l1d-cache-0: sendWriteQueuePacket: write WriteReq [3780:3787] type=MemWrite UC
 630000: board.cache_hierarchy.l2-cache-0: access for WriteReq [3780:3787] type=MemWrite UC
 630000: board.cache_hierarchy.l1d-cache-0: Unblocking for cause 1, mask=0
 630000: board.processor.cores.core.workload: Translating: 0x137e0->0x37e0
 630001: board.cache_hierarchy.l1d-cache-0: sendWriteQueuePacket: write WriteReq [3788:378f] type=MemWrite UC
 630001: board.cache_hierarchy.l1d-cache-0: access for WriteReq [37c0:37c7] type=MemWrite UC
 630001: board.cache_hierarchy.l1d-cache-0: Blocking for cause 1, mask=2
 631000: board.cache_hierarchy.l2-cache-0: sendWriteQueuePacket: write WriteReq [3758:375f] type=MemWrite UC
 631000: board.cache_hierarchy.l2-cache-0: sendWriteQueuePacket: write WriteReq [3758:375f] type=MemWrite UC
 631000: board.processor.cores.core.workload: Translating: 0x137e8->0x37e8
 592000: board.processor.cores.core: 0x108fe    : c_addi a4, 16              : 
 632000: board.cache_hierarchy.l1d-cache-0: recvTimingResp: Handling response WriteResp [3700:3707] type=MemWrite UC
 632000: board.cache_hierarchy.l1d-cache-0: sendWriteQueuePacket: write WriteReq [3788:378f] type=MemWrite UC
 632000: board.cache_hierarchy.l2-cache-0: access for WriteReq [3788:378f] type=MemWrite UC
 632000: board.cache_hierarchy.l1d-cache-0: Unblocking for cause 1, mask=0
 632000: board.cache_hierarchy.l2-cache-0: recvTimingResp: Handling response WriteResp [3708:370f] type=MemWrite UC
 632000: board.processor.cores.core.workload: Translating: 0x10900->0x900
 632000: board.cache_hierarchy.l1i-cache-0: access for ReadReq [900:93f] IF hit state: 6 (E) writable: 1 readable: 1 dirty: 0 prefetched: 0 | tag: 0 secure: 0 valid: 1 | set: 0x24 way: 0
 593000: board.processor.cores.core: 0x10900    : bltu a4, a3, -6            : 
 594000: board.processor.cores.core: 0x108fa    : c_sd a1, 0(a4)             : 
 632001: board.cache_hierarchy.l1d-cache-0: sendWriteQueuePacket: write WriteReq [3790:3797] type=MemWrite UC
 632001: board.cache_hierarchy.l1d-cache-0: access for WriteReq [37c8:37cf] type=MemWrite UC
 632001: board.cache_hierarchy.l1d-cache-0: Blocking for cause 1, mask=2
 633000: board.cache_hierarchy.l2-cache-0: sendWriteQueuePacket: write WriteReq [3760:3767] type=MemWrite UC
 633000: board.cache_hierarchy.l2-cache-0: sendWriteQueuePacket: write WriteReq [3760:3767] type=MemWrite UC
 633000: board.processor.cores.core.workload: Translating: 0x108c0->0x8c0
 633000: board.cache_hierarchy.l1i-cache-0: access for ReadReq [8c0:8ff] IF hit state: 6 (E) writable: 1 readable: 1 dirty: 0 prefetched: 0 | tag: 0 secure: 0 valid: 1 | set: 0x23 way: 0
 594000: board.processor.cores.core: 0x108fc    : c_sd a1, 8(a4)             : 
 634000: board.cache_hierarchy.l1d-cache-0: recvTimingResp: Handling response WriteResp [3708:370f] type=MemWrite UC
 634000: board.cache_hierarchy.l2-cache-0: recvTimingResp: Handling response WriteResp [3710:3717] type=MemWrite UC
 634000: board.cache_hierarchy.l1d-cache-0: sendWriteQueuePacket: write WriteReq [3790:3797] type=MemWrite UC
 634000: board.cache_hierarchy.l2-cache-0: access for WriteReq [3790:3797] type=MemWrite UC
 634000: board.cache_hierarchy.l1d-cache-0: Unblocking for cause 1, mask=0
 634000: board.processor.cores.core.workload: Translating: 0x137f0->0x37f0
 634001: board.cache_hierarchy.l1d-cache-0: sendWriteQueuePacket: write WriteReq [3798:379f] type=MemWrite UC
 634001: board.cache_hierarchy.l1d-cache-0: access for WriteReq [37d0:37d7] type=MemWrite UC
 634001: board.cache_hierarchy.l1d-cache-0: Blocking for cause 1, mask=2
 635000: board.cache_hierarchy.l2-cache-0: sendWriteQueuePacket: write WriteReq [3768:376f] type=MemWrite UC
 635000: board.cache_hierarchy.l2-cache-0: sendWriteQueuePacket: write WriteReq [3768:376f] type=MemWrite UC
 635000: board.processor.cores.core.workload: Translating: 0x137f8->0x37f8
 596000: board.processor.cores.core: 0x108fe    : c_addi a4, 16              : 
 636000: board.cache_hierarchy.l1d-cache-0: recvTimingResp: Handling response WriteResp [3710:3717] type=MemWrite UC
 636000: board.cache_hierarchy.l1d-cache-0: sendWriteQueuePacket: write WriteReq [3798:379f] type=MemWrite UC
 636000: board.cache_hierarchy.l2-cache-0: access for WriteReq [3798:379f] type=MemWrite UC
 636000: board.cache_hierarchy.l1d-cache-0: Unblocking for cause 1, mask=0
 636000: board.cache_hierarchy.l2-cache-0: recvTimingResp: Handling response WriteResp [3718:371f] type=MemWrite UC
 636000: board.processor.cores.core.workload: Translating: 0x10900->0x900
 636000: board.cache_hierarchy.l1i-cache-0: access for ReadReq [900:93f] IF hit state: 6 (E) writable: 1 readable: 1 dirty: 0 prefetched: 0 | tag: 0 secure: 0 valid: 1 | set: 0x24 way: 0
 597000: board.processor.cores.core: 0x10900    : bltu a4, a3, -6            : 
 598000: board.processor.cores.core: 0x108fa    : c_sd a1, 0(a4)             : 
 636001: board.cache_hierarchy.l1d-cache-0: sendWriteQueuePacket: write WriteReq [37a0:37a7] type=MemWrite UC
 636001: board.cache_hierarchy.l1d-cache-0: access for WriteReq [37d8:37df] type=MemWrite UC
 636001: board.cache_hierarchy.l1d-cache-0: Blocking for cause 1, mask=2
 637000: board.cache_hierarchy.l2-cache-0: sendWriteQueuePacket: write WriteReq [3770:3777] type=MemWrite UC
 637000: board.cache_hierarchy.l2-cache-0: sendWriteQueuePacket: write WriteReq [3770:3777] type=MemWrite UC
 637000: board.processor.cores.core.workload: Translating: 0x108c0->0x8c0
 637000: board.cache_hierarchy.l1i-cache-0: access for ReadReq [8c0:8ff] IF hit state: 6 (E) writable: 1 readable: 1 dirty: 0 prefetched: 0 | tag: 0 secure: 0 valid: 1 | set: 0x23 way: 0
 598000: board.processor.cores.core: 0x108fc    : c_sd a1, 8(a4)             : 
 638000: board.cache_hierarchy.l1d-cache-0: recvTimingResp: Handling response WriteResp [3718:371f] type=MemWrite UC
 638000: board.cache_hierarchy.l2-cache-0: recvTimingResp: Handling response WriteResp [3720:3727] type=MemWrite UC
 638000: board.cache_hierarchy.l1d-cache-0: sendWriteQueuePacket: write WriteReq [37a0:37a7] type=MemWrite UC
 638000: board.cache_hierarchy.l2-cache-0: access for WriteReq [37a0:37a7] type=MemWrite UC
 638000: board.cache_hierarchy.l1d-cache-0: Unblocking for cause 1, mask=0
 638000: board.processor.cores.core.workload: Translating: 0x13800->0x3800
 638001: board.cache_hierarchy.l1d-cache-0: sendWriteQueuePacket: write WriteReq [37a8:37af] type=MemWrite UC
 638001: board.cache_hierarchy.l1d-cache-0: access for WriteReq [37e0:37e7] type=MemWrite UC
 638001: board.cache_hierarchy.l1d-cache-0: Blocking for cause 1, mask=2
 639000: board.cache_hierarchy.l2-cache-0: sendWriteQueuePacket: write WriteReq [3778:377f] type=MemWrite UC
 639000: board.cache_hierarchy.l2-cache-0: sendWriteQueuePacket: write WriteReq [3778:377f] type=MemWrite UC
 639000: board.processor.cores.core.workload: Translating: 0x13808->0x3808
 600000: board.processor.cores.core: 0x108fe    : c_addi a4, 16              : 
 640000: board.cache_hierarchy.l1d-cache-0: recvTimingResp: Handling response WriteResp [3720:3727] type=MemWrite UC
 640000: board.cache_hierarchy.l1d-cache-0: sendWriteQueuePacket: write WriteReq [37a8:37af] type=MemWrite UC
 640000: board.cache_hierarchy.l2-cache-0: access for WriteReq [37a8:37af] type=MemWrite UC
 640000: board.cache_hierarchy.l1d-cache-0: Unblocking for cause 1, mask=0
 640000: board.cache_hierarchy.l2-cache-0: recvTimingResp: Handling response WriteResp [3728:372f] type=MemWrite UC
 640000: board.processor.cores.core.workload: Translating: 0x10900->0x900
 640000: board.cache_hierarchy.l1i-cache-0: access for ReadReq [900:93f] IF hit state: 6 (E) writable: 1 readable: 1 dirty: 0 prefetched: 0 | tag: 0 secure: 0 valid: 1 | set: 0x24 way: 0
 601000: board.processor.cores.core: 0x10900    : bltu a4, a3, -6            : 
 602000: board.processor.cores.core: 0x108fa    : c_sd a1, 0(a4)             : 
 640001: board.cache_hierarchy.l1d-cache-0: sendWriteQueuePacket: write WriteReq [37b0:37b7] type=MemWrite UC
 640001: board.cache_hierarchy.l1d-cache-0: access for WriteReq [37e8:37ef] type=MemWrite UC
 640001: board.cache_hierarchy.l1d-cache-0: Blocking for cause 1, mask=2
 641000: board.cache_hierarchy.l2-cache-0: sendWriteQueuePacket: write WriteReq [3780:3787] type=MemWrite UC
 641000: board.cache_hierarchy.l2-cache-0: sendWriteQueuePacket: write WriteReq [3780:3787] type=MemWrite UC
 641000: board.processor.cores.core.workload: Translating: 0x108c0->0x8c0
 641000: board.cache_hierarchy.l1i-cache-0: access for ReadReq [8c0:8ff] IF hit state: 6 (E) writable: 1 readable: 1 dirty: 0 prefetched: 0 | tag: 0 secure: 0 valid: 1 | set: 0x23 way: 0
 602000: board.processor.cores.core: 0x108fc    : c_sd a1, 8(a4)             : 
 642000: board.cache_hierarchy.l1d-cache-0: recvTimingResp: Handling response WriteResp [3728:372f] type=MemWrite UC
 642000: board.cache_hierarchy.l2-cache-0: recvTimingResp: Handling response WriteResp [3730:3737] type=MemWrite UC
 642000: board.cache_hierarchy.l1d-cache-0: sendWriteQueuePacket: write WriteReq [37b0:37b7] type=MemWrite UC
 642000: board.cache_hierarchy.l2-cache-0: access for WriteReq [37b0:37b7] type=MemWrite UC
 642000: board.cache_hierarchy.l1d-cache-0: Unblocking for cause 1, mask=0
 642000: board.processor.cores.core.workload: Translating: 0x13810->0x3810
 642001: board.cache_hierarchy.l1d-cache-0: sendWriteQueuePacket: write WriteReq [37b8:37bf] type=MemWrite UC
 642001: board.cache_hierarchy.l1d-cache-0: access for WriteReq [37f0:37f7] type=MemWrite UC
 642001: board.cache_hierarchy.l1d-cache-0: Blocking for cause 1, mask=2
 643000: board.cache_hierarchy.l2-cache-0: sendWriteQueuePacket: write WriteReq [3788:378f] type=MemWrite UC
 643000: board.cache_hierarchy.l2-cache-0: sendWriteQueuePacket: write WriteReq [3788:378f] type=MemWrite UC
 643000: board.processor.cores.core.workload: Translating: 0x13818->0x3818
 604000: board.processor.cores.core: 0x108fe    : c_addi a4, 16              : 
 644000: board.cache_hierarchy.l1d-cache-0: recvTimingResp: Handling response WriteResp [3730:3737] type=MemWrite UC
 644000: board.cache_hierarchy.l1d-cache-0: sendWriteQueuePacket: write WriteReq [37b8:37bf] type=MemWrite UC
 644000: board.cache_hierarchy.l2-cache-0: access for WriteReq [37b8:37bf] type=MemWrite UC
 644000: board.cache_hierarchy.l1d-cache-0: Unblocking for cause 1, mask=0
 644000: board.cache_hierarchy.l2-cache-0: recvTimingResp: Handling response WriteResp [3738:373f] type=MemWrite UC
 644000: board.processor.cores.core.workload: Translating: 0x10900->0x900
 644000: board.cache_hierarchy.l1i-cache-0: access for ReadReq [900:93f] IF hit state: 6 (E) writable: 1 readable: 1 dirty: 0 prefetched: 0 | tag: 0 secure: 0 valid: 1 | set: 0x24 way: 0
 605000: board.processor.cores.core: 0x10900    : bltu a4, a3, -6            : 
 606000: board.processor.cores.core: 0x108fa    : c_sd a1, 0(a4)             : 
 644001: board.cache_hierarchy.l1d-cache-0: sendWriteQueuePacket: write WriteReq [37c0:37c7] type=MemWrite UC
 644001: board.cache_hierarchy.l1d-cache-0: access for WriteReq [37f8:37ff] type=MemWrite UC
 644001: board.cache_hierarchy.l1d-cache-0: Blocking for cause 1, mask=2
 645000: board.cache_hierarchy.l2-cache-0: sendWriteQueuePacket: write WriteReq [3790:3797] type=MemWrite UC
 645000: board.cache_hierarchy.l2-cache-0: sendWriteQueuePacket: write WriteReq [3790:3797] type=MemWrite UC
 645000: board.processor.cores.core.workload: Translating: 0x108c0->0x8c0
 645000: board.cache_hierarchy.l1i-cache-0: access for ReadReq [8c0:8ff] IF hit state: 6 (E) writable: 1 readable: 1 dirty: 0 prefetched: 0 | tag: 0 secure: 0 valid: 1 | set: 0x23 way: 0
 606000: board.processor.cores.core: 0x108fc    : c_sd a1, 8(a4)             : 
 646000: board.cache_hierarchy.l1d-cache-0: recvTimingResp: Handling response WriteResp [3738:373f] type=MemWrite UC
 646000: board.cache_hierarchy.l2-cache-0: recvTimingResp: Handling response WriteResp [3740:3747] type=MemWrite UC
 646000: board.cache_hierarchy.l1d-cache-0: sendWriteQueuePacket: write WriteReq [37c0:37c7] type=MemWrite UC
 646000: board.cache_hierarchy.l2-cache-0: access for WriteReq [37c0:37c7] type=MemWrite UC
 646000: board.cache_hierarchy.l1d-cache-0: Unblocking for cause 1, mask=0
 646000: board.processor.cores.core.workload: Translating: 0x13820->0x3820
 646001: board.cache_hierarchy.l1d-cache-0: sendWriteQueuePacket: write WriteReq [37c8:37cf] type=MemWrite UC
 646001: board.cache_hierarchy.l1d-cache-0: access for WriteReq [3800:3807] type=MemWrite UC
 646001: board.cache_hierarchy.l1d-cache-0: Blocking for cause 1, mask=2
 647000: board.cache_hierarchy.l2-cache-0: sendWriteQueuePacket: write WriteReq [3798:379f] type=MemWrite UC
 647000: board.cache_hierarchy.l2-cache-0: sendWriteQueuePacket: write WriteReq [3798:379f] type=MemWrite UC
 647000: board.processor.cores.core.workload: Translating: 0x13828->0x3828
 608000: board.processor.cores.core: 0x108fe    : c_addi a4, 16              : 
 648000: board.cache_hierarchy.l1d-cache-0: recvTimingResp: Handling response WriteResp [3740:3747] type=MemWrite UC
 648000: board.cache_hierarchy.l1d-cache-0: sendWriteQueuePacket: write WriteReq [37c8:37cf] type=MemWrite UC
 648000: board.cache_hierarchy.l2-cache-0: access for WriteReq [37c8:37cf] type=MemWrite UC
 648000: board.cache_hierarchy.l1d-cache-0: Unblocking for cause 1, mask=0
 648000: board.cache_hierarchy.l2-cache-0: recvTimingResp: Handling response WriteResp [3748:374f] type=MemWrite UC
 648000: board.processor.cores.core.workload: Translating: 0x10900->0x900
 648000: board.cache_hierarchy.l1i-cache-0: access for ReadReq [900:93f] IF hit state: 6 (E) writable: 1 readable: 1 dirty: 0 prefetched: 0 | tag: 0 secure: 0 valid: 1 | set: 0x24 way: 0
 609000: board.processor.cores.core: 0x10900    : bltu a4, a3, -6            : 
 610000: board.processor.cores.core: 0x108fa    : c_sd a1, 0(a4)             : 
 648001: board.cache_hierarchy.l1d-cache-0: sendWriteQueuePacket: write WriteReq [37d0:37d7] type=MemWrite UC
 648001: board.cache_hierarchy.l1d-cache-0: access for WriteReq [3808:380f] type=MemWrite UC
 648001: board.cache_hierarchy.l1d-cache-0: Blocking for cause 1, mask=2
 649000: board.cache_hierarchy.l2-cache-0: sendWriteQueuePacket: write WriteReq [37a0:37a7] type=MemWrite UC
 649000: board.cache_hierarchy.l2-cache-0: sendWriteQueuePacket: write WriteReq [37a0:37a7] type=MemWrite UC
 649000: board.processor.cores.core.workload: Translating: 0x108c0->0x8c0
 649000: board.cache_hierarchy.l1i-cache-0: access for ReadReq [8c0:8ff] IF hit state: 6 (E) writable: 1 readable: 1 dirty: 0 prefetched: 0 | tag: 0 secure: 0 valid: 1 | set: 0x23 way: 0
 610000: board.processor.cores.core: 0x108fc    : c_sd a1, 8(a4)             : 
 650000: board.cache_hierarchy.l1d-cache-0: recvTimingResp: Handling response WriteResp [3748:374f] type=MemWrite UC
 650000: board.cache_hierarchy.l2-cache-0: recvTimingResp: Handling response WriteResp [3750:3757] type=MemWrite UC
 650000: board.cache_hierarchy.l1d-cache-0: sendWriteQueuePacket: write WriteReq [37d0:37d7] type=MemWrite UC
 650000: board.cache_hierarchy.l2-cache-0: access for WriteReq [37d0:37d7] type=MemWrite UC
 650000: board.cache_hierarchy.l1d-cache-0: Unblocking for cause 1, mask=0
 650000: board.processor.cores.core.workload: Translating: 0x13830->0x3830
 650001: board.cache_hierarchy.l1d-cache-0: sendWriteQueuePacket: write WriteReq [37d8:37df] type=MemWrite UC
 650001: board.cache_hierarchy.l1d-cache-0: access for WriteReq [3810:3817] type=MemWrite UC
 650001: board.cache_hierarchy.l1d-cache-0: Blocking for cause 1, mask=2
 651000: board.cache_hierarchy.l2-cache-0: sendWriteQueuePacket: write WriteReq [37a8:37af] type=MemWrite UC
 651000: board.cache_hierarchy.l2-cache-0: sendWriteQueuePacket: write WriteReq [37a8:37af] type=MemWrite UC
 651000: board.processor.cores.core.workload: Translating: 0x13838->0x3838
 612000: board.processor.cores.core: 0x108fe    : c_addi a4, 16              : 
 652000: board.cache_hierarchy.l1d-cache-0: recvTimingResp: Handling response WriteResp [3750:3757] type=MemWrite UC
 652000: board.cache_hierarchy.l1d-cache-0: sendWriteQueuePacket: write WriteReq [37d8:37df] type=MemWrite UC
 652000: board.cache_hierarchy.l2-cache-0: access for WriteReq [37d8:37df] type=MemWrite UC
 652000: board.cache_hierarchy.l1d-cache-0: Unblocking for cause 1, mask=0
 652000: board.cache_hierarchy.l2-cache-0: recvTimingResp: Handling response WriteResp [3758:375f] type=MemWrite UC
 652000: board.processor.cores.core.workload: Translating: 0x10900->0x900
 652000: board.cache_hierarchy.l1i-cache-0: access for ReadReq [900:93f] IF hit state: 6 (E) writable: 1 readable: 1 dirty: 0 prefetched: 0 | tag: 0 secure: 0 valid: 1 | set: 0x24 way: 0
 613000: board.processor.cores.core: 0x10900    : bltu a4, a3, -6            : 
 614000: board.processor.cores.core: 0x108fa    : c_sd a1, 0(a4)             : 
 652001: board.cache_hierarchy.l1d-cache-0: sendWriteQueuePacket: write WriteReq [37e0:37e7] type=MemWrite UC
 652001: board.cache_hierarchy.l1d-cache-0: access for WriteReq [3818:381f] type=MemWrite UC
 652001: board.cache_hierarchy.l1d-cache-0: Blocking for cause 1, mask=2
 653000: board.cache_hierarchy.l2-cache-0: sendWriteQueuePacket: write WriteReq [37b0:37b7] type=MemWrite UC
 653000: board.cache_hierarchy.l2-cache-0: sendWriteQueuePacket: write WriteReq [37b0:37b7] type=MemWrite UC
 653000: board.processor.cores.core.workload: Translating: 0x108c0->0x8c0
 653000: board.cache_hierarchy.l1i-cache-0: access for ReadReq [8c0:8ff] IF hit state: 6 (E) writable: 1 readable: 1 dirty: 0 prefetched: 0 | tag: 0 secure: 0 valid: 1 | set: 0x23 way: 0
 614000: board.processor.cores.core: 0x108fc    : c_sd a1, 8(a4)             : 
 654000: board.cache_hierarchy.l1d-cache-0: recvTimingResp: Handling response WriteResp [3758:375f] type=MemWrite UC
 654000: board.cache_hierarchy.l2-cache-0: recvTimingResp: Handling response WriteResp [3760:3767] type=MemWrite UC
 654000: board.cache_hierarchy.l1d-cache-0: sendWriteQueuePacket: write WriteReq [37e0:37e7] type=MemWrite UC
 654000: board.cache_hierarchy.l2-cache-0: access for WriteReq [37e0:37e7] type=MemWrite UC
 654000: board.cache_hierarchy.l1d-cache-0: Unblocking for cause 1, mask=0
 654000: board.processor.cores.core.workload: Translating: 0x13840->0x3840
 654001: board.cache_hierarchy.l1d-cache-0: sendWriteQueuePacket: write WriteReq [37e8:37ef] type=MemWrite UC
 654001: board.cache_hierarchy.l1d-cache-0: access for WriteReq [3820:3827] type=MemWrite UC
 654001: board.cache_hierarchy.l1d-cache-0: Blocking for cause 1, mask=2
 655000: board.cache_hierarchy.l2-cache-0: sendWriteQueuePacket: write WriteReq [37b8:37bf] type=MemWrite UC
 655000: board.cache_hierarchy.l2-cache-0: sendWriteQueuePacket: write WriteReq [37b8:37bf] type=MemWrite UC
 655000: board.processor.cores.core.workload: Translating: 0x13848->0x3848
 616000: board.processor.cores.core: 0x108fe    : c_addi a4, 16              : 
 656000: board.cache_hierarchy.l1d-cache-0: recvTimingResp: Handling response WriteResp [3760:3767] type=MemWrite UC
 656000: board.cache_hierarchy.l1d-cache-0: sendWriteQueuePacket: write WriteReq [37e8:37ef] type=MemWrite UC
 656000: board.cache_hierarchy.l2-cache-0: access for WriteReq [37e8:37ef] type=MemWrite UC
 656000: board.cache_hierarchy.l1d-cache-0: Unblocking for cause 1, mask=0
 656000: board.cache_hierarchy.l2-cache-0: recvTimingResp: Handling response WriteResp [3768:376f] type=MemWrite UC
 656000: board.processor.cores.core.workload: Translating: 0x10900->0x900
 656000: board.cache_hierarchy.l1i-cache-0: access for ReadReq [900:93f] IF hit state: 6 (E) writable: 1 readable: 1 dirty: 0 prefetched: 0 | tag: 0 secure: 0 valid: 1 | set: 0x24 way: 0
 617000: board.processor.cores.core: 0x10900    : bltu a4, a3, -6            : 
 618000: board.processor.cores.core: 0x108fa    : c_sd a1, 0(a4)             : 
 656001: board.cache_hierarchy.l1d-cache-0: sendWriteQueuePacket: write WriteReq [37f0:37f7] type=MemWrite UC
 656001: board.cache_hierarchy.l1d-cache-0: access for WriteReq [3828:382f] type=MemWrite UC
 656001: board.cache_hierarchy.l1d-cache-0: Blocking for cause 1, mask=2
 657000: board.cache_hierarchy.l2-cache-0: sendWriteQueuePacket: write WriteReq [37c0:37c7] type=MemWrite UC
 657000: board.cache_hierarchy.l2-cache-0: sendWriteQueuePacket: write WriteReq [37c0:37c7] type=MemWrite UC
 657000: board.processor.cores.core.workload: Translating: 0x108c0->0x8c0
 657000: board.cache_hierarchy.l1i-cache-0: access for ReadReq [8c0:8ff] IF hit state: 6 (E) writable: 1 readable: 1 dirty: 0 prefetched: 0 | tag: 0 secure: 0 valid: 1 | set: 0x23 way: 0
 618000: board.processor.cores.core: 0x108fc    : c_sd a1, 8(a4)             : 
 658000: board.cache_hierarchy.l1d-cache-0: recvTimingResp: Handling response WriteResp [3768:376f] type=MemWrite UC
 658000: board.cache_hierarchy.l2-cache-0: recvTimingResp: Handling response WriteResp [3770:3777] type=MemWrite UC
 658000: board.cache_hierarchy.l1d-cache-0: sendWriteQueuePacket: write WriteReq [37f0:37f7] type=MemWrite UC
 658000: board.cache_hierarchy.l2-cache-0: access for WriteReq [37f0:37f7] type=MemWrite UC
 658000: board.cache_hierarchy.l1d-cache-0: Unblocking for cause 1, mask=0
 658000: board.processor.cores.core.workload: Translating: 0x13850->0x3850
 658001: board.cache_hierarchy.l1d-cache-0: sendWriteQueuePacket: write WriteReq [37f8:37ff] type=MemWrite UC
 658001: board.cache_hierarchy.l1d-cache-0: access for WriteReq [3830:3837] type=MemWrite UC
 658001: board.cache_hierarchy.l1d-cache-0: Blocking for cause 1, mask=2
 659000: board.cache_hierarchy.l2-cache-0: sendWriteQueuePacket: write WriteReq [37c8:37cf] type=MemWrite UC
 659000: board.cache_hierarchy.l2-cache-0: sendWriteQueuePacket: write WriteReq [37c8:37cf] type=MemWrite UC
 659000: board.processor.cores.core.workload: Translating: 0x13858->0x3858
 620000: board.processor.cores.core: 0x108fe    : c_addi a4, 16              : 
 660000: board.cache_hierarchy.l1d-cache-0: recvTimingResp: Handling response WriteResp [3770:3777] type=MemWrite UC
 660000: board.cache_hierarchy.l1d-cache-0: sendWriteQueuePacket: write WriteReq [37f8:37ff] type=MemWrite UC
 660000: board.cache_hierarchy.l2-cache-0: access for WriteReq [37f8:37ff] type=MemWrite UC
 660000: board.cache_hierarchy.l1d-cache-0: Unblocking for cause 1, mask=0
 660000: board.cache_hierarchy.l2-cache-0: recvTimingResp: Handling response WriteResp [3778:377f] type=MemWrite UC
 660000: board.processor.cores.core.workload: Translating: 0x10900->0x900
 660000: board.cache_hierarchy.l1i-cache-0: access for ReadReq [900:93f] IF hit state: 6 (E) writable: 1 readable: 1 dirty: 0 prefetched: 0 | tag: 0 secure: 0 valid: 1 | set: 0x24 way: 0
 621000: board.processor.cores.core: 0x10900    : bltu a4, a3, -6            : 
 622000: board.processor.cores.core: 0x108fa    : c_sd a1, 0(a4)             : 
 660001: board.cache_hierarchy.l1d-cache-0: sendWriteQueuePacket: write WriteReq [3800:3807] type=MemWrite UC
 660001: board.cache_hierarchy.l1d-cache-0: access for WriteReq [3838:383f] type=MemWrite UC
 660001: board.cache_hierarchy.l1d-cache-0: Blocking for cause 1, mask=2
 661000: board.cache_hierarchy.l2-cache-0: sendWriteQueuePacket: write WriteReq [37d0:37d7] type=MemWrite UC
 661000: board.cache_hierarchy.l2-cache-0: sendWriteQueuePacket: write WriteReq [37d0:37d7] type=MemWrite UC
 661000: board.processor.cores.core.workload: Translating: 0x108c0->0x8c0
 661000: board.cache_hierarchy.l1i-cache-0: access for ReadReq [8c0:8ff] IF hit state: 6 (E) writable: 1 readable: 1 dirty: 0 prefetched: 0 | tag: 0 secure: 0 valid: 1 | set: 0x23 way: 0
 622000: board.processor.cores.core: 0x108fc    : c_sd a1, 8(a4)             : 
 662000: board.cache_hierarchy.l1d-cache-0: recvTimingResp: Handling response WriteResp [3778:377f] type=MemWrite UC
 662000: board.cache_hierarchy.l2-cache-0: recvTimingResp: Handling response WriteResp [3780:3787] type=MemWrite UC
 662000: board.cache_hierarchy.l1d-cache-0: sendWriteQueuePacket: write WriteReq [3800:3807] type=MemWrite UC
 662000: board.cache_hierarchy.l2-cache-0: access for WriteReq [3800:3807] type=MemWrite UC
 662000: board.cache_hierarchy.l1d-cache-0: Unblocking for cause 1, mask=0
 662000: board.processor.cores.core.workload: Translating: 0x13860->0x3860
 662001: board.cache_hierarchy.l1d-cache-0: sendWriteQueuePacket: write WriteReq [3808:380f] type=MemWrite UC
 662001: board.cache_hierarchy.l1d-cache-0: access for WriteReq [3840:3847] type=MemWrite UC
 662001: board.cache_hierarchy.l1d-cache-0: Blocking for cause 1, mask=2
 663000: board.cache_hierarchy.l2-cache-0: sendWriteQueuePacket: write WriteReq [37d8:37df] type=MemWrite UC
 663000: board.cache_hierarchy.l2-cache-0: sendWriteQueuePacket: write WriteReq [37d8:37df] type=MemWrite UC
 663000: board.processor.cores.core.workload: Translating: 0x13868->0x3868
 624000: board.processor.cores.core: 0x108fe    : c_addi a4, 16              : 
 664000: board.cache_hierarchy.l1d-cache-0: recvTimingResp: Handling response WriteResp [3780:3787] type=MemWrite UC
 664000: board.cache_hierarchy.l1d-cache-0: sendWriteQueuePacket: write WriteReq [3808:380f] type=MemWrite UC
 664000: board.cache_hierarchy.l2-cache-0: access for WriteReq [3808:380f] type=MemWrite UC
 664000: board.cache_hierarchy.l1d-cache-0: Unblocking for cause 1, mask=0
 664000: board.cache_hierarchy.l2-cache-0: recvTimingResp: Handling response WriteResp [3788:378f] type=MemWrite UC
 664000: board.processor.cores.core.workload: Translating: 0x10900->0x900
 664000: board.cache_hierarchy.l1i-cache-0: access for ReadReq [900:93f] IF hit state: 6 (E) writable: 1 readable: 1 dirty: 0 prefetched: 0 | tag: 0 secure: 0 valid: 1 | set: 0x24 way: 0
 625000: board.processor.cores.core: 0x10900    : bltu a4, a3, -6            : 
 626000: board.processor.cores.core: 0x108fa    : c_sd a1, 0(a4)             : 
 664001: board.cache_hierarchy.l1d-cache-0: sendWriteQueuePacket: write WriteReq [3810:3817] type=MemWrite UC
 664001: board.cache_hierarchy.l1d-cache-0: access for WriteReq [3848:384f] type=MemWrite UC
 664001: board.cache_hierarchy.l1d-cache-0: Blocking for cause 1, mask=2
 665000: board.cache_hierarchy.l2-cache-0: sendWriteQueuePacket: write WriteReq [37e0:37e7] type=MemWrite UC
 665000: board.cache_hierarchy.l2-cache-0: sendWriteQueuePacket: write WriteReq [37e0:37e7] type=MemWrite UC
 665000: board.processor.cores.core.workload: Translating: 0x108c0->0x8c0
 665000: board.cache_hierarchy.l1i-cache-0: access for ReadReq [8c0:8ff] IF hit state: 6 (E) writable: 1 readable: 1 dirty: 0 prefetched: 0 | tag: 0 secure: 0 valid: 1 | set: 0x23 way: 0
 626000: board.processor.cores.core: 0x108fc    : c_sd a1, 8(a4)             : 
 666000: board.cache_hierarchy.l1d-cache-0: recvTimingResp: Handling response WriteResp [3788:378f] type=MemWrite UC
 666000: board.cache_hierarchy.l2-cache-0: recvTimingResp: Handling response WriteResp [3790:3797] type=MemWrite UC
 666000: board.cache_hierarchy.l1d-cache-0: sendWriteQueuePacket: write WriteReq [3810:3817] type=MemWrite UC
 666000: board.cache_hierarchy.l2-cache-0: access for WriteReq [3810:3817] type=MemWrite UC
 666000: board.cache_hierarchy.l1d-cache-0: Unblocking for cause 1, mask=0
 666000: board.processor.cores.core.workload: Translating: 0x13870->0x3870
 666001: board.cache_hierarchy.l1d-cache-0: sendWriteQueuePacket: write WriteReq [3818:381f] type=MemWrite UC
 666001: board.cache_hierarchy.l1d-cache-0: access for WriteReq [3850:3857] type=MemWrite UC
 666001: board.cache_hierarchy.l1d-cache-0: Blocking for cause 1, mask=2
 667000: board.cache_hierarchy.l2-cache-0: sendWriteQueuePacket: write WriteReq [37e8:37ef] type=MemWrite UC
 667000: board.cache_hierarchy.l2-cache-0: sendWriteQueuePacket: write WriteReq [37e8:37ef] type=MemWrite UC
 667000: board.processor.cores.core.workload: Translating: 0x13878->0x3878
 628000: board.processor.cores.core: 0x108fe    : c_addi a4, 16              : 
 668000: board.cache_hierarchy.l1d-cache-0: recvTimingResp: Handling response WriteResp [3790:3797] type=MemWrite UC
 668000: board.cache_hierarchy.l1d-cache-0: sendWriteQueuePacket: write WriteReq [3818:381f] type=MemWrite UC
 668000: board.cache_hierarchy.l2-cache-0: access for WriteReq [3818:381f] type=MemWrite UC
 668000: board.cache_hierarchy.l1d-cache-0: Unblocking for cause 1, mask=0
 668000: board.cache_hierarchy.l2-cache-0: recvTimingResp: Handling response WriteResp [3798:379f] type=MemWrite UC
 668000: board.processor.cores.core.workload: Translating: 0x10900->0x900
 668000: board.cache_hierarchy.l1i-cache-0: access for ReadReq [900:93f] IF hit state: 6 (E) writable: 1 readable: 1 dirty: 0 prefetched: 0 | tag: 0 secure: 0 valid: 1 | set: 0x24 way: 0
 629000: board.processor.cores.core: 0x10900    : bltu a4, a3, -6            : 
 630000: board.processor.cores.core: 0x108fa    : c_sd a1, 0(a4)             : 
 668001: board.cache_hierarchy.l1d-cache-0: sendWriteQueuePacket: write WriteReq [3820:3827] type=MemWrite UC
 668001: board.cache_hierarchy.l1d-cache-0: access for WriteReq [3858:385f] type=MemWrite UC
 668001: board.cache_hierarchy.l1d-cache-0: Blocking for cause 1, mask=2
 669000: board.cache_hierarchy.l2-cache-0: sendWriteQueuePacket: write WriteReq [37f0:37f7] type=MemWrite UC
 669000: board.cache_hierarchy.l2-cache-0: sendWriteQueuePacket: write WriteReq [37f0:37f7] type=MemWrite UC
 669000: board.processor.cores.core.workload: Translating: 0x108c0->0x8c0
 669000: board.cache_hierarchy.l1i-cache-0: access for ReadReq [8c0:8ff] IF hit state: 6 (E) writable: 1 readable: 1 dirty: 0 prefetched: 0 | tag: 0 secure: 0 valid: 1 | set: 0x23 way: 0
 630000: board.processor.cores.core: 0x108fc    : c_sd a1, 8(a4)             : 
 670000: board.cache_hierarchy.l1d-cache-0: recvTimingResp: Handling response WriteResp [3798:379f] type=MemWrite UC
 670000: board.cache_hierarchy.l2-cache-0: recvTimingResp: Handling response WriteResp [37a0:37a7] type=MemWrite UC
 670000: board.cache_hierarchy.l1d-cache-0: sendWriteQueuePacket: write WriteReq [3820:3827] type=MemWrite UC
 670000: board.cache_hierarchy.l2-cache-0: access for WriteReq [3820:3827] type=MemWrite UC
 670000: board.cache_hierarchy.l1d-cache-0: Unblocking for cause 1, mask=0
 670000: board.processor.cores.core.workload: Translating: 0x13880->0x3880
 670001: board.cache_hierarchy.l1d-cache-0: sendWriteQueuePacket: write WriteReq [3828:382f] type=MemWrite UC
 670001: board.cache_hierarchy.l1d-cache-0: access for WriteReq [3860:3867] type=MemWrite UC
 670001: board.cache_hierarchy.l1d-cache-0: Blocking for cause 1, mask=2
 671000: board.cache_hierarchy.l2-cache-0: sendWriteQueuePacket: write WriteReq [37f8:37ff] type=MemWrite UC
 671000: board.cache_hierarchy.l2-cache-0: sendWriteQueuePacket: write WriteReq [37f8:37ff] type=MemWrite UC
 671000: board.processor.cores.core.workload: Translating: 0x13888->0x3888
 632000: board.processor.cores.core: 0x108fe    : c_addi a4, 16              : 
 672000: board.cache_hierarchy.l1d-cache-0: recvTimingResp: Handling response WriteResp [37a0:37a7] type=MemWrite UC
 672000: board.cache_hierarchy.l1d-cache-0: sendWriteQueuePacket: write WriteReq [3828:382f] type=MemWrite UC
 672000: board.cache_hierarchy.l2-cache-0: access for WriteReq [3828:382f] type=MemWrite UC
 672000: board.cache_hierarchy.l1d-cache-0: Unblocking for cause 1, mask=0
 672000: board.cache_hierarchy.l2-cache-0: recvTimingResp: Handling response WriteResp [37a8:37af] type=MemWrite UC
 672000: board.processor.cores.core.workload: Translating: 0x10900->0x900
 672000: board.cache_hierarchy.l1i-cache-0: access for ReadReq [900:93f] IF hit state: 6 (E) writable: 1 readable: 1 dirty: 0 prefetched: 0 | tag: 0 secure: 0 valid: 1 | set: 0x24 way: 0
 633000: board.processor.cores.core: 0x10900    : bltu a4, a3, -6            : 
 634000: board.processor.cores.core: 0x108fa    : c_sd a1, 0(a4)             : 
 672001: board.cache_hierarchy.l1d-cache-0: sendWriteQueuePacket: write WriteReq [3830:3837] type=MemWrite UC
 672001: board.cache_hierarchy.l1d-cache-0: access for WriteReq [3868:386f] type=MemWrite UC
 672001: board.cache_hierarchy.l1d-cache-0: Blocking for cause 1, mask=2
 673000: board.cache_hierarchy.l2-cache-0: sendWriteQueuePacket: write WriteReq [3800:3807] type=MemWrite UC
 673000: board.cache_hierarchy.l2-cache-0: sendWriteQueuePacket: write WriteReq [3800:3807] type=MemWrite UC
 673000: board.processor.cores.core.workload: Translating: 0x108c0->0x8c0
 673000: board.cache_hierarchy.l1i-cache-0: access for ReadReq [8c0:8ff] IF hit state: 6 (E) writable: 1 readable: 1 dirty: 0 prefetched: 0 | tag: 0 secure: 0 valid: 1 | set: 0x23 way: 0
 634000: board.processor.cores.core: 0x108fc    : c_sd a1, 8(a4)             : 
 674000: board.cache_hierarchy.l1d-cache-0: recvTimingResp: Handling response WriteResp [37a8:37af] type=MemWrite UC
 674000: board.cache_hierarchy.l2-cache-0: recvTimingResp: Handling response WriteResp [37b0:37b7] type=MemWrite UC
 674000: board.cache_hierarchy.l1d-cache-0: sendWriteQueuePacket: write WriteReq [3830:3837] type=MemWrite UC
 674000: board.cache_hierarchy.l2-cache-0: access for WriteReq [3830:3837] type=MemWrite UC
 674000: board.cache_hierarchy.l1d-cache-0: Unblocking for cause 1, mask=0
 674000: board.processor.cores.core.workload: Translating: 0x13890->0x3890
 674001: board.cache_hierarchy.l1d-cache-0: sendWriteQueuePacket: write WriteReq [3838:383f] type=MemWrite UC
 674001: board.cache_hierarchy.l1d-cache-0: access for WriteReq [3870:3877] type=MemWrite UC
 674001: board.cache_hierarchy.l1d-cache-0: Blocking for cause 1, mask=2
 675000: board.cache_hierarchy.l2-cache-0: sendWriteQueuePacket: write WriteReq [3808:380f] type=MemWrite UC
 675000: board.cache_hierarchy.l2-cache-0: sendWriteQueuePacket: write WriteReq [3808:380f] type=MemWrite UC
 675000: board.processor.cores.core.workload: Translating: 0x13898->0x3898
 636000: board.processor.cores.core: 0x108fe    : c_addi a4, 16              : 
 676000: board.cache_hierarchy.l1d-cache-0: recvTimingResp: Handling response WriteResp [37b0:37b7] type=MemWrite UC
 676000: board.cache_hierarchy.l1d-cache-0: sendWriteQueuePacket: write WriteReq [3838:383f] type=MemWrite UC
 676000: board.cache_hierarchy.l2-cache-0: access for WriteReq [3838:383f] type=MemWrite UC
 676000: board.cache_hierarchy.l1d-cache-0: Unblocking for cause 1, mask=0
 676000: board.cache_hierarchy.l2-cache-0: recvTimingResp: Handling response WriteResp [37b8:37bf] type=MemWrite UC
 676000: board.processor.cores.core.workload: Translating: 0x10900->0x900
 676000: board.cache_hierarchy.l1i-cache-0: access for ReadReq [900:93f] IF hit state: 6 (E) writable: 1 readable: 1 dirty: 0 prefetched: 0 | tag: 0 secure: 0 valid: 1 | set: 0x24 way: 0
 637000: board.processor.cores.core: 0x10900    : bltu a4, a3, -6            : 
 638000: board.processor.cores.core: 0x108fa    : c_sd a1, 0(a4)             : 
 676001: board.cache_hierarchy.l1d-cache-0: sendWriteQueuePacket: write WriteReq [3840:3847] type=MemWrite UC
 676001: board.cache_hierarchy.l1d-cache-0: access for WriteReq [3878:387f] type=MemWrite UC
 676001: board.cache_hierarchy.l1d-cache-0: Blocking for cause 1, mask=2
 677000: board.cache_hierarchy.l2-cache-0: sendWriteQueuePacket: write WriteReq [3810:3817] type=MemWrite UC
 677000: board.cache_hierarchy.l2-cache-0: sendWriteQueuePacket: write WriteReq [3810:3817] type=MemWrite UC
 677000: board.processor.cores.core.workload: Translating: 0x108c0->0x8c0
 677000: board.cache_hierarchy.l1i-cache-0: access for ReadReq [8c0:8ff] IF hit state: 6 (E) writable: 1 readable: 1 dirty: 0 prefetched: 0 | tag: 0 secure: 0 valid: 1 | set: 0x23 way: 0
 638000: board.processor.cores.core: 0x108fc    : c_sd a1, 8(a4)             : 
 678000: board.cache_hierarchy.l1d-cache-0: recvTimingResp: Handling response WriteResp [37b8:37bf] type=MemWrite UC
 678000: board.cache_hierarchy.l2-cache-0: recvTimingResp: Handling response WriteResp [37c0:37c7] type=MemWrite UC
 678000: board.cache_hierarchy.l1d-cache-0: sendWriteQueuePacket: write WriteReq [3840:3847] type=MemWrite UC
 678000: board.cache_hierarchy.l2-cache-0: access for WriteReq [3840:3847] type=MemWrite UC
 678000: board.cache_hierarchy.l1d-cache-0: Unblocking for cause 1, mask=0
 678000: board.processor.cores.core.workload: Translating: 0x138a0->0x38a0
 678001: board.cache_hierarchy.l1d-cache-0: sendWriteQueuePacket: write WriteReq [3848:384f] type=MemWrite UC
 678001: board.cache_hierarchy.l1d-cache-0: access for WriteReq [3880:3887] type=MemWrite UC
 678001: board.cache_hierarchy.l1d-cache-0: Blocking for cause 1, mask=2
 679000: board.cache_hierarchy.l2-cache-0: sendWriteQueuePacket: write WriteReq [3818:381f] type=MemWrite UC
 679000: board.cache_hierarchy.l2-cache-0: sendWriteQueuePacket: write WriteReq [3818:381f] type=MemWrite UC
 679000: board.processor.cores.core.workload: Translating: 0x138a8->0x38a8
 640000: board.processor.cores.core: 0x108fe    : c_addi a4, 16              : 
 680000: board.cache_hierarchy.l1d-cache-0: recvTimingResp: Handling response WriteResp [37c0:37c7] type=MemWrite UC
 680000: board.cache_hierarchy.l1d-cache-0: sendWriteQueuePacket: write WriteReq [3848:384f] type=MemWrite UC
 680000: board.cache_hierarchy.l2-cache-0: access for WriteReq [3848:384f] type=MemWrite UC
 680000: board.cache_hierarchy.l1d-cache-0: Unblocking for cause 1, mask=0
 680000: board.cache_hierarchy.l2-cache-0: recvTimingResp: Handling response WriteResp [37c8:37cf] type=MemWrite UC
 680000: board.processor.cores.core.workload: Translating: 0x10900->0x900
 680000: board.cache_hierarchy.l1i-cache-0: access for ReadReq [900:93f] IF hit state: 6 (E) writable: 1 readable: 1 dirty: 0 prefetched: 0 | tag: 0 secure: 0 valid: 1 | set: 0x24 way: 0
 641000: board.processor.cores.core: 0x10900    : bltu a4, a3, -6            : 
 642000: board.processor.cores.core: 0x108fa    : c_sd a1, 0(a4)             : 
 680001: board.cache_hierarchy.l1d-cache-0: sendWriteQueuePacket: write WriteReq [3850:3857] type=MemWrite UC
 680001: board.cache_hierarchy.l1d-cache-0: access for WriteReq [3888:388f] type=MemWrite UC
 680001: board.cache_hierarchy.l1d-cache-0: Blocking for cause 1, mask=2
 681000: board.cache_hierarchy.l2-cache-0: sendWriteQueuePacket: write WriteReq [3820:3827] type=MemWrite UC
 681000: board.cache_hierarchy.l2-cache-0: sendWriteQueuePacket: write WriteReq [3820:3827] type=MemWrite UC
 681000: board.processor.cores.core.workload: Translating: 0x108c0->0x8c0
 681000: board.cache_hierarchy.l1i-cache-0: access for ReadReq [8c0:8ff] IF hit state: 6 (E) writable: 1 readable: 1 dirty: 0 prefetched: 0 | tag: 0 secure: 0 valid: 1 | set: 0x23 way: 0
 642000: board.processor.cores.core: 0x108fc    : c_sd a1, 8(a4)             : 
 682000: board.cache_hierarchy.l1d-cache-0: recvTimingResp: Handling response WriteResp [37c8:37cf] type=MemWrite UC
 682000: board.cache_hierarchy.l2-cache-0: recvTimingResp: Handling response WriteResp [37d0:37d7] type=MemWrite UC
 682000: board.cache_hierarchy.l1d-cache-0: sendWriteQueuePacket: write WriteReq [3850:3857] type=MemWrite UC
 682000: board.cache_hierarchy.l2-cache-0: access for WriteReq [3850:3857] type=MemWrite UC
 682000: board.cache_hierarchy.l1d-cache-0: Unblocking for cause 1, mask=0
 682000: board.processor.cores.core.workload: Translating: 0x138b0->0x38b0
 682001: board.cache_hierarchy.l1d-cache-0: sendWriteQueuePacket: write WriteReq [3858:385f] type=MemWrite UC
 682001: board.cache_hierarchy.l1d-cache-0: access for WriteReq [3890:3897] type=MemWrite UC
 682001: board.cache_hierarchy.l1d-cache-0: Blocking for cause 1, mask=2
 683000: board.cache_hierarchy.l2-cache-0: sendWriteQueuePacket: write WriteReq [3828:382f] type=MemWrite UC
 683000: board.cache_hierarchy.l2-cache-0: sendWriteQueuePacket: write WriteReq [3828:382f] type=MemWrite UC
 683000: board.processor.cores.core.workload: Translating: 0x138b8->0x38b8
 644000: board.processor.cores.core: 0x108fe    : c_addi a4, 16              : 
 684000: board.cache_hierarchy.l1d-cache-0: recvTimingResp: Handling response WriteResp [37d0:37d7] type=MemWrite UC
 684000: board.cache_hierarchy.l1d-cache-0: sendWriteQueuePacket: write WriteReq [3858:385f] type=MemWrite UC
 684000: board.cache_hierarchy.l2-cache-0: access for WriteReq [3858:385f] type=MemWrite UC
 684000: board.cache_hierarchy.l1d-cache-0: Unblocking for cause 1, mask=0
 684000: board.cache_hierarchy.l2-cache-0: recvTimingResp: Handling response WriteResp [37d8:37df] type=MemWrite UC
 684000: board.processor.cores.core.workload: Translating: 0x10900->0x900
 684000: board.cache_hierarchy.l1i-cache-0: access for ReadReq [900:93f] IF hit state: 6 (E) writable: 1 readable: 1 dirty: 0 prefetched: 0 | tag: 0 secure: 0 valid: 1 | set: 0x24 way: 0
 645000: board.processor.cores.core: 0x10900    : bltu a4, a3, -6            : 
 646000: board.processor.cores.core: 0x108fa    : c_sd a1, 0(a4)             : 
 684001: board.cache_hierarchy.l1d-cache-0: sendWriteQueuePacket: write WriteReq [3860:3867] type=MemWrite UC
 684001: board.cache_hierarchy.l1d-cache-0: access for WriteReq [3898:389f] type=MemWrite UC
 684001: board.cache_hierarchy.l1d-cache-0: Blocking for cause 1, mask=2
 685000: board.cache_hierarchy.l2-cache-0: sendWriteQueuePacket: write WriteReq [3830:3837] type=MemWrite UC
 685000: board.cache_hierarchy.l2-cache-0: sendWriteQueuePacket: write WriteReq [3830:3837] type=MemWrite UC
 685000: board.processor.cores.core.workload: Translating: 0x108c0->0x8c0
 685000: board.cache_hierarchy.l1i-cache-0: access for ReadReq [8c0:8ff] IF hit state: 6 (E) writable: 1 readable: 1 dirty: 0 prefetched: 0 | tag: 0 secure: 0 valid: 1 | set: 0x23 way: 0
 646000: board.processor.cores.core: 0x108fc    : c_sd a1, 8(a4)             : 
 686000: board.cache_hierarchy.l1d-cache-0: recvTimingResp: Handling response WriteResp [37d8:37df] type=MemWrite UC
 686000: board.cache_hierarchy.l2-cache-0: recvTimingResp: Handling response WriteResp [37e0:37e7] type=MemWrite UC
 686000: board.cache_hierarchy.l1d-cache-0: sendWriteQueuePacket: write WriteReq [3860:3867] type=MemWrite UC
 686000: board.cache_hierarchy.l2-cache-0: access for WriteReq [3860:3867] type=MemWrite UC
 686000: board.cache_hierarchy.l1d-cache-0: Unblocking for cause 1, mask=0
 686000: board.processor.cores.core.workload: Translating: 0x138c0->0x38c0
 686001: board.cache_hierarchy.l1d-cache-0: sendWriteQueuePacket: write WriteReq [3868:386f] type=MemWrite UC
 686001: board.cache_hierarchy.l1d-cache-0: access for WriteReq [38a0:38a7] type=MemWrite UC
 686001: board.cache_hierarchy.l1d-cache-0: Blocking for cause 1, mask=2
 687000: board.cache_hierarchy.l2-cache-0: sendWriteQueuePacket: write WriteReq [3838:383f] type=MemWrite UC
 687000: board.cache_hierarchy.l2-cache-0: sendWriteQueuePacket: write WriteReq [3838:383f] type=MemWrite UC
 687000: board.processor.cores.core.workload: Translating: 0x138c8->0x38c8
 648000: board.processor.cores.core: 0x108fe    : c_addi a4, 16              : 
 688000: board.cache_hierarchy.l1d-cache-0: recvTimingResp: Handling response WriteResp [37e0:37e7] type=MemWrite UC
 688000: board.cache_hierarchy.l1d-cache-0: sendWriteQueuePacket: write WriteReq [3868:386f] type=MemWrite UC
 688000: board.cache_hierarchy.l2-cache-0: access for WriteReq [3868:386f] type=MemWrite UC
 688000: board.cache_hierarchy.l1d-cache-0: Unblocking for cause 1, mask=0
 688000: board.cache_hierarchy.l2-cache-0: recvTimingResp: Handling response WriteResp [37e8:37ef] type=MemWrite UC
 688000: board.processor.cores.core.workload: Translating: 0x10900->0x900
 688000: board.cache_hierarchy.l1i-cache-0: access for ReadReq [900:93f] IF hit state: 6 (E) writable: 1 readable: 1 dirty: 0 prefetched: 0 | tag: 0 secure: 0 valid: 1 | set: 0x24 way: 0
 649000: board.processor.cores.core: 0x10900    : bltu a4, a3, -6            : 
 650000: board.processor.cores.core: 0x108fa    : c_sd a1, 0(a4)             : 
 688001: board.cache_hierarchy.l1d-cache-0: sendWriteQueuePacket: write WriteReq [3870:3877] type=MemWrite UC
 688001: board.cache_hierarchy.l1d-cache-0: access for WriteReq [38a8:38af] type=MemWrite UC
 688001: board.cache_hierarchy.l1d-cache-0: Blocking for cause 1, mask=2
 689000: board.cache_hierarchy.l2-cache-0: sendWriteQueuePacket: write WriteReq [3840:3847] type=MemWrite UC
 689000: board.cache_hierarchy.l2-cache-0: sendWriteQueuePacket: write WriteReq [3840:3847] type=MemWrite UC
 689000: board.processor.cores.core.workload: Translating: 0x108c0->0x8c0
 689000: board.cache_hierarchy.l1i-cache-0: access for ReadReq [8c0:8ff] IF hit state: 6 (E) writable: 1 readable: 1 dirty: 0 prefetched: 0 | tag: 0 secure: 0 valid: 1 | set: 0x23 way: 0
 650000: board.processor.cores.core: 0x108fc    : c_sd a1, 8(a4)             : 
 690000: board.cache_hierarchy.l1d-cache-0: recvTimingResp: Handling response WriteResp [37e8:37ef] type=MemWrite UC
 690000: board.cache_hierarchy.l2-cache-0: recvTimingResp: Handling response WriteResp [37f0:37f7] type=MemWrite UC
 690000: board.cache_hierarchy.l1d-cache-0: sendWriteQueuePacket: write WriteReq [3870:3877] type=MemWrite UC
 690000: board.cache_hierarchy.l2-cache-0: access for WriteReq [3870:3877] type=MemWrite UC
 690000: board.cache_hierarchy.l1d-cache-0: Unblocking for cause 1, mask=0
 690000: board.processor.cores.core.workload: Translating: 0x138d0->0x38d0
 690001: board.cache_hierarchy.l1d-cache-0: sendWriteQueuePacket: write WriteReq [3878:387f] type=MemWrite UC
 690001: board.cache_hierarchy.l1d-cache-0: access for WriteReq [38b0:38b7] type=MemWrite UC
 690001: board.cache_hierarchy.l1d-cache-0: Blocking for cause 1, mask=2
 691000: board.cache_hierarchy.l2-cache-0: sendWriteQueuePacket: write WriteReq [3848:384f] type=MemWrite UC
 691000: board.cache_hierarchy.l2-cache-0: sendWriteQueuePacket: write WriteReq [3848:384f] type=MemWrite UC
 691000: board.processor.cores.core.workload: Translating: 0x138d8->0x38d8
 652000: board.processor.cores.core: 0x108fe    : c_addi a4, 16              : 
 692000: board.cache_hierarchy.l1d-cache-0: recvTimingResp: Handling response WriteResp [37f0:37f7] type=MemWrite UC
 692000: board.cache_hierarchy.l1d-cache-0: sendWriteQueuePacket: write WriteReq [3878:387f] type=MemWrite UC
 692000: board.cache_hierarchy.l2-cache-0: access for WriteReq [3878:387f] type=MemWrite UC
 692000: board.cache_hierarchy.l1d-cache-0: Unblocking for cause 1, mask=0
 692000: board.cache_hierarchy.l2-cache-0: recvTimingResp: Handling response WriteResp [37f8:37ff] type=MemWrite UC
 692000: board.processor.cores.core.workload: Translating: 0x10900->0x900
 692000: board.cache_hierarchy.l1i-cache-0: access for ReadReq [900:93f] IF hit state: 6 (E) writable: 1 readable: 1 dirty: 0 prefetched: 0 | tag: 0 secure: 0 valid: 1 | set: 0x24 way: 0
 653000: board.processor.cores.core: 0x10900    : bltu a4, a3, -6            : 
 654000: board.processor.cores.core: 0x108fa    : c_sd a1, 0(a4)             : 
 692001: board.cache_hierarchy.l1d-cache-0: sendWriteQueuePacket: write WriteReq [3880:3887] type=MemWrite UC
 692001: board.cache_hierarchy.l1d-cache-0: access for WriteReq [38b8:38bf] type=MemWrite UC
 692001: board.cache_hierarchy.l1d-cache-0: Blocking for cause 1, mask=2
 693000: board.cache_hierarchy.l2-cache-0: sendWriteQueuePacket: write WriteReq [3850:3857] type=MemWrite UC
 693000: board.cache_hierarchy.l2-cache-0: sendWriteQueuePacket: write WriteReq [3850:3857] type=MemWrite UC
 693000: board.processor.cores.core.workload: Translating: 0x108c0->0x8c0
 693000: board.cache_hierarchy.l1i-cache-0: access for ReadReq [8c0:8ff] IF hit state: 6 (E) writable: 1 readable: 1 dirty: 0 prefetched: 0 | tag: 0 secure: 0 valid: 1 | set: 0x23 way: 0
 654000: board.processor.cores.core: 0x108fc    : c_sd a1, 8(a4)             : 
 694000: board.cache_hierarchy.l1d-cache-0: recvTimingResp: Handling response WriteResp [37f8:37ff] type=MemWrite UC
 694000: board.cache_hierarchy.l2-cache-0: recvTimingResp: Handling response WriteResp [3800:3807] type=MemWrite UC
 694000: board.cache_hierarchy.l1d-cache-0: sendWriteQueuePacket: write WriteReq [3880:3887] type=MemWrite UC
 694000: board.cache_hierarchy.l2-cache-0: access for WriteReq [3880:3887] type=MemWrite UC
 694000: board.cache_hierarchy.l1d-cache-0: Unblocking for cause 1, mask=0
 694000: board.processor.cores.core.workload: Translating: 0x138e0->0x38e0
 694001: board.cache_hierarchy.l1d-cache-0: sendWriteQueuePacket: write WriteReq [3888:388f] type=MemWrite UC
 694001: board.cache_hierarchy.l1d-cache-0: access for WriteReq [38c0:38c7] type=MemWrite UC
 694001: board.cache_hierarchy.l1d-cache-0: Blocking for cause 1, mask=2
 695000: board.cache_hierarchy.l2-cache-0: sendWriteQueuePacket: write WriteReq [3858:385f] type=MemWrite UC
 695000: board.cache_hierarchy.l2-cache-0: sendWriteQueuePacket: write WriteReq [3858:385f] type=MemWrite UC
 695000: board.processor.cores.core.workload: Translating: 0x138e8->0x38e8
 656000: board.processor.cores.core: 0x108fe    : c_addi a4, 16              : 
 696000: board.cache_hierarchy.l1d-cache-0: recvTimingResp: Handling response WriteResp [3800:3807] type=MemWrite UC
 696000: board.cache_hierarchy.l1d-cache-0: sendWriteQueuePacket: write WriteReq [3888:388f] type=MemWrite UC
 696000: board.cache_hierarchy.l2-cache-0: access for WriteReq [3888:388f] type=MemWrite UC
 696000: board.cache_hierarchy.l1d-cache-0: Unblocking for cause 1, mask=0
 696000: board.cache_hierarchy.l2-cache-0: recvTimingResp: Handling response WriteResp [3808:380f] type=MemWrite UC
 696000: board.processor.cores.core.workload: Translating: 0x10900->0x900
 696000: board.cache_hierarchy.l1i-cache-0: access for ReadReq [900:93f] IF hit state: 6 (E) writable: 1 readable: 1 dirty: 0 prefetched: 0 | tag: 0 secure: 0 valid: 1 | set: 0x24 way: 0
 657000: board.processor.cores.core: 0x10900    : bltu a4, a3, -6            : 
 658000: board.processor.cores.core: 0x108fa    : c_sd a1, 0(a4)             : 
 696001: board.cache_hierarchy.l1d-cache-0: sendWriteQueuePacket: write WriteReq [3890:3897] type=MemWrite UC
 696001: board.cache_hierarchy.l1d-cache-0: access for WriteReq [38c8:38cf] type=MemWrite UC
 696001: board.cache_hierarchy.l1d-cache-0: Blocking for cause 1, mask=2
 697000: board.cache_hierarchy.l2-cache-0: sendWriteQueuePacket: write WriteReq [3860:3867] type=MemWrite UC
 697000: board.cache_hierarchy.l2-cache-0: sendWriteQueuePacket: write WriteReq [3860:3867] type=MemWrite UC
 697000: board.processor.cores.core.workload: Translating: 0x108c0->0x8c0
 697000: board.cache_hierarchy.l1i-cache-0: access for ReadReq [8c0:8ff] IF hit state: 6 (E) writable: 1 readable: 1 dirty: 0 prefetched: 0 | tag: 0 secure: 0 valid: 1 | set: 0x23 way: 0
 658000: board.processor.cores.core: 0x108fc    : c_sd a1, 8(a4)             : 
 698000: board.cache_hierarchy.l1d-cache-0: recvTimingResp: Handling response WriteResp [3808:380f] type=MemWrite UC
 698000: board.cache_hierarchy.l2-cache-0: recvTimingResp: Handling response WriteResp [3810:3817] type=MemWrite UC
 698000: board.cache_hierarchy.l1d-cache-0: sendWriteQueuePacket: write WriteReq [3890:3897] type=MemWrite UC
 698000: board.cache_hierarchy.l2-cache-0: access for WriteReq [3890:3897] type=MemWrite UC
 698000: board.cache_hierarchy.l1d-cache-0: Unblocking for cause 1, mask=0
 698000: board.processor.cores.core.workload: Translating: 0x138f0->0x38f0
 698001: board.cache_hierarchy.l1d-cache-0: sendWriteQueuePacket: write WriteReq [3898:389f] type=MemWrite UC
 698001: board.cache_hierarchy.l1d-cache-0: access for WriteReq [38d0:38d7] type=MemWrite UC
 698001: board.cache_hierarchy.l1d-cache-0: Blocking for cause 1, mask=2
 699000: board.cache_hierarchy.l2-cache-0: sendWriteQueuePacket: write WriteReq [3868:386f] type=MemWrite UC
 699000: board.cache_hierarchy.l2-cache-0: sendWriteQueuePacket: write WriteReq [3868:386f] type=MemWrite UC
 699000: board.processor.cores.core.workload: Translating: 0x138f8->0x38f8
 660000: board.processor.cores.core: 0x108fe    : c_addi a4, 16              : 
 700000: board.cache_hierarchy.l1d-cache-0: recvTimingResp: Handling response WriteResp [3810:3817] type=MemWrite UC
 700000: board.cache_hierarchy.l1d-cache-0: sendWriteQueuePacket: write WriteReq [3898:389f] type=MemWrite UC
 700000: board.cache_hierarchy.l2-cache-0: access for WriteReq [3898:389f] type=MemWrite UC
 700000: board.cache_hierarchy.l1d-cache-0: Unblocking for cause 1, mask=0
 700000: board.cache_hierarchy.l2-cache-0: recvTimingResp: Handling response WriteResp [3818:381f] type=MemWrite UC
 700000: board.processor.cores.core.workload: Translating: 0x10900->0x900
 700000: board.cache_hierarchy.l1i-cache-0: access for ReadReq [900:93f] IF hit state: 6 (E) writable: 1 readable: 1 dirty: 0 prefetched: 0 | tag: 0 secure: 0 valid: 1 | set: 0x24 way: 0
 661000: board.processor.cores.core: 0x10900    : bltu a4, a3, -6            : 
 662000: board.processor.cores.core: 0x108fa    : c_sd a1, 0(a4)             : 
 700001: board.cache_hierarchy.l1d-cache-0: sendWriteQueuePacket: write WriteReq [38a0:38a7] type=MemWrite UC
 700001: board.cache_hierarchy.l1d-cache-0: access for WriteReq [38d8:38df] type=MemWrite UC
 700001: board.cache_hierarchy.l1d-cache-0: Blocking for cause 1, mask=2
 701000: board.cache_hierarchy.l2-cache-0: sendWriteQueuePacket: write WriteReq [3870:3877] type=MemWrite UC
 701000: board.cache_hierarchy.l2-cache-0: sendWriteQueuePacket: write WriteReq [3870:3877] type=MemWrite UC
 701000: board.processor.cores.core.workload: Translating: 0x108c0->0x8c0
 701000: board.cache_hierarchy.l1i-cache-0: access for ReadReq [8c0:8ff] IF hit state: 6 (E) writable: 1 readable: 1 dirty: 0 prefetched: 0 | tag: 0 secure: 0 valid: 1 | set: 0x23 way: 0
 662000: board.processor.cores.core: 0x108fc    : c_sd a1, 8(a4)             : 
 702000: board.cache_hierarchy.l1d-cache-0: recvTimingResp: Handling response WriteResp [3818:381f] type=MemWrite UC
 702000: board.cache_hierarchy.l2-cache-0: recvTimingResp: Handling response WriteResp [3820:3827] type=MemWrite UC
 702000: board.cache_hierarchy.l1d-cache-0: sendWriteQueuePacket: write WriteReq [38a0:38a7] type=MemWrite UC
 702000: board.cache_hierarchy.l2-cache-0: access for WriteReq [38a0:38a7] type=MemWrite UC
 702000: board.cache_hierarchy.l1d-cache-0: Unblocking for cause 1, mask=0
 702000: board.processor.cores.core.workload: Translating: 0x13900->0x3900
 702001: board.cache_hierarchy.l1d-cache-0: sendWriteQueuePacket: write WriteReq [38a8:38af] type=MemWrite UC
 702001: board.cache_hierarchy.l1d-cache-0: access for WriteReq [38e0:38e7] type=MemWrite UC
 702001: board.cache_hierarchy.l1d-cache-0: Blocking for cause 1, mask=2
 703000: board.cache_hierarchy.l2-cache-0: sendWriteQueuePacket: write WriteReq [3878:387f] type=MemWrite UC
 703000: board.cache_hierarchy.l2-cache-0: sendWriteQueuePacket: write WriteReq [3878:387f] type=MemWrite UC
 703000: board.processor.cores.core.workload: Translating: 0x13908->0x3908
 664000: board.processor.cores.core: 0x108fe    : c_addi a4, 16              : 
 704000: board.cache_hierarchy.l1d-cache-0: recvTimingResp: Handling response WriteResp [3820:3827] type=MemWrite UC
 704000: board.cache_hierarchy.l1d-cache-0: sendWriteQueuePacket: write WriteReq [38a8:38af] type=MemWrite UC
 704000: board.cache_hierarchy.l2-cache-0: access for WriteReq [38a8:38af] type=MemWrite UC
 704000: board.cache_hierarchy.l1d-cache-0: Unblocking for cause 1, mask=0
 704000: board.cache_hierarchy.l2-cache-0: recvTimingResp: Handling response WriteResp [3828:382f] type=MemWrite UC
 704000: board.processor.cores.core.workload: Translating: 0x10900->0x900
 704000: board.cache_hierarchy.l1i-cache-0: access for ReadReq [900:93f] IF hit state: 6 (E) writable: 1 readable: 1 dirty: 0 prefetched: 0 | tag: 0 secure: 0 valid: 1 | set: 0x24 way: 0
 665000: board.processor.cores.core: 0x10900    : bltu a4, a3, -6            : 
 666000: board.processor.cores.core: 0x108fa    : c_sd a1, 0(a4)             : 
 704001: board.cache_hierarchy.l1d-cache-0: sendWriteQueuePacket: write WriteReq [38b0:38b7] type=MemWrite UC
 704001: board.cache_hierarchy.l1d-cache-0: access for WriteReq [38e8:38ef] type=MemWrite UC
 704001: board.cache_hierarchy.l1d-cache-0: Blocking for cause 1, mask=2
 705000: board.cache_hierarchy.l2-cache-0: sendWriteQueuePacket: write WriteReq [3880:3887] type=MemWrite UC
 705000: board.cache_hierarchy.l2-cache-0: sendWriteQueuePacket: write WriteReq [3880:3887] type=MemWrite UC
 705000: board.processor.cores.core.workload: Translating: 0x108c0->0x8c0
 705000: board.cache_hierarchy.l1i-cache-0: access for ReadReq [8c0:8ff] IF hit state: 6 (E) writable: 1 readable: 1 dirty: 0 prefetched: 0 | tag: 0 secure: 0 valid: 1 | set: 0x23 way: 0
 666000: board.processor.cores.core: 0x108fc    : c_sd a1, 8(a4)             : 
 706000: board.cache_hierarchy.l1d-cache-0: recvTimingResp: Handling response WriteResp [3828:382f] type=MemWrite UC
 706000: board.cache_hierarchy.l2-cache-0: recvTimingResp: Handling response WriteResp [3830:3837] type=MemWrite UC
 706000: board.cache_hierarchy.l1d-cache-0: sendWriteQueuePacket: write WriteReq [38b0:38b7] type=MemWrite UC
 706000: board.cache_hierarchy.l2-cache-0: access for WriteReq [38b0:38b7] type=MemWrite UC
 706000: board.cache_hierarchy.l1d-cache-0: Unblocking for cause 1, mask=0
 706000: board.processor.cores.core.workload: Translating: 0x13910->0x3910
 706001: board.cache_hierarchy.l1d-cache-0: sendWriteQueuePacket: write WriteReq [38b8:38bf] type=MemWrite UC
 706001: board.cache_hierarchy.l1d-cache-0: access for WriteReq [38f0:38f7] type=MemWrite UC
 706001: board.cache_hierarchy.l1d-cache-0: Blocking for cause 1, mask=2
 707000: board.cache_hierarchy.l2-cache-0: sendWriteQueuePacket: write WriteReq [3888:388f] type=MemWrite UC
 707000: board.cache_hierarchy.l2-cache-0: sendWriteQueuePacket: write WriteReq [3888:388f] type=MemWrite UC
 707000: board.processor.cores.core.workload: Translating: 0x13918->0x3918
 668000: board.processor.cores.core: 0x108fe    : c_addi a4, 16              : 
 708000: board.cache_hierarchy.l1d-cache-0: recvTimingResp: Handling response WriteResp [3830:3837] type=MemWrite UC
 708000: board.cache_hierarchy.l1d-cache-0: sendWriteQueuePacket: write WriteReq [38b8:38bf] type=MemWrite UC
 708000: board.cache_hierarchy.l2-cache-0: access for WriteReq [38b8:38bf] type=MemWrite UC
 708000: board.cache_hierarchy.l1d-cache-0: Unblocking for cause 1, mask=0
 708000: board.cache_hierarchy.l2-cache-0: recvTimingResp: Handling response WriteResp [3838:383f] type=MemWrite UC
 708000: board.processor.cores.core.workload: Translating: 0x10900->0x900
 708000: board.cache_hierarchy.l1i-cache-0: access for ReadReq [900:93f] IF hit state: 6 (E) writable: 1 readable: 1 dirty: 0 prefetched: 0 | tag: 0 secure: 0 valid: 1 | set: 0x24 way: 0
 669000: board.processor.cores.core: 0x10900    : bltu a4, a3, -6            : 
 670000: board.processor.cores.core: 0x108fa    : c_sd a1, 0(a4)             : 
 708001: board.cache_hierarchy.l1d-cache-0: sendWriteQueuePacket: write WriteReq [38c0:38c7] type=MemWrite UC
 708001: board.cache_hierarchy.l1d-cache-0: access for WriteReq [38f8:38ff] type=MemWrite UC
 708001: board.cache_hierarchy.l1d-cache-0: Blocking for cause 1, mask=2
 709000: board.cache_hierarchy.l2-cache-0: sendWriteQueuePacket: write WriteReq [3890:3897] type=MemWrite UC
 709000: board.cache_hierarchy.l2-cache-0: sendWriteQueuePacket: write WriteReq [3890:3897] type=MemWrite UC
 709000: board.processor.cores.core.workload: Translating: 0x108c0->0x8c0
 709000: board.cache_hierarchy.l1i-cache-0: access for ReadReq [8c0:8ff] IF hit state: 6 (E) writable: 1 readable: 1 dirty: 0 prefetched: 0 | tag: 0 secure: 0 valid: 1 | set: 0x23 way: 0
 670000: board.processor.cores.core: 0x108fc    : c_sd a1, 8(a4)             : 
 710000: board.cache_hierarchy.l1d-cache-0: recvTimingResp: Handling response WriteResp [3838:383f] type=MemWrite UC
 710000: board.cache_hierarchy.l2-cache-0: recvTimingResp: Handling response WriteResp [3840:3847] type=MemWrite UC
 710000: board.cache_hierarchy.l1d-cache-0: sendWriteQueuePacket: write WriteReq [38c0:38c7] type=MemWrite UC
 710000: board.cache_hierarchy.l2-cache-0: access for WriteReq [38c0:38c7] type=MemWrite UC
 710000: board.cache_hierarchy.l1d-cache-0: Unblocking for cause 1, mask=0
 710000: board.processor.cores.core.workload: Translating: 0x13920->0x3920
 710001: board.cache_hierarchy.l1d-cache-0: sendWriteQueuePacket: write WriteReq [38c8:38cf] type=MemWrite UC
 710001: board.cache_hierarchy.l1d-cache-0: access for WriteReq [3900:3907] type=MemWrite UC
 710001: board.cache_hierarchy.l1d-cache-0: Blocking for cause 1, mask=2
 711000: board.cache_hierarchy.l2-cache-0: sendWriteQueuePacket: write WriteReq [3898:389f] type=MemWrite UC
 711000: board.cache_hierarchy.l2-cache-0: sendWriteQueuePacket: write WriteReq [3898:389f] type=MemWrite UC
 711000: board.processor.cores.core.workload: Translating: 0x13928->0x3928
 672000: board.processor.cores.core: 0x108fe    : c_addi a4, 16              : 
 712000: board.cache_hierarchy.l1d-cache-0: recvTimingResp: Handling response WriteResp [3840:3847] type=MemWrite UC
 712000: board.cache_hierarchy.l1d-cache-0: sendWriteQueuePacket: write WriteReq [38c8:38cf] type=MemWrite UC
 712000: board.cache_hierarchy.l2-cache-0: access for WriteReq [38c8:38cf] type=MemWrite UC
 712000: board.cache_hierarchy.l1d-cache-0: Unblocking for cause 1, mask=0
 712000: board.cache_hierarchy.l2-cache-0: recvTimingResp: Handling response WriteResp [3848:384f] type=MemWrite UC
 712000: board.processor.cores.core.workload: Translating: 0x10900->0x900
 712000: board.cache_hierarchy.l1i-cache-0: access for ReadReq [900:93f] IF hit state: 6 (E) writable: 1 readable: 1 dirty: 0 prefetched: 0 | tag: 0 secure: 0 valid: 1 | set: 0x24 way: 0
 673000: board.processor.cores.core: 0x10900    : bltu a4, a3, -6            : 
 674000: board.processor.cores.core: 0x108fa    : c_sd a1, 0(a4)             : 
 712001: board.cache_hierarchy.l1d-cache-0: sendWriteQueuePacket: write WriteReq [38d0:38d7] type=MemWrite UC
 712001: board.cache_hierarchy.l1d-cache-0: access for WriteReq [3908:390f] type=MemWrite UC
 712001: board.cache_hierarchy.l1d-cache-0: Blocking for cause 1, mask=2
 713000: board.cache_hierarchy.l2-cache-0: sendWriteQueuePacket: write WriteReq [38a0:38a7] type=MemWrite UC
 713000: board.cache_hierarchy.l2-cache-0: sendWriteQueuePacket: write WriteReq [38a0:38a7] type=MemWrite UC
 713000: board.processor.cores.core.workload: Translating: 0x108c0->0x8c0
 713000: board.cache_hierarchy.l1i-cache-0: access for ReadReq [8c0:8ff] IF hit state: 6 (E) writable: 1 readable: 1 dirty: 0 prefetched: 0 | tag: 0 secure: 0 valid: 1 | set: 0x23 way: 0
 674000: board.processor.cores.core: 0x108fc    : c_sd a1, 8(a4)             : 
 714000: board.cache_hierarchy.l1d-cache-0: recvTimingResp: Handling response WriteResp [3848:384f] type=MemWrite UC
 714000: board.cache_hierarchy.l2-cache-0: recvTimingResp: Handling response WriteResp [3850:3857] type=MemWrite UC
 714000: board.cache_hierarchy.l1d-cache-0: sendWriteQueuePacket: write WriteReq [38d0:38d7] type=MemWrite UC
 714000: board.cache_hierarchy.l2-cache-0: access for WriteReq [38d0:38d7] type=MemWrite UC
 714000: board.cache_hierarchy.l1d-cache-0: Unblocking for cause 1, mask=0
 714000: board.processor.cores.core.workload: Translating: 0x13930->0x3930
 714001: board.cache_hierarchy.l1d-cache-0: sendWriteQueuePacket: write WriteReq [38d8:38df] type=MemWrite UC
 714001: board.cache_hierarchy.l1d-cache-0: access for WriteReq [3910:3917] type=MemWrite UC
 714001: board.cache_hierarchy.l1d-cache-0: Blocking for cause 1, mask=2
 715000: board.cache_hierarchy.l2-cache-0: sendWriteQueuePacket: write WriteReq [38a8:38af] type=MemWrite UC
 715000: board.cache_hierarchy.l2-cache-0: sendWriteQueuePacket: write WriteReq [38a8:38af] type=MemWrite UC
 715000: board.processor.cores.core.workload: Translating: 0x13938->0x3938
 716000: board.cache_hierarchy.l1d-cache-0: recvTimingResp: Handling response WriteResp [3850:3857] type=MemWrite UC
 716000: board.cache_hierarchy.l1d-cache-0: sendWriteQueuePacket: write WriteReq [38d8:38df] type=MemWrite UC
 716000: board.cache_hierarchy.l2-cache-0: access for WriteReq [38d8:38df] type=MemWrite UC
 716000: board.cache_hierarchy.l1d-cache-0: Unblocking for cause 1, mask=0
 716000: board.cache_hierarchy.l2-cache-0: recvTimingResp: Handling response WriteResp [3858:385f] type=MemWrite UC
 676000: board.processor.cores.core: 0x108fe    : c_addi a4, 16              : 
 677000: board.processor.cores.core: 0x10900    : bltu a4, a3, -6            : 
 716001: board.cache_hierarchy.l1d-cache-0: sendWriteQueuePacket: write WriteReq [38e0:38e7] type=MemWrite UC
 716001: board.cache_hierarchy.l1d-cache-0: access for WriteReq [3918:391f] type=MemWrite UC
 716001: board.cache_hierarchy.l1d-cache-0: Blocking for cause 1, mask=2
 717000: board.cache_hierarchy.l2-cache-0: sendWriteQueuePacket: write WriteReq [38b0:38b7] type=MemWrite UC
 717000: board.cache_hierarchy.l2-cache-0: sendWriteQueuePacket: write WriteReq [38b0:38b7] type=MemWrite UC
 717000: board.processor.cores.core.workload: Translating: 0x10900->0x900
 717000: board.cache_hierarchy.l1i-cache-0: access for ReadReq [900:93f] IF hit state: 6 (E) writable: 1 readable: 1 dirty: 0 prefetched: 0 | tag: 0 secure: 0 valid: 1 | set: 0x24 way: 0
 718000: board.cache_hierarchy.l1d-cache-0: recvTimingResp: Handling response WriteResp [3858:385f] type=MemWrite UC
 718000: board.cache_hierarchy.l2-cache-0: recvTimingResp: Handling response WriteResp [3860:3867] type=MemWrite UC
 718000: board.cache_hierarchy.l1d-cache-0: sendWriteQueuePacket: write WriteReq [38e0:38e7] type=MemWrite UC
 718000: board.cache_hierarchy.l2-cache-0: access for WriteReq [38e0:38e7] type=MemWrite UC
 718000: board.cache_hierarchy.l1d-cache-0: Unblocking for cause 1, mask=0
 718000: board.processor.cores.core.workload: Translating: 0x10180->0x180
 718000: board.cache_hierarchy.l1i-cache-0: access for ReadReq [180:1bf] IF hit state: 6 (E) writable: 1 readable: 1 dirty: 0 prefetched: 0 | tag: 0 secure: 0 valid: 1 | set: 0x6 way: 0
 718001: board.cache_hierarchy.l1d-cache-0: sendWriteQueuePacket: write WriteReq [38e8:38ef] type=MemWrite UC
 718001: board.cache_hierarchy.l1d-cache-0: access for WriteReq [3920:3927] type=MemWrite UC
 718001: board.cache_hierarchy.l1d-cache-0: Blocking for cause 1, mask=2
 719000: board.cache_hierarchy.l2-cache-0: sendWriteQueuePacket: write WriteReq [38b8:38bf] type=MemWrite UC
 719000: board.cache_hierarchy.l2-cache-0: sendWriteQueuePacket: write WriteReq [38b8:38bf] type=MemWrite UC
 720000: board.cache_hierarchy.l1d-cache-0: recvTimingResp: Handling response WriteResp [3860:3867] type=MemWrite UC
 720000: board.cache_hierarchy.l1d-cache-0: sendWriteQueuePacket: write WriteReq [38e8:38ef] type=MemWrite UC
 720000: board.cache_hierarchy.l2-cache-0: access for WriteReq [38e8:38ef] type=MemWrite UC
 720000: board.cache_hierarchy.l1d-cache-0: Unblocking for cause 1, mask=0
 720000: board.cache_hierarchy.l2-cache-0: recvTimingResp: Handling response WriteResp [3868:386f] type=MemWrite UC
 720000: board.processor.cores.core.workload: Translating: 0x101c0->0x1c0
 720000: board.cache_hierarchy.l1i-cache-0: access for ReadReq [1c0:1ff] IF hit state: 6 (E) writable: 1 readable: 1 dirty: 0 prefetched: 0 | tag: 0 secure: 0 valid: 1 | set: 0x7 way: 0
 720001: board.cache_hierarchy.l1d-cache-0: sendWriteQueuePacket: write WriteReq [38f0:38f7] type=MemWrite UC
 720001: board.cache_hierarchy.l1d-cache-0: access for WriteReq [3928:392f] type=MemWrite UC
 720001: board.cache_hierarchy.l1d-cache-0: Blocking for cause 1, mask=2
 721000: board.cache_hierarchy.l2-cache-0: sendWriteQueuePacket: write WriteReq [38c0:38c7] type=MemWrite UC
 721000: board.cache_hierarchy.l2-cache-0: sendWriteQueuePacket: write WriteReq [38c0:38c7] type=MemWrite UC
 722000: board.cache_hierarchy.l1d-cache-0: recvTimingResp: Handling response WriteResp [3868:386f] type=MemWrite UC
 722000: board.cache_hierarchy.l2-cache-0: recvTimingResp: Handling response WriteResp [3870:3877] type=MemWrite UC
 722000: board.cache_hierarchy.l1d-cache-0: sendWriteQueuePacket: write WriteReq [38f0:38f7] type=MemWrite UC
 722000: board.cache_hierarchy.l2-cache-0: access for WriteReq [38f0:38f7] type=MemWrite UC
 722000: board.cache_hierarchy.l1d-cache-0: Unblocking for cause 1, mask=0
 722000: board.processor.cores.core.workload: Translating: 0x10a40->0xa40
 722000: board.cache_hierarchy.l1i-cache-0: access for ReadReq [a40:a7f] IF hit state: 6 (E) writable: 1 readable: 1 dirty: 0 prefetched: 0 | tag: 0 secure: 0 valid: 1 | set: 0x29 way: 0
 722001: board.cache_hierarchy.l1d-cache-0: sendWriteQueuePacket: write WriteReq [38f8:38ff] type=MemWrite UC
 723000: board.cache_hierarchy.l2-cache-0: sendWriteQueuePacket: write WriteReq [38c8:38cf] type=MemWrite UC
 723000: board.cache_hierarchy.l2-cache-0: sendWriteQueuePacket: write WriteReq [38c8:38cf] type=MemWrite UC
 724000: board.cache_hierarchy.l1d-cache-0: recvTimingResp: Handling response WriteResp [3870:3877] type=MemWrite UC
 724000: board.cache_hierarchy.l1d-cache-0: sendWriteQueuePacket: write WriteReq [38f8:38ff] type=MemWrite UC
 724000: board.cache_hierarchy.l2-cache-0: access for WriteReq [38f8:38ff] type=MemWrite UC
 724000: board.cache_hierarchy.l2-cache-0: recvTimingResp: Handling response WriteResp [3878:387f] type=MemWrite UC
 724001: board.cache_hierarchy.l1d-cache-0: sendWriteQueuePacket: write WriteReq [3900:3907] type=MemWrite UC
 725000: board.cache_hierarchy.l2-cache-0: sendWriteQueuePacket: write WriteReq [38d0:38d7] type=MemWrite UC
 725000: board.cache_hierarchy.l2-cache-0: sendWriteQueuePacket: write WriteReq [38d0:38d7] type=MemWrite UC
 718000: board.processor.cores.core: 0x10904    : c_bnez a2, 4               : 
 718000: board.processor.cores.core: 0x10906    : c_jr ra                    : 
 726000: board.cache_hierarchy.l1d-cache-0: recvTimingResp: Handling response WriteResp [3878:387f] type=MemWrite UC
 726000: board.cache_hierarchy.l2-cache-0: recvTimingResp: Handling response WriteResp [3880:3887] type=MemWrite UC
 726000: board.cache_hierarchy.l1d-cache-0: sendWriteQueuePacket: write WriteReq [3900:3907] type=MemWrite UC
 726000: board.cache_hierarchy.l2-cache-0: access for WriteReq [3900:3907] type=MemWrite UC
 719000: board.processor.cores.core: 0x101b4    : auipc a0, 1                : 
 726001: board.cache_hierarchy.l1d-cache-0: sendWriteQueuePacket: write WriteReq [3908:390f] type=MemWrite UC
 727000: board.cache_hierarchy.l2-cache-0: sendWriteQueuePacket: write WriteReq [38d8:38df] type=MemWrite UC
 727000: board.cache_hierarchy.l2-cache-0: sendWriteQueuePacket: write WriteReq [38d8:38df] type=MemWrite UC
 719000: board.processor.cores.core: 0x101b8    : addi a0, a0, -1878         : 
 728000: board.cache_hierarchy.l1d-cache-0: recvTimingResp: Handling response WriteResp [3880:3887] type=MemWrite UC
 728000: board.cache_hierarchy.l1d-cache-0: sendWriteQueuePacket: write WriteReq [3908:390f] type=MemWrite UC
 728000: board.cache_hierarchy.l2-cache-0: access for WriteReq [3908:390f] type=MemWrite UC
 728000: board.cache_hierarchy.l2-cache-0: recvTimingResp: Handling response WriteResp [3888:388f] type=MemWrite UC
 728000: board.processor.cores.core.workload: Translating: 0x11700->0x1700
 728000: board.cache_hierarchy.l1i-cache-0: access for ReadReq [1700:173f] IF miss
 720000: board.processor.cores.core: 0x101bc    : c_beqz a0, 14              : 
 721000: board.processor.cores.core: 0x101be    : auipc a0, 1                : 
 728001: board.cache_hierarchy.l1d-cache-0: sendWriteQueuePacket: write WriteReq [3910:3917] type=MemWrite UC
 729000: board.cache_hierarchy.l1i-cache-0: sendMSHRQueuePacket: MSHR ReadReq [1700:173f] IF
 729000: board.cache_hierarchy.l1i-cache-0: createMissPacket: created ReadSharedReq [1700:173f] IF from ReadReq [1700:173f] IF
 729000: board.cache_hierarchy.l2-cache-0: sendWriteQueuePacket: write WriteReq [38e0:38e7] type=MemWrite UC
 729000: board.cache_hierarchy.l2-cache-0: sendWriteQueuePacket: write WriteReq [38e0:38e7] type=MemWrite UC
 721000: board.processor.cores.core: 0x101c2    : addi a0, a0, 1338          : 
 722000: board.processor.cores.core: 0x101c6    : jal ra, 2200               : 
 730000: board.cache_hierarchy.l1d-cache-0: recvTimingResp: Handling response WriteResp [3888:388f] type=MemWrite UC
 730000: board.cache_hierarchy.l2-cache-0: recvTimingResp: Handling response WriteResp [3890:3897] type=MemWrite UC
 730000: board.cache_hierarchy.l1d-cache-0: sendWriteQueuePacket: write WriteReq [3910:3917] type=MemWrite UC
 730000: board.cache_hierarchy.l2-cache-0: access for WriteReq [3910:3917] type=MemWrite UC
 723000: board.processor.cores.core: 0x10a5e    : c_mv a1, a0                : 
 723000: board.processor.cores.core: 0x10a60    : c_li a3, 0                 : 
 730001: board.cache_hierarchy.l1d-cache-0: sendWriteQueuePacket: write WriteReq [3918:391f] type=MemWrite UC
 731000: board.cache_hierarchy.l2-cache-0: sendWriteQueuePacket: write WriteReq [38e8:38ef] type=MemWrite UC
 731000: board.cache_hierarchy.l2-cache-0: sendWriteQueuePacket: write WriteReq [38e8:38ef] type=MemWrite UC
 724000: board.processor.cores.core: 0x10a62    : c_li a2, 0                 : 
 724000: board.processor.cores.core: 0x10a64    : c_li a0, 0                 : 
 732000: board.cache_hierarchy.l1d-cache-0: recvTimingResp: Handling response WriteResp [3890:3897] type=MemWrite UC
 732000: board.cache_hierarchy.l1i-cache-0: sendMSHRQueuePacket: MSHR ReadReq [1700:173f] IF
 732000: board.cache_hierarchy.l1i-cache-0: createMissPacket: created ReadSharedReq [1700:173f] IF from ReadReq [1700:173f] IF
 732000: board.cache_hierarchy.l2-cache-0: access for ReadSharedReq [1700:173f] IF miss
 732000: board.cache_hierarchy.l2-cache-0: recvTimingResp: Handling response WriteResp [3898:389f] type=MemWrite UC
 725000: board.processor.cores.core: 0x10a66    : jal zero, 3270             : 
 733000: board.cache_hierarchy.l1d-cache-0: sendWriteQueuePacket: write WriteReq [3918:391f] type=MemWrite UC
 733000: board.cache_hierarchy.l2-cache-0: access for WriteReq [3918:391f] type=MemWrite UC
 733000: board.cache_hierarchy.l2-cache-0: sendWriteQueuePacket: write WriteReq [38f0:38f7] type=MemWrite UC
 733000: board.cache_hierarchy.l2-cache-0: sendWriteQueuePacket: write WriteReq [38f0:38f7] type=MemWrite UC
 733001: board.cache_hierarchy.l1d-cache-0: sendWriteQueuePacket: write WriteReq [3920:3927] type=MemWrite UC
 734000: board.cache_hierarchy.l1d-cache-0: recvTimingResp: Handling response WriteResp [3898:389f] type=MemWrite UC
 734000: board.cache_hierarchy.l2-cache-0: recvTimingResp: Handling response WriteResp [38a0:38a7] type=MemWrite UC
 735000: board.cache_hierarchy.l2-cache-0: sendWriteQueuePacket: write WriteReq [38f8:38ff] type=MemWrite UC
 735000: board.cache_hierarchy.l2-cache-0: sendWriteQueuePacket: write WriteReq [38f8:38ff] type=MemWrite UC
 735000: board.cache_hierarchy.l1d-cache-0: sendWriteQueuePacket: write WriteReq [3920:3927] type=MemWrite UC
 735000: board.cache_hierarchy.l2-cache-0: access for WriteReq [3920:3927] type=MemWrite UC
 735001: board.cache_hierarchy.l1d-cache-0: sendWriteQueuePacket: write WriteReq [3928:392f] type=MemWrite UC
 736000: board.cache_hierarchy.l1d-cache-0: recvTimingResp: Handling response WriteResp [38a0:38a7] type=MemWrite UC
 736000: board.cache_hierarchy.l2-cache-0: recvTimingResp: Handling response WriteResp [38a8:38af] type=MemWrite UC
 737000: board.cache_hierarchy.l1d-cache-0: sendWriteQueuePacket: write WriteReq [3928:392f] type=MemWrite UC
 737000: board.cache_hierarchy.l2-cache-0: access for WriteReq [3928:392f] type=MemWrite UC
 737000: board.cache_hierarchy.l2-cache-0: sendWriteQueuePacket: write WriteReq [3900:3907] type=MemWrite UC
 737000: board.cache_hierarchy.l2-cache-0: sendWriteQueuePacket: write WriteReq [3900:3907] type=MemWrite UC
 738000: board.cache_hierarchy.l1d-cache-0: recvTimingResp: Handling response WriteResp [38a8:38af] type=MemWrite UC
 738000: board.cache_hierarchy.l2-cache-0: recvTimingResp: Handling response WriteResp [38b0:38b7] type=MemWrite UC
 739000: board.cache_hierarchy.l2-cache-0: sendWriteQueuePacket: write WriteReq [3908:390f] type=MemWrite UC
 739000: board.cache_hierarchy.l2-cache-0: sendWriteQueuePacket: write WriteReq [3908:390f] type=MemWrite UC
 740000: board.cache_hierarchy.l1d-cache-0: recvTimingResp: Handling response WriteResp [38b0:38b7] type=MemWrite UC
 740000: board.cache_hierarchy.l2-cache-0: recvTimingResp: Handling response WriteResp [38b8:38bf] type=MemWrite UC
 741000: board.cache_hierarchy.l2-cache-0: sendWriteQueuePacket: write WriteReq [3910:3917] type=MemWrite UC
 741000: board.cache_hierarchy.l2-cache-0: sendWriteQueuePacket: write WriteReq [3910:3917] type=MemWrite UC
 742000: board.cache_hierarchy.l1d-cache-0: recvTimingResp: Handling response WriteResp [38b8:38bf] type=MemWrite UC
 742000: board.cache_hierarchy.l2-cache-0: recvTimingResp: Handling response WriteResp [38c0:38c7] type=MemWrite UC
 743000: board.cache_hierarchy.l2-cache-0: sendMSHRQueuePacket: MSHR ReadSharedReq [1700:173f] IF
 743000: board.cache_hierarchy.l2-cache-0: createMissPacket: created ReadSharedReq [1700:173f] IF from ReadSharedReq [1700:173f] IF
 743000: board.cache_hierarchy.l2-cache-0: sendMSHRQueuePacket: MSHR ReadSharedReq [1700:173f] IF
 743000: board.cache_hierarchy.l2-cache-0: createMissPacket: created ReadSharedReq [1700:173f] IF from ReadSharedReq [1700:173f] IF
 744000: board.cache_hierarchy.l2-cache-0: sendWriteQueuePacket: write WriteReq [3918:391f] type=MemWrite UC
 744000: board.cache_hierarchy.l2-cache-0: sendWriteQueuePacket: write WriteReq [3918:391f] type=MemWrite UC
 744000: board.cache_hierarchy.l1d-cache-0: recvTimingResp: Handling response WriteResp [38c0:38c7] type=MemWrite UC
 744000: board.cache_hierarchy.l2-cache-0: recvTimingResp: Handling response WriteResp [38c8:38cf] type=MemWrite UC
 746000: board.cache_hierarchy.l1d-cache-0: recvTimingResp: Handling response WriteResp [38c8:38cf] type=MemWrite UC
 746000: board.cache_hierarchy.l2-cache-0: recvTimingResp: Handling response WriteResp [38d0:38d7] type=MemWrite UC
 746000: board.cache_hierarchy.l2-cache-0: sendWriteQueuePacket: write WriteReq [3920:3927] type=MemWrite UC
 746000: board.cache_hierarchy.l2-cache-0: sendWriteQueuePacket: write WriteReq [3920:3927] type=MemWrite UC
 748000: board.cache_hierarchy.l1d-cache-0: recvTimingResp: Handling response WriteResp [38d0:38d7] type=MemWrite UC
 748000: board.cache_hierarchy.l2-cache-0: sendWriteQueuePacket: write WriteReq [3928:392f] type=MemWrite UC
 748000: board.cache_hierarchy.l2-cache-0: sendWriteQueuePacket: write WriteReq [3928:392f] type=MemWrite UC
 748000: board.cache_hierarchy.l2-cache-0: recvTimingResp: Handling response WriteResp [38d8:38df] type=MemWrite UC
 750000: board.cache_hierarchy.l1d-cache-0: recvTimingResp: Handling response WriteResp [38d8:38df] type=MemWrite UC
 750000: board.cache_hierarchy.l2-cache-0: recvTimingResp: Handling response WriteResp [38e0:38e7] type=MemWrite UC
 752000: board.cache_hierarchy.l1d-cache-0: recvTimingResp: Handling response WriteResp [38e0:38e7] type=MemWrite UC
 752000: board.cache_hierarchy.l2-cache-0: recvTimingResp: Handling response WriteResp [38e8:38ef] type=MemWrite UC
 754000: board.cache_hierarchy.l1d-cache-0: recvTimingResp: Handling response WriteResp [38e8:38ef] type=MemWrite UC
 754000: board.cache_hierarchy.l2-cache-0: recvTimingResp: Handling response WriteResp [38f0:38f7] type=MemWrite UC
 756000: board.cache_hierarchy.l1d-cache-0: recvTimingResp: Handling response WriteResp [38f0:38f7] type=MemWrite UC
 756000: board.cache_hierarchy.l2-cache-0: recvTimingResp: Handling response WriteResp [38f8:38ff] type=MemWrite UC
 758000: board.cache_hierarchy.l1d-cache-0: recvTimingResp: Handling response WriteResp [38f8:38ff] type=MemWrite UC
 758000: board.cache_hierarchy.l2-cache-0: recvTimingResp: Handling response WriteResp [3900:3907] type=MemWrite UC
 760000: board.cache_hierarchy.l1d-cache-0: recvTimingResp: Handling response WriteResp [3900:3907] type=MemWrite UC
 760000: board.cache_hierarchy.l2-cache-0: recvTimingResp: Handling response WriteResp [3908:390f] type=MemWrite UC
 762000: board.cache_hierarchy.l1d-cache-0: recvTimingResp: Handling response WriteResp [3908:390f] type=MemWrite UC
 762000: board.cache_hierarchy.l2-cache-0: recvTimingResp: Handling response WriteResp [3910:3917] type=MemWrite UC
 764000: board.cache_hierarchy.l1d-cache-0: recvTimingResp: Handling response WriteResp [3910:3917] type=MemWrite UC
 765000: board.cache_hierarchy.l2-cache-0: recvTimingResp: Handling response WriteResp [3918:391f] type=MemWrite UC
 767000: board.cache_hierarchy.l1d-cache-0: recvTimingResp: Handling response WriteResp [3918:391f] type=MemWrite UC
 767000: board.cache_hierarchy.l2-cache-0: recvTimingResp: Handling response WriteResp [3920:3927] type=MemWrite UC
 769000: board.cache_hierarchy.l1d-cache-0: recvTimingResp: Handling response WriteResp [3920:3927] type=MemWrite UC
 769000: board.cache_hierarchy.l2-cache-0: recvTimingResp: Handling response WriteResp [3928:392f] type=MemWrite UC
 771000: board.cache_hierarchy.l1d-cache-0: recvTimingResp: Handling response WriteResp [3928:392f] type=MemWrite UC
 791000: board.cache_hierarchy.l2-cache-0: recvTimingResp: Handling response ReadResp [1700:173f] IF
 791000: board.cache_hierarchy.l2-cache-0: Block for addr 0x1700 being updated in Cache
 791000: board.cache_hierarchy.l2-cache-0: Block addr 0x1700 (ns) moving from  to state: 6 (E) writable: 1 readable: 1 dirty: 0 prefetched: 0 | tag: 0 secure: 0 valid: 1 | set: 0x5c way: 0
 791000: board.cache_hierarchy.l2-cache-0: recvTimingResp: Leaving with ReadResp [1700:173f] IF
 793000: board.cache_hierarchy.l1i-cache-0: recvTimingResp: Handling response ReadResp [1700:173f] IF
 793000: board.cache_hierarchy.l1i-cache-0: Block for addr 0x1700 being updated in Cache
 793000: board.cache_hierarchy.l1i-cache-0: Block addr 0x1700 (ns) moving from  to state: 6 (E) writable: 1 readable: 1 dirty: 0 prefetched: 0 | tag: 0x1 secure: 0 valid: 1 | set: 0x1c way: 0
 793000: board.cache_hierarchy.l1i-cache-0: recvTimingResp: Leaving with ReadResp [1700:173f] IF
 797000: board.processor.cores.core.workload: Translating: 0x11740->0x1740
 797000: board.cache_hierarchy.l1i-cache-0: access for ReadReq [1740:177f] IF miss
 798000: board.cache_hierarchy.l1i-cache-0: sendMSHRQueuePacket: MSHR ReadReq [1740:177f] IF
 798000: board.cache_hierarchy.l1i-cache-0: createMissPacket: created ReadSharedReq [1740:177f] IF from ReadReq [1740:177f] IF
 798000: board.cache_hierarchy.l2-cache-0: access for ReadSharedReq [1740:177f] IF miss
 799000: board.processor.cores.core.workload: Translating: 0x13340->0x3340
 799000: board.cache_hierarchy.l1d-cache-0: access for ReadReq [3340:3347] type=MemRead UC
 800000: board.cache_hierarchy.l1d-cache-0: sendMSHRQueuePacket: MSHR ReadReq [3340:3347] type=MemRead UC
 800000: board.cache_hierarchy.l2-cache-0: access for ReadReq [3340:3347] type=MemRead UC
 804000: board.processor.cores.core.workload: Translating: 0x11740->0x1740
 804000: board.cache_hierarchy.l1i-cache-0: access for ReadReq [1740:177f] IF miss
 804000: board.cache_hierarchy.l1i-cache-0: handleTimingReqMiss coalescing MSHR for ReadReq [1740:177f] IF
 809000: board.cache_hierarchy.l2-cache-0: sendMSHRQueuePacket: MSHR ReadSharedReq [1740:177f] IF
 809000: board.cache_hierarchy.l2-cache-0: createMissPacket: created ReadSharedReq [1740:177f] IF from ReadSharedReq [1740:177f] IF
 811000: board.cache_hierarchy.l2-cache-0: sendMSHRQueuePacket: MSHR ReadReq [3340:3347] type=MemRead UC
 831000: board.cache_hierarchy.l2-cache-0: recvTimingResp: Handling response ReadResp [3340:3347] type=MemRead UC
 831000: board.cache_hierarchy.l2-cache-0: recvTimingResp: Leaving with ReadResp [3340:3347] type=MemRead UC
 834000: board.cache_hierarchy.l1d-cache-0: recvTimingResp: Handling response ReadResp [3340:3347] type=MemRead UC
 834000: board.cache_hierarchy.l1d-cache-0: recvTimingResp: Leaving with ReadResp [3340:3347] type=MemRead UC
 837000: board.processor.cores.core.workload: Couldn't Translate: 0x8
 840000: board.processor.cores.core.workload: Translating: 0x11740->0x1740
 840000: board.cache_hierarchy.l1i-cache-0: access for ReadReq [1740:177f] IF miss
 840000: board.cache_hierarchy.l1i-cache-0: handleTimingReqMiss coalescing MSHR for ReadReq [1740:177f] IF
 794000: board.processor.cores.core: 0x1172c    : ld a5, 528(gp)             : 
 794000: board.processor.cores.core: 0x11730    : c_beqz a5, 66              : 
 857000: board.cache_hierarchy.l2-cache-0: recvTimingResp: Handling response ReadResp [1740:177f] IF
 857000: board.cache_hierarchy.l2-cache-0: Block for addr 0x1740 being updated in Cache
 857000: board.cache_hierarchy.l2-cache-0: Block addr 0x1740 (ns) moving from  to state: 6 (E) writable: 1 readable: 1 dirty: 0 prefetched: 0 | tag: 0 secure: 0 valid: 1 | set: 0x5d way: 0
 857000: board.cache_hierarchy.l2-cache-0: recvTimingResp: Leaving with ReadResp [1740:177f] IF
 859000: board.cache_hierarchy.l1i-cache-0: recvTimingResp: Handling response ReadResp [1740:177f] IF
 859000: board.cache_hierarchy.l1i-cache-0: Block for addr 0x1740 being updated in Cache
 859000: board.cache_hierarchy.l1i-cache-0: Block addr 0x1740 (ns) moving from  to state: 6 (E) writable: 1 readable: 1 dirty: 0 prefetched: 0 | tag: 0x1 secure: 0 valid: 1 | set: 0x1d way: 0
 859000: board.cache_hierarchy.l1i-cache-0: recvTimingResp: Leaving with ReadResp [1740:177f] IF
 863000: board.processor.cores.core.workload: Translating: 0x11780->0x1780
 863000: board.cache_hierarchy.l1i-cache-0: access for ReadReq [1780:17bf] IF miss
 864000: board.cache_hierarchy.l1i-cache-0: sendMSHRQueuePacket: MSHR ReadReq [1780:17bf] IF
 864000: board.cache_hierarchy.l1i-cache-0: createMissPacket: created ReadSharedReq [1780:17bf] IF from ReadReq [1780:17bf] IF
 864000: board.cache_hierarchy.l2-cache-0: access for ReadSharedReq [1780:17bf] IF miss
 865000: board.processor.cores.core.workload: Translating: 0x11700->0x1700
 865000: board.cache_hierarchy.l1i-cache-0: access for ReadReq [1700:173f] IF hit state: 6 (E) writable: 1 readable: 1 dirty: 0 prefetched: 0 | tag: 0x1 secure: 0 valid: 1 | set: 0x1c way: 0
 868000: board.processor.cores.core.workload: Translating: 0x11740->0x1740
 868000: board.cache_hierarchy.l1i-cache-0: access for ReadReq [1740:177f] IF hit state: 6 (E) writable: 1 readable: 1 dirty: 0 prefetched: 0 | tag: 0x1 secure: 0 valid: 1 | set: 0x1d way: 0
 868000: board.processor.cores.core.workload: Translating: 0x13340->0x3340
 861000: board.processor.cores.core: 0x11772    : c_lui a5, 19               : 
 861000: board.processor.cores.core: 0x11774    : addi a5, a5, 1560          : 
 862000: board.processor.cores.core: 0x11778    : sd a5, 528(gp)             : 
 862000: board.processor.cores.core: 0x1177c    : c_j -74                    : 
 871000: board.processor.cores.core.workload: Translating: 0x13620->0x3620
 871000: board.cache_hierarchy.l1d-cache-0: access for ReadReq [3620:3623] type=MemRead UC
 872000: board.cache_hierarchy.l1d-cache-0: sendMSHRQueuePacket: MSHR ReadReq [3620:3623] type=MemRead UC
 872000: board.cache_hierarchy.l2-cache-0: access for ReadReq [3620:3623] type=MemRead UC
 872000: board.cache_hierarchy.l1d-cache-0: access for WriteReq [3340:3347] type=MemWrite UC
 873000: board.cache_hierarchy.l1d-cache-0: sendWriteQueuePacket: write WriteReq [3340:3347] type=MemWrite UC
 873000: board.cache_hierarchy.l1d-cache-0: sendWriteQueuePacket: write WriteReq [3340:3347] type=MemWrite UC
 873000: board.cache_hierarchy.l2-cache-0: access for WriteReq [3340:3347] type=MemWrite UC
 875000: board.cache_hierarchy.l2-cache-0: sendMSHRQueuePacket: MSHR ReadSharedReq [1780:17bf] IF
 875000: board.cache_hierarchy.l2-cache-0: createMissPacket: created ReadSharedReq [1780:17bf] IF from ReadSharedReq [1780:17bf] IF
 878000: board.processor.cores.core.workload: Translating: 0x101c0->0x1c0
 878000: board.cache_hierarchy.l1i-cache-0: access for ReadReq [1c0:1ff] IF hit state: 6 (E) writable: 1 readable: 1 dirty: 0 prefetched: 0 | tag: 0 secure: 0 valid: 1 | set: 0x7 way: 0
 883000: board.cache_hierarchy.l2-cache-0: sendMSHRQueuePacket: MSHR ReadReq [3620:3623] type=MemRead UC
 883000: board.processor.cores.core.workload: Translating: 0x10880->0x880
 883000: board.cache_hierarchy.l1i-cache-0: access for ReadReq [880:8bf] IF miss
 884000: board.cache_hierarchy.l1i-cache-0: sendMSHRQueuePacket: MSHR ReadReq [880:8bf] IF
 884000: board.cache_hierarchy.l1i-cache-0: createMissPacket: created ReadSharedReq [880:8bf] IF from ReadReq [880:8bf] IF
 884000: board.cache_hierarchy.l2-cache-0: access for ReadSharedReq [880:8bf] IF miss
 884000: board.cache_hierarchy.l2-cache-0: sendWriteQueuePacket: write WriteReq [3340:3347] type=MemWrite UC
 884000: board.cache_hierarchy.l2-cache-0: sendWriteQueuePacket: write WriteReq [3340:3347] type=MemWrite UC
 895000: board.cache_hierarchy.l2-cache-0: sendMSHRQueuePacket: MSHR ReadSharedReq [880:8bf] IF
 895000: board.cache_hierarchy.l2-cache-0: createMissPacket: created ReadSharedReq [880:8bf] IF from ReadSharedReq [880:8bf] IF
 905000: board.cache_hierarchy.l2-cache-0: recvTimingResp: Handling response WriteResp [3340:3347] type=MemWrite UC
 907000: board.cache_hierarchy.l1d-cache-0: recvTimingResp: Handling response WriteResp [3340:3347] type=MemWrite UC
 923000: board.cache_hierarchy.l2-cache-0: recvTimingResp: Handling response ReadResp [1780:17bf] IF
 923000: board.cache_hierarchy.l2-cache-0: Block for addr 0x1780 being updated in Cache
 923000: board.cache_hierarchy.l2-cache-0: Block addr 0x1780 (ns) moving from  to state: 6 (E) writable: 1 readable: 1 dirty: 0 prefetched: 0 | tag: 0 secure: 0 valid: 1 | set: 0x5e way: 0
 923000: board.cache_hierarchy.l2-cache-0: recvTimingResp: Leaving with ReadResp [1780:17bf] IF
 925000: board.cache_hierarchy.l1i-cache-0: recvTimingResp: Handling response ReadResp [1780:17bf] IF
 925000: board.cache_hierarchy.l1i-cache-0: Block for addr 0x1780 being updated in Cache
 925000: board.cache_hierarchy.l1i-cache-0: Block addr 0x1780 (ns) moving from  to state: 6 (E) writable: 1 readable: 1 dirty: 0 prefetched: 0 | tag: 0x1 secure: 0 valid: 1 | set: 0x1e way: 0
 925000: board.cache_hierarchy.l1i-cache-0: recvTimingResp: Leaving with ReadResp [1780:17bf] IF
 945000: board.cache_hierarchy.l2-cache-0: recvTimingResp: Handling response ReadResp [3620:3623] type=MemRead UC
 945000: board.cache_hierarchy.l2-cache-0: recvTimingResp: Leaving with ReadResp [3620:3623] type=MemRead UC
 948000: board.cache_hierarchy.l1d-cache-0: recvTimingResp: Handling response ReadResp [3620:3623] type=MemRead UC
 948000: board.cache_hierarchy.l1d-cache-0: recvTimingResp: Leaving with ReadResp [3620:3623] type=MemRead UC
 948000: board.cache_hierarchy.l2-cache-0: recvTimingResp: Handling response ReadResp [880:8bf] IF
 948000: board.cache_hierarchy.l2-cache-0: Block for addr 0x880 being updated in Cache
 948000: board.cache_hierarchy.l2-cache-0: Block addr 0x880 (ns) moving from  to state: 6 (E) writable: 1 readable: 1 dirty: 0 prefetched: 0 | tag: 0 secure: 0 valid: 1 | set: 0x22 way: 0
 948000: board.cache_hierarchy.l2-cache-0: recvTimingResp: Leaving with ReadResp [880:8bf] IF
 950000: board.cache_hierarchy.l1i-cache-0: recvTimingResp: Handling response ReadResp [880:8bf] IF
 950000: board.cache_hierarchy.l1i-cache-0: Block for addr 0x880 being updated in Cache
 950000: board.cache_hierarchy.l1i-cache-0: Block addr 0x880 (ns) moving from  to state: 6 (E) writable: 1 readable: 1 dirty: 0 prefetched: 0 | tag: 0 secure: 0 valid: 1 | set: 0x22 way: 0
 950000: board.cache_hierarchy.l1i-cache-0: recvTimingResp: Leaving with ReadResp [880:8bf] IF
 952000: board.processor.cores.core.workload: Translating: 0x13620->0x3620
 866000: board.processor.cores.core: 0x11732    : c_lw a4, 8(a5)             : 
 866000: board.processor.cores.core: 0x11734    : c_li a6, 31                : 
 867000: board.processor.cores.core: 0x11736    : blt a6, a4, 98             : 
 867000: board.processor.cores.core: 0x1173a    : c_beqz a0, 40              : 
 954000: board.processor.cores.core.workload: Translating: 0x13628->0x3628
 875000: board.processor.cores.core: 0x11762    : addiw a3, a4, 1            : 
 875000: board.processor.cores.core: 0x11766    : c_slli a4, 3               : 
 876000: board.processor.cores.core: 0x11768    : c_sw a3, 8(a5)             : 
 876000: board.processor.cores.core: 0x1176a    : c_add a5, a4               : 
 877000: board.processor.cores.core: 0x1176c    : c_sd a1, 16(a5)            : 
 877000: board.processor.cores.core: 0x1176e    : c_li a0, 0                 : 
 957000: board.processor.cores.core.workload: Translating: 0x7fffffffffffff00->0x4f00
 957000: board.processor.cores.core.workload: Translating: 0x7ffffffffffffef0->0x4ef0
 957000: board.cache_hierarchy.l1d-cache-0: access for WriteReq [3620:3623] type=MemWrite UC
 878000: board.processor.cores.core: 0x11770    : c_jr ra                    : 
 879000: board.processor.cores.core: 0x101ca    : jal ra, 1718               : 
 958000: board.cache_hierarchy.l1d-cache-0: sendWriteQueuePacket: write WriteReq [3620:3623] type=MemWrite UC
 958000: board.cache_hierarchy.l2-cache-0: access for WriteReq [3620:3623] type=MemWrite UC
 958000: board.cache_hierarchy.l1d-cache-0: access for WriteReq [3628:362f] type=MemWrite UC
 951000: board.processor.cores.core: 0x10880    : c_addi sp, -32             : 
 959000: board.cache_hierarchy.l1d-cache-0: sendWriteQueuePacket: write WriteReq [3628:362f] type=MemWrite UC
 959000: board.processor.cores.core.workload: Translating: 0x7fffffffffffff08->0x4f08
 959000: board.processor.cores.core.workload: Translating: 0x7ffffffffffffef8->0x4ef8
 951000: board.processor.cores.core: 0x10882    : c_sdsp s0, 16(sp)          : 
 952000: board.processor.cores.core: 0x10884    : c_sdsp s2, 0(sp)           : 
 960000: board.cache_hierarchy.l1d-cache-0: sendWriteQueuePacket: write WriteReq [3628:362f] type=MemWrite UC
 960000: board.cache_hierarchy.l2-cache-0: access for WriteReq [3628:362f] type=MemWrite UC
 952000: board.processor.cores.core: 0x10886    : c_lui s0, 19               : 
 953000: board.processor.cores.core: 0x10888    : c_lui s2, 19               : 
 961000: board.cache_hierarchy.l1d-cache-0: access for WriteReq [4f00:4f07] type=MemWrite UC
 961000: board.cache_hierarchy.l1d-cache-0: access for WriteReq [4ef0:4ef7] type=MemWrite UC
 953000: board.processor.cores.core: 0x1088a    : c_sdsp ra, 24(sp)          : 
 954000: board.processor.cores.core: 0x1088c    : c_sdsp s1, 8(sp)           : 
 962000: board.cache_hierarchy.l1d-cache-0: sendWriteQueuePacket: write WriteReq [4f00:4f07] type=MemWrite UC
 962000: board.cache_hierarchy.l1d-cache-0: sendWriteQueuePacket: write WriteReq [4f00:4f07] type=MemWrite UC
 962000: board.cache_hierarchy.l2-cache-0: access for WriteReq [4f00:4f07] type=MemWrite UC
 962000: board.processor.cores.core.workload: Translating: 0x108c0->0x8c0
 962000: board.cache_hierarchy.l1i-cache-0: access for ReadReq [8c0:8ff] IF hit state: 6 (E) writable: 1 readable: 1 dirty: 0 prefetched: 0 | tag: 0 secure: 0 valid: 1 | set: 0x23 way: 0
 962001: board.cache_hierarchy.l1d-cache-0: sendWriteQueuePacket: write WriteReq [4ef0:4ef7] type=MemWrite UC
 963000: board.cache_hierarchy.l1d-cache-0: access for WriteReq [4f08:4f0f] type=MemWrite UC
 963000: board.cache_hierarchy.l1d-cache-0: access for WriteReq [4ef8:4eff] type=MemWrite UC
 964000: board.cache_hierarchy.l1d-cache-0: sendWriteQueuePacket: write WriteReq [4ef0:4ef7] type=MemWrite UC
 964000: board.cache_hierarchy.l2-cache-0: access for WriteReq [4ef0:4ef7] type=MemWrite UC
 964000: board.processor.cores.core.workload: Translating: 0x10880->0x880
 964000: board.cache_hierarchy.l1i-cache-0: access for ReadReq [880:8bf] IF hit state: 6 (E) writable: 1 readable: 1 dirty: 0 prefetched: 0 | tag: 0 secure: 0 valid: 1 | set: 0x22 way: 0
 964001: board.cache_hierarchy.l1d-cache-0: sendWriteQueuePacket: write WriteReq [4f08:4f0f] type=MemWrite UC
 954000: board.processor.cores.core: 0x1088e    : addi s2, s2, -1828         : 
 955000: board.processor.cores.core: 0x10892    : addi s0, s0, -1828         : 
 966000: board.cache_hierarchy.l1d-cache-0: sendWriteQueuePacket: write WriteReq [4f08:4f0f] type=MemWrite UC
 966000: board.cache_hierarchy.l2-cache-0: access for WriteReq [4f08:4f0f] type=MemWrite UC
 955000: board.processor.cores.core: 0x10896    : beq s2, s0, 26             : 
 966001: board.cache_hierarchy.l1d-cache-0: sendWriteQueuePacket: write WriteReq [4ef8:4eff] type=MemWrite UC
 967000: board.processor.cores.core.workload: Translating: 0x108c0->0x8c0
 967000: board.cache_hierarchy.l1i-cache-0: access for ReadReq [8c0:8ff] IF hit state: 6 (E) writable: 1 readable: 1 dirty: 0 prefetched: 0 | tag: 0 secure: 0 valid: 1 | set: 0x23 way: 0
 968000: board.cache_hierarchy.l1d-cache-0: sendWriteQueuePacket: write WriteReq [4ef8:4eff] type=MemWrite UC
 968000: board.cache_hierarchy.l2-cache-0: access for WriteReq [4ef8:4eff] type=MemWrite UC
 969000: board.cache_hierarchy.l2-cache-0: sendWriteQueuePacket: write WriteReq [3620:3623] type=MemWrite UC
 971000: board.cache_hierarchy.l2-cache-0: sendWriteQueuePacket: write WriteReq [3628:362f] type=MemWrite UC
 971000: board.cache_hierarchy.l2-cache-0: sendWriteQueuePacket: write WriteReq [3628:362f] type=MemWrite UC
 973000: board.cache_hierarchy.l2-cache-0: sendWriteQueuePacket: write WriteReq [4f00:4f07] type=MemWrite UC
 973000: board.cache_hierarchy.l2-cache-0: sendWriteQueuePacket: write WriteReq [4f00:4f07] type=MemWrite UC
 965000: board.processor.cores.core: 0x108b0    : c_lui s2, 19               : 
 965000: board.processor.cores.core: 0x108b2    : c_lui s0, 19               : 
 975000: board.cache_hierarchy.l2-cache-0: sendWriteQueuePacket: write WriteReq [4ef0:4ef7] type=MemWrite UC
 975000: board.cache_hierarchy.l2-cache-0: sendWriteQueuePacket: write WriteReq [4ef0:4ef7] type=MemWrite UC
 966000: board.processor.cores.core: 0x108b4    : addi s2, s2, -1808         : 
 966000: board.processor.cores.core: 0x108b8    : addi s0, s0, -1824         : 
 977000: board.cache_hierarchy.l2-cache-0: sendWriteQueuePacket: write WriteReq [4f08:4f0f] type=MemWrite UC
 977000: board.cache_hierarchy.l2-cache-0: sendWriteQueuePacket: write WriteReq [4f08:4f0f] type=MemWrite UC
 977000: board.processor.cores.core.workload: Translating: 0x128e0->0x28e0
 977000: board.cache_hierarchy.l1d-cache-0: access for ReadReq [28e0:28e7] type=MemRead UC
 967000: board.processor.cores.core: 0x108bc    : beq s2, s0, 26             : 
 968000: board.processor.cores.core: 0x108c0    : sub s2, s2, s0             : 
 978000: board.cache_hierarchy.l1d-cache-0: sendMSHRQueuePacket: MSHR ReadReq [28e0:28e7] type=MemRead UC
 978000: board.cache_hierarchy.l2-cache-0: access for ReadReq [28e0:28e7] type=MemRead UC
 978000: board.processor.cores.core.workload: Translating: 0x101c0->0x1c0
 978000: board.cache_hierarchy.l1i-cache-0: access for ReadReq [1c0:1ff] IF hit state: 6 (E) writable: 1 readable: 1 dirty: 0 prefetched: 0 | tag: 0 secure: 0 valid: 1 | set: 0x7 way: 0
 968000: board.processor.cores.core: 0x108c4    : srai s2, s2, 3             : 
 969000: board.processor.cores.core: 0x108c8    : c_li s1, 0                 : 
 979000: board.cache_hierarchy.l2-cache-0: sendWriteQueuePacket: write WriteReq [4ef8:4eff] type=MemWrite UC
 979000: board.cache_hierarchy.l2-cache-0: sendWriteQueuePacket: write WriteReq [4ef8:4eff] type=MemWrite UC
 979000: board.processor.cores.core.workload: Translating: 0x7fffffffffffff08->0x4f08
 979000: board.cache_hierarchy.l1d-cache-0: access for ReadReq [4f08:4f0f] type=MemRead UC
 980000: board.cache_hierarchy.l1d-cache-0: sendMSHRQueuePacket: MSHR ReadReq [4f08:4f0f] type=MemRead UC
 980000: board.cache_hierarchy.l2-cache-0: access for ReadReq [4f08:4f0f] type=MemRead UC
 980000: board.processor.cores.core.workload: Translating: 0x7fffffffffffff00->0x4f00
 980000: board.cache_hierarchy.l1d-cache-0: access for ReadReq [4f00:4f07] type=MemRead UC
 980000: board.processor.cores.core.workload: Translating: 0x7ffffffffffffef8->0x4ef8
 980000: board.cache_hierarchy.l1d-cache-0: access for ReadReq [4ef8:4eff] type=MemRead UC
 981000: board.cache_hierarchy.l1d-cache-0: sendMSHRQueuePacket: MSHR ReadReq [4f00:4f07] type=MemRead UC
 981000: board.cache_hierarchy.l1d-cache-0: sendMSHRQueuePacket: MSHR ReadReq [4f00:4f07] type=MemRead UC
 981000: board.cache_hierarchy.l2-cache-0: access for ReadReq [4f00:4f07] type=MemRead UC
 981001: board.cache_hierarchy.l1d-cache-0: sendMSHRQueuePacket: MSHR ReadReq [4ef8:4eff] type=MemRead UC
 982000: board.cache_hierarchy.l1d-cache-0: sendMSHRQueuePacket: MSHR ReadReq [4ef8:4eff] type=MemRead UC
 982000: board.cache_hierarchy.l2-cache-0: access for ReadReq [4ef8:4eff] type=MemRead UC
 982000: board.processor.cores.core.workload: Translating: 0x108c0->0x8c0
 982000: board.cache_hierarchy.l1i-cache-0: access for ReadReq [8c0:8ff] IF hit state: 6 (E) writable: 1 readable: 1 dirty: 0 prefetched: 0 | tag: 0 secure: 0 valid: 1 | set: 0x23 way: 0
 989000: board.cache_hierarchy.l2-cache-0: sendMSHRQueuePacket: MSHR ReadReq [28e0:28e7] type=MemRead UC
 990000: board.cache_hierarchy.l2-cache-0: recvTimingResp: Handling response WriteResp [3620:3623] type=MemWrite UC
 990000: board.processor.cores.core.workload: Translating: 0x128e8->0x28e8
 990000: board.cache_hierarchy.l1d-cache-0: access for ReadReq [28e8:28ef] type=MemRead UC
 991000: board.cache_hierarchy.l1d-cache-0: sendMSHRQueuePacket: MSHR ReadReq [28e8:28ef] type=MemRead UC
 991000: board.cache_hierarchy.l2-cache-0: access for ReadReq [28e8:28ef] type=MemRead UC
 991000: board.cache_hierarchy.l2-cache-0: sendMSHRQueuePacket: MSHR ReadReq [4f08:4f0f] type=MemRead UC
 992000: board.cache_hierarchy.l2-cache-0: sendMSHRQueuePacket: MSHR ReadReq [4f00:4f07] type=MemRead UC
 992000: board.cache_hierarchy.l2-cache-0: sendMSHRQueuePacket: MSHR ReadReq [4f00:4f07] type=MemRead UC
 992000: board.cache_hierarchy.l1d-cache-0: recvTimingResp: Handling response WriteResp [3620:3623] type=MemWrite UC
 992000: board.cache_hierarchy.l2-cache-0: recvTimingResp: Handling response WriteResp [3628:362f] type=MemWrite UC
 993000: board.cache_hierarchy.l2-cache-0: sendMSHRQueuePacket: MSHR ReadReq [4ef8:4eff] type=MemRead UC
 993000: board.cache_hierarchy.l2-cache-0: sendMSHRQueuePacket: MSHR ReadReq [4ef8:4eff] type=MemRead UC
 993000: board.processor.cores.core.workload: Translating: 0x7fffffffffffff08->0x4f08
 993000: board.cache_hierarchy.l1d-cache-0: access for ReadReq [4f08:4f0f] type=MemRead UC
 994000: board.cache_hierarchy.l1d-cache-0: sendMSHRQueuePacket: MSHR ReadReq [4f08:4f0f] type=MemRead UC
 994000: board.cache_hierarchy.l2-cache-0: access for ReadReq [4f08:4f0f] type=MemRead UC
 994000: board.cache_hierarchy.l1d-cache-0: recvTimingResp: Handling response WriteResp [3628:362f] type=MemWrite UC
 994000: board.cache_hierarchy.l2-cache-0: recvTimingResp: Handling response WriteResp [4f00:4f07] type=MemWrite UC
 994000: board.processor.cores.core.workload: Translating: 0x7fffffffffffff00->0x4f00
 994000: board.cache_hierarchy.l1d-cache-0: access for ReadReq [4f00:4f07] type=MemRead UC
 994000: board.processor.cores.core.workload: Translating: 0x7ffffffffffffef8->0x4ef8
 994000: board.cache_hierarchy.l1d-cache-0: access for ReadReq [4ef8:4eff] type=MemRead UC
 995000: board.cache_hierarchy.l1d-cache-0: sendMSHRQueuePacket: MSHR ReadReq [4f00:4f07] type=MemRead UC
 995000: board.cache_hierarchy.l1d-cache-0: sendMSHRQueuePacket: MSHR ReadReq [4f00:4f07] type=MemRead UC
 995000: board.cache_hierarchy.l2-cache-0: access for ReadReq [4f00:4f07] type=MemRead UC
 995000: board.processor.cores.core.workload: Translating: 0x7ffffffffffffef0->0x4ef0
 995000: board.cache_hierarchy.l1d-cache-0: access for ReadReq [4ef0:4ef7] type=MemRead UC
 995001: board.cache_hierarchy.l1d-cache-0: sendMSHRQueuePacket: MSHR ReadReq [4ef8:4eff] type=MemRead UC
 996000: board.cache_hierarchy.l1d-cache-0: sendMSHRQueuePacket: MSHR ReadReq [4ef8:4eff] type=MemRead UC
 996000: board.cache_hierarchy.l2-cache-0: access for ReadReq [4ef8:4eff] type=MemRead UC
 996000: board.cache_hierarchy.l1d-cache-0: recvTimingResp: Handling response WriteResp [4f00:4f07] type=MemWrite UC
 996000: board.cache_hierarchy.l2-cache-0: recvTimingResp: Handling response WriteResp [4ef0:4ef7] type=MemWrite UC
 996000: board.processor.cores.core.workload: Translating: 0x101c0->0x1c0
 996000: board.cache_hierarchy.l1i-cache-0: access for ReadReq [1c0:1ff] IF hit state: 6 (E) writable: 1 readable: 1 dirty: 0 prefetched: 0 | tag: 0 secure: 0 valid: 1 | set: 0x7 way: 0
 996001: board.cache_hierarchy.l1d-cache-0: sendMSHRQueuePacket: MSHR ReadReq [4ef0:4ef7] type=MemRead UC
 997000: board.cache_hierarchy.l1d-cache-0: sendMSHRQueuePacket: MSHR ReadReq [4ef0:4ef7] type=MemRead UC
 997000: board.cache_hierarchy.l2-cache-0: access for ReadReq [4ef0:4ef7] type=MemRead UC
 997000: board.processor.cores.core.workload: Translating: 0x7fffffffffffff28->0x4f28
 997000: board.cache_hierarchy.l1d-cache-0: access for ReadReq [4f28:4f2f] type=MemRead UC
 997000: board.processor.cores.core.workload: Translating: 0x7fffffffffffff20->0x4f20
 997000: board.cache_hierarchy.l1d-cache-0: access for ReadReq [4f20:4f27] type=MemRead UC
 998000: board.cache_hierarchy.l1d-cache-0: sendMSHRQueuePacket: MSHR ReadReq [4f28:4f2f] type=MemRead UC
 998000: board.cache_hierarchy.l1d-cache-0: sendMSHRQueuePacket: MSHR ReadReq [4f28:4f2f] type=MemRead UC
 998000: board.cache_hierarchy.l2-cache-0: access for ReadReq [4f28:4f2f] type=MemRead UC
 998000: board.cache_hierarchy.l1d-cache-0: recvTimingResp: Handling response WriteResp [4ef0:4ef7] type=MemWrite UC
 998000: board.cache_hierarchy.l2-cache-0: recvTimingResp: Handling response WriteResp [4f08:4f0f] type=MemWrite UC
 998000: board.processor.cores.core.workload: Translating: 0x7fffffffffffff18->0x4f18
 998000: board.cache_hierarchy.l1d-cache-0: access for ReadReq [4f18:4f1f] type=MemRead UC
 998000: board.processor.cores.core.workload: Translating: 0x7fffffffffffff10->0x4f10
 998000: board.cache_hierarchy.l1d-cache-0: access for ReadReq [4f10:4f17] type=MemRead UC
 998001: board.cache_hierarchy.l1d-cache-0: sendMSHRQueuePacket: MSHR ReadReq [4f20:4f27] type=MemRead UC
 999000: board.cache_hierarchy.l1d-cache-0: sendMSHRQueuePacket: MSHR ReadReq [4f20:4f27] type=MemRead UC
 999000: board.cache_hierarchy.l2-cache-0: access for ReadReq [4f20:4f27] type=MemRead UC
 999001: board.cache_hierarchy.l1d-cache-0: sendMSHRQueuePacket: MSHR ReadReq [4f18:4f1f] type=MemRead UC
1000000: board.cache_hierarchy.l1d-cache-0: sendMSHRQueuePacket: MSHR ReadReq [4f18:4f1f] type=MemRead UC
1000000: board.cache_hierarchy.l2-cache-0: access for ReadReq [4f18:4f1f] type=MemRead UC
1000000: board.cache_hierarchy.l1d-cache-0: recvTimingResp: Handling response WriteResp [4f08:4f0f] type=MemWrite UC
1000000: board.cache_hierarchy.l2-cache-0: recvTimingResp: Handling response WriteResp [4ef8:4eff] type=MemWrite UC
1000000: board.processor.cores.core.workload: Translating: 0x7fffffffffffff48->0x4f48
1000000: board.cache_hierarchy.l1d-cache-0: access for ReadReq [4f48:4f4f] type=MemRead UC
1000001: board.cache_hierarchy.l1d-cache-0: sendMSHRQueuePacket: MSHR ReadReq [4f10:4f17] type=MemRead UC
1001000: board.cache_hierarchy.l1d-cache-0: sendMSHRQueuePacket: MSHR ReadReq [4f10:4f17] type=MemRead UC
1001000: board.cache_hierarchy.l2-cache-0: access for ReadReq [4f10:4f17] type=MemRead UC
1001000: board.processor.cores.core.workload: Translating: 0x7fffffffffffff40->0x4f40
1001000: board.cache_hierarchy.l1d-cache-0: access for ReadReq [4f40:4f47] type=MemRead UC
1001000: board.processor.cores.core.workload: Translating: 0x7fffffffffffff38->0x4f38
1001000: board.cache_hierarchy.l1d-cache-0: access for ReadReq [4f38:4f3f] type=MemRead UC
1001000: board.cache_hierarchy.l1d-cache-0: Blocking for cause 0, mask=1
1001001: board.cache_hierarchy.l1d-cache-0: sendMSHRQueuePacket: MSHR ReadReq [4f48:4f4f] type=MemRead UC
1002000: board.cache_hierarchy.l1d-cache-0: sendMSHRQueuePacket: MSHR ReadReq [4f48:4f4f] type=MemRead UC
1002000: board.cache_hierarchy.l2-cache-0: access for ReadReq [4f48:4f4f] type=MemRead UC
1002000: board.cache_hierarchy.l1d-cache-0: recvTimingResp: Handling response WriteResp [4ef8:4eff] type=MemWrite UC
1002000: board.cache_hierarchy.l2-cache-0: sendMSHRQueuePacket: MSHR ReadReq [28e8:28ef] type=MemRead UC
1002000: board.processor.cores.core.workload: Translating: 0x7fffffffffffff30->0x4f30
1002001: board.cache_hierarchy.l1d-cache-0: sendMSHRQueuePacket: MSHR ReadReq [4f40:4f47] type=MemRead UC
1003000: board.cache_hierarchy.l1d-cache-0: sendMSHRQueuePacket: MSHR ReadReq [4f40:4f47] type=MemRead UC
1003000: board.cache_hierarchy.l2-cache-0: access for ReadReq [4f40:4f47] type=MemRead UC
1003000: board.processor.cores.core.workload: Translating: 0x10100->0x100
1003000: board.cache_hierarchy.l1i-cache-0: access for ReadReq [100:13f] IF miss
1003000: board.processor.cores.core.workload: Translating: 0x7fffffffffffff50->0x4f50
1003001: board.cache_hierarchy.l1d-cache-0: sendMSHRQueuePacket: MSHR ReadReq [4f38:4f3f] type=MemRead UC
1004000: board.cache_hierarchy.l1i-cache-0: sendMSHRQueuePacket: MSHR ReadReq [100:13f] IF
1004000: board.cache_hierarchy.l1i-cache-0: createMissPacket: created ReadSharedReq [100:13f] IF from ReadReq [100:13f] IF
1004000: board.cache_hierarchy.l1d-cache-0: sendMSHRQueuePacket: MSHR ReadReq [4f38:4f3f] type=MemRead UC
1004000: board.cache_hierarchy.l2-cache-0: access for ReadReq [4f38:4f3f] type=MemRead UC
1005000: board.cache_hierarchy.l1i-cache-0: sendMSHRQueuePacket: MSHR ReadReq [100:13f] IF
1005000: board.cache_hierarchy.l1i-cache-0: createMissPacket: created ReadSharedReq [100:13f] IF from ReadReq [100:13f] IF
1005000: board.cache_hierarchy.l2-cache-0: access for ReadSharedReq [100:13f] IF miss
1005000: board.cache_hierarchy.l2-cache-0: sendMSHRQueuePacket: MSHR ReadReq [4f08:4f0f] type=MemRead UC
1006000: board.cache_hierarchy.l2-cache-0: sendMSHRQueuePacket: MSHR ReadReq [4f00:4f07] type=MemRead UC
1006000: board.cache_hierarchy.l2-cache-0: sendMSHRQueuePacket: MSHR ReadReq [4f00:4f07] type=MemRead UC
1007000: board.cache_hierarchy.l2-cache-0: sendMSHRQueuePacket: MSHR ReadReq [4ef8:4eff] type=MemRead UC
1007000: board.cache_hierarchy.l2-cache-0: sendMSHRQueuePacket: MSHR ReadReq [4ef8:4eff] type=MemRead UC
1008000: board.cache_hierarchy.l2-cache-0: sendMSHRQueuePacket: MSHR ReadReq [4ef0:4ef7] type=MemRead UC
1008000: board.cache_hierarchy.l2-cache-0: sendMSHRQueuePacket: MSHR ReadReq [4ef0:4ef7] type=MemRead UC
1009000: board.cache_hierarchy.l2-cache-0: sendMSHRQueuePacket: MSHR ReadReq [4f28:4f2f] type=MemRead UC
1009000: board.cache_hierarchy.l2-cache-0: sendMSHRQueuePacket: MSHR ReadReq [4f28:4f2f] type=MemRead UC
1010000: board.cache_hierarchy.l2-cache-0: sendMSHRQueuePacket: MSHR ReadReq [4f20:4f27] type=MemRead UC
1010000: board.cache_hierarchy.l2-cache-0: sendMSHRQueuePacket: MSHR ReadReq [4f20:4f27] type=MemRead UC
1011000: board.cache_hierarchy.l2-cache-0: sendMSHRQueuePacket: MSHR ReadReq [4f18:4f1f] type=MemRead UC
1011000: board.cache_hierarchy.l2-cache-0: sendMSHRQueuePacket: MSHR ReadReq [4f18:4f1f] type=MemRead UC
1012000: board.cache_hierarchy.l2-cache-0: sendMSHRQueuePacket: MSHR ReadReq [4f10:4f17] type=MemRead UC
1012000: board.cache_hierarchy.l2-cache-0: sendMSHRQueuePacket: MSHR ReadReq [4f10:4f17] type=MemRead UC
1012000: board.cache_hierarchy.l2-cache-0: recvTimingResp: Handling response ReadResp [4f00:4f07] type=MemRead UC
1012000: board.cache_hierarchy.l2-cache-0: recvTimingResp: Leaving with ReadResp [4f00:4f07] type=MemRead UC
1013000: board.cache_hierarchy.l2-cache-0: sendMSHRQueuePacket: MSHR ReadReq [4f48:4f4f] type=MemRead UC
1013000: board.cache_hierarchy.l2-cache-0: sendMSHRQueuePacket: MSHR ReadReq [4f48:4f4f] type=MemRead UC
1014000: board.cache_hierarchy.l2-cache-0: sendMSHRQueuePacket: MSHR ReadReq [4f40:4f47] type=MemRead UC
1014000: board.cache_hierarchy.l2-cache-0: sendMSHRQueuePacket: MSHR ReadReq [4f40:4f47] type=MemRead UC
1015000: board.cache_hierarchy.l1d-cache-0: recvTimingResp: Handling response ReadResp [4f00:4f07] type=MemRead UC
1015000: board.cache_hierarchy.l1d-cache-0: Unblocking for cause 0, mask=0
1015000: board.cache_hierarchy.l1d-cache-0: recvTimingResp: Leaving with ReadResp [4f00:4f07] type=MemRead UC
1015000: board.cache_hierarchy.l2-cache-0: sendMSHRQueuePacket: MSHR ReadReq [4f38:4f3f] type=MemRead UC
1015000: board.cache_hierarchy.l2-cache-0: sendMSHRQueuePacket: MSHR ReadReq [4f38:4f3f] type=MemRead UC
1016000: board.cache_hierarchy.l2-cache-0: sendMSHRQueuePacket: MSHR ReadSharedReq [100:13f] IF
1016000: board.cache_hierarchy.l2-cache-0: createMissPacket: created ReadSharedReq [100:13f] IF from ReadSharedReq [100:13f] IF
1016000: board.cache_hierarchy.l2-cache-0: sendMSHRQueuePacket: MSHR ReadSharedReq [100:13f] IF
1016000: board.cache_hierarchy.l2-cache-0: createMissPacket: created ReadSharedReq [100:13f] IF from ReadSharedReq [100:13f] IF
1017000: board.cache_hierarchy.l1d-cache-0: access for ReadReq [4f30:4f37] type=MemRead UC
1017000: board.cache_hierarchy.l1d-cache-0: Blocking for cause 0, mask=1
1018000: board.cache_hierarchy.l1d-cache-0: sendMSHRQueuePacket: MSHR ReadReq [4f30:4f37] type=MemRead UC
1018000: board.cache_hierarchy.l2-cache-0: access for ReadReq [4f30:4f37] type=MemRead UC
1026000: board.cache_hierarchy.l2-cache-0: recvTimingResp: Handling response ReadResp [4f00:4f07] type=MemRead UC
1026000: board.cache_hierarchy.l2-cache-0: recvTimingResp: Leaving with ReadResp [4f00:4f07] type=MemRead UC
1028000: board.cache_hierarchy.l2-cache-0: recvTimingResp: Handling response ReadResp [4ef0:4ef7] type=MemRead UC
1028000: board.cache_hierarchy.l2-cache-0: recvTimingResp: Leaving with ReadResp [4ef0:4ef7] type=MemRead UC
1029000: board.cache_hierarchy.l1d-cache-0: recvTimingResp: Handling response ReadResp [4f00:4f07] type=MemRead UC
1029000: board.cache_hierarchy.l1d-cache-0: Unblocking for cause 0, mask=0
1029000: board.cache_hierarchy.l1d-cache-0: recvTimingResp: Leaving with ReadResp [4f00:4f07] type=MemRead UC
1029000: board.cache_hierarchy.l2-cache-0: sendMSHRQueuePacket: MSHR ReadReq [4f30:4f37] type=MemRead UC
1031000: board.cache_hierarchy.l1d-cache-0: recvTimingResp: Handling response ReadResp [4ef0:4ef7] type=MemRead UC
1031000: board.cache_hierarchy.l1d-cache-0: recvTimingResp: Leaving with ReadResp [4ef0:4ef7] type=MemRead UC
1031000: board.cache_hierarchy.l1d-cache-0: access for ReadReq [4f50:4f53] type=MemRead UC
1032000: board.cache_hierarchy.l1d-cache-0: sendMSHRQueuePacket: MSHR ReadReq [4f50:4f53] type=MemRead UC
1032000: board.cache_hierarchy.l2-cache-0: access for ReadReq [4f50:4f53] type=MemRead UC
1037000: board.cache_hierarchy.l2-cache-0: recvTimingResp: Handling response ReadResp [28e0:28e7] type=MemRead UC
1037000: board.cache_hierarchy.l2-cache-0: recvTimingResp: Leaving with ReadResp [28e0:28e7] type=MemRead UC
1040000: board.cache_hierarchy.l1d-cache-0: recvTimingResp: Handling response ReadResp [28e0:28e7] type=MemRead UC
1040000: board.cache_hierarchy.l1d-cache-0: recvTimingResp: Leaving with ReadResp [28e0:28e7] type=MemRead UC
1043000: board.cache_hierarchy.l2-cache-0: sendMSHRQueuePacket: MSHR ReadReq [4f50:4f53] type=MemRead UC
1046000: board.processor.cores.core.workload: Translating: 0x10180->0x180
1046000: board.cache_hierarchy.l1i-cache-0: access for ReadReq [180:1bf] IF hit state: 6 (E) writable: 1 readable: 1 dirty: 0 prefetched: 0 | tag: 0 secure: 0 valid: 1 | set: 0x6 way: 0
1049000: board.processor.cores.core.workload: Translating: 0x108c0->0x8c0
1049000: board.cache_hierarchy.l1i-cache-0: access for ReadReq [8c0:8ff] IF hit state: 6 (E) writable: 1 readable: 1 dirty: 0 prefetched: 0 | tag: 0 secure: 0 valid: 1 | set: 0x23 way: 0
1053000: board.cache_hierarchy.l2-cache-0: recvTimingResp: Handling response ReadResp [4f08:4f0f] type=MemRead UC
1053000: board.cache_hierarchy.l2-cache-0: recvTimingResp: Leaving with ReadResp [4f08:4f0f] type=MemRead UC
1053000: board.processor.cores.core.workload: Translating: 0x101c0->0x1c0
1053000: board.cache_hierarchy.l1i-cache-0: access for ReadReq [1c0:1ff] IF hit state: 6 (E) writable: 1 readable: 1 dirty: 0 prefetched: 0 | tag: 0 secure: 0 valid: 1 | set: 0x7 way: 0
1055000: board.processor.cores.core.workload: Translating: 0x10100->0x100
1055000: board.cache_hierarchy.l1i-cache-0: access for ReadReq [100:13f] IF miss
1055000: board.cache_hierarchy.l1i-cache-0: handleTimingReqMiss coalescing MSHR for ReadReq [100:13f] IF
1056000: board.cache_hierarchy.l1d-cache-0: recvTimingResp: Handling response ReadResp [4f08:4f0f] type=MemRead UC
1056000: board.cache_hierarchy.l1d-cache-0: recvTimingResp: Leaving with ReadResp [4f08:4f0f] type=MemRead UC
1058000: board.cache_hierarchy.l2-cache-0: recvTimingResp: Handling response ReadResp [4ef8:4eff] type=MemRead UC
1058000: board.cache_hierarchy.l2-cache-0: recvTimingResp: Leaving with ReadResp [4ef8:4eff] type=MemRead UC
1061000: board.cache_hierarchy.l1d-cache-0: recvTimingResp: Handling response ReadResp [4ef8:4eff] type=MemRead UC
1061000: board.cache_hierarchy.l1d-cache-0: recvTimingResp: Leaving with ReadResp [4ef8:4eff] type=MemRead UC
1061000: board.cache_hierarchy.l2-cache-0: recvTimingResp: Handling response ReadResp [28e8:28ef] type=MemRead UC
1061000: board.cache_hierarchy.l2-cache-0: recvTimingResp: Leaving with ReadResp [28e8:28ef] type=MemRead UC
 969000: board.processor.cores.core: 0x108ca    : c_ld a5, 0(s0)             : 
 970000: board.processor.cores.core: 0x108cc    : c_addi s1, 1               : 
 970000: board.processor.cores.core: 0x108ce    : c_addi s0, 8               : 
 971000: board.processor.cores.core: 0x108d0    : c_jalr a5                  : 
1064000: board.cache_hierarchy.l1d-cache-0: recvTimingResp: Handling response ReadResp [28e8:28ef] type=MemRead UC
1064000: board.cache_hierarchy.l1d-cache-0: recvTimingResp: Leaving with ReadResp [28e8:28ef] type=MemRead UC
1065000: board.cache_hierarchy.l2-cache-0: recvTimingResp: Handling response ReadResp [4f08:4f0f] type=MemRead UC
1065000: board.cache_hierarchy.l2-cache-0: recvTimingResp: Leaving with ReadResp [4f08:4f0f] type=MemRead UC
1068000: board.cache_hierarchy.l1d-cache-0: recvTimingResp: Handling response ReadResp [4f08:4f0f] type=MemRead UC
1068000: board.cache_hierarchy.l1d-cache-0: recvTimingResp: Leaving with ReadResp [4f08:4f0f] type=MemRead UC
1070000: board.cache_hierarchy.l2-cache-0: recvTimingResp: Handling response ReadResp [4ef8:4eff] type=MemRead UC
1070000: board.cache_hierarchy.l2-cache-0: recvTimingResp: Leaving with ReadResp [4ef8:4eff] type=MemRead UC
1070000: board.processor.cores.core.workload: Translating: 0x10a40->0xa40
1070000: board.cache_hierarchy.l1i-cache-0: access for ReadReq [a40:a7f] IF hit state: 6 (E) writable: 1 readable: 1 dirty: 0 prefetched: 0 | tag: 0 secure: 0 valid: 1 | set: 0x29 way: 0
1073000: board.cache_hierarchy.l1d-cache-0: recvTimingResp: Handling response ReadResp [4ef8:4eff] type=MemRead UC
1073000: board.cache_hierarchy.l1d-cache-0: recvTimingResp: Leaving with ReadResp [4ef8:4eff] type=MemRead UC
1073000: board.processor.cores.core.workload: Translating: 0x10180->0x180
1073000: board.cache_hierarchy.l1i-cache-0: access for ReadReq [180:1bf] IF hit state: 6 (E) writable: 1 readable: 1 dirty: 0 prefetched: 0 | tag: 0 secure: 0 valid: 1 | set: 0x6 way: 0
1047000: board.processor.cores.core: 0x10182    : addi a5, zero, 0           : 
1047000: board.processor.cores.core: 0x10186    : c_beqz a5, 12              : 
1074000: board.processor.cores.core.workload: Translating: 0x108c0->0x8c0
1074000: board.cache_hierarchy.l1i-cache-0: access for ReadReq [8c0:8ff] IF hit state: 6 (E) writable: 1 readable: 1 dirty: 0 prefetched: 0 | tag: 0 secure: 0 valid: 1 | set: 0x23 way: 0
1075000: board.cache_hierarchy.l2-cache-0: recvTimingResp: Handling response ReadResp [4f28:4f2f] type=MemRead UC
1075000: board.cache_hierarchy.l2-cache-0: recvTimingResp: Leaving with ReadResp [4f28:4f2f] type=MemRead UC
1078000: board.cache_hierarchy.l1d-cache-0: recvTimingResp: Handling response ReadResp [4f28:4f2f] type=MemRead UC
1078000: board.cache_hierarchy.l1d-cache-0: recvTimingResp: Leaving with ReadResp [4f28:4f2f] type=MemRead UC
1080000: board.cache_hierarchy.l2-cache-0: recvTimingResp: Handling response ReadResp [4f20:4f27] type=MemRead UC
1080000: board.cache_hierarchy.l2-cache-0: recvTimingResp: Leaving with ReadResp [4f20:4f27] type=MemRead UC
1074000: board.processor.cores.core: 0x10192    : c_jr ra                    : 
1083000: board.cache_hierarchy.l1d-cache-0: recvTimingResp: Handling response ReadResp [4f20:4f27] type=MemRead UC
1083000: board.cache_hierarchy.l1d-cache-0: recvTimingResp: Leaving with ReadResp [4f20:4f27] type=MemRead UC
1083000: board.processor.cores.core.workload: Translating: 0x128e8->0x28e8
1083000: board.cache_hierarchy.l1d-cache-0: access for ReadReq [28e8:28ef] type=MemRead UC
1075000: board.processor.cores.core: 0x108d2    : bltu s1, s2, -8            : 
1084000: board.cache_hierarchy.l1d-cache-0: sendMSHRQueuePacket: MSHR ReadReq [28e8:28ef] type=MemRead UC
1084000: board.cache_hierarchy.l2-cache-0: access for ReadReq [28e8:28ef] type=MemRead UC
1085000: board.cache_hierarchy.l2-cache-0: recvTimingResp: Handling response ReadResp [4f18:4f1f] type=MemRead UC
1085000: board.cache_hierarchy.l2-cache-0: recvTimingResp: Leaving with ReadResp [4f18:4f1f] type=MemRead UC
1085000: board.processor.cores.core.workload: Translating: 0x101c0->0x1c0
1085000: board.cache_hierarchy.l1i-cache-0: access for ReadReq [1c0:1ff] IF hit state: 6 (E) writable: 1 readable: 1 dirty: 0 prefetched: 0 | tag: 0 secure: 0 valid: 1 | set: 0x7 way: 0
1085000: board.processor.cores.core.workload: Translating: 0x7fffffffffffff08->0x4f08
1085000: board.cache_hierarchy.l1d-cache-0: access for ReadReq [4f08:4f0f] type=MemRead UC
1086000: board.cache_hierarchy.l1d-cache-0: sendMSHRQueuePacket: MSHR ReadReq [4f08:4f0f] type=MemRead UC
1086000: board.cache_hierarchy.l2-cache-0: access for ReadReq [4f08:4f0f] type=MemRead UC
1086000: board.processor.cores.core.workload: Translating: 0x7fffffffffffff00->0x4f00
1086000: board.cache_hierarchy.l1d-cache-0: access for ReadReq [4f00:4f07] type=MemRead UC
1086000: board.processor.cores.core.workload: Translating: 0x7ffffffffffffef8->0x4ef8
1086000: board.cache_hierarchy.l1d-cache-0: access for ReadReq [4ef8:4eff] type=MemRead UC
1087000: board.cache_hierarchy.l1d-cache-0: sendMSHRQueuePacket: MSHR ReadReq [4f00:4f07] type=MemRead UC
1087000: board.cache_hierarchy.l1d-cache-0: sendMSHRQueuePacket: MSHR ReadReq [4f00:4f07] type=MemRead UC
1087000: board.cache_hierarchy.l2-cache-0: access for ReadReq [4f00:4f07] type=MemRead UC
1087000: board.processor.cores.core.workload: Translating: 0x10100->0x100
1087000: board.cache_hierarchy.l1i-cache-0: access for ReadReq [100:13f] IF miss
1087000: board.cache_hierarchy.l1i-cache-0: handleTimingReqMiss coalescing MSHR for ReadReq [100:13f] IF
1087000: board.processor.cores.core.workload: Translating: 0x7ffffffffffffef0->0x4ef0
1087000: board.cache_hierarchy.l1d-cache-0: access for ReadReq [4ef0:4ef7] type=MemRead UC
1087001: board.cache_hierarchy.l1d-cache-0: sendMSHRQueuePacket: MSHR ReadReq [4ef8:4eff] type=MemRead UC
1088000: board.cache_hierarchy.l1d-cache-0: recvTimingResp: Handling response ReadResp [4f18:4f1f] type=MemRead UC
1088000: board.cache_hierarchy.l1d-cache-0: recvTimingResp: Leaving with ReadResp [4f18:4f1f] type=MemRead UC
1088000: board.cache_hierarchy.l1d-cache-0: sendMSHRQueuePacket: MSHR ReadReq [4ef8:4eff] type=MemRead UC
1088000: board.cache_hierarchy.l2-cache-0: access for ReadReq [4ef8:4eff] type=MemRead UC
1088001: board.cache_hierarchy.l1d-cache-0: sendMSHRQueuePacket: MSHR ReadReq [4ef0:4ef7] type=MemRead UC
1089000: board.cache_hierarchy.l1d-cache-0: sendMSHRQueuePacket: MSHR ReadReq [4ef0:4ef7] type=MemRead UC
1089000: board.cache_hierarchy.l2-cache-0: access for ReadReq [4ef0:4ef7] type=MemRead UC
1089000: board.processor.cores.core.workload: Translating: 0x7fffffffffffff28->0x4f28
1089000: board.cache_hierarchy.l1d-cache-0: access for ReadReq [4f28:4f2f] type=MemRead UC
1089000: board.processor.cores.core.workload: Translating: 0x7fffffffffffff20->0x4f20
1089000: board.cache_hierarchy.l1d-cache-0: access for ReadReq [4f20:4f27] type=MemRead UC
1090000: board.cache_hierarchy.l1d-cache-0: sendMSHRQueuePacket: MSHR ReadReq [4f28:4f2f] type=MemRead UC
1090000: board.cache_hierarchy.l1d-cache-0: sendMSHRQueuePacket: MSHR ReadReq [4f28:4f2f] type=MemRead UC
1090000: board.cache_hierarchy.l2-cache-0: access for ReadReq [4f28:4f2f] type=MemRead UC
1090000: board.cache_hierarchy.l2-cache-0: recvTimingResp: Handling response ReadResp [4f10:4f17] type=MemRead UC
1090000: board.cache_hierarchy.l2-cache-0: recvTimingResp: Leaving with ReadResp [4f10:4f17] type=MemRead UC
1090000: board.processor.cores.core.workload: Translating: 0x7fffffffffffff18->0x4f18
1090000: board.cache_hierarchy.l1d-cache-0: access for ReadReq [4f18:4f1f] type=MemRead UC
1090000: board.processor.cores.core.workload: Translating: 0x7fffffffffffff10->0x4f10
1090000: board.cache_hierarchy.l1d-cache-0: access for ReadReq [4f10:4f17] type=MemRead UC
1090001: board.cache_hierarchy.l1d-cache-0: sendMSHRQueuePacket: MSHR ReadReq [4f20:4f27] type=MemRead UC
1091000: board.cache_hierarchy.l1d-cache-0: sendMSHRQueuePacket: MSHR ReadReq [4f20:4f27] type=MemRead UC
1091000: board.cache_hierarchy.l2-cache-0: access for ReadReq [4f20:4f27] type=MemRead UC
1091001: board.cache_hierarchy.l1d-cache-0: sendMSHRQueuePacket: MSHR ReadReq [4f18:4f1f] type=MemRead UC
1092000: board.cache_hierarchy.l1d-cache-0: sendMSHRQueuePacket: MSHR ReadReq [4f18:4f1f] type=MemRead UC
1092000: board.cache_hierarchy.l2-cache-0: access for ReadReq [4f18:4f1f] type=MemRead UC
1092000: board.processor.cores.core.workload: Translating: 0x7fffffffffffff30->0x4f30
1092000: board.cache_hierarchy.l1d-cache-0: access for ReadReq [4f30:4f33] type=MemRead UC
1092000: board.cache_hierarchy.l1d-cache-0: Blocking for cause 0, mask=1
1092001: board.cache_hierarchy.l1d-cache-0: sendMSHRQueuePacket: MSHR ReadReq [4f10:4f17] type=MemRead UC
1093000: board.cache_hierarchy.l1d-cache-0: recvTimingResp: Handling response ReadResp [4f10:4f17] type=MemRead UC
1093000: board.cache_hierarchy.l1d-cache-0: Unblocking for cause 0, mask=0
1093000: board.cache_hierarchy.l1d-cache-0: recvTimingResp: Leaving with ReadResp [4f10:4f17] type=MemRead UC
1093000: board.cache_hierarchy.l1d-cache-0: sendMSHRQueuePacket: MSHR ReadReq [4f10:4f17] type=MemRead UC
1093000: board.cache_hierarchy.l2-cache-0: access for ReadReq [4f10:4f17] type=MemRead UC
1093000: board.cache_hierarchy.l2-cache-0: recvTimingResp: Handling response ReadResp [100:13f] IF
1093000: board.cache_hierarchy.l2-cache-0: Block for addr 0x100 being updated in Cache
1093000: board.cache_hierarchy.l2-cache-0: Block addr 0x100 (ns) moving from  to state: 6 (E) writable: 1 readable: 1 dirty: 0 prefetched: 0 | tag: 0 secure: 0 valid: 1 | set: 0x4 way: 0
1093000: board.cache_hierarchy.l2-cache-0: recvTimingResp: Leaving with ReadResp [100:13f] IF
1093001: board.cache_hierarchy.l1d-cache-0: sendMSHRQueuePacket: MSHR ReadReq [4f30:4f33] type=MemRead UC
1094000: board.cache_hierarchy.l1d-cache-0: sendMSHRQueuePacket: MSHR ReadReq [4f30:4f33] type=MemRead UC
1094000: board.cache_hierarchy.l2-cache-0: access for ReadReq [4f30:4f33] type=MemRead UC
1095000: board.cache_hierarchy.l1i-cache-0: recvTimingResp: Handling response ReadResp [100:13f] IF
1095000: board.cache_hierarchy.l1i-cache-0: Block for addr 0x100 being updated in Cache
1095000: board.cache_hierarchy.l1i-cache-0: Block addr 0x100 (ns) moving from  to state: 6 (E) writable: 1 readable: 1 dirty: 0 prefetched: 0 | tag: 0 secure: 0 valid: 1 | set: 0x4 way: 0
1095000: board.cache_hierarchy.l1i-cache-0: recvTimingResp: Leaving with ReadResp [100:13f] IF
1095000: board.cache_hierarchy.l2-cache-0: sendMSHRQueuePacket: MSHR ReadReq [28e8:28ef] type=MemRead UC
1096000: board.cache_hierarchy.l2-cache-0: recvTimingResp: Handling response ReadResp [4f48:4f4f] type=MemRead UC
1096000: board.cache_hierarchy.l2-cache-0: recvTimingResp: Leaving with ReadResp [4f48:4f4f] type=MemRead UC
1097000: board.cache_hierarchy.l2-cache-0: sendMSHRQueuePacket: MSHR ReadReq [4f08:4f0f] type=MemRead UC
1097000: board.processor.cores.core.workload: Translating: 0x10140->0x140
1097000: board.cache_hierarchy.l1i-cache-0: access for ReadReq [140:17f] IF miss
1098000: board.cache_hierarchy.l1i-cache-0: sendMSHRQueuePacket: MSHR ReadReq [140:17f] IF
1098000: board.cache_hierarchy.l1i-cache-0: createMissPacket: created ReadSharedReq [140:17f] IF from ReadReq [140:17f] IF
1098000: board.cache_hierarchy.l2-cache-0: access for ReadSharedReq [140:17f] IF miss
1098000: board.cache_hierarchy.l2-cache-0: sendMSHRQueuePacket: MSHR ReadReq [4f00:4f07] type=MemRead UC
1098000: board.cache_hierarchy.l2-cache-0: sendMSHRQueuePacket: MSHR ReadReq [4f00:4f07] type=MemRead UC
1099000: board.cache_hierarchy.l1d-cache-0: recvTimingResp: Handling response ReadResp [4f48:4f4f] type=MemRead UC
1099000: board.cache_hierarchy.l1d-cache-0: recvTimingResp: Leaving with ReadResp [4f48:4f4f] type=MemRead UC
1099000: board.cache_hierarchy.l2-cache-0: sendMSHRQueuePacket: MSHR ReadReq [4ef8:4eff] type=MemRead UC
1099000: board.cache_hierarchy.l2-cache-0: sendMSHRQueuePacket: MSHR ReadReq [4ef8:4eff] type=MemRead UC
1100000: board.cache_hierarchy.l2-cache-0: sendMSHRQueuePacket: MSHR ReadReq [4ef0:4ef7] type=MemRead UC
1100000: board.cache_hierarchy.l2-cache-0: sendMSHRQueuePacket: MSHR ReadReq [4ef0:4ef7] type=MemRead UC
1101000: board.cache_hierarchy.l2-cache-0: sendMSHRQueuePacket: MSHR ReadReq [4f28:4f2f] type=MemRead UC
1101000: board.cache_hierarchy.l2-cache-0: sendMSHRQueuePacket: MSHR ReadReq [4f28:4f2f] type=MemRead UC
1101000: board.cache_hierarchy.l2-cache-0: recvTimingResp: Handling response ReadResp [4f40:4f47] type=MemRead UC
1101000: board.cache_hierarchy.l2-cache-0: recvTimingResp: Leaving with ReadResp [4f40:4f47] type=MemRead UC
1102000: board.cache_hierarchy.l2-cache-0: sendMSHRQueuePacket: MSHR ReadReq [4f20:4f27] type=MemRead UC
1102000: board.cache_hierarchy.l2-cache-0: sendMSHRQueuePacket: MSHR ReadReq [4f20:4f27] type=MemRead UC
1103000: board.cache_hierarchy.l2-cache-0: sendMSHRQueuePacket: MSHR ReadReq [4f18:4f1f] type=MemRead UC
1103000: board.cache_hierarchy.l2-cache-0: sendMSHRQueuePacket: MSHR ReadReq [4f18:4f1f] type=MemRead UC
1104000: board.cache_hierarchy.l1d-cache-0: recvTimingResp: Handling response ReadResp [4f40:4f47] type=MemRead UC
1104000: board.cache_hierarchy.l1d-cache-0: recvTimingResp: Leaving with ReadResp [4f40:4f47] type=MemRead UC
1104000: board.cache_hierarchy.l2-cache-0: sendMSHRQueuePacket: MSHR ReadReq [4f10:4f17] type=MemRead UC
1104000: board.cache_hierarchy.l2-cache-0: sendMSHRQueuePacket: MSHR ReadReq [4f10:4f17] type=MemRead UC
1105000: board.cache_hierarchy.l2-cache-0: sendMSHRQueuePacket: MSHR ReadReq [4f30:4f33] type=MemRead UC
1105000: board.cache_hierarchy.l2-cache-0: sendMSHRQueuePacket: MSHR ReadReq [4f30:4f33] type=MemRead UC
1106000: board.cache_hierarchy.l2-cache-0: recvTimingResp: Handling response ReadResp [4f38:4f3f] type=MemRead UC
1106000: board.cache_hierarchy.l2-cache-0: recvTimingResp: Leaving with ReadResp [4f38:4f3f] type=MemRead UC
1109000: board.cache_hierarchy.l1d-cache-0: recvTimingResp: Handling response ReadResp [4f38:4f3f] type=MemRead UC
1109000: board.cache_hierarchy.l1d-cache-0: recvTimingResp: Leaving with ReadResp [4f38:4f3f] type=MemRead UC
1109000: board.cache_hierarchy.l2-cache-0: sendMSHRQueuePacket: MSHR ReadSharedReq [140:17f] IF
1109000: board.cache_hierarchy.l2-cache-0: createMissPacket: created ReadSharedReq [140:17f] IF from ReadSharedReq [140:17f] IF
1111000: board.cache_hierarchy.l2-cache-0: recvTimingResp: Handling response ReadResp [4f30:4f37] type=MemRead UC
1111000: board.cache_hierarchy.l2-cache-0: recvTimingResp: Leaving with ReadResp [4f30:4f37] type=MemRead UC
1114000: board.cache_hierarchy.l1d-cache-0: recvTimingResp: Handling response ReadResp [4f30:4f37] type=MemRead UC
1114000: board.cache_hierarchy.l1d-cache-0: recvTimingResp: Leaving with ReadResp [4f30:4f37] type=MemRead UC
1116000: board.cache_hierarchy.l2-cache-0: recvTimingResp: Handling response ReadResp [4f50:4f53] type=MemRead UC
1116000: board.cache_hierarchy.l2-cache-0: recvTimingResp: Leaving with ReadResp [4f50:4f53] type=MemRead UC
1118000: board.cache_hierarchy.l2-cache-0: recvTimingResp: Handling response ReadResp [4f00:4f07] type=MemRead UC
1118000: board.cache_hierarchy.l2-cache-0: recvTimingResp: Leaving with ReadResp [4f00:4f07] type=MemRead UC
1119000: board.cache_hierarchy.l1d-cache-0: recvTimingResp: Handling response ReadResp [4f50:4f53] type=MemRead UC
1119000: board.cache_hierarchy.l1d-cache-0: recvTimingResp: Leaving with ReadResp [4f50:4f53] type=MemRead UC
1120000: board.cache_hierarchy.l2-cache-0: recvTimingResp: Handling response ReadResp [4ef0:4ef7] type=MemRead UC
1120000: board.cache_hierarchy.l2-cache-0: recvTimingResp: Leaving with ReadResp [4ef0:4ef7] type=MemRead UC
1121000: board.cache_hierarchy.l1d-cache-0: recvTimingResp: Handling response ReadResp [4f00:4f07] type=MemRead UC
1121000: board.cache_hierarchy.l1d-cache-0: recvTimingResp: Leaving with ReadResp [4f00:4f07] type=MemRead UC
1123000: board.cache_hierarchy.l1d-cache-0: recvTimingResp: Handling response ReadResp [4ef0:4ef7] type=MemRead UC
1123000: board.cache_hierarchy.l1d-cache-0: recvTimingResp: Leaving with ReadResp [4ef0:4ef7] type=MemRead UC
1143000: board.cache_hierarchy.l2-cache-0: recvTimingResp: Handling response ReadResp [28e8:28ef] type=MemRead UC
1143000: board.cache_hierarchy.l2-cache-0: recvTimingResp: Leaving with ReadResp [28e8:28ef] type=MemRead UC
1146000: board.cache_hierarchy.l1d-cache-0: recvTimingResp: Handling response ReadResp [28e8:28ef] type=MemRead UC
1146000: board.cache_hierarchy.l1d-cache-0: recvTimingResp: Leaving with ReadResp [28e8:28ef] type=MemRead UC
1146000: board.cache_hierarchy.l2-cache-0: recvTimingResp: Handling response ReadResp [4f08:4f0f] type=MemRead UC
1146000: board.cache_hierarchy.l2-cache-0: recvTimingResp: Leaving with ReadResp [4f08:4f0f] type=MemRead UC
1149000: board.cache_hierarchy.l1d-cache-0: recvTimingResp: Handling response ReadResp [4f08:4f0f] type=MemRead UC
1149000: board.cache_hierarchy.l1d-cache-0: recvTimingResp: Leaving with ReadResp [4f08:4f0f] type=MemRead UC
1151000: board.cache_hierarchy.l2-cache-0: recvTimingResp: Handling response ReadResp [4ef8:4eff] type=MemRead UC
1151000: board.cache_hierarchy.l2-cache-0: recvTimingResp: Leaving with ReadResp [4ef8:4eff] type=MemRead UC
1152000: board.processor.cores.core.workload: Translating: 0x10200->0x200
1152000: board.cache_hierarchy.l1i-cache-0: access for ReadReq [200:23f] IF miss
1153000: board.cache_hierarchy.l1i-cache-0: sendMSHRQueuePacket: MSHR ReadReq [200:23f] IF
1153000: board.cache_hierarchy.l1i-cache-0: createMissPacket: created ReadSharedReq [200:23f] IF from ReadReq [200:23f] IF
1153000: board.cache_hierarchy.l2-cache-0: access for ReadSharedReq [200:23f] IF miss
1154000: board.cache_hierarchy.l1d-cache-0: recvTimingResp: Handling response ReadResp [4ef8:4eff] type=MemRead UC
1154000: board.cache_hierarchy.l1d-cache-0: recvTimingResp: Leaving with ReadResp [4ef8:4eff] type=MemRead UC
1156000: board.cache_hierarchy.l2-cache-0: recvTimingResp: Handling response ReadResp [4f28:4f2f] type=MemRead UC
1156000: board.cache_hierarchy.l2-cache-0: recvTimingResp: Leaving with ReadResp [4f28:4f2f] type=MemRead UC
1159000: board.cache_hierarchy.l1d-cache-0: recvTimingResp: Handling response ReadResp [4f28:4f2f] type=MemRead UC
1159000: board.cache_hierarchy.l1d-cache-0: recvTimingResp: Leaving with ReadResp [4f28:4f2f] type=MemRead UC
1076000: board.processor.cores.core: 0x108ca    : c_ld a5, 0(s0)             : 
1076000: board.processor.cores.core: 0x108cc    : c_addi s1, 1               : 
1077000: board.processor.cores.core: 0x108ce    : c_addi s0, 8               : 
1077000: board.processor.cores.core: 0x108d0    : c_jalr a5                  : 
1164000: board.cache_hierarchy.l2-cache-0: sendMSHRQueuePacket: MSHR ReadSharedReq [200:23f] IF
1164000: board.cache_hierarchy.l2-cache-0: createMissPacket: created ReadSharedReq [200:23f] IF from ReadSharedReq [200:23f] IF
1192000: board.cache_hierarchy.l2-cache-0: recvTimingResp: Handling response ReadResp [4f20:4f27] type=MemRead UC
1192000: board.cache_hierarchy.l2-cache-0: recvTimingResp: Leaving with ReadResp [4f20:4f27] type=MemRead UC
1195000: board.cache_hierarchy.l1d-cache-0: recvTimingResp: Handling response ReadResp [4f20:4f27] type=MemRead UC
1195000: board.cache_hierarchy.l1d-cache-0: recvTimingResp: Leaving with ReadResp [4f20:4f27] type=MemRead UC
1195000: board.cache_hierarchy.l2-cache-0: recvTimingResp: Handling response ReadResp [140:17f] IF
1195000: board.cache_hierarchy.l2-cache-0: Block for addr 0x140 being updated in Cache
1195000: board.cache_hierarchy.l2-cache-0: Block addr 0x140 (ns) moving from  to state: 6 (E) writable: 1 readable: 1 dirty: 0 prefetched: 0 | tag: 0 secure: 0 valid: 1 | set: 0x5 way: 0
1195000: board.cache_hierarchy.l2-cache-0: recvTimingResp: Leaving with ReadResp [140:17f] IF
1197000: board.cache_hierarchy.l1i-cache-0: recvTimingResp: Handling response ReadResp [140:17f] IF
1197000: board.cache_hierarchy.l1i-cache-0: Block for addr 0x140 being updated in Cache
1197000: board.cache_hierarchy.l1i-cache-0: Block addr 0x140 (ns) moving from  to state: 6 (E) writable: 1 readable: 1 dirty: 0 prefetched: 0 | tag: 0 secure: 0 valid: 1 | set: 0x5 way: 0
1197000: board.cache_hierarchy.l1i-cache-0: recvTimingResp: Leaving with ReadResp [140:17f] IF
1199000: board.cache_hierarchy.l2-cache-0: recvTimingResp: Handling response ReadResp [4f18:4f1f] type=MemRead UC
1199000: board.cache_hierarchy.l2-cache-0: recvTimingResp: Leaving with ReadResp [4f18:4f1f] type=MemRead UC
1202000: board.cache_hierarchy.l1d-cache-0: recvTimingResp: Handling response ReadResp [4f18:4f1f] type=MemRead UC
1202000: board.cache_hierarchy.l1d-cache-0: recvTimingResp: Leaving with ReadResp [4f18:4f1f] type=MemRead UC
1204000: board.cache_hierarchy.l2-cache-0: recvTimingResp: Handling response ReadResp [4f10:4f17] type=MemRead UC
1204000: board.cache_hierarchy.l2-cache-0: recvTimingResp: Leaving with ReadResp [4f10:4f17] type=MemRead UC
1207000: board.cache_hierarchy.l1d-cache-0: recvTimingResp: Handling response ReadResp [4f10:4f17] type=MemRead UC
1207000: board.cache_hierarchy.l1d-cache-0: recvTimingResp: Leaving with ReadResp [4f10:4f17] type=MemRead UC
1209000: board.cache_hierarchy.l2-cache-0: recvTimingResp: Handling response ReadResp [4f30:4f33] type=MemRead UC
1209000: board.cache_hierarchy.l2-cache-0: recvTimingResp: Leaving with ReadResp [4f30:4f33] type=MemRead UC
1212000: board.cache_hierarchy.l1d-cache-0: recvTimingResp: Handling response ReadResp [4f30:4f33] type=MemRead UC
1212000: board.cache_hierarchy.l1d-cache-0: recvTimingResp: Leaving with ReadResp [4f30:4f33] type=MemRead UC
1212000: board.cache_hierarchy.l2-cache-0: recvTimingResp: Handling response ReadResp [200:23f] IF
1212000: board.cache_hierarchy.l2-cache-0: Block for addr 0x200 being updated in Cache
1212000: board.cache_hierarchy.l2-cache-0: Block addr 0x200 (ns) moving from  to state: 6 (E) writable: 1 readable: 1 dirty: 0 prefetched: 0 | tag: 0 secure: 0 valid: 1 | set: 0x8 way: 0
1212000: board.cache_hierarchy.l2-cache-0: recvTimingResp: Leaving with ReadResp [200:23f] IF
1214000: board.cache_hierarchy.l1i-cache-0: recvTimingResp: Handling response ReadResp [200:23f] IF
1214000: board.cache_hierarchy.l1i-cache-0: Block for addr 0x200 being updated in Cache
1214000: board.cache_hierarchy.l1i-cache-0: Block addr 0x200 (ns) moving from  to state: 6 (E) writable: 1 readable: 1 dirty: 0 prefetched: 0 | tag: 0 secure: 0 valid: 1 | set: 0x8 way: 0
1214000: board.cache_hierarchy.l1i-cache-0: recvTimingResp: Leaving with ReadResp [200:23f] IF
1218000: board.processor.cores.core.workload: Translating: 0x108c0->0x8c0
1218000: board.cache_hierarchy.l1i-cache-0: access for ReadReq [8c0:8ff] IF hit state: 6 (E) writable: 1 readable: 1 dirty: 0 prefetched: 0 | tag: 0 secure: 0 valid: 1 | set: 0x23 way: 0
1222000: board.processor.cores.core.workload: Translating: 0x101c0->0x1c0
1222000: board.cache_hierarchy.l1i-cache-0: access for ReadReq [1c0:1ff] IF hit state: 6 (E) writable: 1 readable: 1 dirty: 0 prefetched: 0 | tag: 0 secure: 0 valid: 1 | set: 0x7 way: 0
1224000: board.processor.cores.core.workload: Translating: 0x10200->0x200
1224000: board.cache_hierarchy.l1i-cache-0: access for ReadReq [200:23f] IF hit state: 6 (E) writable: 1 readable: 1 dirty: 0 prefetched: 0 | tag: 0 secure: 0 valid: 1 | set: 0x8 way: 0
1225000: board.processor.cores.core.workload: Translating: 0x108c0->0x8c0
1225000: board.cache_hierarchy.l1i-cache-0: access for ReadReq [8c0:8ff] IF hit state: 6 (E) writable: 1 readable: 1 dirty: 0 prefetched: 0 | tag: 0 secure: 0 valid: 1 | set: 0x23 way: 0
1215000: board.processor.cores.core: 0x10208    : addi a5, zero, 0           : 
1215000: board.processor.cores.core: 0x1020c    : c_beqz a5, 20              : 
1229000: board.processor.cores.core.workload: Translating: 0x101c0->0x1c0
1229000: board.cache_hierarchy.l1i-cache-0: access for ReadReq [1c0:1ff] IF hit state: 6 (E) writable: 1 readable: 1 dirty: 0 prefetched: 0 | tag: 0 secure: 0 valid: 1 | set: 0x7 way: 0
1231000: board.processor.cores.core.workload: Translating: 0x10100->0x100
1231000: board.cache_hierarchy.l1i-cache-0: access for ReadReq [100:13f] IF hit state: 6 (E) writable: 1 readable: 1 dirty: 0 prefetched: 0 | tag: 0 secure: 0 valid: 1 | set: 0x4 way: 0
1232000: board.processor.cores.core.workload: Translating: 0x10140->0x140
1232000: board.cache_hierarchy.l1i-cache-0: access for ReadReq [140:17f] IF hit state: 6 (E) writable: 1 readable: 1 dirty: 0 prefetched: 0 | tag: 0 secure: 0 valid: 1 | set: 0x5 way: 0
1233000: board.processor.cores.core.workload: Translating: 0x7fffffffffffff08->0x4f08
1233000: board.cache_hierarchy.l1d-cache-0: access for ReadReq [4f08:4f0f] type=MemRead UC
1234000: board.cache_hierarchy.l1d-cache-0: sendMSHRQueuePacket: MSHR ReadReq [4f08:4f0f] type=MemRead UC
1234000: board.cache_hierarchy.l2-cache-0: access for ReadReq [4f08:4f0f] type=MemRead UC
1225000: board.processor.cores.core: 0x10220    : c_jr ra                    : 
1226000: board.processor.cores.core: 0x108d2    : bltu s1, s2, -8            : 
1235000: board.processor.cores.core.workload: Translating: 0x7fffffffffffff00->0x4f00
1235000: board.cache_hierarchy.l1d-cache-0: access for ReadReq [4f00:4f07] type=MemRead UC
1235000: board.processor.cores.core.workload: Translating: 0x7ffffffffffffef8->0x4ef8
1235000: board.cache_hierarchy.l1d-cache-0: access for ReadReq [4ef8:4eff] type=MemRead UC
1236000: board.cache_hierarchy.l1d-cache-0: sendMSHRQueuePacket: MSHR ReadReq [4f00:4f07] type=MemRead UC
1236000: board.cache_hierarchy.l2-cache-0: access for ReadReq [4f00:4f07] type=MemRead UC
1236000: board.processor.cores.core.workload: Translating: 0x7ffffffffffffef0->0x4ef0
1236000: board.cache_hierarchy.l1d-cache-0: access for ReadReq [4ef0:4ef7] type=MemRead UC
1236001: board.cache_hierarchy.l1d-cache-0: sendMSHRQueuePacket: MSHR ReadReq [4ef8:4eff] type=MemRead UC
1237000: board.cache_hierarchy.l1d-cache-0: sendMSHRQueuePacket: MSHR ReadReq [4ef8:4eff] type=MemRead UC
1237000: board.cache_hierarchy.l2-cache-0: access for ReadReq [4ef8:4eff] type=MemRead UC
1237000: board.processor.cores.core.workload: Translating: 0x7fffffffffffff10->0x4f10
1237000: board.cache_hierarchy.l1d-cache-0: access for ReadReq [4f10:4f13] type=MemRead UC
1237001: board.cache_hierarchy.l1d-cache-0: sendMSHRQueuePacket: MSHR ReadReq [4ef0:4ef7] type=MemRead UC
1238000: board.cache_hierarchy.l1d-cache-0: sendMSHRQueuePacket: MSHR ReadReq [4ef0:4ef7] type=MemRead UC
1238000: board.cache_hierarchy.l2-cache-0: access for ReadReq [4ef0:4ef7] type=MemRead UC
1238001: board.cache_hierarchy.l1d-cache-0: sendMSHRQueuePacket: MSHR ReadReq [4f10:4f13] type=MemRead UC
1239000: board.cache_hierarchy.l1d-cache-0: sendMSHRQueuePacket: MSHR ReadReq [4f10:4f13] type=MemRead UC
1239000: board.cache_hierarchy.l2-cache-0: access for ReadReq [4f10:4f13] type=MemRead UC
1241000: board.processor.cores.core.workload: Translating: 0x7fffffffffffff08->0x4f08
1245000: board.cache_hierarchy.l2-cache-0: sendMSHRQueuePacket: MSHR ReadReq [4f08:4f0f] type=MemRead UC
1247000: board.cache_hierarchy.l2-cache-0: sendMSHRQueuePacket: MSHR ReadReq [4f00:4f07] type=MemRead UC
1248000: board.cache_hierarchy.l2-cache-0: sendMSHRQueuePacket: MSHR ReadReq [4ef8:4eff] type=MemRead UC
1248000: board.cache_hierarchy.l2-cache-0: sendMSHRQueuePacket: MSHR ReadReq [4ef8:4eff] type=MemRead UC
1249000: board.cache_hierarchy.l2-cache-0: sendMSHRQueuePacket: MSHR ReadReq [4ef0:4ef7] type=MemRead UC
1249000: board.cache_hierarchy.l2-cache-0: sendMSHRQueuePacket: MSHR ReadReq [4ef0:4ef7] type=MemRead UC
1250000: board.cache_hierarchy.l2-cache-0: sendMSHRQueuePacket: MSHR ReadReq [4f10:4f13] type=MemRead UC
1250000: board.cache_hierarchy.l2-cache-0: sendMSHRQueuePacket: MSHR ReadReq [4f10:4f13] type=MemRead UC
1250000: board.processor.cores.core.workload: Translating: 0x10180->0x180
1250000: board.cache_hierarchy.l1i-cache-0: access for ReadReq [180:1bf] IF hit state: 6 (E) writable: 1 readable: 1 dirty: 0 prefetched: 0 | tag: 0 secure: 0 valid: 1 | set: 0x6 way: 0
1251000: board.processor.cores.core.workload: Translating: 0x12918->0x2918
1251000: board.cache_hierarchy.l1d-cache-0: access for ReadReq [2918:291f] type=SimdStridedLoad rs2=24 miss
1251000: board.processor.cores.core.workload: Translating: 0x12900->0x2900
1251000: board.cache_hierarchy.l1d-cache-0: access for ReadReq [2900:2907] type=SimdStridedLoad rs2=24 miss
1251000: board.cache_hierarchy.l1d-cache-0: handleTimingReqMiss coalescing MSHR for ReadReq [2900:2907] type=SimdStridedLoad rs2=24
1252000: board.cache_hierarchy.l1d-cache-0: sendMSHRQueuePacket: MSHR ReadReq [2918:291f] type=SimdStridedLoad rs2=24
1252000: board.cache_hierarchy.l1d-cache-0: createMissPacket: created ReadSharedReq [2900:293f] type=SimdStridedLoad rs2=24 from ReadReq [2918:291f] type=SimdStridedLoad rs2=24
1252000: board.cache_hierarchy.l2-cache-0: access for ReadSharedReq [2900:293f] type=SimdStridedLoad rs2=24 miss
1252000: board.processor.cores.core.workload: Translating: 0x10280->0x280
1252000: board.cache_hierarchy.l1i-cache-0: access for ReadReq [280:2bf] IF miss
1252000: board.processor.cores.core.workload: Translating: 0x12948->0x2948
1252000: board.cache_hierarchy.l1d-cache-0: access for ReadReq [2948:294f] type=SimdStridedLoad rs2=24 miss
1252000: board.processor.cores.core.workload: Translating: 0x12930->0x2930
1252000: board.cache_hierarchy.l1d-cache-0: access for ReadReq [2930:2937] type=SimdStridedLoad rs2=24 miss
1252000: board.cache_hierarchy.l1d-cache-0: handleTimingReqMiss coalescing MSHR for ReadReq [2930:2937] type=SimdStridedLoad rs2=24
1253000: board.cache_hierarchy.l1d-cache-0: sendMSHRQueuePacket: MSHR ReadReq [2948:294f] type=SimdStridedLoad rs2=24
1253000: board.cache_hierarchy.l1d-cache-0: createMissPacket: created ReadSharedReq [2940:297f] type=SimdStridedLoad rs2=24 from ReadReq [2948:294f] type=SimdStridedLoad rs2=24
1253000: board.cache_hierarchy.l1i-cache-0: sendMSHRQueuePacket: MSHR ReadReq [280:2bf] IF
1253000: board.cache_hierarchy.l1i-cache-0: createMissPacket: created ReadSharedReq [280:2bf] IF from ReadReq [280:2bf] IF
1253000: board.cache_hierarchy.l1d-cache-0: sendMSHRQueuePacket: MSHR ReadReq [2948:294f] type=SimdStridedLoad rs2=24
1253000: board.cache_hierarchy.l1d-cache-0: createMissPacket: created ReadSharedReq [2940:297f] type=SimdStridedLoad rs2=24 from ReadReq [2948:294f] type=SimdStridedLoad rs2=24
1253000: board.cache_hierarchy.l2-cache-0: access for ReadSharedReq [2940:297f] type=SimdStridedLoad rs2=24 miss
1253000: board.processor.cores.core.workload: Translating: 0x12950->0x2950
1253000: board.cache_hierarchy.l1d-cache-0: access for ReadReq [2950:296f] type=SimdUnitStrideLoad miss
1253000: board.cache_hierarchy.l1d-cache-0: handleTimingReqMiss coalescing MSHR for ReadReq [2950:296f] type=SimdUnitStrideLoad
1254000: board.cache_hierarchy.l1i-cache-0: sendMSHRQueuePacket: MSHR ReadReq [280:2bf] IF
1254000: board.cache_hierarchy.l1i-cache-0: createMissPacket: created ReadSharedReq [280:2bf] IF from ReadReq [280:2bf] IF
1254000: board.cache_hierarchy.l2-cache-0: access for ReadSharedReq [280:2bf] IF miss
1263000: board.cache_hierarchy.l2-cache-0: sendMSHRQueuePacket: MSHR ReadSharedReq [2900:293f] type=SimdStridedLoad rs2=24
1263000: board.cache_hierarchy.l2-cache-0: createMissPacket: created ReadSharedReq [2900:293f] type=SimdStridedLoad rs2=24 from ReadSharedReq [2900:293f] type=SimdStridedLoad rs2=24
1264000: board.cache_hierarchy.l2-cache-0: sendMSHRQueuePacket: MSHR ReadSharedReq [2940:297f] type=SimdStridedLoad rs2=24
1264000: board.cache_hierarchy.l2-cache-0: createMissPacket: created ReadSharedReq [2940:297f] type=SimdStridedLoad rs2=24 from ReadSharedReq [2940:297f] type=SimdStridedLoad rs2=24
1264000: board.cache_hierarchy.l2-cache-0: sendMSHRQueuePacket: MSHR ReadSharedReq [2940:297f] type=SimdStridedLoad rs2=24
1264000: board.cache_hierarchy.l2-cache-0: createMissPacket: created ReadSharedReq [2940:297f] type=SimdStridedLoad rs2=24 from ReadSharedReq [2940:297f] type=SimdStridedLoad rs2=24
1265000: board.cache_hierarchy.l2-cache-0: sendMSHRQueuePacket: MSHR ReadSharedReq [280:2bf] IF
1265000: board.cache_hierarchy.l2-cache-0: createMissPacket: created ReadSharedReq [280:2bf] IF from ReadSharedReq [280:2bf] IF
1265000: board.cache_hierarchy.l2-cache-0: sendMSHRQueuePacket: MSHR ReadSharedReq [280:2bf] IF
1265000: board.cache_hierarchy.l2-cache-0: createMissPacket: created ReadSharedReq [280:2bf] IF from ReadSharedReq [280:2bf] IF
1267000: board.cache_hierarchy.l2-cache-0: recvTimingResp: Handling response ReadResp [4f00:4f07] type=MemRead UC
1267000: board.cache_hierarchy.l2-cache-0: recvTimingResp: Leaving with ReadResp [4f00:4f07] type=MemRead UC
1269000: board.cache_hierarchy.l2-cache-0: recvTimingResp: Handling response ReadResp [4ef0:4ef7] type=MemRead UC
1269000: board.cache_hierarchy.l2-cache-0: recvTimingResp: Leaving with ReadResp [4ef0:4ef7] type=MemRead UC
1270000: board.cache_hierarchy.l1d-cache-0: recvTimingResp: Handling response ReadResp [4f00:4f07] type=MemRead UC
1270000: board.cache_hierarchy.l1d-cache-0: recvTimingResp: Leaving with ReadResp [4f00:4f07] type=MemRead UC
1272000: board.cache_hierarchy.l1d-cache-0: recvTimingResp: Handling response ReadResp [4ef0:4ef7] type=MemRead UC
1272000: board.cache_hierarchy.l1d-cache-0: recvTimingResp: Leaving with ReadResp [4ef0:4ef7] type=MemRead UC
1293000: board.cache_hierarchy.l2-cache-0: recvTimingResp: Handling response ReadResp [4f08:4f0f] type=MemRead UC
1293000: board.cache_hierarchy.l2-cache-0: recvTimingResp: Leaving with ReadResp [4f08:4f0f] type=MemRead UC
1296000: board.cache_hierarchy.l1d-cache-0: recvTimingResp: Handling response ReadResp [4f08:4f0f] type=MemRead UC
1296000: board.cache_hierarchy.l1d-cache-0: recvTimingResp: Leaving with ReadResp [4f08:4f0f] type=MemRead UC
1298000: board.cache_hierarchy.l2-cache-0: recvTimingResp: Handling response ReadResp [4ef8:4eff] type=MemRead UC
1298000: board.cache_hierarchy.l2-cache-0: recvTimingResp: Leaving with ReadResp [4ef8:4eff] type=MemRead UC
1226000: board.processor.cores.core: 0x108d6    : c_ldsp ra, 24(sp)          : 
1227000: board.processor.cores.core: 0x108d8    : c_ldsp s0, 16(sp)          : 
1301000: board.cache_hierarchy.l1d-cache-0: recvTimingResp: Handling response ReadResp [4ef8:4eff] type=MemRead UC
1301000: board.cache_hierarchy.l1d-cache-0: recvTimingResp: Leaving with ReadResp [4ef8:4eff] type=MemRead UC
1303000: board.cache_hierarchy.l2-cache-0: recvTimingResp: Handling response ReadResp [4f10:4f13] type=MemRead UC
1303000: board.cache_hierarchy.l2-cache-0: recvTimingResp: Leaving with ReadResp [4f10:4f13] type=MemRead UC
1227000: board.processor.cores.core: 0x108da    : c_ldsp s1, 8(sp)           : 
1228000: board.processor.cores.core: 0x108dc    : c_ldsp s2, 0(sp)           : 
1306000: board.cache_hierarchy.l1d-cache-0: recvTimingResp: Handling response ReadResp [4f10:4f13] type=MemRead UC
1306000: board.cache_hierarchy.l1d-cache-0: recvTimingResp: Leaving with ReadResp [4f10:4f13] type=MemRead UC
1228000: board.processor.cores.core: 0x108de    : c_addi16sp sp, 32          : 
1229000: board.processor.cores.core: 0x108e0    : c_jr ra                    : 
1230000: board.processor.cores.core: 0x101ce    : c_lwsp a0, 0(sp)           : 
1230000: board.processor.cores.core: 0x101d0    : c_addi4spn a1, sp, 8       : 
1311000: board.cache_hierarchy.l2-cache-0: recvTimingResp: Handling response ReadResp [2900:293f] type=SimdStridedLoad rs2=24
1311000: board.cache_hierarchy.l2-cache-0: Block for addr 0x2900 being updated in Cache
1311000: board.cache_hierarchy.l2-cache-0: Block addr 0x2900 (ns) moving from  to state: 6 (E) writable: 1 readable: 1 dirty: 0 prefetched: 0 | tag: 0 secure: 0 valid: 1 | set: 0xa4 way: 0
1311000: board.cache_hierarchy.l2-cache-0: recvTimingResp: Leaving with ReadResp [2900:293f] type=SimdStridedLoad rs2=24
1231000: board.processor.cores.core: 0x101d2    : c_li a2, 0                 : 
1231000: board.processor.cores.core: 0x101d4    : jal ra, -152               : 
1232000: board.processor.cores.core: 0x1013c    : c_lui a5, 19               : 
1232000: board.processor.cores.core: 0x1013e    : c_addi sp, -16             : 
1313000: board.cache_hierarchy.l1d-cache-0: recvTimingResp: Handling response ReadResp [2900:293f] type=SimdStridedLoad rs2=24
1313000: board.cache_hierarchy.l1d-cache-0: Block for addr 0x2900 being updated in Cache
1313000: board.cache_hierarchy.l1d-cache-0: Block addr 0x2900 (ns) moving from  to state: 6 (E) writable: 1 readable: 1 dirty: 0 prefetched: 0 | tag: 0x2 secure: 0 valid: 1 | set: 0x24 way: 0
1313000: board.cache_hierarchy.l1d-cache-0: recvTimingResp: Leaving with ReadResp [2900:293f] type=SimdStridedLoad rs2=24
1233000: board.processor.cores.core: 0x10140    : addi a5, a5, -1800         : 
1233000: board.processor.cores.core: 0x10144    : c_sdsp ra, 8(sp)           : 
1234000: board.processor.cores.core: 0x10146    : vsetivli a4, 4, e64, m1, ta, ma : 
1239000: board.processor.cores.core: 0x1014a    : addi a3, a5, 8             : 
1315000: board.cache_hierarchy.l1d-cache-0: access for WriteReq [4f08:4f0f] type=MemWrite UC
1239000: board.processor.cores.core: 0x1014e    : c_li a2, 24                : 
1240000: board.processor.cores.core: 0x10150    : addi a5, a5, 88            : 
1316000: board.cache_hierarchy.l1d-cache-0: sendWriteQueuePacket: write WriteReq [4f08:4f0f] type=MemWrite UC
1316000: board.cache_hierarchy.l2-cache-0: access for WriteReq [4f08:4f0f] type=MemWrite UC
1316000: board.cache_hierarchy.l2-cache-0: recvTimingResp: Handling response ReadResp [2940:297f] type=SimdStridedLoad rs2=24
1316000: board.cache_hierarchy.l2-cache-0: Block for addr 0x2940 being updated in Cache
1316000: board.cache_hierarchy.l2-cache-0: Block addr 0x2940 (ns) moving from  to state: 6 (E) writable: 1 readable: 1 dirty: 0 prefetched: 0 | tag: 0 secure: 0 valid: 1 | set: 0xa5 way: 0
1316000: board.cache_hierarchy.l2-cache-0: recvTimingResp: Leaving with ReadResp [2940:297f] type=SimdStridedLoad rs2=24
1240000: board.processor.cores.core: 0x10154    : vlse64_v v1, (a3), a2     
1240000: board.processor.cores.core: 0x10154. 0 : vpinvd_v_micro v1, ~0      : 
1318000: board.cache_hierarchy.l1d-cache-0: recvTimingResp: Handling response ReadResp [2940:297f] type=SimdStridedLoad rs2=24
1318000: board.cache_hierarchy.l1d-cache-0: Block for addr 0x2940 being updated in Cache
1318000: board.cache_hierarchy.l1d-cache-0: Block addr 0x2940 (ns) moving from  to state: 6 (E) writable: 1 readable: 1 dirty: 0 prefetched: 0 | tag: 0x2 secure: 0 valid: 1 | set: 0x25 way: 0
1318000: board.cache_hierarchy.l1d-cache-0: recvTimingResp: Leaving with ReadResp [2940:297f] type=SimdStridedLoad rs2=24
1319000: board.cache_hierarchy.l2-cache-0: recvTimingResp: Handling response ReadResp [280:2bf] IF
1319000: board.cache_hierarchy.l2-cache-0: Block for addr 0x280 being updated in Cache
1319000: board.cache_hierarchy.l2-cache-0: Block addr 0x280 (ns) moving from  to state: 6 (E) writable: 1 readable: 1 dirty: 0 prefetched: 0 | tag: 0 secure: 0 valid: 1 | set: 0xa way: 0
1319000: board.cache_hierarchy.l2-cache-0: recvTimingResp: Leaving with ReadResp [280:2bf] IF
1241000: board.processor.cores.core: 0x10154. 1 : vlse64_v_micro v1, (a3), a2 : 
1241000: board.processor.cores.core: 0x10154. 2 : vlse64_v_micro v1, (a3), a2, zero : 
1242000: board.processor.cores.core: 0x10154. 3 : vlse64_v_micro v1, (a3), a2, zero : 
1321000: board.cache_hierarchy.l1i-cache-0: recvTimingResp: Handling response ReadResp [280:2bf] IF
1321000: board.cache_hierarchy.l1i-cache-0: Block for addr 0x280 being updated in Cache
1321000: board.cache_hierarchy.l1i-cache-0: Block addr 0x280 (ns) moving from  to state: 6 (E) writable: 1 readable: 1 dirty: 0 prefetched: 0 | tag: 0 secure: 0 valid: 1 | set: 0xa way: 0
1321000: board.cache_hierarchy.l1i-cache-0: recvTimingResp: Leaving with ReadResp [280:2bf] IF
1322000: board.processor.cores.core.workload: Translating: 0x10140->0x140
1322000: board.cache_hierarchy.l1i-cache-0: access for ReadReq [140:17f] IF hit state: 6 (E) writable: 1 readable: 1 dirty: 0 prefetched: 0 | tag: 0 secure: 0 valid: 1 | set: 0x5 way: 0
1242000: board.processor.cores.core: 0x10154. 4 : vlse64_v_micro v1, (a3), a2, zero : 
1324000: board.processor.cores.core.workload: Translating: 0x10180->0x180
1324000: board.cache_hierarchy.l1i-cache-0: access for ReadReq [180:1bf] IF hit state: 6 (E) writable: 1 readable: 1 dirty: 0 prefetched: 0 | tag: 0 secure: 0 valid: 1 | set: 0x6 way: 0
1243000: board.processor.cores.core: 0x10158    : vle64_v v2, (a5)          
1243000: board.processor.cores.core: 0x10158. 0 : vle64_v_micro v2, 0(a5), zero : 
1243000: board.processor.cores.core: 0x1015c    : addi a0, gp, 624           : 
1325000: board.processor.cores.core.workload: Translating: 0x101c0->0x1c0
1325000: board.cache_hierarchy.l1i-cache-0: access for ReadReq [1c0:1ff] IF hit state: 6 (E) writable: 1 readable: 1 dirty: 0 prefetched: 0 | tag: 0 secure: 0 valid: 1 | set: 0x7 way: 0
1244000: board.processor.cores.core: 0x10160    : c_li a5, 16                : 
1244000: board.processor.cores.core: 0x10162    : c_lui a3, 18               : 
1245000: board.processor.cores.core: 0x10164    : addi a3, a3, -1856         : 
1327000: board.cache_hierarchy.l2-cache-0: sendWriteQueuePacket: write WriteReq [4f08:4f0f] type=MemWrite UC
1245000: board.processor.cores.core: 0x10168    : vadd_vv v1, v1, v2        
1245000: board.processor.cores.core: 0x10168. 0 : vadd_vv_micro v1, v1, v2   : 
1246000: board.processor.cores.core: 0x1016c    : c_li a2, 0                 : 
1246000: board.processor.cores.core: 0x1016e    : addi a1, zero, 64          : 
1332000: board.processor.cores.core.workload: Translating: 0x10200->0x200
1332000: board.cache_hierarchy.l1i-cache-0: access for ReadReq [200:23f] IF hit state: 6 (E) writable: 1 readable: 1 dirty: 0 prefetched: 0 | tag: 0 secure: 0 valid: 1 | set: 0x8 way: 0
1334000: board.processor.cores.core.workload: Translating: 0x101c0->0x1c0
1334000: board.cache_hierarchy.l1i-cache-0: access for ReadReq [1c0:1ff] IF hit state: 6 (E) writable: 1 readable: 1 dirty: 0 prefetched: 0 | tag: 0 secure: 0 valid: 1 | set: 0x7 way: 0
1334000: board.processor.cores.core.workload: Translating: 0x133b0->0x33b0
1334000: board.processor.cores.core.workload: Translating: 0x133a0->0x33a0
1335000: board.processor.cores.core.workload: Translating: 0x10200->0x200
1335000: board.cache_hierarchy.l1i-cache-0: access for ReadReq [200:23f] IF hit state: 6 (E) writable: 1 readable: 1 dirty: 0 prefetched: 0 | tag: 0 secure: 0 valid: 1 | set: 0x8 way: 0
1335000: board.processor.cores.core.workload: Translating: 0x133d0->0x33d0
1335000: board.processor.cores.core.workload: Translating: 0x133c0->0x33c0
1247000: board.processor.cores.core: 0x10172    : vsse64_v v1, (a0), a5     
1247000: board.processor.cores.core: 0x10172. 0 : vsse64_v_micro_micro v1, (a0), a5 : 
1247000: board.processor.cores.core: 0x10172. 1 : vsse64_v_micro_micro v1, (a0), a5, v1 : 
1248000: board.processor.cores.core: 0x10172. 2 : vsse64_v_micro_micro v1, (a0), a5, v1 : 
1248000: board.processor.cores.core: 0x10172. 3 : vsse64_v_micro_micro v1, (a0), a5, v1 : 
1338000: board.cache_hierarchy.l1d-cache-0: access for WriteReq [33a0:33a7] type=SimdStridedStore rs2=16 miss
1338000: board.cache_hierarchy.l1d-cache-0: access for WriteReq [33b0:33b7] type=SimdStridedStore rs2=16 miss
1338000: board.cache_hierarchy.l1d-cache-0: handleTimingReqMiss coalescing MSHR for WriteReq [33b0:33b7] type=SimdStridedStore rs2=16
1249000: board.processor.cores.core: 0x10176    : jal ra, 268                : 
1339000: board.cache_hierarchy.l1d-cache-0: sendMSHRQueuePacket: MSHR WriteReq [33a0:33a7] type=SimdStridedStore rs2=16
1339000: board.cache_hierarchy.l1d-cache-0: createMissPacket: created ReadExReq [3380:33bf] type=SimdStridedStore rs2=16 from WriteReq [33a0:33a7] type=SimdStridedStore rs2=16
1339000: board.cache_hierarchy.l2-cache-0: access for ReadExReq [3380:33bf] type=SimdStridedStore rs2=16 miss
1339000: board.cache_hierarchy.l1d-cache-0: access for WriteReq [33c0:33c7] type=SimdStridedStore rs2=16 miss
1339000: board.cache_hierarchy.l1d-cache-0: access for WriteReq [33d0:33d7] type=SimdStridedStore rs2=16 miss
1339000: board.cache_hierarchy.l1d-cache-0: handleTimingReqMiss coalescing MSHR for WriteReq [33d0:33d7] type=SimdStridedStore rs2=16
1340000: board.cache_hierarchy.l1d-cache-0: sendMSHRQueuePacket: MSHR WriteReq [33c0:33c7] type=SimdStridedStore rs2=16
1340000: board.cache_hierarchy.l1d-cache-0: createMissPacket: created ReadExReq [33c0:33ff] type=SimdStridedStore rs2=16 from WriteReq [33c0:33c7] type=SimdStridedStore rs2=16
1340000: board.cache_hierarchy.l1d-cache-0: sendMSHRQueuePacket: MSHR WriteReq [33c0:33c7] type=SimdStridedStore rs2=16
1340000: board.cache_hierarchy.l1d-cache-0: createMissPacket: created ReadExReq [33c0:33ff] type=SimdStridedStore rs2=16 from WriteReq [33c0:33c7] type=SimdStridedStore rs2=16
1340000: board.cache_hierarchy.l2-cache-0: access for ReadExReq [33c0:33ff] type=SimdStridedStore rs2=16 miss
1348000: board.cache_hierarchy.l2-cache-0: recvTimingResp: Handling response WriteResp [4f08:4f0f] type=MemWrite UC
1350000: board.cache_hierarchy.l1d-cache-0: recvTimingResp: Handling response WriteResp [4f08:4f0f] type=MemWrite UC
1350000: board.cache_hierarchy.l2-cache-0: sendMSHRQueuePacket: MSHR ReadExReq [3380:33bf] type=SimdStridedStore rs2=16
1350000: board.cache_hierarchy.l2-cache-0: createMissPacket: created ReadExReq [3380:33bf] type=SimdStridedStore rs2=16 from ReadExReq [3380:33bf] type=SimdStridedStore rs2=16
1351000: board.cache_hierarchy.l2-cache-0: sendMSHRQueuePacket: MSHR ReadExReq [33c0:33ff] type=SimdStridedStore rs2=16
1351000: board.cache_hierarchy.l2-cache-0: createMissPacket: created ReadExReq [33c0:33ff] type=SimdStridedStore rs2=16 from ReadExReq [33c0:33ff] type=SimdStridedStore rs2=16
1351000: board.cache_hierarchy.l2-cache-0: sendMSHRQueuePacket: MSHR ReadExReq [33c0:33ff] type=SimdStridedStore rs2=16
1351000: board.cache_hierarchy.l2-cache-0: createMissPacket: created ReadExReq [33c0:33ff] type=SimdStridedStore rs2=16 from ReadExReq [33c0:33ff] type=SimdStridedStore rs2=16
1398000: board.cache_hierarchy.l2-cache-0: recvTimingResp: Handling response ReadExResp [3380:33bf] type=SimdStridedStore rs2=16
1398000: board.cache_hierarchy.l2-cache-0: Block for addr 0x3380 being updated in Cache
1398000: board.cache_hierarchy.l2-cache-0: Block addr 0x3380 (ns) moving from  to state: 6 (E) writable: 1 readable: 1 dirty: 0 prefetched: 0 | tag: 0 secure: 0 valid: 1 | set: 0xce way: 0
1398000: board.cache_hierarchy.l2-cache-0: recvTimingResp: Leaving with ReadExResp [3380:33bf] type=SimdStridedStore rs2=16
1400000: board.cache_hierarchy.l1d-cache-0: recvTimingResp: Handling response ReadExResp [3380:33bf] type=SimdStridedStore rs2=16
1400000: board.cache_hierarchy.l1d-cache-0: Block for addr 0x3380 being updated in Cache
1400000: board.cache_hierarchy.l1d-cache-0: Block addr 0x3380 (ns) moving from  to state: 6 (E) writable: 1 readable: 1 dirty: 0 prefetched: 0 | tag: 0x3 secure: 0 valid: 1 | set: 0xe way: 0
1400000: board.cache_hierarchy.l1d-cache-0: satisfyRequest for WriteReq [33a0:33a7] type=SimdStridedStore rs2=16 (write)
1400000: board.cache_hierarchy.l1d-cache-0: satisfyRequest for WriteReq [33b0:33b7] type=SimdStridedStore rs2=16 (write)
1400000: board.cache_hierarchy.l1d-cache-0: recvTimingResp: Leaving with ReadExResp [3380:33bf] type=SimdStridedStore rs2=16
1403000: board.cache_hierarchy.l2-cache-0: recvTimingResp: Handling response ReadExResp [33c0:33ff] type=SimdStridedStore rs2=16
1403000: board.cache_hierarchy.l2-cache-0: Block for addr 0x33c0 being updated in Cache
1403000: board.cache_hierarchy.l2-cache-0: Block addr 0x33c0 (ns) moving from  to state: 6 (E) writable: 1 readable: 1 dirty: 0 prefetched: 0 | tag: 0 secure: 0 valid: 1 | set: 0xcf way: 0
1403000: board.cache_hierarchy.l2-cache-0: recvTimingResp: Leaving with ReadExResp [33c0:33ff] type=SimdStridedStore rs2=16
1405000: board.cache_hierarchy.l1d-cache-0: recvTimingResp: Handling response ReadExResp [33c0:33ff] type=SimdStridedStore rs2=16
1405000: board.cache_hierarchy.l1d-cache-0: Block for addr 0x33c0 being updated in Cache
1405000: board.cache_hierarchy.l1d-cache-0: Block addr 0x33c0 (ns) moving from  to state: 6 (E) writable: 1 readable: 1 dirty: 0 prefetched: 0 | tag: 0x3 secure: 0 valid: 1 | set: 0xf way: 0
1405000: board.cache_hierarchy.l1d-cache-0: satisfyRequest for WriteReq [33c0:33c7] type=SimdStridedStore rs2=16 (write)
1405000: board.cache_hierarchy.l1d-cache-0: satisfyRequest for WriteReq [33d0:33d7] type=SimdStridedStore rs2=16 (write)
1405000: board.cache_hierarchy.l1d-cache-0: recvTimingResp: Leaving with ReadExResp [33c0:33ff] type=SimdStridedStore rs2=16
1411000: board.cache_hierarchy.l1d-cache-0: functionalAccess: ReadReq [18c0:18c0] 
1411000: board.cache_hierarchy.l1i-cache-0: functionalAccess: ReadReq [18c0:18c0] 
1411000: board.cache_hierarchy.l2-cache-0: functionalAccess: ReadReq [18c0:18c0] 
1411000: board.cache_hierarchy.l1d-cache-0: functionalAccess: ReadReq [18c1:18c1] 
1411000: board.cache_hierarchy.l1i-cache-0: functionalAccess: ReadReq [18c1:18c1] 
1411000: board.cache_hierarchy.l2-cache-0: functionalAccess: ReadReq [18c1:18c1] 
1411000: board.cache_hierarchy.l1d-cache-0: functionalAccess: ReadReq [18c2:18c2] 
1411000: board.cache_hierarchy.l1i-cache-0: functionalAccess: ReadReq [18c2:18c2] 
1411000: board.cache_hierarchy.l2-cache-0: functionalAccess: ReadReq [18c2:18c2] 
1411000: board.cache_hierarchy.l1d-cache-0: functionalAccess: ReadReq [18c3:18c3] 
1411000: board.cache_hierarchy.l1i-cache-0: functionalAccess: ReadReq [18c3:18c3] 
1411000: board.cache_hierarchy.l2-cache-0: functionalAccess: ReadReq [18c3:18c3] 
1411000: board.cache_hierarchy.l1d-cache-0: functionalAccess: ReadReq [18c4:18c4] 
1411000: board.cache_hierarchy.l1i-cache-0: functionalAccess: ReadReq [18c4:18c4] 
1411000: board.cache_hierarchy.l2-cache-0: functionalAccess: ReadReq [18c4:18c4] 
1411000: board.cache_hierarchy.l1d-cache-0: functionalAccess: ReadReq [18c5:18c5] 
1411000: board.cache_hierarchy.l1i-cache-0: functionalAccess: ReadReq [18c5:18c5] 
1411000: board.cache_hierarchy.l2-cache-0: functionalAccess: ReadReq [18c5:18c5] 
1411000: board.cache_hierarchy.l1d-cache-0: functionalAccess: ReadReq [18c6:18c6] 
1411000: board.cache_hierarchy.l1i-cache-0: functionalAccess: ReadReq [18c6:18c6] 
1411000: board.cache_hierarchy.l2-cache-0: functionalAccess: ReadReq [18c6:18c6] 
1411000: board.cache_hierarchy.l1d-cache-0: functionalAccess: ReadReq [18c7:18c7] 
1411000: board.cache_hierarchy.l1i-cache-0: functionalAccess: ReadReq [18c7:18c7] 
1411000: board.cache_hierarchy.l2-cache-0: functionalAccess: ReadReq [18c7:18c7] 
1411000: board.cache_hierarchy.l1d-cache-0: functionalAccess: ReadReq [18c8:18c8] 
1411000: board.cache_hierarchy.l1i-cache-0: functionalAccess: ReadReq [18c8:18c8] 
1411000: board.cache_hierarchy.l2-cache-0: functionalAccess: ReadReq [18c8:18c8] 
1411000: board.cache_hierarchy.l1d-cache-0: functionalAccess: ReadReq [18c9:18c9] 
1411000: board.cache_hierarchy.l1i-cache-0: functionalAccess: ReadReq [18c9:18c9] 
1411000: board.cache_hierarchy.l2-cache-0: functionalAccess: ReadReq [18c9:18c9] 
1411000: board.cache_hierarchy.l1d-cache-0: functionalAccess: ReadReq [18ca:18ca] 
1411000: board.cache_hierarchy.l1i-cache-0: functionalAccess: ReadReq [18ca:18ca] 
1411000: board.cache_hierarchy.l2-cache-0: functionalAccess: ReadReq [18ca:18ca] 
1411000: board.cache_hierarchy.l1d-cache-0: functionalAccess: ReadReq [18cb:18cb] 
1411000: board.cache_hierarchy.l1i-cache-0: functionalAccess: ReadReq [18cb:18cb] 
1411000: board.cache_hierarchy.l2-cache-0: functionalAccess: ReadReq [18cb:18cb] 
1411000: board.cache_hierarchy.l1d-cache-0: functionalAccess: ReadReq [18cc:18cc] 
1411000: board.cache_hierarchy.l1i-cache-0: functionalAccess: ReadReq [18cc:18cc] 
1411000: board.cache_hierarchy.l2-cache-0: functionalAccess: ReadReq [18cc:18cc] 
1411000: board.cache_hierarchy.l1d-cache-0: functionalAccess: ReadReq [18cd:18cd] 
1411000: board.cache_hierarchy.l1i-cache-0: functionalAccess: ReadReq [18cd:18cd] 
1411000: board.cache_hierarchy.l2-cache-0: functionalAccess: ReadReq [18cd:18cd] 
1411000: board.cache_hierarchy.l1d-cache-0: functionalAccess: ReadReq [18ce:18ce] 
1411000: board.cache_hierarchy.l1i-cache-0: functionalAccess: ReadReq [18ce:18ce] 
1411000: board.cache_hierarchy.l2-cache-0: functionalAccess: ReadReq [18ce:18ce] 
1411000: board.cache_hierarchy.l1d-cache-0: functionalAccess: ReadReq [18cf:18cf] 
1411000: board.cache_hierarchy.l1i-cache-0: functionalAccess: ReadReq [18cf:18cf] 
1411000: board.cache_hierarchy.l2-cache-0: functionalAccess: ReadReq [18cf:18cf] 
1411000: board.cache_hierarchy.l1d-cache-0: functionalAccess: ReadReq [18d0:18d0] 
1411000: board.cache_hierarchy.l1i-cache-0: functionalAccess: ReadReq [18d0:18d0] 
1411000: board.cache_hierarchy.l2-cache-0: functionalAccess: ReadReq [18d0:18d0] 
1411000: board.cache_hierarchy.l1d-cache-0: functionalAccess: ReadReq [18d1:18d1] 
1411000: board.cache_hierarchy.l1i-cache-0: functionalAccess: ReadReq [18d1:18d1] 
1411000: board.cache_hierarchy.l2-cache-0: functionalAccess: ReadReq [18d1:18d1] 
1411000: board.cache_hierarchy.l1d-cache-0: functionalAccess: ReadReq [18d2:18d2] 
1411000: board.cache_hierarchy.l1i-cache-0: functionalAccess: ReadReq [18d2:18d2] 
1411000: board.cache_hierarchy.l2-cache-0: functionalAccess: ReadReq [18d2:18d2] 
1411000: board.cache_hierarchy.l1d-cache-0: functionalAccess: ReadReq [33a0:33bf] valid data done 
1411000: board.cache_hierarchy.l1d-cache-0: functionalAccess: ReadReq [33c0:33df] valid data done 
1322000: board.processor.cores.core: 0x10282    : M5Op                       : 
1417000: board.processor.cores.core.workload: Translating: 0x7fffffffffffff08->0x4f08
1417000: board.cache_hierarchy.l1d-cache-0: access for ReadReq [4f08:4f0f] type=MemRead UC
1418000: board.cache_hierarchy.l1d-cache-0: sendMSHRQueuePacket: MSHR ReadReq [4f08:4f0f] type=MemRead UC
1418000: board.cache_hierarchy.l2-cache-0: access for ReadReq [4f08:4f0f] type=MemRead UC
1322000: board.processor.cores.core: 0x10286    : c_jr ra                    : 
1420000: board.processor.cores.core.workload: Translating: 0x10100->0x100
1420000: board.cache_hierarchy.l1i-cache-0: access for ReadReq [100:13f] IF hit state: 6 (E) writable: 1 readable: 1 dirty: 0 prefetched: 0 | tag: 0 secure: 0 valid: 1 | set: 0x4 way: 0
1426000: board.processor.cores.core.workload: Translating: 0x10980->0x980
1426000: board.cache_hierarchy.l1i-cache-0: access for ReadReq [980:9bf] IF miss
1427000: board.cache_hierarchy.l1i-cache-0: sendMSHRQueuePacket: MSHR ReadReq [980:9bf] IF
1427000: board.cache_hierarchy.l1i-cache-0: createMissPacket: created ReadSharedReq [980:9bf] IF from ReadReq [980:9bf] IF
1427000: board.cache_hierarchy.l2-cache-0: access for ReadSharedReq [980:9bf] IF miss
1427000: board.processor.cores.core.workload: Translating: 0x7fffffffffffff00->0x4f00
1429000: board.cache_hierarchy.l2-cache-0: sendMSHRQueuePacket: MSHR ReadReq [4f08:4f0f] type=MemRead UC
1438000: board.cache_hierarchy.l2-cache-0: sendMSHRQueuePacket: MSHR ReadSharedReq [980:9bf] IF
1438000: board.cache_hierarchy.l2-cache-0: createMissPacket: created ReadSharedReq [980:9bf] IF from ReadSharedReq [980:9bf] IF
1477000: board.cache_hierarchy.l2-cache-0: recvTimingResp: Handling response ReadResp [4f08:4f0f] type=MemRead UC
1477000: board.cache_hierarchy.l2-cache-0: recvTimingResp: Leaving with ReadResp [4f08:4f0f] type=MemRead UC
1480000: board.cache_hierarchy.l1d-cache-0: recvTimingResp: Handling response ReadResp [4f08:4f0f] type=MemRead UC
1480000: board.cache_hierarchy.l1d-cache-0: recvTimingResp: Leaving with ReadResp [4f08:4f0f] type=MemRead UC
1483000: board.processor.cores.core.workload: Translating: 0x7fffffffffffff08->0x4f08
1323000: board.processor.cores.core: 0x1017a    : c_ldsp ra, 8(sp)           : 
1323000: board.processor.cores.core: 0x1017c    : c_li a0, 0                 : 
1324000: board.processor.cores.core: 0x1017e    : c_addi sp, 16              : 
1325000: board.processor.cores.core: 0x10180    : c_jr ra                    : 
1486000: board.cache_hierarchy.l2-cache-0: recvTimingResp: Handling response ReadResp [980:9bf] IF
1486000: board.cache_hierarchy.l2-cache-0: Block for addr 0x980 being updated in Cache
1486000: board.cache_hierarchy.l2-cache-0: Block addr 0x980 (ns) moving from  to state: 6 (E) writable: 1 readable: 1 dirty: 0 prefetched: 0 | tag: 0 secure: 0 valid: 1 | set: 0x26 way: 0
1486000: board.cache_hierarchy.l2-cache-0: recvTimingResp: Leaving with ReadResp [980:9bf] IF
1326000: board.processor.cores.core: 0x101d8    : c_j -184                   : 
1421000: board.processor.cores.core: 0x10120    : c_addi sp, -16             : 
1421000: board.processor.cores.core: 0x10122    : c_li a1, 0                 : 
1422000: board.processor.cores.core: 0x10124    : c_sdsp s0, 0(sp)           : 
1488000: board.cache_hierarchy.l1i-cache-0: recvTimingResp: Handling response ReadResp [980:9bf] IF
1488000: board.cache_hierarchy.l1i-cache-0: Block for addr 0x980 being updated in Cache
1488000: board.cache_hierarchy.l1i-cache-0: Block addr 0x980 (ns) moving from  to state: 6 (E) writable: 1 readable: 1 dirty: 0 prefetched: 0 | tag: 0 secure: 0 valid: 1 | set: 0x26 way: 0
1488000: board.cache_hierarchy.l1i-cache-0: recvTimingResp: Leaving with ReadResp [980:9bf] IF
1422000: board.processor.cores.core: 0x10126    : c_sdsp ra, 8(sp)           : 
1423000: board.processor.cores.core: 0x10128    : c_mv s0, a0                : 
1489000: board.cache_hierarchy.l1d-cache-0: access for WriteReq [4f00:4f07] type=MemWrite UC
1423000: board.processor.cores.core: 0x1012a    : jal ra, 2146               : 
1490000: board.cache_hierarchy.l1d-cache-0: sendWriteQueuePacket: write WriteReq [4f00:4f07] type=MemWrite UC
1490000: board.cache_hierarchy.l2-cache-0: access for WriteReq [4f00:4f07] type=MemWrite UC
1490000: board.cache_hierarchy.l1d-cache-0: access for WriteReq [4f08:4f0f] type=MemWrite UC
1491000: board.cache_hierarchy.l1d-cache-0: sendWriteQueuePacket: write WriteReq [4f08:4f0f] type=MemWrite UC
1492000: board.cache_hierarchy.l1d-cache-0: sendWriteQueuePacket: write WriteReq [4f08:4f0f] type=MemWrite UC
1492000: board.cache_hierarchy.l2-cache-0: access for WriteReq [4f08:4f0f] type=MemWrite UC
1495000: board.processor.cores.core.workload: Translating: 0x7ffffffffffffed0->0x4ed0
1495000: board.processor.cores.core.workload: Translating: 0x7ffffffffffffee0->0x4ee0
1496000: board.processor.cores.core.workload: Translating: 0x13340->0x3340
1496000: board.cache_hierarchy.l1d-cache-0: access for ReadReq [3340:3347] type=MemRead UC
1496000: board.processor.cores.core.workload: Translating: 0x7ffffffffffffef8->0x4ef8
1489000: board.processor.cores.core: 0x1098c    : c_addi16sp sp, -80         : 
1497000: board.cache_hierarchy.l1d-cache-0: sendMSHRQueuePacket: MSHR ReadReq [3340:3347] type=MemRead UC
1497000: board.cache_hierarchy.l2-cache-0: access for ReadReq [3340:3347] type=MemRead UC
1497000: board.processor.cores.core.workload: Translating: 0x7ffffffffffffed8->0x4ed8
1497000: board.processor.cores.core.workload: Translating: 0x7ffffffffffffec8->0x4ec8
1489000: board.processor.cores.core: 0x1098e    : c_sdsp s4, 32(sp)          : 
1490000: board.processor.cores.core: 0x10990    : c_sdsp s2, 48(sp)          : 
1498000: board.processor.cores.core.workload: Translating: 0x7ffffffffffffec0->0x4ec0
1498000: board.processor.cores.core.workload: Translating: 0x7ffffffffffffeb8->0x4eb8
1499000: board.processor.cores.core.workload: Translating: 0x109c0->0x9c0
1499000: board.cache_hierarchy.l1i-cache-0: access for ReadReq [9c0:9ff] IF miss
1499000: board.processor.cores.core.workload: Translating: 0x7ffffffffffffef0->0x4ef0
1499000: board.processor.cores.core.workload: Translating: 0x7ffffffffffffee8->0x4ee8
1499000: board.cache_hierarchy.l1d-cache-0: access for WriteReq [4ed0:4ed7] type=MemWrite UC
1499000: board.cache_hierarchy.l1d-cache-0: access for WriteReq [4ee0:4ee7] type=MemWrite UC
1500000: board.cache_hierarchy.l1d-cache-0: sendWriteQueuePacket: write WriteReq [4ed0:4ed7] type=MemWrite UC
1500000: board.cache_hierarchy.l2-cache-0: access for WriteReq [4ed0:4ed7] type=MemWrite UC
1500000: board.cache_hierarchy.l1i-cache-0: sendMSHRQueuePacket: MSHR ReadReq [9c0:9ff] IF
1500000: board.cache_hierarchy.l1i-cache-0: createMissPacket: created ReadSharedReq [9c0:9ff] IF from ReadReq [9c0:9ff] IF
1500000: board.processor.cores.core.workload: Translating: 0x7ffffffffffffeb0->0x4eb0
1500001: board.cache_hierarchy.l1d-cache-0: sendWriteQueuePacket: write WriteReq [4ee0:4ee7] type=MemWrite UC
1501000: board.cache_hierarchy.l2-cache-0: sendWriteQueuePacket: write WriteReq [4f00:4f07] type=MemWrite UC
1502000: board.cache_hierarchy.l1i-cache-0: sendMSHRQueuePacket: MSHR ReadReq [9c0:9ff] IF
1502000: board.cache_hierarchy.l1i-cache-0: createMissPacket: created ReadSharedReq [9c0:9ff] IF from ReadReq [9c0:9ff] IF
1502000: board.cache_hierarchy.l2-cache-0: access for ReadSharedReq [9c0:9ff] IF miss
1503000: board.cache_hierarchy.l1d-cache-0: sendWriteQueuePacket: write WriteReq [4ee0:4ee7] type=MemWrite UC
1503000: board.cache_hierarchy.l2-cache-0: access for WriteReq [4ee0:4ee7] type=MemWrite UC
1503000: board.cache_hierarchy.l2-cache-0: sendWriteQueuePacket: write WriteReq [4f08:4f0f] type=MemWrite UC
1503000: board.cache_hierarchy.l2-cache-0: sendWriteQueuePacket: write WriteReq [4f08:4f0f] type=MemWrite UC
1508000: board.cache_hierarchy.l2-cache-0: sendMSHRQueuePacket: MSHR ReadReq [3340:3347] type=MemRead UC
1511000: board.cache_hierarchy.l2-cache-0: sendWriteQueuePacket: write WriteReq [4ed0:4ed7] type=MemWrite UC
1513000: board.cache_hierarchy.l2-cache-0: sendMSHRQueuePacket: MSHR ReadSharedReq [9c0:9ff] IF
1513000: board.cache_hierarchy.l2-cache-0: createMissPacket: created ReadSharedReq [9c0:9ff] IF from ReadSharedReq [9c0:9ff] IF
1513000: board.cache_hierarchy.l2-cache-0: sendMSHRQueuePacket: MSHR ReadSharedReq [9c0:9ff] IF
1513000: board.cache_hierarchy.l2-cache-0: createMissPacket: created ReadSharedReq [9c0:9ff] IF from ReadSharedReq [9c0:9ff] IF
1514000: board.cache_hierarchy.l2-cache-0: sendWriteQueuePacket: write WriteReq [4ee0:4ee7] type=MemWrite UC
1514000: board.cache_hierarchy.l2-cache-0: sendWriteQueuePacket: write WriteReq [4ee0:4ee7] type=MemWrite UC
1522000: board.cache_hierarchy.l2-cache-0: recvTimingResp: Handling response WriteResp [4f00:4f07] type=MemWrite UC
1524000: board.cache_hierarchy.l1d-cache-0: recvTimingResp: Handling response WriteResp [4f00:4f07] type=MemWrite UC
1524000: board.cache_hierarchy.l2-cache-0: recvTimingResp: Handling response WriteResp [4f08:4f0f] type=MemWrite UC
1526000: board.cache_hierarchy.l1d-cache-0: recvTimingResp: Handling response WriteResp [4f08:4f0f] type=MemWrite UC
1528000: board.cache_hierarchy.l2-cache-0: recvTimingResp: Handling response ReadResp [3340:3347] type=MemRead UC
1528000: board.cache_hierarchy.l2-cache-0: recvTimingResp: Leaving with ReadResp [3340:3347] type=MemRead UC
1531000: board.cache_hierarchy.l1d-cache-0: recvTimingResp: Handling response ReadResp [3340:3347] type=MemRead UC
1531000: board.cache_hierarchy.l1d-cache-0: recvTimingResp: Leaving with ReadResp [3340:3347] type=MemRead UC
1532000: board.cache_hierarchy.l2-cache-0: recvTimingResp: Handling response WriteResp [4ed0:4ed7] type=MemWrite UC
1534000: board.cache_hierarchy.l1d-cache-0: recvTimingResp: Handling response WriteResp [4ed0:4ed7] type=MemWrite UC
1534000: board.processor.cores.core.workload: Translating: 0x13620->0x3620
1534000: board.cache_hierarchy.l1d-cache-0: access for ReadReq [3620:3623] type=MemRead UC
1535000: board.cache_hierarchy.l1d-cache-0: sendMSHRQueuePacket: MSHR ReadReq [3620:3623] type=MemRead UC
1535000: board.cache_hierarchy.l2-cache-0: access for ReadReq [3620:3623] type=MemRead UC
1535000: board.cache_hierarchy.l2-cache-0: recvTimingResp: Handling response WriteResp [4ee0:4ee7] type=MemWrite UC
1490000: board.processor.cores.core: 0x10992    : ld s2, 528(gp)             : 
1491000: board.processor.cores.core: 0x10996    : c_sdsp ra, 72(sp)          : 
1491000: board.processor.cores.core: 0x10998    : beq s2, zero, 80           : 
1492000: board.processor.cores.core: 0x1099c    : c_sdsp s3, 40(sp)          : 
1537000: board.cache_hierarchy.l1d-cache-0: recvTimingResp: Handling response WriteResp [4ee0:4ee7] type=MemWrite UC
1537000: board.cache_hierarchy.l1d-cache-0: access for WriteReq [4ef8:4eff] type=MemWrite UC
1492000: board.processor.cores.core: 0x1099e    : c_sdsp s5, 24(sp)          : 
1493000: board.processor.cores.core: 0x109a0    : c_sdsp s6, 16(sp)          : 
1538000: board.cache_hierarchy.l1d-cache-0: sendWriteQueuePacket: write WriteReq [4ef8:4eff] type=MemWrite UC
1538000: board.cache_hierarchy.l2-cache-0: access for WriteReq [4ef8:4eff] type=MemWrite UC
1538000: board.cache_hierarchy.l1d-cache-0: access for WriteReq [4ed8:4edf] type=MemWrite UC
1493000: board.processor.cores.core: 0x109a2    : c_sdsp s7, 8(sp)           : 
1494000: board.processor.cores.core: 0x109a4    : c_sdsp s0, 64(sp)          : 
1539000: board.cache_hierarchy.l1d-cache-0: sendWriteQueuePacket: write WriteReq [4ed8:4edf] type=MemWrite UC
1539000: board.cache_hierarchy.l1d-cache-0: access for WriteReq [4ec8:4ecf] type=MemWrite UC
1539000: board.cache_hierarchy.l1d-cache-0: access for WriteReq [4ec0:4ec7] type=MemWrite UC
1494000: board.processor.cores.core: 0x109a6    : c_sdsp s1, 56(sp)          : 
1495000: board.processor.cores.core: 0x109a8    : c_sdsp s8, 0(sp)           : 
1540000: board.cache_hierarchy.l1d-cache-0: sendWriteQueuePacket: write WriteReq [4ed8:4edf] type=MemWrite UC
1540000: board.cache_hierarchy.l2-cache-0: access for WriteReq [4ed8:4edf] type=MemWrite UC
1540000: board.cache_hierarchy.l1d-cache-0: access for WriteReq [4eb8:4ebf] type=MemWrite UC
1540000: board.cache_hierarchy.l1d-cache-0: access for WriteReq [4ef0:4ef7] type=MemWrite UC
1495000: board.processor.cores.core: 0x109aa    : c_mv s6, a0                : 
1496000: board.processor.cores.core: 0x109ac    : c_mv s7, a1                : 
1540001: board.cache_hierarchy.l1d-cache-0: sendWriteQueuePacket: write WriteReq [4ec8:4ecf] type=MemWrite UC
1541000: board.cache_hierarchy.l1d-cache-0: access for WriteReq [4ee8:4eef] type=MemWrite UC
1541000: board.cache_hierarchy.l1d-cache-0: access for WriteReq [4eb0:4eb7] type=MemWrite UC
1496000: board.processor.cores.core: 0x109ae    : c_li s3, -1                : 
1497000: board.processor.cores.core: 0x109b0    : c_li s5, 1                 : 
1542000: board.cache_hierarchy.l1d-cache-0: sendWriteQueuePacket: write WriteReq [4ec8:4ecf] type=MemWrite UC
1542000: board.cache_hierarchy.l2-cache-0: access for WriteReq [4ec8:4ecf] type=MemWrite UC
1542001: board.cache_hierarchy.l1d-cache-0: sendWriteQueuePacket: write WriteReq [4ec0:4ec7] type=MemWrite UC
1544000: board.cache_hierarchy.l1d-cache-0: sendWriteQueuePacket: write WriteReq [4ec0:4ec7] type=MemWrite UC
1544000: board.cache_hierarchy.l2-cache-0: access for WriteReq [4ec0:4ec7] type=MemWrite UC
1544001: board.cache_hierarchy.l1d-cache-0: sendWriteQueuePacket: write WriteReq [4eb8:4ebf] type=MemWrite UC
1546000: board.cache_hierarchy.l1d-cache-0: sendWriteQueuePacket: write WriteReq [4eb8:4ebf] type=MemWrite UC
1546000: board.cache_hierarchy.l2-cache-0: access for WriteReq [4eb8:4ebf] type=MemWrite UC
1546000: board.cache_hierarchy.l2-cache-0: sendMSHRQueuePacket: MSHR ReadReq [3620:3623] type=MemRead UC
1546001: board.cache_hierarchy.l1d-cache-0: sendWriteQueuePacket: write WriteReq [4ef0:4ef7] type=MemWrite UC
1548000: board.cache_hierarchy.l1d-cache-0: sendWriteQueuePacket: write WriteReq [4ef0:4ef7] type=MemWrite UC
1548000: board.cache_hierarchy.l2-cache-0: access for WriteReq [4ef0:4ef7] type=MemWrite UC
1548001: board.cache_hierarchy.l1d-cache-0: sendWriteQueuePacket: write WriteReq [4ee8:4eef] type=MemWrite UC
1549000: board.cache_hierarchy.l2-cache-0: sendWriteQueuePacket: write WriteReq [4ef8:4eff] type=MemWrite UC
1550000: board.cache_hierarchy.l1d-cache-0: sendWriteQueuePacket: write WriteReq [4ee8:4eef] type=MemWrite UC
1550000: board.cache_hierarchy.l2-cache-0: access for WriteReq [4ee8:4eef] type=MemWrite UC
1550001: board.cache_hierarchy.l1d-cache-0: sendWriteQueuePacket: write WriteReq [4eb0:4eb7] type=MemWrite UC
1551000: board.cache_hierarchy.l2-cache-0: sendWriteQueuePacket: write WriteReq [4ed8:4edf] type=MemWrite UC
1551000: board.cache_hierarchy.l2-cache-0: sendWriteQueuePacket: write WriteReq [4ed8:4edf] type=MemWrite UC
1552000: board.cache_hierarchy.l1d-cache-0: sendWriteQueuePacket: write WriteReq [4eb0:4eb7] type=MemWrite UC
1552000: board.cache_hierarchy.l2-cache-0: access for WriteReq [4eb0:4eb7] type=MemWrite UC
1553000: board.cache_hierarchy.l2-cache-0: sendWriteQueuePacket: write WriteReq [4ec8:4ecf] type=MemWrite UC
1553000: board.cache_hierarchy.l2-cache-0: sendWriteQueuePacket: write WriteReq [4ec8:4ecf] type=MemWrite UC
1555000: board.cache_hierarchy.l2-cache-0: sendWriteQueuePacket: write WriteReq [4ec0:4ec7] type=MemWrite UC
1555000: board.cache_hierarchy.l2-cache-0: sendWriteQueuePacket: write WriteReq [4ec0:4ec7] type=MemWrite UC
1557000: board.cache_hierarchy.l2-cache-0: sendWriteQueuePacket: write WriteReq [4eb8:4ebf] type=MemWrite UC
1557000: board.cache_hierarchy.l2-cache-0: sendWriteQueuePacket: write WriteReq [4eb8:4ebf] type=MemWrite UC
1559000: board.cache_hierarchy.l2-cache-0: sendWriteQueuePacket: write WriteReq [4ef0:4ef7] type=MemWrite UC
1559000: board.cache_hierarchy.l2-cache-0: sendWriteQueuePacket: write WriteReq [4ef0:4ef7] type=MemWrite UC
1561000: board.cache_hierarchy.l2-cache-0: sendWriteQueuePacket: write WriteReq [4ee8:4eef] type=MemWrite UC
1561000: board.cache_hierarchy.l2-cache-0: sendWriteQueuePacket: write WriteReq [4ee8:4eef] type=MemWrite UC
1561000: board.cache_hierarchy.l2-cache-0: recvTimingResp: Handling response ReadResp [9c0:9ff] IF
1561000: board.cache_hierarchy.l2-cache-0: Block for addr 0x9c0 being updated in Cache
1561000: board.cache_hierarchy.l2-cache-0: Block addr 0x9c0 (ns) moving from  to state: 6 (E) writable: 1 readable: 1 dirty: 0 prefetched: 0 | tag: 0 secure: 0 valid: 1 | set: 0x27 way: 0
1561000: board.cache_hierarchy.l2-cache-0: recvTimingResp: Leaving with ReadResp [9c0:9ff] IF
1563000: board.cache_hierarchy.l1i-cache-0: recvTimingResp: Handling response ReadResp [9c0:9ff] IF
1563000: board.cache_hierarchy.l1i-cache-0: Block for addr 0x9c0 being updated in Cache
1563000: board.cache_hierarchy.l1i-cache-0: Block addr 0x9c0 (ns) moving from  to state: 6 (E) writable: 1 readable: 1 dirty: 0 prefetched: 0 | tag: 0 secure: 0 valid: 1 | set: 0x27 way: 0
1563000: board.cache_hierarchy.l1i-cache-0: recvTimingResp: Leaving with ReadResp [9c0:9ff] IF
1563000: board.cache_hierarchy.l2-cache-0: sendWriteQueuePacket: write WriteReq [4eb0:4eb7] type=MemWrite UC
1563000: board.cache_hierarchy.l2-cache-0: sendWriteQueuePacket: write WriteReq [4eb0:4eb7] type=MemWrite UC
1570000: board.cache_hierarchy.l2-cache-0: recvTimingResp: Handling response WriteResp [4ef8:4eff] type=MemWrite UC
1572000: board.cache_hierarchy.l1d-cache-0: recvTimingResp: Handling response WriteResp [4ef8:4eff] type=MemWrite UC
1572000: board.cache_hierarchy.l2-cache-0: recvTimingResp: Handling response WriteResp [4ed8:4edf] type=MemWrite UC
1574000: board.cache_hierarchy.l1d-cache-0: recvTimingResp: Handling response WriteResp [4ed8:4edf] type=MemWrite UC
1574000: board.cache_hierarchy.l2-cache-0: recvTimingResp: Handling response WriteResp [4ec8:4ecf] type=MemWrite UC
1575000: board.processor.cores.core.workload: Translating: 0x10a00->0xa00
1575000: board.cache_hierarchy.l1i-cache-0: access for ReadReq [a00:a3f] IF miss
1576000: board.cache_hierarchy.l1i-cache-0: sendMSHRQueuePacket: MSHR ReadReq [a00:a3f] IF
1576000: board.cache_hierarchy.l1i-cache-0: createMissPacket: created ReadSharedReq [a00:a3f] IF from ReadReq [a00:a3f] IF
1576000: board.cache_hierarchy.l2-cache-0: access for ReadSharedReq [a00:a3f] IF miss
1576000: board.cache_hierarchy.l1d-cache-0: recvTimingResp: Handling response WriteResp [4ec8:4ecf] type=MemWrite UC
1576000: board.cache_hierarchy.l2-cache-0: recvTimingResp: Handling response WriteResp [4ec0:4ec7] type=MemWrite UC
1578000: board.cache_hierarchy.l1d-cache-0: recvTimingResp: Handling response WriteResp [4ec0:4ec7] type=MemWrite UC
1578000: board.cache_hierarchy.l2-cache-0: recvTimingResp: Handling response WriteResp [4eb8:4ebf] type=MemWrite UC
1579000: board.processor.cores.core.workload: Translating: 0x13620->0x3620
1579000: board.cache_hierarchy.l1d-cache-0: access for ReadReq [3620:3623] type=MemRead UC
1580000: board.cache_hierarchy.l1d-cache-0: sendMSHRQueuePacket: MSHR ReadReq [3620:3623] type=MemRead UC
1580000: board.cache_hierarchy.l2-cache-0: access for ReadReq [3620:3623] type=MemRead UC
1580000: board.cache_hierarchy.l1d-cache-0: recvTimingResp: Handling response WriteResp [4eb8:4ebf] type=MemWrite UC
1580000: board.cache_hierarchy.l2-cache-0: recvTimingResp: Handling response WriteResp [4ef0:4ef7] type=MemWrite UC
1582000: board.cache_hierarchy.l1d-cache-0: recvTimingResp: Handling response WriteResp [4ef0:4ef7] type=MemWrite UC
1582000: board.cache_hierarchy.l2-cache-0: recvTimingResp: Handling response WriteResp [4ee8:4eef] type=MemWrite UC
1584000: board.cache_hierarchy.l1d-cache-0: recvTimingResp: Handling response WriteResp [4ee8:4eef] type=MemWrite UC
1584000: board.cache_hierarchy.l2-cache-0: recvTimingResp: Handling response WriteResp [4eb0:4eb7] type=MemWrite UC
1586000: board.cache_hierarchy.l1d-cache-0: recvTimingResp: Handling response WriteResp [4eb0:4eb7] type=MemWrite UC
1587000: board.cache_hierarchy.l2-cache-0: sendMSHRQueuePacket: MSHR ReadSharedReq [a00:a3f] IF
1587000: board.cache_hierarchy.l2-cache-0: createMissPacket: created ReadSharedReq [a00:a3f] IF from ReadSharedReq [a00:a3f] IF
1591000: board.cache_hierarchy.l2-cache-0: sendMSHRQueuePacket: MSHR ReadReq [3620:3623] type=MemRead UC
1594000: board.cache_hierarchy.l2-cache-0: recvTimingResp: Handling response ReadResp [3620:3623] type=MemRead UC
1594000: board.cache_hierarchy.l2-cache-0: recvTimingResp: Leaving with ReadResp [3620:3623] type=MemRead UC
1597000: board.cache_hierarchy.l1d-cache-0: recvTimingResp: Handling response ReadResp [3620:3623] type=MemRead UC
1597000: board.cache_hierarchy.l1d-cache-0: recvTimingResp: Leaving with ReadResp [3620:3623] type=MemRead UC
1497000: board.processor.cores.core: 0x109b2    : lw s0, 8(s2)               : 
1498000: board.processor.cores.core: 0x109b6    : c_addiw s0, -1             : 
1603000: board.processor.cores.core.workload: Translating: 0x13628->0x3628
1603000: board.cache_hierarchy.l1d-cache-0: access for ReadReq [3628:362f] type=MemRead UC
1498000: board.processor.cores.core: 0x109b8    : blt s0, zero, 34           : 
1499000: board.processor.cores.core: 0x109bc    : addi s1, s2, 16            : 
1604000: board.cache_hierarchy.l1d-cache-0: sendMSHRQueuePacket: MSHR ReadReq [3628:362f] type=MemRead UC
1604000: board.cache_hierarchy.l2-cache-0: access for ReadReq [3628:362f] type=MemRead UC
1564000: board.processor.cores.core: 0x109c0    : slli a5, s0, 3             : 
1564000: board.processor.cores.core: 0x109c4    : c_add s1, a5               : 
1565000: board.processor.cores.core: 0x109c6    : beq s7, zero, 44           : 
1615000: board.cache_hierarchy.l2-cache-0: sendMSHRQueuePacket: MSHR ReadReq [3628:362f] type=MemRead UC
1635000: board.cache_hierarchy.l2-cache-0: recvTimingResp: Handling response ReadResp [a00:a3f] IF
1635000: board.cache_hierarchy.l2-cache-0: Block for addr 0xa00 being updated in Cache
1635000: board.cache_hierarchy.l2-cache-0: Block addr 0xa00 (ns) moving from  to state: 6 (E) writable: 1 readable: 1 dirty: 0 prefetched: 0 | tag: 0 secure: 0 valid: 1 | set: 0x28 way: 0
1635000: board.cache_hierarchy.l2-cache-0: recvTimingResp: Leaving with ReadResp [a00:a3f] IF
1637000: board.cache_hierarchy.l1i-cache-0: recvTimingResp: Handling response ReadResp [a00:a3f] IF
1637000: board.cache_hierarchy.l1i-cache-0: Block for addr 0xa00 being updated in Cache
1637000: board.cache_hierarchy.l1i-cache-0: Block addr 0xa00 (ns) moving from  to state: 6 (E) writable: 1 readable: 1 dirty: 0 prefetched: 0 | tag: 0 secure: 0 valid: 1 | set: 0x28 way: 0
1637000: board.cache_hierarchy.l1i-cache-0: recvTimingResp: Leaving with ReadResp [a00:a3f] IF
1639000: board.cache_hierarchy.l2-cache-0: recvTimingResp: Handling response ReadResp [3620:3623] type=MemRead UC
1639000: board.cache_hierarchy.l2-cache-0: recvTimingResp: Leaving with ReadResp [3620:3623] type=MemRead UC
1642000: board.cache_hierarchy.l1d-cache-0: recvTimingResp: Handling response ReadResp [3620:3623] type=MemRead UC
1642000: board.cache_hierarchy.l1d-cache-0: recvTimingResp: Leaving with ReadResp [3620:3623] type=MemRead UC
1643000: board.processor.cores.core.workload: Translating: 0x13628->0x3628
1644000: board.processor.cores.core.workload: Translating: 0x13928->0x3928
1644000: board.cache_hierarchy.l1d-cache-0: access for ReadReq [3928:392b] type=MemRead UC
1645000: board.cache_hierarchy.l1d-cache-0: sendMSHRQueuePacket: MSHR ReadReq [3928:392b] type=MemRead UC
1645000: board.cache_hierarchy.l2-cache-0: access for ReadReq [3928:392b] type=MemRead UC
1645000: board.processor.cores.core.workload: Translating: 0x13620->0x3620
1645000: board.cache_hierarchy.l1d-cache-0: access for ReadReq [3620:3623] type=MemRead UC
1646000: board.cache_hierarchy.l1d-cache-0: sendMSHRQueuePacket: MSHR ReadReq [3620:3623] type=MemRead UC
1646000: board.cache_hierarchy.l1d-cache-0: sendMSHRQueuePacket: MSHR ReadReq [3620:3623] type=MemRead UC
1646000: board.cache_hierarchy.l2-cache-0: access for ReadReq [3620:3623] type=MemRead UC
1573000: board.processor.cores.core: 0x109f2    : lw a5, 8(s2)               : 
1647000: board.processor.cores.core.workload: Translating: 0x13620->0x3620
1647000: board.cache_hierarchy.l1d-cache-0: access for ReadReq [3620:3623] type=MemRead UC
1647000: board.processor.cores.core.workload: Translating: 0x13340->0x3340
1647000: board.cache_hierarchy.l1d-cache-0: access for ReadReq [3340:3347] type=MemRead UC
1648000: board.cache_hierarchy.l1d-cache-0: sendMSHRQueuePacket: MSHR ReadReq [3620:3623] type=MemRead UC
1648000: board.cache_hierarchy.l2-cache-0: access for ReadReq [3620:3623] type=MemRead UC
1648001: board.cache_hierarchy.l1d-cache-0: sendMSHRQueuePacket: MSHR ReadReq [3340:3347] type=MemRead UC
1649000: board.cache_hierarchy.l1d-cache-0: sendMSHRQueuePacket: MSHR ReadReq [3340:3347] type=MemRead UC
1649000: board.cache_hierarchy.l2-cache-0: access for ReadReq [3340:3347] type=MemRead UC
1649000: board.processor.cores.core.workload: Translating: 0x10a40->0xa40
1649000: board.cache_hierarchy.l1i-cache-0: access for ReadReq [a40:a7f] IF hit state: 6 (E) writable: 1 readable: 1 dirty: 0 prefetched: 0 | tag: 0 secure: 0 valid: 1 | set: 0x29 way: 0
1654000: board.processor.cores.core.workload: Translating: 0x11700->0x1700
1654000: board.cache_hierarchy.l1i-cache-0: access for ReadReq [1700:173f] IF hit state: 6 (E) writable: 1 readable: 1 dirty: 0 prefetched: 0 | tag: 0x1 secure: 0 valid: 1 | set: 0x1c way: 0
1656000: board.cache_hierarchy.l2-cache-0: sendMSHRQueuePacket: MSHR ReadReq [3928:392b] type=MemRead UC
1657000: board.cache_hierarchy.l2-cache-0: sendMSHRQueuePacket: MSHR ReadReq [3620:3623] type=MemRead UC
1657000: board.cache_hierarchy.l2-cache-0: sendMSHRQueuePacket: MSHR ReadReq [3620:3623] type=MemRead UC
1658000: board.processor.cores.core.workload: Translating: 0x10a00->0xa00
1658000: board.cache_hierarchy.l1i-cache-0: access for ReadReq [a00:a3f] IF hit state: 6 (E) writable: 1 readable: 1 dirty: 0 prefetched: 0 | tag: 0 secure: 0 valid: 1 | set: 0x28 way: 0
1659000: board.cache_hierarchy.l2-cache-0: sendMSHRQueuePacket: MSHR ReadReq [3620:3623] type=MemRead UC
1660000: board.cache_hierarchy.l2-cache-0: sendMSHRQueuePacket: MSHR ReadReq [3340:3347] type=MemRead UC
1660000: board.cache_hierarchy.l2-cache-0: sendMSHRQueuePacket: MSHR ReadReq [3340:3347] type=MemRead UC
1660000: board.processor.cores.core.workload: Translating: 0x13620->0x3620
1663000: board.cache_hierarchy.l2-cache-0: recvTimingResp: Handling response ReadResp [3628:362f] type=MemRead UC
1663000: board.cache_hierarchy.l2-cache-0: recvTimingResp: Leaving with ReadResp [3628:362f] type=MemRead UC
1664000: board.processor.cores.core.workload: Translating: 0x13928->0x3928
1664000: board.cache_hierarchy.l1d-cache-0: access for ReadReq [3928:392b] type=MemRead UC
1665000: board.cache_hierarchy.l1d-cache-0: sendMSHRQueuePacket: MSHR ReadReq [3928:392b] type=MemRead UC
1665000: board.cache_hierarchy.l2-cache-0: access for ReadReq [3928:392b] type=MemRead UC
1665000: board.processor.cores.core.workload: Translating: 0x13620->0x3620
1666000: board.cache_hierarchy.l1d-cache-0: recvTimingResp: Handling response ReadResp [3628:362f] type=MemRead UC
1666000: board.cache_hierarchy.l1d-cache-0: recvTimingResp: Leaving with ReadResp [3628:362f] type=MemRead UC
1666000: board.processor.cores.core.workload: Translating: 0x109c0->0x9c0
1666000: board.cache_hierarchy.l1i-cache-0: access for ReadReq [9c0:9ff] IF hit state: 6 (E) writable: 1 readable: 1 dirty: 0 prefetched: 0 | tag: 0 secure: 0 valid: 1 | set: 0x27 way: 0
1667000: board.processor.cores.core.workload: Translating: 0x13620->0x3620
1668000: board.processor.cores.core.workload: Translating: 0x13340->0x3340
1668000: board.cache_hierarchy.l1d-cache-0: access for ReadReq [3340:3347] type=MemRead UC
1669000: board.cache_hierarchy.l1d-cache-0: sendMSHRQueuePacket: MSHR ReadReq [3340:3347] type=MemRead UC
1669000: board.cache_hierarchy.l2-cache-0: access for ReadReq [3340:3347] type=MemRead UC
1672000: board.processor.cores.core.workload: Translating: 0x116c0->0x16c0
1672000: board.cache_hierarchy.l1i-cache-0: access for ReadReq [16c0:16ff] IF miss
1673000: board.cache_hierarchy.l1i-cache-0: sendMSHRQueuePacket: MSHR ReadReq [16c0:16ff] IF
1673000: board.cache_hierarchy.l1i-cache-0: createMissPacket: created ReadSharedReq [16c0:16ff] IF from ReadReq [16c0:16ff] IF
1673000: board.cache_hierarchy.l2-cache-0: access for ReadSharedReq [16c0:16ff] IF miss
1573000: board.processor.cores.core: 0x109f6    : c_ld a3, 0(s1)             : 
1574000: board.processor.cores.core: 0x109f8    : c_addiw a5, -1             : 
1574000: board.processor.cores.core: 0x109fa    : beq a5, s0, 88             : 
1650000: board.processor.cores.core: 0x10a52    : sw s0, 8(s2)               : 
1676000: board.cache_hierarchy.l2-cache-0: sendMSHRQueuePacket: MSHR ReadReq [3928:392b] type=MemRead UC
1650000: board.processor.cores.core: 0x10a56    : c_j -84                    : 
1659000: board.processor.cores.core: 0x10a02    : c_beqz a3, 36              : 
1677000: board.cache_hierarchy.l1d-cache-0: access for WriteReq [3620:3623] type=MemWrite UC
1678000: board.cache_hierarchy.l1d-cache-0: sendWriteQueuePacket: write WriteReq [3620:3623] type=MemWrite UC
1678000: board.cache_hierarchy.l2-cache-0: access for WriteReq [3620:3623] type=MemWrite UC
1680000: board.cache_hierarchy.l2-cache-0: recvTimingResp: Handling response ReadResp [3340:3347] type=MemRead UC
1680000: board.cache_hierarchy.l2-cache-0: recvTimingResp: Leaving with ReadResp [3340:3347] type=MemRead UC
1680000: board.cache_hierarchy.l2-cache-0: sendMSHRQueuePacket: MSHR ReadReq [3340:3347] type=MemRead UC
1683000: board.cache_hierarchy.l1d-cache-0: recvTimingResp: Handling response ReadResp [3340:3347] type=MemRead UC
1683000: board.cache_hierarchy.l1d-cache-0: recvTimingResp: Leaving with ReadResp [3340:3347] type=MemRead UC
1684000: board.cache_hierarchy.l2-cache-0: sendMSHRQueuePacket: MSHR ReadSharedReq [16c0:16ff] IF
1684000: board.cache_hierarchy.l2-cache-0: createMissPacket: created ReadSharedReq [16c0:16ff] IF from ReadSharedReq [16c0:16ff] IF
1689000: board.cache_hierarchy.l2-cache-0: sendWriteQueuePacket: write WriteReq [3620:3623] type=MemWrite UC
1700000: board.cache_hierarchy.l2-cache-0: recvTimingResp: Handling response ReadResp [3340:3347] type=MemRead UC
1700000: board.cache_hierarchy.l2-cache-0: recvTimingResp: Leaving with ReadResp [3340:3347] type=MemRead UC
1703000: board.cache_hierarchy.l1d-cache-0: recvTimingResp: Handling response ReadResp [3340:3347] type=MemRead UC
1703000: board.cache_hierarchy.l1d-cache-0: recvTimingResp: Leaving with ReadResp [3340:3347] type=MemRead UC
1704000: board.cache_hierarchy.l2-cache-0: recvTimingResp: Handling response ReadResp [3928:392b] type=MemRead UC
1704000: board.cache_hierarchy.l2-cache-0: recvTimingResp: Leaving with ReadResp [3928:392b] type=MemRead UC
1707000: board.cache_hierarchy.l1d-cache-0: recvTimingResp: Handling response ReadResp [3928:392b] type=MemRead UC
1707000: board.cache_hierarchy.l1d-cache-0: recvTimingResp: Leaving with ReadResp [3928:392b] type=MemRead UC
1709000: board.cache_hierarchy.l2-cache-0: recvTimingResp: Handling response ReadResp [3620:3623] type=MemRead UC
1709000: board.cache_hierarchy.l2-cache-0: recvTimingResp: Leaving with ReadResp [3620:3623] type=MemRead UC
1712000: board.cache_hierarchy.l1d-cache-0: recvTimingResp: Handling response ReadResp [3620:3623] type=MemRead UC
1712000: board.cache_hierarchy.l1d-cache-0: recvTimingResp: Leaving with ReadResp [3620:3623] type=MemRead UC
1714000: board.cache_hierarchy.l2-cache-0: recvTimingResp: Handling response ReadResp [3620:3623] type=MemRead UC
1714000: board.cache_hierarchy.l2-cache-0: recvTimingResp: Leaving with ReadResp [3620:3623] type=MemRead UC
1716000: board.cache_hierarchy.l2-cache-0: recvTimingResp: Handling response WriteResp [3620:3623] type=MemWrite UC
1717000: board.cache_hierarchy.l1d-cache-0: recvTimingResp: Handling response ReadResp [3620:3623] type=MemRead UC
1717000: board.cache_hierarchy.l1d-cache-0: recvTimingResp: Leaving with ReadResp [3620:3623] type=MemRead UC
1719000: board.cache_hierarchy.l1d-cache-0: recvTimingResp: Handling response WriteResp [3620:3623] type=MemWrite UC
1724000: board.cache_hierarchy.l2-cache-0: recvTimingResp: Handling response ReadResp [3928:392b] type=MemRead UC
1724000: board.cache_hierarchy.l2-cache-0: recvTimingResp: Leaving with ReadResp [3928:392b] type=MemRead UC
1727000: board.cache_hierarchy.l1d-cache-0: recvTimingResp: Handling response ReadResp [3928:392b] type=MemRead UC
1727000: board.cache_hierarchy.l1d-cache-0: recvTimingResp: Leaving with ReadResp [3928:392b] type=MemRead UC
1659000: board.processor.cores.core: 0x10a04    : lw a5, 784(s2)             : 
1660000: board.processor.cores.core: 0x10a08    : sllw a4, s5, s0            : 
1660000: board.processor.cores.core: 0x10a0c    : lw s8, 8(s2)               : 
1661000: board.processor.cores.core: 0x10a10    : c_and a5, a4               : 
1661000: board.processor.cores.core: 0x10a12    : c_bnez a5, 30              : 
1662000: board.processor.cores.core: 0x10a14    : c_jalr a3                  : 
1746000: board.cache_hierarchy.l2-cache-0: recvTimingResp: Handling response ReadResp [16c0:16ff] IF
1746000: board.cache_hierarchy.l2-cache-0: Block for addr 0x16c0 being updated in Cache
1746000: board.cache_hierarchy.l2-cache-0: Block addr 0x16c0 (ns) moving from  to state: 6 (E) writable: 1 readable: 1 dirty: 0 prefetched: 0 | tag: 0 secure: 0 valid: 1 | set: 0x5b way: 0
1746000: board.cache_hierarchy.l2-cache-0: recvTimingResp: Leaving with ReadResp [16c0:16ff] IF
1748000: board.cache_hierarchy.l1i-cache-0: recvTimingResp: Handling response ReadResp [16c0:16ff] IF
1748000: board.cache_hierarchy.l1i-cache-0: Block for addr 0x16c0 being updated in Cache
1748000: board.cache_hierarchy.l1i-cache-0: Block addr 0x16c0 (ns) moving from  to state: 6 (E) writable: 1 readable: 1 dirty: 0 prefetched: 0 | tag: 0x1 secure: 0 valid: 1 | set: 0x1b way: 0
1748000: board.cache_hierarchy.l1i-cache-0: recvTimingResp: Leaving with ReadResp [16c0:16ff] IF
1750000: board.processor.cores.core.workload: Translating: 0x11700->0x1700
1750000: board.cache_hierarchy.l1i-cache-0: access for ReadReq [1700:173f] IF hit state: 6 (E) writable: 1 readable: 1 dirty: 0 prefetched: 0 | tag: 0x1 secure: 0 valid: 1 | set: 0x1c way: 0
1755000: board.processor.cores.core.workload: Translating: 0x7ffffffffffffea0->0x4ea0
1749000: board.processor.cores.core: 0x116f8    : c_addi sp, -32             : 
1757000: board.processor.cores.core.workload: Translating: 0x7ffffffffffffe98->0x4e98
1749000: board.processor.cores.core: 0x116fa    : c_sdsp s0, 16(sp)          : 
1750000: board.processor.cores.core: 0x116fc    : c_lui a5, 19               : 
1758000: board.processor.cores.core.workload: Translating: 0x7ffffffffffffea8->0x4ea8
1750000: board.processor.cores.core: 0x116fe    : c_lui s0, 19               : 
1751000: board.processor.cores.core: 0x11700    : addi a5, a5, -1800         : 
1759000: board.cache_hierarchy.l1d-cache-0: access for WriteReq [4ea0:4ea7] type=MemWrite UC
1751000: board.processor.cores.core: 0x11704    : addi s0, s0, -1808         : 
1760000: board.cache_hierarchy.l1d-cache-0: sendWriteQueuePacket: write WriteReq [4ea0:4ea7] type=MemWrite UC
1760000: board.cache_hierarchy.l2-cache-0: access for WriteReq [4ea0:4ea7] type=MemWrite UC
1752000: board.processor.cores.core: 0x11708    : c_sub a5, s0               : 
1752000: board.processor.cores.core: 0x1170a    : c_sdsp s1, 8(sp)           : 
1761000: board.processor.cores.core.workload: Translating: 0x128f0->0x28f0
1761000: board.cache_hierarchy.l1d-cache-0: access for ReadReq [28f0:28f7] type=MemRead UC
1753000: board.processor.cores.core: 0x1170c    : c_sdsp ra, 24(sp)          : 
1753000: board.processor.cores.core: 0x1170e    : srai s1, a5, 3             : 
1762000: board.cache_hierarchy.l1d-cache-0: sendMSHRQueuePacket: MSHR ReadReq [28f0:28f7] type=MemRead UC
1762000: board.cache_hierarchy.l1d-cache-0: sendMSHRQueuePacket: MSHR ReadReq [28f0:28f7] type=MemRead UC
1762000: board.cache_hierarchy.l2-cache-0: access for ReadReq [28f0:28f7] type=MemRead UC
1762000: board.cache_hierarchy.l1d-cache-0: access for WriteReq [4e98:4e9f] type=MemWrite UC
1754000: board.processor.cores.core: 0x11712    : c_beqz s1, 16              : 
1754000: board.processor.cores.core: 0x11714    : c_addi s0, -8              : 
1763000: board.cache_hierarchy.l1d-cache-0: sendWriteQueuePacket: write WriteReq [4e98:4e9f] type=MemWrite UC
1763000: board.cache_hierarchy.l1d-cache-0: sendWriteQueuePacket: write WriteReq [4e98:4e9f] type=MemWrite UC
1763000: board.cache_hierarchy.l2-cache-0: access for WriteReq [4e98:4e9f] type=MemWrite UC
1763000: board.processor.cores.core.workload: Translating: 0x10a00->0xa00
1763000: board.cache_hierarchy.l1i-cache-0: access for ReadReq [a00:a3f] IF hit state: 6 (E) writable: 1 readable: 1 dirty: 0 prefetched: 0 | tag: 0 secure: 0 valid: 1 | set: 0x28 way: 0
1763000: board.processor.cores.core.workload: Translating: 0x7ffffffffffffea8->0x4ea8
1763000: board.processor.cores.core.workload: Translating: 0x7ffffffffffffea0->0x4ea0
1763000: board.cache_hierarchy.l1d-cache-0: access for ReadReq [4ea0:4ea7] type=MemRead UC
1763000: board.cache_hierarchy.l1d-cache-0: access for WriteReq [4ea8:4eaf] type=MemWrite UC
1755000: board.processor.cores.core: 0x11716    : c_add s0, a5               : 
1764000: board.cache_hierarchy.l1d-cache-0: sendWriteQueuePacket: write WriteReq [4ea8:4eaf] type=MemWrite UC
1764000: board.processor.cores.core.workload: Translating: 0x7ffffffffffffe98->0x4e98
1764000: board.cache_hierarchy.l1d-cache-0: access for ReadReq [4e98:4e9f] type=MemRead UC
1765000: board.cache_hierarchy.l1d-cache-0: sendWriteQueuePacket: write WriteReq [4ea8:4eaf] type=MemWrite UC
1765000: board.cache_hierarchy.l2-cache-0: access for WriteReq [4ea8:4eaf] type=MemWrite UC
1765001: board.cache_hierarchy.l1d-cache-0: sendMSHRQueuePacket: MSHR ReadReq [4ea0:4ea7] type=MemRead UC
1766000: board.processor.cores.core.workload: Translating: 0x7ffffffffffffec8->0x4ec8
1766000: board.cache_hierarchy.l1d-cache-0: access for ReadReq [4ec8:4ecf] type=MemRead UC
1767000: board.cache_hierarchy.l1d-cache-0: sendMSHRQueuePacket: MSHR ReadReq [4ea0:4ea7] type=MemRead UC
1767000: board.cache_hierarchy.l2-cache-0: access for ReadReq [4ea0:4ea7] type=MemRead UC
1767001: board.cache_hierarchy.l1d-cache-0: sendMSHRQueuePacket: MSHR ReadReq [4e98:4e9f] type=MemRead UC
1768000: board.cache_hierarchy.l1d-cache-0: sendMSHRQueuePacket: MSHR ReadReq [4e98:4e9f] type=MemRead UC
1768000: board.cache_hierarchy.l2-cache-0: access for ReadReq [4e98:4e9f] type=MemRead UC
1768001: board.cache_hierarchy.l1d-cache-0: sendMSHRQueuePacket: MSHR ReadReq [4ec8:4ecf] type=MemRead UC
1769000: board.cache_hierarchy.l1d-cache-0: sendMSHRQueuePacket: MSHR ReadReq [4ec8:4ecf] type=MemRead UC
1769000: board.cache_hierarchy.l2-cache-0: access for ReadReq [4ec8:4ecf] type=MemRead UC
1771000: board.cache_hierarchy.l2-cache-0: sendWriteQueuePacket: write WriteReq [4ea0:4ea7] type=MemWrite UC
1771000: board.processor.cores.core.workload: Translating: 0x109c0->0x9c0
1771000: board.cache_hierarchy.l1i-cache-0: access for ReadReq [9c0:9ff] IF hit state: 6 (E) writable: 1 readable: 1 dirty: 0 prefetched: 0 | tag: 0 secure: 0 valid: 1 | set: 0x27 way: 0
1773000: board.cache_hierarchy.l2-cache-0: sendMSHRQueuePacket: MSHR ReadReq [28f0:28f7] type=MemRead UC
1773000: board.cache_hierarchy.l2-cache-0: sendMSHRQueuePacket: MSHR ReadReq [28f0:28f7] type=MemRead UC
1773000: board.processor.cores.core.workload: Translating: 0x13620->0x3620
1773000: board.cache_hierarchy.l1d-cache-0: access for ReadReq [3620:3623] type=MemRead UC
1773000: board.processor.cores.core.workload: Translating: 0x13340->0x3340
1773000: board.cache_hierarchy.l1d-cache-0: access for ReadReq [3340:3347] type=MemRead UC
1774000: board.cache_hierarchy.l1d-cache-0: sendMSHRQueuePacket: MSHR ReadReq [3620:3623] type=MemRead UC
1774000: board.cache_hierarchy.l2-cache-0: access for ReadReq [3620:3623] type=MemRead UC
1774000: board.cache_hierarchy.l2-cache-0: sendWriteQueuePacket: write WriteReq [4e98:4e9f] type=MemWrite UC
1774000: board.cache_hierarchy.l2-cache-0: sendWriteQueuePacket: write WriteReq [4e98:4e9f] type=MemWrite UC
1774001: board.cache_hierarchy.l1d-cache-0: sendMSHRQueuePacket: MSHR ReadReq [3340:3347] type=MemRead UC
1775000: board.cache_hierarchy.l1d-cache-0: sendMSHRQueuePacket: MSHR ReadReq [3340:3347] type=MemRead UC
1775000: board.cache_hierarchy.l2-cache-0: access for ReadReq [3340:3347] type=MemRead UC
1776000: board.cache_hierarchy.l2-cache-0: sendWriteQueuePacket: write WriteReq [4ea8:4eaf] type=MemWrite UC
1776000: board.cache_hierarchy.l2-cache-0: sendWriteQueuePacket: write WriteReq [4ea8:4eaf] type=MemWrite UC
1777000: board.processor.cores.core.workload: Translating: 0x10a00->0xa00
1777000: board.cache_hierarchy.l1i-cache-0: access for ReadReq [a00:a3f] IF hit state: 6 (E) writable: 1 readable: 1 dirty: 0 prefetched: 0 | tag: 0 secure: 0 valid: 1 | set: 0x28 way: 0
1778000: board.cache_hierarchy.l2-cache-0: sendMSHRQueuePacket: MSHR ReadReq [4ea0:4ea7] type=MemRead UC
1778000: board.cache_hierarchy.l2-cache-0: sendMSHRQueuePacket: MSHR ReadReq [4ea0:4ea7] type=MemRead UC
1779000: board.cache_hierarchy.l2-cache-0: sendMSHRQueuePacket: MSHR ReadReq [4e98:4e9f] type=MemRead UC
1779000: board.cache_hierarchy.l2-cache-0: sendMSHRQueuePacket: MSHR ReadReq [4e98:4e9f] type=MemRead UC
1779000: board.processor.cores.core.workload: Translating: 0x7ffffffffffffef0->0x4ef0
1779000: board.cache_hierarchy.l1d-cache-0: access for ReadReq [4ef0:4ef7] type=MemRead UC
1779000: board.processor.cores.core.workload: Translating: 0x7ffffffffffffee8->0x4ee8
1779000: board.cache_hierarchy.l1d-cache-0: access for ReadReq [4ee8:4eef] type=MemRead UC
1780000: board.cache_hierarchy.l1d-cache-0: sendMSHRQueuePacket: MSHR ReadReq [4ef0:4ef7] type=MemRead UC
1780000: board.cache_hierarchy.l2-cache-0: access for ReadReq [4ef0:4ef7] type=MemRead UC
1780000: board.cache_hierarchy.l2-cache-0: sendMSHRQueuePacket: MSHR ReadReq [4ec8:4ecf] type=MemRead UC
1780000: board.cache_hierarchy.l2-cache-0: sendMSHRQueuePacket: MSHR ReadReq [4ec8:4ecf] type=MemRead UC
1780000: board.processor.cores.core.workload: Translating: 0x7ffffffffffffed8->0x4ed8
1780000: board.cache_hierarchy.l1d-cache-0: access for ReadReq [4ed8:4edf] type=MemRead UC
1780000: board.processor.cores.core.workload: Translating: 0x7ffffffffffffec8->0x4ec8
1780000: board.cache_hierarchy.l1d-cache-0: access for ReadReq [4ec8:4ecf] type=MemRead UC
1780001: board.cache_hierarchy.l1d-cache-0: sendMSHRQueuePacket: MSHR ReadReq [4ee8:4eef] type=MemRead UC
1781000: board.cache_hierarchy.l1d-cache-0: sendMSHRQueuePacket: MSHR ReadReq [4ee8:4eef] type=MemRead UC
1781000: board.cache_hierarchy.l2-cache-0: access for ReadReq [4ee8:4eef] type=MemRead UC
1781000: board.processor.cores.core.workload: Translating: 0x109c0->0x9c0
1781000: board.cache_hierarchy.l1i-cache-0: access for ReadReq [9c0:9ff] IF hit state: 6 (E) writable: 1 readable: 1 dirty: 0 prefetched: 0 | tag: 0 secure: 0 valid: 1 | set: 0x27 way: 0
1781000: board.processor.cores.core.workload: Translating: 0x7ffffffffffffec0->0x4ec0
1781000: board.cache_hierarchy.l1d-cache-0: access for ReadReq [4ec0:4ec7] type=MemRead UC
1781000: board.processor.cores.core.workload: Translating: 0x7ffffffffffffeb8->0x4eb8
1781000: board.cache_hierarchy.l1d-cache-0: access for ReadReq [4eb8:4ebf] type=MemRead UC
1781001: board.cache_hierarchy.l1d-cache-0: sendMSHRQueuePacket: MSHR ReadReq [4ed8:4edf] type=MemRead UC
1782000: board.cache_hierarchy.l1d-cache-0: sendMSHRQueuePacket: MSHR ReadReq [4ed8:4edf] type=MemRead UC
1782000: board.cache_hierarchy.l2-cache-0: access for ReadReq [4ed8:4edf] type=MemRead UC
1782000: board.processor.cores.core.workload: Translating: 0x7ffffffffffffeb0->0x4eb0
1782000: board.cache_hierarchy.l1d-cache-0: access for ReadReq [4eb0:4eb7] type=MemRead UC
1782000: board.processor.cores.core.workload: Translating: 0x7ffffffffffffef8->0x4ef8
1782000: board.cache_hierarchy.l1d-cache-0: access for ReadReq [4ef8:4eff] type=MemRead UC
1782001: board.cache_hierarchy.l1d-cache-0: sendMSHRQueuePacket: MSHR ReadReq [4ec8:4ecf] type=MemRead UC
1783000: board.cache_hierarchy.l1d-cache-0: sendMSHRQueuePacket: MSHR ReadReq [4ec8:4ecf] type=MemRead UC
1783000: board.cache_hierarchy.l2-cache-0: access for ReadReq [4ec8:4ecf] type=MemRead UC
1783000: board.processor.cores.core.workload: Translating: 0x7ffffffffffffee0->0x4ee0
1783000: board.cache_hierarchy.l1d-cache-0: access for ReadReq [4ee0:4ee7] type=MemRead UC
1783000: board.processor.cores.core.workload: Translating: 0x7ffffffffffffed0->0x4ed0
1783000: board.cache_hierarchy.l1d-cache-0: access for ReadReq [4ed0:4ed7] type=MemRead UC
1783000: board.cache_hierarchy.l1d-cache-0: Blocking for cause 0, mask=1
1783001: board.cache_hierarchy.l1d-cache-0: sendMSHRQueuePacket: MSHR ReadReq [4ec0:4ec7] type=MemRead UC
1784000: board.cache_hierarchy.l1d-cache-0: sendMSHRQueuePacket: MSHR ReadReq [4ec0:4ec7] type=MemRead UC
1784000: board.cache_hierarchy.l2-cache-0: access for ReadReq [4ec0:4ec7] type=MemRead UC
1784001: board.cache_hierarchy.l1d-cache-0: sendMSHRQueuePacket: MSHR ReadReq [4eb8:4ebf] type=MemRead UC
1785000: board.cache_hierarchy.l1d-cache-0: sendMSHRQueuePacket: MSHR ReadReq [4eb8:4ebf] type=MemRead UC
1785000: board.cache_hierarchy.l2-cache-0: access for ReadReq [4eb8:4ebf] type=MemRead UC
1785000: board.cache_hierarchy.l2-cache-0: sendMSHRQueuePacket: MSHR ReadReq [3620:3623] type=MemRead UC
1785000: board.processor.cores.core.workload: Translating: 0x13340->0x3340
1785001: board.cache_hierarchy.l1d-cache-0: sendMSHRQueuePacket: MSHR ReadReq [4eb0:4eb7] type=MemRead UC
1786000: board.cache_hierarchy.l2-cache-0: sendMSHRQueuePacket: MSHR ReadReq [3340:3347] type=MemRead UC
1786000: board.cache_hierarchy.l2-cache-0: sendMSHRQueuePacket: MSHR ReadReq [3340:3347] type=MemRead UC
1786000: board.cache_hierarchy.l1d-cache-0: sendMSHRQueuePacket: MSHR ReadReq [4eb0:4eb7] type=MemRead UC
1786000: board.cache_hierarchy.l2-cache-0: access for ReadReq [4eb0:4eb7] type=MemRead UC
1786001: board.cache_hierarchy.l1d-cache-0: sendMSHRQueuePacket: MSHR ReadReq [4ef8:4eff] type=MemRead UC
1787000: board.cache_hierarchy.l1d-cache-0: sendMSHRQueuePacket: MSHR ReadReq [4ef8:4eff] type=MemRead UC
1787000: board.cache_hierarchy.l2-cache-0: access for ReadReq [4ef8:4eff] type=MemRead UC
1787000: board.processor.cores.core.workload: Translating: 0x10100->0x100
1787000: board.cache_hierarchy.l1i-cache-0: access for ReadReq [100:13f] IF hit state: 6 (E) writable: 1 readable: 1 dirty: 0 prefetched: 0 | tag: 0 secure: 0 valid: 1 | set: 0x4 way: 0
1787001: board.cache_hierarchy.l1d-cache-0: sendMSHRQueuePacket: MSHR ReadReq [4ee0:4ee7] type=MemRead UC
1788000: board.cache_hierarchy.l1d-cache-0: sendMSHRQueuePacket: MSHR ReadReq [4ee0:4ee7] type=MemRead UC
1788000: board.cache_hierarchy.l2-cache-0: access for ReadReq [4ee0:4ee7] type=MemRead UC
1788001: board.cache_hierarchy.l1d-cache-0: sendMSHRQueuePacket: MSHR ReadReq [4ed0:4ed7] type=MemRead UC
1789000: board.cache_hierarchy.l1d-cache-0: sendMSHRQueuePacket: MSHR ReadReq [4ed0:4ed7] type=MemRead UC
1789000: board.cache_hierarchy.l2-cache-0: access for ReadReq [4ed0:4ed7] type=MemRead UC
1789000: board.processor.cores.core.workload: Translating: 0x7fffffffffffff40->0x4f40
1789000: board.processor.cores.core.workload: Translating: 0x7fffffffffffff38->0x4f38
1790000: board.processor.cores.core.workload: Translating: 0x7fffffffffffff28->0x4f28
1790000: board.processor.cores.core.workload: Translating: 0x7fffffffffffff18->0x4f18
1791000: board.cache_hierarchy.l2-cache-0: sendMSHRQueuePacket: MSHR ReadReq [4ef0:4ef7] type=MemRead UC
1791000: board.processor.cores.core.workload: Translating: 0x10140->0x140
1791000: board.cache_hierarchy.l1i-cache-0: access for ReadReq [140:17f] IF hit state: 6 (E) writable: 1 readable: 1 dirty: 0 prefetched: 0 | tag: 0 secure: 0 valid: 1 | set: 0x5 way: 0
1791000: board.processor.cores.core.workload: Translating: 0x7fffffffffffff10->0x4f10
1791000: board.processor.cores.core.workload: Translating: 0x7fffffffffffff08->0x4f08
1792000: board.cache_hierarchy.l2-cache-0: sendMSHRQueuePacket: MSHR ReadReq [4ee8:4eef] type=MemRead UC
1792000: board.cache_hierarchy.l2-cache-0: sendMSHRQueuePacket: MSHR ReadReq [4ee8:4eef] type=MemRead UC
1792000: board.cache_hierarchy.l2-cache-0: recvTimingResp: Handling response WriteResp [4ea0:4ea7] type=MemWrite UC
1792000: board.processor.cores.core.workload: Translating: 0x7fffffffffffff00->0x4f00
1792000: board.processor.cores.core.workload: Translating: 0x7fffffffffffff48->0x4f48
1793000: board.cache_hierarchy.l2-cache-0: sendMSHRQueuePacket: MSHR ReadReq [4ed8:4edf] type=MemRead UC
1793000: board.cache_hierarchy.l2-cache-0: sendMSHRQueuePacket: MSHR ReadReq [4ed8:4edf] type=MemRead UC
1793000: board.processor.cores.core.workload: Translating: 0x7fffffffffffff30->0x4f30
1793000: board.processor.cores.core.workload: Translating: 0x7fffffffffffff20->0x4f20
1794000: board.cache_hierarchy.l2-cache-0: sendMSHRQueuePacket: MSHR ReadReq [4ec8:4ecf] type=MemRead UC
1794000: board.cache_hierarchy.l2-cache-0: sendMSHRQueuePacket: MSHR ReadReq [4ec8:4ecf] type=MemRead UC
1794000: board.cache_hierarchy.l1d-cache-0: recvTimingResp: Handling response WriteResp [4ea0:4ea7] type=MemWrite UC
1795000: board.cache_hierarchy.l2-cache-0: sendMSHRQueuePacket: MSHR ReadReq [4ec0:4ec7] type=MemRead UC
1795000: board.cache_hierarchy.l2-cache-0: sendMSHRQueuePacket: MSHR ReadReq [4ec0:4ec7] type=MemRead UC
1795000: board.cache_hierarchy.l2-cache-0: recvTimingResp: Handling response WriteResp [4e98:4e9f] type=MemWrite UC
1795000: board.processor.cores.core.workload: Translating: 0x117c0->0x17c0
1795000: board.cache_hierarchy.l1i-cache-0: access for ReadReq [17c0:17ff] IF miss
1795000: board.processor.cores.core.workload: Translating: 0x13330->0x3330
1796000: board.cache_hierarchy.l1i-cache-0: sendMSHRQueuePacket: MSHR ReadReq [17c0:17ff] IF
1796000: board.cache_hierarchy.l1i-cache-0: createMissPacket: created ReadSharedReq [17c0:17ff] IF from ReadReq [17c0:17ff] IF
1796000: board.cache_hierarchy.l2-cache-0: access for ReadSharedReq [17c0:17ff] IF miss
1796000: board.cache_hierarchy.l2-cache-0: sendMSHRQueuePacket: MSHR ReadReq [4eb8:4ebf] type=MemRead UC
1796000: board.cache_hierarchy.l2-cache-0: sendMSHRQueuePacket: MSHR ReadReq [4eb8:4ebf] type=MemRead UC
1797000: board.cache_hierarchy.l2-cache-0: sendMSHRQueuePacket: MSHR ReadReq [4eb0:4eb7] type=MemRead UC
1797000: board.cache_hierarchy.l2-cache-0: sendMSHRQueuePacket: MSHR ReadReq [4eb0:4eb7] type=MemRead UC
1797000: board.cache_hierarchy.l1d-cache-0: recvTimingResp: Handling response WriteResp [4e98:4e9f] type=MemWrite UC
1797000: board.cache_hierarchy.l2-cache-0: recvTimingResp: Handling response WriteResp [4ea8:4eaf] type=MemWrite UC
1798000: board.cache_hierarchy.l2-cache-0: sendMSHRQueuePacket: MSHR ReadReq [4ef8:4eff] type=MemRead UC
1798000: board.cache_hierarchy.l2-cache-0: sendMSHRQueuePacket: MSHR ReadReq [4ef8:4eff] type=MemRead UC
1799000: board.cache_hierarchy.l2-cache-0: sendMSHRQueuePacket: MSHR ReadReq [4ee0:4ee7] type=MemRead UC
1799000: board.cache_hierarchy.l2-cache-0: sendMSHRQueuePacket: MSHR ReadReq [4ee0:4ee7] type=MemRead UC
1799000: board.cache_hierarchy.l1d-cache-0: recvTimingResp: Handling response WriteResp [4ea8:4eaf] type=MemWrite UC
1800000: board.cache_hierarchy.l2-cache-0: sendMSHRQueuePacket: MSHR ReadReq [4ed0:4ed7] type=MemRead UC
1800000: board.cache_hierarchy.l2-cache-0: sendMSHRQueuePacket: MSHR ReadReq [4ed0:4ed7] type=MemRead UC
1806000: board.cache_hierarchy.l2-cache-0: recvTimingResp: Handling response ReadResp [3340:3347] type=MemRead UC
1806000: board.cache_hierarchy.l2-cache-0: recvTimingResp: Leaving with ReadResp [3340:3347] type=MemRead UC
1807000: board.cache_hierarchy.l2-cache-0: sendMSHRQueuePacket: MSHR ReadSharedReq [17c0:17ff] IF
1807000: board.cache_hierarchy.l2-cache-0: createMissPacket: created ReadSharedReq [17c0:17ff] IF from ReadSharedReq [17c0:17ff] IF
1809000: board.cache_hierarchy.l1d-cache-0: recvTimingResp: Handling response ReadResp [3340:3347] type=MemRead UC
1809000: board.cache_hierarchy.l1d-cache-0: Unblocking for cause 0, mask=0
1809000: board.cache_hierarchy.l1d-cache-0: recvTimingResp: Leaving with ReadResp [3340:3347] type=MemRead UC
1811000: board.cache_hierarchy.l2-cache-0: recvTimingResp: Handling response ReadResp [4ef0:4ef7] type=MemRead UC
1811000: board.cache_hierarchy.l2-cache-0: recvTimingResp: Leaving with ReadResp [4ef0:4ef7] type=MemRead UC
1811000: board.cache_hierarchy.l1d-cache-0: access for ReadReq [3340:3347] type=MemRead UC
1811000: board.cache_hierarchy.l1d-cache-0: Blocking for cause 0, mask=1
1812000: board.cache_hierarchy.l1d-cache-0: sendMSHRQueuePacket: MSHR ReadReq [3340:3347] type=MemRead UC
1812000: board.cache_hierarchy.l2-cache-0: access for ReadReq [3340:3347] type=MemRead UC
1814000: board.cache_hierarchy.l1d-cache-0: recvTimingResp: Handling response ReadResp [4ef0:4ef7] type=MemRead UC
1814000: board.cache_hierarchy.l1d-cache-0: Unblocking for cause 0, mask=0
1814000: board.cache_hierarchy.l1d-cache-0: recvTimingResp: Leaving with ReadResp [4ef0:4ef7] type=MemRead UC
1815000: board.cache_hierarchy.l1d-cache-0: access for ReadReq [4f00:4f07] type=MemRead UC
1815000: board.cache_hierarchy.l1d-cache-0: Blocking for cause 0, mask=1
1816000: board.cache_hierarchy.l1d-cache-0: sendMSHRQueuePacket: MSHR ReadReq [4f00:4f07] type=MemRead UC
1816000: board.cache_hierarchy.l2-cache-0: access for ReadReq [4f00:4f07] type=MemRead UC
1816000: board.cache_hierarchy.l2-cache-0: recvTimingResp: Handling response ReadResp [4eb8:4ebf] type=MemRead UC
1816000: board.cache_hierarchy.l2-cache-0: recvTimingResp: Leaving with ReadResp [4eb8:4ebf] type=MemRead UC
1819000: board.cache_hierarchy.l1d-cache-0: recvTimingResp: Handling response ReadResp [4eb8:4ebf] type=MemRead UC
1819000: board.cache_hierarchy.l1d-cache-0: Unblocking for cause 0, mask=0
1819000: board.cache_hierarchy.l1d-cache-0: recvTimingResp: Leaving with ReadResp [4eb8:4ebf] type=MemRead UC
1820000: board.cache_hierarchy.l1d-cache-0: access for ReadReq [4f20:4f27] type=MemRead UC
1820000: board.cache_hierarchy.l1d-cache-0: Blocking for cause 0, mask=1
1821000: board.cache_hierarchy.l1d-cache-0: sendMSHRQueuePacket: MSHR ReadReq [4f20:4f27] type=MemRead UC
1821000: board.cache_hierarchy.l2-cache-0: access for ReadReq [4f20:4f27] type=MemRead UC
1821000: board.cache_hierarchy.l2-cache-0: recvTimingResp: Handling response ReadResp [28f0:28f7] type=MemRead UC
1821000: board.cache_hierarchy.l2-cache-0: recvTimingResp: Leaving with ReadResp [28f0:28f7] type=MemRead UC
1823000: board.cache_hierarchy.l2-cache-0: sendMSHRQueuePacket: MSHR ReadReq [3340:3347] type=MemRead UC
1824000: board.cache_hierarchy.l1d-cache-0: recvTimingResp: Handling response ReadResp [28f0:28f7] type=MemRead UC
1824000: board.cache_hierarchy.l1d-cache-0: Unblocking for cause 0, mask=0
1824000: board.cache_hierarchy.l1d-cache-0: recvTimingResp: Leaving with ReadResp [28f0:28f7] type=MemRead UC
1826000: board.cache_hierarchy.l2-cache-0: recvTimingResp: Handling response ReadResp [4ea0:4ea7] type=MemRead UC
1826000: board.cache_hierarchy.l2-cache-0: recvTimingResp: Leaving with ReadResp [4ea0:4ea7] type=MemRead UC
1826000: board.cache_hierarchy.l1d-cache-0: access for ReadReq [4f40:4f47] type=MemRead UC
1826000: board.cache_hierarchy.l1d-cache-0: Blocking for cause 0, mask=1
1827000: board.cache_hierarchy.l1d-cache-0: sendMSHRQueuePacket: MSHR ReadReq [4f40:4f47] type=MemRead UC
1827000: board.cache_hierarchy.l2-cache-0: access for ReadReq [4f40:4f47] type=MemRead UC
1827000: board.cache_hierarchy.l2-cache-0: sendMSHRQueuePacket: MSHR ReadReq [4f00:4f07] type=MemRead UC
1829000: board.cache_hierarchy.l1d-cache-0: recvTimingResp: Handling response ReadResp [4ea0:4ea7] type=MemRead UC
1829000: board.cache_hierarchy.l1d-cache-0: Unblocking for cause 0, mask=0
1829000: board.cache_hierarchy.l1d-cache-0: recvTimingResp: Leaving with ReadResp [4ea0:4ea7] type=MemRead UC
1830000: board.processor.cores.core.workload: Translating: 0x101c0->0x1c0
1830000: board.cache_hierarchy.l1i-cache-0: access for ReadReq [1c0:1ff] IF hit state: 6 (E) writable: 1 readable: 1 dirty: 0 prefetched: 0 | tag: 0 secure: 0 valid: 1 | set: 0x7 way: 0
1831000: board.cache_hierarchy.l2-cache-0: recvTimingResp: Handling response ReadResp [4e98:4e9f] type=MemRead UC
1831000: board.cache_hierarchy.l2-cache-0: recvTimingResp: Leaving with ReadResp [4e98:4e9f] type=MemRead UC
1832000: board.cache_hierarchy.l2-cache-0: sendMSHRQueuePacket: MSHR ReadReq [4f20:4f27] type=MemRead UC
1834000: board.cache_hierarchy.l1d-cache-0: recvTimingResp: Handling response ReadResp [4e98:4e9f] type=MemRead UC
1834000: board.cache_hierarchy.l1d-cache-0: recvTimingResp: Leaving with ReadResp [4e98:4e9f] type=MemRead UC
1836000: board.cache_hierarchy.l2-cache-0: recvTimingResp: Handling response ReadResp [4ec8:4ecf] type=MemRead UC
1836000: board.cache_hierarchy.l2-cache-0: recvTimingResp: Leaving with ReadResp [4ec8:4ecf] type=MemRead UC
1837000: board.processor.cores.core.workload: Translating: 0x10200->0x200
1837000: board.cache_hierarchy.l1i-cache-0: access for ReadReq [200:23f] IF hit state: 6 (E) writable: 1 readable: 1 dirty: 0 prefetched: 0 | tag: 0 secure: 0 valid: 1 | set: 0x8 way: 0
1838000: board.cache_hierarchy.l2-cache-0: sendMSHRQueuePacket: MSHR ReadReq [4f40:4f47] type=MemRead UC
1839000: board.cache_hierarchy.l1d-cache-0: recvTimingResp: Handling response ReadResp [4ec8:4ecf] type=MemRead UC
1839000: board.cache_hierarchy.l1d-cache-0: recvTimingResp: Leaving with ReadResp [4ec8:4ecf] type=MemRead UC
1839000: board.processor.cores.core.workload: Translating: 0x101c0->0x1c0
1839000: board.cache_hierarchy.l1i-cache-0: access for ReadReq [1c0:1ff] IF hit state: 6 (E) writable: 1 readable: 1 dirty: 0 prefetched: 0 | tag: 0 secure: 0 valid: 1 | set: 0x7 way: 0
1840000: board.processor.cores.core.workload: Translating: 0x10200->0x200
1840000: board.cache_hierarchy.l1i-cache-0: access for ReadReq [200:23f] IF hit state: 6 (E) writable: 1 readable: 1 dirty: 0 prefetched: 0 | tag: 0 secure: 0 valid: 1 | set: 0x8 way: 0
1842000: board.processor.cores.core.workload: Translating: 0x11700->0x1700
1842000: board.cache_hierarchy.l1i-cache-0: access for ReadReq [1700:173f] IF hit state: 6 (E) writable: 1 readable: 1 dirty: 0 prefetched: 0 | tag: 0x1 secure: 0 valid: 1 | set: 0x1c way: 0
1843000: board.cache_hierarchy.l2-cache-0: recvTimingResp: Handling response ReadResp [3340:3347] type=MemRead UC
1843000: board.cache_hierarchy.l2-cache-0: recvTimingResp: Leaving with ReadResp [3340:3347] type=MemRead UC
1845000: board.processor.cores.core.workload: Translating: 0x10a00->0xa00
1845000: board.cache_hierarchy.l1i-cache-0: access for ReadReq [a00:a3f] IF hit state: 6 (E) writable: 1 readable: 1 dirty: 0 prefetched: 0 | tag: 0 secure: 0 valid: 1 | set: 0x28 way: 0
1846000: board.cache_hierarchy.l1d-cache-0: recvTimingResp: Handling response ReadResp [3340:3347] type=MemRead UC
1846000: board.cache_hierarchy.l1d-cache-0: recvTimingResp: Leaving with ReadResp [3340:3347] type=MemRead UC
1847000: board.cache_hierarchy.l2-cache-0: recvTimingResp: Handling response ReadResp [4f00:4f07] type=MemRead UC
1847000: board.cache_hierarchy.l2-cache-0: recvTimingResp: Leaving with ReadResp [4f00:4f07] type=MemRead UC
1850000: board.cache_hierarchy.l1d-cache-0: recvTimingResp: Handling response ReadResp [4f00:4f07] type=MemRead UC
1850000: board.cache_hierarchy.l1d-cache-0: recvTimingResp: Leaving with ReadResp [4f00:4f07] type=MemRead UC
1755000: board.processor.cores.core: 0x11718    : c_ld a5, 0(s0)             : 
1756000: board.processor.cores.core: 0x1171a    : c_addi s1, -1              : 
1857000: board.cache_hierarchy.l2-cache-0: recvTimingResp: Handling response ReadResp [3620:3623] type=MemRead UC
1857000: board.cache_hierarchy.l2-cache-0: recvTimingResp: Leaving with ReadResp [3620:3623] type=MemRead UC
1756000: board.processor.cores.core: 0x1171c    : c_addi s0, -8              : 
1757000: board.processor.cores.core: 0x1171e    : c_jalr a5                  : 
1860000: board.cache_hierarchy.l1d-cache-0: recvTimingResp: Handling response ReadResp [3620:3623] type=MemRead UC
1860000: board.cache_hierarchy.l1d-cache-0: recvTimingResp: Leaving with ReadResp [3620:3623] type=MemRead UC
1860000: board.cache_hierarchy.l2-cache-0: recvTimingResp: Handling response ReadResp [4ee8:4eef] type=MemRead UC
1860000: board.cache_hierarchy.l2-cache-0: recvTimingResp: Leaving with ReadResp [4ee8:4eef] type=MemRead UC
1862000: board.processor.cores.core.workload: Translating: 0x109c0->0x9c0
1862000: board.cache_hierarchy.l1i-cache-0: access for ReadReq [9c0:9ff] IF hit state: 6 (E) writable: 1 readable: 1 dirty: 0 prefetched: 0 | tag: 0 secure: 0 valid: 1 | set: 0x27 way: 0
1863000: board.cache_hierarchy.l1d-cache-0: recvTimingResp: Handling response ReadResp [4ee8:4eef] type=MemRead UC
1863000: board.cache_hierarchy.l1d-cache-0: recvTimingResp: Leaving with ReadResp [4ee8:4eef] type=MemRead UC
1864000: board.processor.cores.core.workload: Translating: 0x7ffffffffffffe80->0x4e80
1864000: board.processor.cores.core.workload: Translating: 0x13368->0x3368
1864000: board.cache_hierarchy.l1d-cache-0: access for ReadReq [3368:3368] type=MemRead UC
1865000: board.cache_hierarchy.l1d-cache-0: sendMSHRQueuePacket: MSHR ReadReq [3368:3368] type=MemRead UC
1865000: board.cache_hierarchy.l2-cache-0: access for ReadReq [3368:3368] type=MemRead UC
1865000: board.cache_hierarchy.l2-cache-0: recvTimingResp: Handling response ReadResp [4ed8:4edf] type=MemRead UC
1865000: board.cache_hierarchy.l2-cache-0: recvTimingResp: Leaving with ReadResp [4ed8:4edf] type=MemRead UC
1865000: board.processor.cores.core.workload: Translating: 0x7ffffffffffffe88->0x4e88
1831000: board.processor.cores.core: 0x101da    : c_addi sp, -16             : 
1831000: board.processor.cores.core: 0x101dc    : c_sdsp s0, 0(sp)           : 
1868000: board.cache_hierarchy.l1d-cache-0: recvTimingResp: Handling response ReadResp [4ed8:4edf] type=MemRead UC
1868000: board.cache_hierarchy.l1d-cache-0: recvTimingResp: Leaving with ReadResp [4ed8:4edf] type=MemRead UC
1868000: board.processor.cores.core.workload: Translating: 0x10100->0x100
1868000: board.cache_hierarchy.l1i-cache-0: access for ReadReq [100:13f] IF hit state: 6 (E) writable: 1 readable: 1 dirty: 0 prefetched: 0 | tag: 0 secure: 0 valid: 1 | set: 0x4 way: 0
1868000: board.cache_hierarchy.l1d-cache-0: access for WriteReq [4e80:4e87] type=MemWrite UC
1869000: board.cache_hierarchy.l1d-cache-0: sendWriteQueuePacket: write WriteReq [4e80:4e87] type=MemWrite UC
1869000: board.cache_hierarchy.l2-cache-0: access for WriteReq [4e80:4e87] type=MemWrite UC
1870000: board.cache_hierarchy.l2-cache-0: recvTimingResp: Handling response ReadResp [4ec8:4ecf] type=MemRead UC
1870000: board.cache_hierarchy.l2-cache-0: recvTimingResp: Leaving with ReadResp [4ec8:4ecf] type=MemRead UC
1870000: board.processor.cores.core.workload: Translating: 0x101c0->0x1c0
1870000: board.cache_hierarchy.l1i-cache-0: access for ReadReq [1c0:1ff] IF hit state: 6 (E) writable: 1 readable: 1 dirty: 0 prefetched: 0 | tag: 0 secure: 0 valid: 1 | set: 0x7 way: 0
1871000: board.processor.cores.core.workload: Translating: 0x10200->0x200
1871000: board.cache_hierarchy.l1i-cache-0: access for ReadReq [200:23f] IF hit state: 6 (E) writable: 1 readable: 1 dirty: 0 prefetched: 0 | tag: 0 secure: 0 valid: 1 | set: 0x8 way: 0
1873000: board.cache_hierarchy.l1d-cache-0: recvTimingResp: Handling response ReadResp [4ec8:4ecf] type=MemRead UC
1873000: board.cache_hierarchy.l1d-cache-0: recvTimingResp: Leaving with ReadResp [4ec8:4ecf] type=MemRead UC
1873000: board.processor.cores.core.workload: Translating: 0x11700->0x1700
1873000: board.cache_hierarchy.l1i-cache-0: access for ReadReq [1700:173f] IF hit state: 6 (E) writable: 1 readable: 1 dirty: 0 prefetched: 0 | tag: 0x1 secure: 0 valid: 1 | set: 0x1c way: 0
1875000: board.cache_hierarchy.l2-cache-0: recvTimingResp: Handling response ReadResp [4ec0:4ec7] type=MemRead UC
1875000: board.cache_hierarchy.l2-cache-0: recvTimingResp: Leaving with ReadResp [4ec0:4ec7] type=MemRead UC
1876000: board.cache_hierarchy.l2-cache-0: sendMSHRQueuePacket: MSHR ReadReq [3368:3368] type=MemRead UC
1876000: board.processor.cores.core.workload: Translating: 0x10a00->0xa00
1876000: board.cache_hierarchy.l1i-cache-0: access for ReadReq [a00:a3f] IF hit state: 6 (E) writable: 1 readable: 1 dirty: 0 prefetched: 0 | tag: 0 secure: 0 valid: 1 | set: 0x28 way: 0
1878000: board.cache_hierarchy.l1d-cache-0: recvTimingResp: Handling response ReadResp [4ec0:4ec7] type=MemRead UC
1878000: board.cache_hierarchy.l1d-cache-0: recvTimingResp: Leaving with ReadResp [4ec0:4ec7] type=MemRead UC
1879000: board.processor.cores.core.workload: Translating: 0x13368->0x3368
1879000: board.processor.cores.core.workload: Translating: 0x7ffffffffffffe88->0x4e88
1880000: board.cache_hierarchy.l2-cache-0: recvTimingResp: Handling response ReadResp [4eb0:4eb7] type=MemRead UC
1880000: board.cache_hierarchy.l2-cache-0: recvTimingResp: Leaving with ReadResp [4eb0:4eb7] type=MemRead UC
1880000: board.cache_hierarchy.l2-cache-0: sendWriteQueuePacket: write WriteReq [4e80:4e87] type=MemWrite UC
1880000: board.processor.cores.core.workload: Translating: 0x109c0->0x9c0
1880000: board.cache_hierarchy.l1i-cache-0: access for ReadReq [9c0:9ff] IF hit state: 6 (E) writable: 1 readable: 1 dirty: 0 prefetched: 0 | tag: 0 secure: 0 valid: 1 | set: 0x27 way: 0
1880000: board.processor.cores.core.workload: Translating: 0x7ffffffffffffe80->0x4e80
1880000: board.cache_hierarchy.l1d-cache-0: access for ReadReq [4e80:4e87] type=MemRead UC
1881000: board.cache_hierarchy.l1d-cache-0: sendMSHRQueuePacket: MSHR ReadReq [4e80:4e87] type=MemRead UC
1881000: board.cache_hierarchy.l2-cache-0: access for ReadReq [4e80:4e87] type=MemRead UC
1882000: board.processor.cores.core.workload: Translating: 0x7ffffffffffffea8->0x4ea8
1882000: board.cache_hierarchy.l1d-cache-0: access for ReadReq [4ea8:4eaf] type=MemRead UC
1883000: board.cache_hierarchy.l1d-cache-0: sendMSHRQueuePacket: MSHR ReadReq [4ea8:4eaf] type=MemRead UC
1883000: board.cache_hierarchy.l2-cache-0: access for ReadReq [4ea8:4eaf] type=MemRead UC
1883000: board.cache_hierarchy.l1d-cache-0: recvTimingResp: Handling response ReadResp [4eb0:4eb7] type=MemRead UC
1883000: board.cache_hierarchy.l1d-cache-0: recvTimingResp: Leaving with ReadResp [4eb0:4eb7] type=MemRead UC
1883000: board.cache_hierarchy.l2-cache-0: recvTimingResp: Handling response ReadResp [17c0:17ff] IF
1883000: board.cache_hierarchy.l2-cache-0: Block for addr 0x17c0 being updated in Cache
1883000: board.cache_hierarchy.l2-cache-0: Block addr 0x17c0 (ns) moving from  to state: 6 (E) writable: 1 readable: 1 dirty: 0 prefetched: 0 | tag: 0 secure: 0 valid: 1 | set: 0x5f way: 0
1883000: board.cache_hierarchy.l2-cache-0: recvTimingResp: Leaving with ReadResp [17c0:17ff] IF
1883000: board.processor.cores.core.workload: Translating: 0x7ffffffffffffea0->0x4ea0
1883000: board.cache_hierarchy.l1d-cache-0: access for ReadReq [4ea0:4ea7] type=MemRead UC
1883000: board.processor.cores.core.workload: Translating: 0x7ffffffffffffe98->0x4e98
1883000: board.cache_hierarchy.l1d-cache-0: access for ReadReq [4e98:4e9f] type=MemRead UC
1884000: board.cache_hierarchy.l1d-cache-0: sendMSHRQueuePacket: MSHR ReadReq [4ea0:4ea7] type=MemRead UC
1884000: board.cache_hierarchy.l1d-cache-0: sendMSHRQueuePacket: MSHR ReadReq [4ea0:4ea7] type=MemRead UC
1884000: board.cache_hierarchy.l2-cache-0: access for ReadReq [4ea0:4ea7] type=MemRead UC
1884001: board.cache_hierarchy.l1d-cache-0: sendMSHRQueuePacket: MSHR ReadReq [4e98:4e9f] type=MemRead UC
1885000: board.cache_hierarchy.l1d-cache-0: sendMSHRQueuePacket: MSHR ReadReq [4e98:4e9f] type=MemRead UC
1885000: board.cache_hierarchy.l2-cache-0: access for ReadReq [4e98:4e9f] type=MemRead UC
1885000: board.cache_hierarchy.l1i-cache-0: recvTimingResp: Handling response ReadResp [17c0:17ff] IF
1885000: board.cache_hierarchy.l1i-cache-0: Block for addr 0x17c0 being updated in Cache
1885000: board.cache_hierarchy.l1i-cache-0: Block addr 0x17c0 (ns) moving from  to state: 6 (E) writable: 1 readable: 1 dirty: 0 prefetched: 0 | tag: 0x1 secure: 0 valid: 1 | set: 0x1f way: 0
1885000: board.cache_hierarchy.l1i-cache-0: recvTimingResp: Leaving with ReadResp [17c0:17ff] IF
1885000: board.processor.cores.core.workload: Translating: 0x13620->0x3620
1885000: board.cache_hierarchy.l1d-cache-0: access for ReadReq [3620:3623] type=MemRead UC
1885000: board.processor.cores.core.workload: Translating: 0x13340->0x3340
1885000: board.cache_hierarchy.l1d-cache-0: access for ReadReq [3340:3347] type=MemRead UC
1886000: board.cache_hierarchy.l1d-cache-0: sendMSHRQueuePacket: MSHR ReadReq [3620:3623] type=MemRead UC
1886000: board.cache_hierarchy.l1d-cache-0: sendMSHRQueuePacket: MSHR ReadReq [3620:3623] type=MemRead UC
1886000: board.cache_hierarchy.l2-cache-0: access for ReadReq [3620:3623] type=MemRead UC
1886000: board.processor.cores.core.workload: Translating: 0x10100->0x100
1886000: board.cache_hierarchy.l1i-cache-0: access for ReadReq [100:13f] IF hit state: 6 (E) writable: 1 readable: 1 dirty: 0 prefetched: 0 | tag: 0 secure: 0 valid: 1 | set: 0x4 way: 0
1886001: board.cache_hierarchy.l1d-cache-0: sendMSHRQueuePacket: MSHR ReadReq [3340:3347] type=MemRead UC
1887000: board.cache_hierarchy.l1d-cache-0: sendMSHRQueuePacket: MSHR ReadReq [3340:3347] type=MemRead UC
1887000: board.cache_hierarchy.l2-cache-0: access for ReadReq [3340:3347] type=MemRead UC
1889000: board.processor.cores.core.workload: Translating: 0x117c0->0x17c0
1889000: board.cache_hierarchy.l1i-cache-0: access for ReadReq [17c0:17ff] IF hit state: 6 (E) writable: 1 readable: 1 dirty: 0 prefetched: 0 | tag: 0x1 secure: 0 valid: 1 | set: 0x1f way: 0
1889000: board.processor.cores.core.workload: Translating: 0x7ffffffffffffef0->0x4ef0
1889000: board.cache_hierarchy.l1d-cache-0: access for ReadReq [4ef0:4ef7] type=MemRead UC
1889000: board.processor.cores.core.workload: Translating: 0x7ffffffffffffee8->0x4ee8
1889000: board.cache_hierarchy.l1d-cache-0: access for ReadReq [4ee8:4eef] type=MemRead UC
1890000: board.cache_hierarchy.l1d-cache-0: sendMSHRQueuePacket: MSHR ReadReq [4ef0:4ef7] type=MemRead UC
1890000: board.cache_hierarchy.l2-cache-0: access for ReadReq [4ef0:4ef7] type=MemRead UC
1890000: board.processor.cores.core.workload: Translating: 0x7ffffffffffffed8->0x4ed8
1890000: board.cache_hierarchy.l1d-cache-0: access for ReadReq [4ed8:4edf] type=MemRead UC
1890000: board.processor.cores.core.workload: Translating: 0x7ffffffffffffec8->0x4ec8
1890000: board.cache_hierarchy.l1d-cache-0: access for ReadReq [4ec8:4ecf] type=MemRead UC
1890000: board.cache_hierarchy.l1d-cache-0: Blocking for cause 0, mask=1
1890001: board.cache_hierarchy.l1d-cache-0: sendMSHRQueuePacket: MSHR ReadReq [4ee8:4eef] type=MemRead UC
1891000: board.cache_hierarchy.l1d-cache-0: sendMSHRQueuePacket: MSHR ReadReq [4ee8:4eef] type=MemRead UC
1891000: board.cache_hierarchy.l2-cache-0: access for ReadReq [4ee8:4eef] type=MemRead UC
1891000: board.processor.cores.core.workload: Translating: 0x7ffffffffffffec0->0x4ec0
1891000: board.processor.cores.core.workload: Translating: 0x7ffffffffffffeb8->0x4eb8
1891001: board.cache_hierarchy.l1d-cache-0: sendMSHRQueuePacket: MSHR ReadReq [4ed8:4edf] type=MemRead UC
1892000: board.cache_hierarchy.l1d-cache-0: sendMSHRQueuePacket: MSHR ReadReq [4ed8:4edf] type=MemRead UC
1892000: board.cache_hierarchy.l2-cache-0: access for ReadReq [4ed8:4edf] type=MemRead UC
1892000: board.cache_hierarchy.l2-cache-0: sendMSHRQueuePacket: MSHR ReadReq [4e80:4e87] type=MemRead UC
1892000: board.processor.cores.core.workload: Translating: 0x7ffffffffffffeb0->0x4eb0
1892000: board.processor.cores.core.workload: Translating: 0x7ffffffffffffef8->0x4ef8
1892001: board.cache_hierarchy.l1d-cache-0: sendMSHRQueuePacket: MSHR ReadReq [4ec8:4ecf] type=MemRead UC
1893000: board.cache_hierarchy.l1d-cache-0: sendMSHRQueuePacket: MSHR ReadReq [4ec8:4ecf] type=MemRead UC
1893000: board.cache_hierarchy.l2-cache-0: access for ReadReq [4ec8:4ecf] type=MemRead UC
1893000: board.processor.cores.core.workload: Translating: 0x7ffffffffffffee0->0x4ee0
1893000: board.processor.cores.core.workload: Translating: 0x7ffffffffffffed0->0x4ed0
1894000: board.cache_hierarchy.l2-cache-0: sendMSHRQueuePacket: MSHR ReadReq [4ea8:4eaf] type=MemRead UC
1895000: board.cache_hierarchy.l2-cache-0: sendMSHRQueuePacket: MSHR ReadReq [4ea0:4ea7] type=MemRead UC
1895000: board.cache_hierarchy.l2-cache-0: sendMSHRQueuePacket: MSHR ReadReq [4ea0:4ea7] type=MemRead UC
1895000: board.processor.cores.core.workload: Translating: 0x13330->0x3330
1896000: board.cache_hierarchy.l2-cache-0: sendMSHRQueuePacket: MSHR ReadReq [4e98:4e9f] type=MemRead UC
1896000: board.cache_hierarchy.l2-cache-0: sendMSHRQueuePacket: MSHR ReadReq [4e98:4e9f] type=MemRead UC
1897000: board.cache_hierarchy.l2-cache-0: sendMSHRQueuePacket: MSHR ReadReq [3620:3623] type=MemRead UC
1897000: board.cache_hierarchy.l2-cache-0: sendMSHRQueuePacket: MSHR ReadReq [3620:3623] type=MemRead UC
1898000: board.cache_hierarchy.l2-cache-0: sendMSHRQueuePacket: MSHR ReadReq [3340:3347] type=MemRead UC
1898000: board.cache_hierarchy.l2-cache-0: sendMSHRQueuePacket: MSHR ReadReq [3340:3347] type=MemRead UC
1901000: board.cache_hierarchy.l2-cache-0: recvTimingResp: Handling response WriteResp [4e80:4e87] type=MemWrite UC
1901000: board.cache_hierarchy.l2-cache-0: sendMSHRQueuePacket: MSHR ReadReq [4ef0:4ef7] type=MemRead UC
1902000: board.cache_hierarchy.l2-cache-0: sendMSHRQueuePacket: MSHR ReadReq [4ee8:4eef] type=MemRead UC
1902000: board.cache_hierarchy.l2-cache-0: sendMSHRQueuePacket: MSHR ReadReq [4ee8:4eef] type=MemRead UC
1903000: board.cache_hierarchy.l1d-cache-0: recvTimingResp: Handling response WriteResp [4e80:4e87] type=MemWrite UC
1903000: board.cache_hierarchy.l2-cache-0: sendMSHRQueuePacket: MSHR ReadReq [4ed8:4edf] type=MemRead UC
1903000: board.cache_hierarchy.l2-cache-0: sendMSHRQueuePacket: MSHR ReadReq [4ed8:4edf] type=MemRead UC
1904000: board.cache_hierarchy.l2-cache-0: sendMSHRQueuePacket: MSHR ReadReq [4ec8:4ecf] type=MemRead UC
1904000: board.cache_hierarchy.l2-cache-0: sendMSHRQueuePacket: MSHR ReadReq [4ec8:4ecf] type=MemRead UC
1916000: board.cache_hierarchy.l2-cache-0: recvTimingResp: Handling response ReadResp [4ef8:4eff] type=MemRead UC
1916000: board.cache_hierarchy.l2-cache-0: recvTimingResp: Leaving with ReadResp [4ef8:4eff] type=MemRead UC
1918000: board.cache_hierarchy.l2-cache-0: recvTimingResp: Handling response ReadResp [3340:3347] type=MemRead UC
1918000: board.cache_hierarchy.l2-cache-0: recvTimingResp: Leaving with ReadResp [3340:3347] type=MemRead UC
1919000: board.cache_hierarchy.l1d-cache-0: recvTimingResp: Handling response ReadResp [4ef8:4eff] type=MemRead UC
1919000: board.cache_hierarchy.l1d-cache-0: Unblocking for cause 0, mask=0
1919000: board.cache_hierarchy.l1d-cache-0: recvTimingResp: Leaving with ReadResp [4ef8:4eff] type=MemRead UC
1921000: board.cache_hierarchy.l1d-cache-0: recvTimingResp: Handling response ReadResp [3340:3347] type=MemRead UC
1921000: board.cache_hierarchy.l1d-cache-0: recvTimingResp: Leaving with ReadResp [3340:3347] type=MemRead UC
1921000: board.cache_hierarchy.l2-cache-0: recvTimingResp: Handling response ReadResp [4ee0:4ee7] type=MemRead UC
1921000: board.cache_hierarchy.l2-cache-0: recvTimingResp: Leaving with ReadResp [4ee0:4ee7] type=MemRead UC
1921000: board.cache_hierarchy.l1d-cache-0: access for ReadReq [4ec0:4ec7] type=MemRead UC
1921000: board.cache_hierarchy.l1d-cache-0: access for ReadReq [4eb8:4ebf] type=MemRead UC
1921000: board.cache_hierarchy.l1d-cache-0: Blocking for cause 0, mask=1
1922000: board.cache_hierarchy.l1d-cache-0: sendMSHRQueuePacket: MSHR ReadReq [4ec0:4ec7] type=MemRead UC
1922000: board.cache_hierarchy.l2-cache-0: access for ReadReq [4ec0:4ec7] type=MemRead UC
1922001: board.cache_hierarchy.l1d-cache-0: sendMSHRQueuePacket: MSHR ReadReq [4eb8:4ebf] type=MemRead UC
1923000: board.cache_hierarchy.l1d-cache-0: sendMSHRQueuePacket: MSHR ReadReq [4eb8:4ebf] type=MemRead UC
1923000: board.cache_hierarchy.l2-cache-0: access for ReadReq [4eb8:4ebf] type=MemRead UC
1923000: board.cache_hierarchy.l2-cache-0: recvTimingResp: Handling response ReadResp [4ef0:4ef7] type=MemRead UC
1923000: board.cache_hierarchy.l2-cache-0: recvTimingResp: Leaving with ReadResp [4ef0:4ef7] type=MemRead UC
1924000: board.cache_hierarchy.l1d-cache-0: recvTimingResp: Handling response ReadResp [4ee0:4ee7] type=MemRead UC
1924000: board.cache_hierarchy.l1d-cache-0: Unblocking for cause 0, mask=0
1924000: board.cache_hierarchy.l1d-cache-0: recvTimingResp: Leaving with ReadResp [4ee0:4ee7] type=MemRead UC
1926000: board.cache_hierarchy.l1d-cache-0: recvTimingResp: Handling response ReadResp [4ef0:4ef7] type=MemRead UC
1926000: board.cache_hierarchy.l1d-cache-0: recvTimingResp: Leaving with ReadResp [4ef0:4ef7] type=MemRead UC
1926000: board.cache_hierarchy.l2-cache-0: recvTimingResp: Handling response ReadResp [4ed0:4ed7] type=MemRead UC
1926000: board.cache_hierarchy.l2-cache-0: recvTimingResp: Leaving with ReadResp [4ed0:4ed7] type=MemRead UC
1926000: board.cache_hierarchy.l1d-cache-0: access for ReadReq [4eb0:4eb7] type=MemRead UC
1926000: board.cache_hierarchy.l1d-cache-0: access for ReadReq [4ef8:4eff] type=MemRead UC
1926000: board.cache_hierarchy.l1d-cache-0: Blocking for cause 0, mask=1
1927000: board.cache_hierarchy.l1d-cache-0: sendMSHRQueuePacket: MSHR ReadReq [4eb0:4eb7] type=MemRead UC
1927000: board.cache_hierarchy.l2-cache-0: access for ReadReq [4eb0:4eb7] type=MemRead UC
1927001: board.cache_hierarchy.l1d-cache-0: sendMSHRQueuePacket: MSHR ReadReq [4ef8:4eff] type=MemRead UC
1928000: board.cache_hierarchy.l1d-cache-0: sendMSHRQueuePacket: MSHR ReadReq [4ef8:4eff] type=MemRead UC
1928000: board.cache_hierarchy.l2-cache-0: access for ReadReq [4ef8:4eff] type=MemRead UC
1929000: board.cache_hierarchy.l1d-cache-0: recvTimingResp: Handling response ReadResp [4ed0:4ed7] type=MemRead UC
1929000: board.cache_hierarchy.l1d-cache-0: Unblocking for cause 0, mask=0
1929000: board.cache_hierarchy.l1d-cache-0: recvTimingResp: Leaving with ReadResp [4ed0:4ed7] type=MemRead UC
1931000: board.cache_hierarchy.l2-cache-0: recvTimingResp: Handling response ReadResp [4f20:4f27] type=MemRead UC
1931000: board.cache_hierarchy.l2-cache-0: recvTimingResp: Leaving with ReadResp [4f20:4f27] type=MemRead UC
1931000: board.cache_hierarchy.l1d-cache-0: access for ReadReq [4ee0:4ee7] type=MemRead UC
1931000: board.cache_hierarchy.l1d-cache-0: Blocking for cause 0, mask=1
1932000: board.cache_hierarchy.l1d-cache-0: sendMSHRQueuePacket: MSHR ReadReq [4ee0:4ee7] type=MemRead UC
1932000: board.cache_hierarchy.l2-cache-0: access for ReadReq [4ee0:4ee7] type=MemRead UC
1933000: board.cache_hierarchy.l2-cache-0: sendMSHRQueuePacket: MSHR ReadReq [4ec0:4ec7] type=MemRead UC
1934000: board.cache_hierarchy.l2-cache-0: sendMSHRQueuePacket: MSHR ReadReq [4eb8:4ebf] type=MemRead UC
1934000: board.cache_hierarchy.l2-cache-0: sendMSHRQueuePacket: MSHR ReadReq [4eb8:4ebf] type=MemRead UC
1934000: board.cache_hierarchy.l1d-cache-0: recvTimingResp: Handling response ReadResp [4f20:4f27] type=MemRead UC
1934000: board.cache_hierarchy.l1d-cache-0: Unblocking for cause 0, mask=0
1934000: board.cache_hierarchy.l1d-cache-0: recvTimingResp: Leaving with ReadResp [4f20:4f27] type=MemRead UC
1936000: board.cache_hierarchy.l2-cache-0: recvTimingResp: Handling response ReadResp [4f40:4f47] type=MemRead UC
1936000: board.cache_hierarchy.l2-cache-0: recvTimingResp: Leaving with ReadResp [4f40:4f47] type=MemRead UC
1936000: board.cache_hierarchy.l1d-cache-0: access for ReadReq [4ed0:4ed7] type=MemRead UC
1936000: board.cache_hierarchy.l1d-cache-0: Blocking for cause 0, mask=1
1937000: board.cache_hierarchy.l1d-cache-0: sendMSHRQueuePacket: MSHR ReadReq [4ed0:4ed7] type=MemRead UC
1937000: board.cache_hierarchy.l2-cache-0: access for ReadReq [4ed0:4ed7] type=MemRead UC
1938000: board.cache_hierarchy.l2-cache-0: sendMSHRQueuePacket: MSHR ReadReq [4eb0:4eb7] type=MemRead UC
1939000: board.cache_hierarchy.l2-cache-0: sendMSHRQueuePacket: MSHR ReadReq [4ef8:4eff] type=MemRead UC
1939000: board.cache_hierarchy.l2-cache-0: sendMSHRQueuePacket: MSHR ReadReq [4ef8:4eff] type=MemRead UC
1939000: board.cache_hierarchy.l1d-cache-0: recvTimingResp: Handling response ReadResp [4f40:4f47] type=MemRead UC
1939000: board.cache_hierarchy.l1d-cache-0: Unblocking for cause 0, mask=0
1939000: board.cache_hierarchy.l1d-cache-0: recvTimingResp: Leaving with ReadResp [4f40:4f47] type=MemRead UC
1939000: board.cache_hierarchy.l2-cache-0: recvTimingResp: Handling response ReadResp [3368:3368] type=MemRead UC
1939000: board.cache_hierarchy.l2-cache-0: recvTimingResp: Leaving with ReadResp [3368:3368] type=MemRead UC
1941000: board.cache_hierarchy.l1d-cache-0: access for ReadReq [3330:3337] type=MemRead UC
1941000: board.cache_hierarchy.l1d-cache-0: Blocking for cause 0, mask=1
1942000: board.cache_hierarchy.l1d-cache-0: sendMSHRQueuePacket: MSHR ReadReq [3330:3337] type=MemRead UC
1942000: board.cache_hierarchy.l2-cache-0: access for ReadReq [3330:3337] type=MemRead UC
1942000: board.cache_hierarchy.l1d-cache-0: recvTimingResp: Handling response ReadResp [3368:3368] type=MemRead UC
1942000: board.cache_hierarchy.l1d-cache-0: Unblocking for cause 0, mask=0
1942000: board.cache_hierarchy.l1d-cache-0: recvTimingResp: Leaving with ReadResp [3368:3368] type=MemRead UC
1943000: board.cache_hierarchy.l2-cache-0: recvTimingResp: Handling response ReadResp [4e80:4e87] type=MemRead UC
1943000: board.cache_hierarchy.l2-cache-0: recvTimingResp: Leaving with ReadResp [4e80:4e87] type=MemRead UC
1943000: board.cache_hierarchy.l2-cache-0: sendMSHRQueuePacket: MSHR ReadReq [4ee0:4ee7] type=MemRead UC
1946000: board.cache_hierarchy.l1d-cache-0: recvTimingResp: Handling response ReadResp [4e80:4e87] type=MemRead UC
1946000: board.cache_hierarchy.l1d-cache-0: recvTimingResp: Leaving with ReadResp [4e80:4e87] type=MemRead UC
1832000: board.processor.cores.core: 0x101de    : lbu a5, 568(gp)            : 
1832000: board.processor.cores.core: 0x101e2    : c_sdsp ra, 8(sp)           : 
1833000: board.processor.cores.core: 0x101e4    : c_bnez a5, 28              : 
1833000: board.processor.cores.core: 0x101e6    : addi a5, zero, 0           : 
1948000: board.cache_hierarchy.l2-cache-0: recvTimingResp: Handling response ReadResp [4ea8:4eaf] type=MemRead UC
1948000: board.cache_hierarchy.l2-cache-0: recvTimingResp: Leaving with ReadResp [4ea8:4eaf] type=MemRead UC
1948000: board.cache_hierarchy.l2-cache-0: sendMSHRQueuePacket: MSHR ReadReq [4ed0:4ed7] type=MemRead UC
1948000: board.cache_hierarchy.l1d-cache-0: access for WriteReq [4e88:4e8f] type=MemWrite UC
1834000: board.processor.cores.core: 0x101ea    : c_beqz a5, 16              : 
1871000: board.processor.cores.core: 0x101fa    : c_li a5, 1                 : 
1949000: board.cache_hierarchy.l1d-cache-0: sendWriteQueuePacket: write WriteReq [4e88:4e8f] type=MemWrite UC
1949000: board.cache_hierarchy.l2-cache-0: access for WriteReq [4e88:4e8f] type=MemWrite UC
1871000: board.processor.cores.core: 0x101fc    : sb a5, 568(gp)             : 
1872000: board.processor.cores.core: 0x10200    : c_ldsp ra, 8(sp)           : 
1872000: board.processor.cores.core: 0x10202    : c_ldsp s0, 0(sp)           : 
1873000: board.processor.cores.core: 0x10204    : c_addi sp, 16              : 
1951000: board.cache_hierarchy.l1d-cache-0: recvTimingResp: Handling response ReadResp [4ea8:4eaf] type=MemRead UC
1951000: board.cache_hierarchy.l1d-cache-0: recvTimingResp: Leaving with ReadResp [4ea8:4eaf] type=MemRead UC
1951000: board.cache_hierarchy.l1d-cache-0: access for WriteReq [3368:3368] type=MemWrite UC
1873000: board.processor.cores.core: 0x10206    : c_jr ra                    : 
1874000: board.processor.cores.core: 0x11720    : c_bnez s1, -8              : 
1952000: board.cache_hierarchy.l1d-cache-0: sendWriteQueuePacket: write WriteReq [3368:3368] type=MemWrite UC
1952000: board.cache_hierarchy.l2-cache-0: access for WriteReq [3368:3368] type=MemWrite UC
1953000: board.cache_hierarchy.l2-cache-0: recvTimingResp: Handling response ReadResp [4ea0:4ea7] type=MemRead UC
1953000: board.cache_hierarchy.l2-cache-0: recvTimingResp: Leaving with ReadResp [4ea0:4ea7] type=MemRead UC
1953000: board.cache_hierarchy.l2-cache-0: sendMSHRQueuePacket: MSHR ReadReq [3330:3337] type=MemRead UC
1955000: board.cache_hierarchy.l2-cache-0: recvTimingResp: Handling response ReadResp [4eb8:4ebf] type=MemRead UC
1955000: board.cache_hierarchy.l2-cache-0: recvTimingResp: Leaving with ReadResp [4eb8:4ebf] type=MemRead UC
1874000: board.processor.cores.core: 0x11722    : c_ldsp ra, 24(sp)          : 
1956000: board.cache_hierarchy.l1d-cache-0: recvTimingResp: Handling response ReadResp [4ea0:4ea7] type=MemRead UC
1956000: board.cache_hierarchy.l1d-cache-0: recvTimingResp: Leaving with ReadResp [4ea0:4ea7] type=MemRead UC
1958000: board.cache_hierarchy.l1d-cache-0: recvTimingResp: Handling response ReadResp [4eb8:4ebf] type=MemRead UC
1958000: board.cache_hierarchy.l1d-cache-0: recvTimingResp: Leaving with ReadResp [4eb8:4ebf] type=MemRead UC
1958000: board.cache_hierarchy.l2-cache-0: recvTimingResp: Handling response ReadResp [4e98:4e9f] type=MemRead UC
1958000: board.cache_hierarchy.l2-cache-0: recvTimingResp: Leaving with ReadResp [4e98:4e9f] type=MemRead UC
1960000: board.cache_hierarchy.l2-cache-0: sendWriteQueuePacket: write WriteReq [4e88:4e8f] type=MemWrite UC
1875000: board.processor.cores.core: 0x11724    : c_ldsp s0, 16(sp)          : 
1961000: board.cache_hierarchy.l1d-cache-0: recvTimingResp: Handling response ReadResp [4e98:4e9f] type=MemRead UC
1961000: board.cache_hierarchy.l1d-cache-0: recvTimingResp: Leaving with ReadResp [4e98:4e9f] type=MemRead UC
1961000: board.cache_hierarchy.l2-cache-0: recvTimingResp: Handling response ReadResp [3620:3623] type=MemRead UC
1961000: board.cache_hierarchy.l2-cache-0: recvTimingResp: Leaving with ReadResp [3620:3623] type=MemRead UC
1963000: board.cache_hierarchy.l2-cache-0: sendWriteQueuePacket: write WriteReq [3368:3368] type=MemWrite UC
1964000: board.cache_hierarchy.l1d-cache-0: recvTimingResp: Handling response ReadResp [3620:3623] type=MemRead UC
1964000: board.cache_hierarchy.l1d-cache-0: recvTimingResp: Leaving with ReadResp [3620:3623] type=MemRead UC
1964000: board.cache_hierarchy.l2-cache-0: recvTimingResp: Handling response ReadResp [4ee8:4eef] type=MemRead UC
1964000: board.cache_hierarchy.l2-cache-0: recvTimingResp: Leaving with ReadResp [4ee8:4eef] type=MemRead UC
1875000: board.processor.cores.core: 0x11726    : c_ldsp s1, 8(sp)           : 
1876000: board.processor.cores.core: 0x11728    : c_addi16sp sp, 32          : 
1876000: board.processor.cores.core: 0x1172a    : c_jr ra                    : 
1967000: board.cache_hierarchy.l1d-cache-0: recvTimingResp: Handling response ReadResp [4ee8:4eef] type=MemRead UC
1967000: board.cache_hierarchy.l1d-cache-0: recvTimingResp: Leaving with ReadResp [4ee8:4eef] type=MemRead UC
1877000: board.processor.cores.core: 0x10a16    : lw a4, 8(s2)               : 
1877000: board.processor.cores.core: 0x10a1a    : ld a5, 528(gp)             : 
1969000: board.cache_hierarchy.l2-cache-0: recvTimingResp: Handling response ReadResp [4ed8:4edf] type=MemRead UC
1969000: board.cache_hierarchy.l2-cache-0: recvTimingResp: Leaving with ReadResp [4ed8:4edf] type=MemRead UC
1878000: board.processor.cores.core: 0x10a1e    : bne a4, s8, 46             : 
1878000: board.processor.cores.core: 0x10a22    : bne a5, s2, 42             : 
1879000: board.processor.cores.core: 0x10a26    : c_addiw s0, -1             : 
1879000: board.processor.cores.core: 0x10a28    : c_addi s1, -8              : 
1880000: board.processor.cores.core: 0x10a2a    : bne s0, s3, -100           : 
1880000: board.processor.cores.core: 0x10a2e    : c_j -84                    : 
1972000: board.cache_hierarchy.l1d-cache-0: recvTimingResp: Handling response ReadResp [4ed8:4edf] type=MemRead UC
1972000: board.cache_hierarchy.l1d-cache-0: recvTimingResp: Leaving with ReadResp [4ed8:4edf] type=MemRead UC
1881000: board.processor.cores.core: 0x109da    : c_ldsp s0, 64(sp)          : 
1881000: board.processor.cores.core: 0x109dc    : c_ldsp s1, 56(sp)          : 
1973000: board.cache_hierarchy.l2-cache-0: recvTimingResp: Handling response ReadResp [3330:3337] type=MemRead UC
1973000: board.cache_hierarchy.l2-cache-0: recvTimingResp: Leaving with ReadResp [3330:3337] type=MemRead UC
1975000: board.cache_hierarchy.l2-cache-0: recvTimingResp: Handling response ReadResp [4ec8:4ecf] type=MemRead UC
1975000: board.cache_hierarchy.l2-cache-0: recvTimingResp: Leaving with ReadResp [4ec8:4ecf] type=MemRead UC
1976000: board.cache_hierarchy.l1d-cache-0: recvTimingResp: Handling response ReadResp [3330:3337] type=MemRead UC
1976000: board.cache_hierarchy.l1d-cache-0: recvTimingResp: Leaving with ReadResp [3330:3337] type=MemRead UC
1882000: board.processor.cores.core: 0x109de    : c_ldsp s3, 40(sp)          : 
1978000: board.cache_hierarchy.l1d-cache-0: recvTimingResp: Handling response ReadResp [4ec8:4ecf] type=MemRead UC
1978000: board.cache_hierarchy.l1d-cache-0: recvTimingResp: Leaving with ReadResp [4ec8:4ecf] type=MemRead UC
1981000: board.cache_hierarchy.l2-cache-0: recvTimingResp: Handling response ReadResp [4ec0:4ec7] type=MemRead UC
1981000: board.cache_hierarchy.l2-cache-0: recvTimingResp: Leaving with ReadResp [4ec0:4ec7] type=MemRead UC
1982000: board.processor.cores.core.workload: Translating: 0x10100->0x100
1982000: board.cache_hierarchy.l1i-cache-0: access for ReadReq [100:13f] IF hit state: 6 (E) writable: 1 readable: 1 dirty: 0 prefetched: 0 | tag: 0 secure: 0 valid: 1 | set: 0x4 way: 0
1983000: board.cache_hierarchy.l2-cache-0: recvTimingResp: Handling response WriteResp [4e88:4e8f] type=MemWrite UC
1983000: board.processor.cores.core.workload: Translating: 0x117c0->0x17c0
1983000: board.cache_hierarchy.l1i-cache-0: access for ReadReq [17c0:17ff] IF hit state: 6 (E) writable: 1 readable: 1 dirty: 0 prefetched: 0 | tag: 0x1 secure: 0 valid: 1 | set: 0x1f way: 0
1882000: board.processor.cores.core: 0x109e0    : c_ldsp s5, 24(sp)          : 
1984000: board.cache_hierarchy.l1d-cache-0: recvTimingResp: Handling response ReadResp [4ec0:4ec7] type=MemRead UC
1984000: board.cache_hierarchy.l1d-cache-0: recvTimingResp: Leaving with ReadResp [4ec0:4ec7] type=MemRead UC
1984000: board.cache_hierarchy.l2-cache-0: recvTimingResp: Handling response WriteResp [3368:3368] type=MemWrite UC
1986000: board.cache_hierarchy.l1d-cache-0: recvTimingResp: Handling response WriteResp [4e88:4e8f] type=MemWrite UC
1986000: board.cache_hierarchy.l2-cache-0: recvTimingResp: Handling response ReadResp [4eb0:4eb7] type=MemRead UC
1986000: board.cache_hierarchy.l2-cache-0: recvTimingResp: Leaving with ReadResp [4eb0:4eb7] type=MemRead UC
1987000: board.cache_hierarchy.l1d-cache-0: recvTimingResp: Handling response WriteResp [3368:3368] type=MemWrite UC
1883000: board.processor.cores.core: 0x109e2    : c_ldsp s6, 16(sp)          : 
1883000: board.processor.cores.core: 0x109e4    : c_ldsp s7, 8(sp)           : 
1989000: board.cache_hierarchy.l1d-cache-0: recvTimingResp: Handling response ReadResp [4eb0:4eb7] type=MemRead UC
1989000: board.cache_hierarchy.l1d-cache-0: recvTimingResp: Leaving with ReadResp [4eb0:4eb7] type=MemRead UC
1991000: board.cache_hierarchy.l2-cache-0: recvTimingResp: Handling response ReadResp [4ef8:4eff] type=MemRead UC
1991000: board.cache_hierarchy.l2-cache-0: recvTimingResp: Leaving with ReadResp [4ef8:4eff] type=MemRead UC
1884000: board.processor.cores.core: 0x109e6    : c_ldsp s8, 0(sp)           : 
1994000: board.cache_hierarchy.l1d-cache-0: recvTimingResp: Handling response ReadResp [4ef8:4eff] type=MemRead UC
1994000: board.cache_hierarchy.l1d-cache-0: recvTimingResp: Leaving with ReadResp [4ef8:4eff] type=MemRead UC
1996000: board.cache_hierarchy.l2-cache-0: recvTimingResp: Handling response ReadResp [4ee0:4ee7] type=MemRead UC
1996000: board.cache_hierarchy.l2-cache-0: recvTimingResp: Leaving with ReadResp [4ee0:4ee7] type=MemRead UC
1884000: board.processor.cores.core: 0x109e8    : c_ldsp ra, 72(sp)          : 
1999000: board.cache_hierarchy.l1d-cache-0: recvTimingResp: Handling response ReadResp [4ee0:4ee7] type=MemRead UC
1999000: board.cache_hierarchy.l1d-cache-0: recvTimingResp: Leaving with ReadResp [4ee0:4ee7] type=MemRead UC
1885000: board.processor.cores.core: 0x109ea    : c_ldsp s2, 48(sp)          : 
2032000: board.cache_hierarchy.l2-cache-0: recvTimingResp: Handling response ReadResp [4ed0:4ed7] type=MemRead UC
2032000: board.cache_hierarchy.l2-cache-0: recvTimingResp: Leaving with ReadResp [4ed0:4ed7] type=MemRead UC
2035000: board.cache_hierarchy.l1d-cache-0: recvTimingResp: Handling response ReadResp [4ed0:4ed7] type=MemRead UC
2035000: board.cache_hierarchy.l1d-cache-0: recvTimingResp: Leaving with ReadResp [4ed0:4ed7] type=MemRead UC
1885000: board.processor.cores.core: 0x109ec    : c_ldsp s4, 32(sp)          : 
1886000: board.processor.cores.core: 0x109ee    : c_addi16sp sp, 80          : 
1886000: board.processor.cores.core: 0x109f0    : c_jr ra                    : 
1887000: board.processor.cores.core: 0x1012e    : ld a5, 512(gp)             : 
1887000: board.processor.cores.core: 0x10132    : c_beqz a5, 4               : 
1983000: board.processor.cores.core: 0x10136    : c_mv a0, s0                : 
1983000: board.processor.cores.core: 0x10138    : jal ra, 5774               : 
1984000: board.processor.cores.core: 0x117c6    : addi a7, zero, 93          : 
