      0: board.processor.cores.core.workload: Allocating Page: 0x10000-0x11000
      0: board.cache_hierarchy.l1d-cache-0: functionalAccess: WriteReq [0:3f] 
      0: board.cache_hierarchy.l1i-cache-0: functionalAccess: WriteReq [0:3f] 
      0: board.cache_hierarchy.l2-cache-0: functionalAccess: WriteReq [0:3f] 
      0: board.cache_hierarchy.l1d-cache-0: functionalAccess: WriteReq [40:7f] 
      0: board.cache_hierarchy.l1i-cache-0: functionalAccess: WriteReq [40:7f] 
      0: board.cache_hierarchy.l2-cache-0: functionalAccess: WriteReq [40:7f] 
      0: board.cache_hierarchy.l1d-cache-0: functionalAccess: WriteReq [80:bf] 
      0: board.cache_hierarchy.l1i-cache-0: functionalAccess: WriteReq [80:bf] 
      0: board.cache_hierarchy.l2-cache-0: functionalAccess: WriteReq [80:bf] 
      0: board.cache_hierarchy.l1d-cache-0: functionalAccess: WriteReq [c0:ff] 
      0: board.cache_hierarchy.l1i-cache-0: functionalAccess: WriteReq [c0:ff] 
      0: board.cache_hierarchy.l2-cache-0: functionalAccess: WriteReq [c0:ff] 
      0: board.cache_hierarchy.l1d-cache-0: functionalAccess: WriteReq [100:13f] 
      0: board.cache_hierarchy.l1i-cache-0: functionalAccess: WriteReq [100:13f] 
      0: board.cache_hierarchy.l2-cache-0: functionalAccess: WriteReq [100:13f] 
      0: board.cache_hierarchy.l1d-cache-0: functionalAccess: WriteReq [140:17f] 
      0: board.cache_hierarchy.l1i-cache-0: functionalAccess: WriteReq [140:17f] 
      0: board.cache_hierarchy.l2-cache-0: functionalAccess: WriteReq [140:17f] 
      0: board.cache_hierarchy.l1d-cache-0: functionalAccess: WriteReq [180:1bf] 
      0: board.cache_hierarchy.l1i-cache-0: functionalAccess: WriteReq [180:1bf] 
      0: board.cache_hierarchy.l2-cache-0: functionalAccess: WriteReq [180:1bf] 
      0: board.cache_hierarchy.l1d-cache-0: functionalAccess: WriteReq [1c0:1ff] 
      0: board.cache_hierarchy.l1i-cache-0: functionalAccess: WriteReq [1c0:1ff] 
      0: board.cache_hierarchy.l2-cache-0: functionalAccess: WriteReq [1c0:1ff] 
      0: board.cache_hierarchy.l1d-cache-0: functionalAccess: WriteReq [200:23f] 
      0: board.cache_hierarchy.l1i-cache-0: functionalAccess: WriteReq [200:23f] 
      0: board.cache_hierarchy.l2-cache-0: functionalAccess: WriteReq [200:23f] 
      0: board.cache_hierarchy.l1d-cache-0: functionalAccess: WriteReq [240:27f] 
      0: board.cache_hierarchy.l1i-cache-0: functionalAccess: WriteReq [240:27f] 
      0: board.cache_hierarchy.l2-cache-0: functionalAccess: WriteReq [240:27f] 
      0: board.cache_hierarchy.l1d-cache-0: functionalAccess: WriteReq [280:2bf] 
      0: board.cache_hierarchy.l1i-cache-0: functionalAccess: WriteReq [280:2bf] 
      0: board.cache_hierarchy.l2-cache-0: functionalAccess: WriteReq [280:2bf] 
      0: board.cache_hierarchy.l1d-cache-0: functionalAccess: WriteReq [2c0:2ff] 
      0: board.cache_hierarchy.l1i-cache-0: functionalAccess: WriteReq [2c0:2ff] 
      0: board.cache_hierarchy.l2-cache-0: functionalAccess: WriteReq [2c0:2ff] 
      0: board.cache_hierarchy.l1d-cache-0: functionalAccess: WriteReq [300:33f] 
      0: board.cache_hierarchy.l1i-cache-0: functionalAccess: WriteReq [300:33f] 
      0: board.cache_hierarchy.l2-cache-0: functionalAccess: WriteReq [300:33f] 
      0: board.cache_hierarchy.l1d-cache-0: functionalAccess: WriteReq [340:37f] 
      0: board.cache_hierarchy.l1i-cache-0: functionalAccess: WriteReq [340:37f] 
      0: board.cache_hierarchy.l2-cache-0: functionalAccess: WriteReq [340:37f] 
      0: board.cache_hierarchy.l1d-cache-0: functionalAccess: WriteReq [380:3bf] 
      0: board.cache_hierarchy.l1i-cache-0: functionalAccess: WriteReq [380:3bf] 
      0: board.cache_hierarchy.l2-cache-0: functionalAccess: WriteReq [380:3bf] 
      0: board.cache_hierarchy.l1d-cache-0: functionalAccess: WriteReq [3c0:3ff] 
      0: board.cache_hierarchy.l1i-cache-0: functionalAccess: WriteReq [3c0:3ff] 
      0: board.cache_hierarchy.l2-cache-0: functionalAccess: WriteReq [3c0:3ff] 
      0: board.cache_hierarchy.l1d-cache-0: functionalAccess: WriteReq [400:43f] 
      0: board.cache_hierarchy.l1i-cache-0: functionalAccess: WriteReq [400:43f] 
      0: board.cache_hierarchy.l2-cache-0: functionalAccess: WriteReq [400:43f] 
      0: board.cache_hierarchy.l1d-cache-0: functionalAccess: WriteReq [440:47f] 
      0: board.cache_hierarchy.l1i-cache-0: functionalAccess: WriteReq [440:47f] 
      0: board.cache_hierarchy.l2-cache-0: functionalAccess: WriteReq [440:47f] 
      0: board.cache_hierarchy.l1d-cache-0: functionalAccess: WriteReq [480:4bf] 
      0: board.cache_hierarchy.l1i-cache-0: functionalAccess: WriteReq [480:4bf] 
      0: board.cache_hierarchy.l2-cache-0: functionalAccess: WriteReq [480:4bf] 
      0: board.cache_hierarchy.l1d-cache-0: functionalAccess: WriteReq [4c0:4ff] 
      0: board.cache_hierarchy.l1i-cache-0: functionalAccess: WriteReq [4c0:4ff] 
      0: board.cache_hierarchy.l2-cache-0: functionalAccess: WriteReq [4c0:4ff] 
      0: board.cache_hierarchy.l1d-cache-0: functionalAccess: WriteReq [500:53f] 
      0: board.cache_hierarchy.l1i-cache-0: functionalAccess: WriteReq [500:53f] 
      0: board.cache_hierarchy.l2-cache-0: functionalAccess: WriteReq [500:53f] 
      0: board.cache_hierarchy.l1d-cache-0: functionalAccess: WriteReq [540:57f] 
      0: board.cache_hierarchy.l1i-cache-0: functionalAccess: WriteReq [540:57f] 
      0: board.cache_hierarchy.l2-cache-0: functionalAccess: WriteReq [540:57f] 
      0: board.cache_hierarchy.l1d-cache-0: functionalAccess: WriteReq [580:5bf] 
      0: board.cache_hierarchy.l1i-cache-0: functionalAccess: WriteReq [580:5bf] 
      0: board.cache_hierarchy.l2-cache-0: functionalAccess: WriteReq [580:5bf] 
      0: board.cache_hierarchy.l1d-cache-0: functionalAccess: WriteReq [5c0:5ff] 
      0: board.cache_hierarchy.l1i-cache-0: functionalAccess: WriteReq [5c0:5ff] 
      0: board.cache_hierarchy.l2-cache-0: functionalAccess: WriteReq [5c0:5ff] 
      0: board.cache_hierarchy.l1d-cache-0: functionalAccess: WriteReq [600:63f] 
      0: board.cache_hierarchy.l1i-cache-0: functionalAccess: WriteReq [600:63f] 
      0: board.cache_hierarchy.l2-cache-0: functionalAccess: WriteReq [600:63f] 
      0: board.cache_hierarchy.l1d-cache-0: functionalAccess: WriteReq [640:67f] 
      0: board.cache_hierarchy.l1i-cache-0: functionalAccess: WriteReq [640:67f] 
      0: board.cache_hierarchy.l2-cache-0: functionalAccess: WriteReq [640:67f] 
      0: board.cache_hierarchy.l1d-cache-0: functionalAccess: WriteReq [680:6bf] 
      0: board.cache_hierarchy.l1i-cache-0: functionalAccess: WriteReq [680:6bf] 
      0: board.cache_hierarchy.l2-cache-0: functionalAccess: WriteReq [680:6bf] 
      0: board.cache_hierarchy.l1d-cache-0: functionalAccess: WriteReq [6c0:6ff] 
      0: board.cache_hierarchy.l1i-cache-0: functionalAccess: WriteReq [6c0:6ff] 
      0: board.cache_hierarchy.l2-cache-0: functionalAccess: WriteReq [6c0:6ff] 
      0: board.cache_hierarchy.l1d-cache-0: functionalAccess: WriteReq [700:73f] 
      0: board.cache_hierarchy.l1i-cache-0: functionalAccess: WriteReq [700:73f] 
      0: board.cache_hierarchy.l2-cache-0: functionalAccess: WriteReq [700:73f] 
      0: board.cache_hierarchy.l1d-cache-0: functionalAccess: WriteReq [740:77f] 
      0: board.cache_hierarchy.l1i-cache-0: functionalAccess: WriteReq [740:77f] 
      0: board.cache_hierarchy.l2-cache-0: functionalAccess: WriteReq [740:77f] 
      0: board.cache_hierarchy.l1d-cache-0: functionalAccess: WriteReq [780:7bf] 
      0: board.cache_hierarchy.l1i-cache-0: functionalAccess: WriteReq [780:7bf] 
      0: board.cache_hierarchy.l2-cache-0: functionalAccess: WriteReq [780:7bf] 
      0: board.cache_hierarchy.l1d-cache-0: functionalAccess: WriteReq [7c0:7ff] 
      0: board.cache_hierarchy.l1i-cache-0: functionalAccess: WriteReq [7c0:7ff] 
      0: board.cache_hierarchy.l2-cache-0: functionalAccess: WriteReq [7c0:7ff] 
      0: board.cache_hierarchy.l1d-cache-0: functionalAccess: WriteReq [800:83f] 
      0: board.cache_hierarchy.l1i-cache-0: functionalAccess: WriteReq [800:83f] 
      0: board.cache_hierarchy.l2-cache-0: functionalAccess: WriteReq [800:83f] 
      0: board.cache_hierarchy.l1d-cache-0: functionalAccess: WriteReq [840:87f] 
      0: board.cache_hierarchy.l1i-cache-0: functionalAccess: WriteReq [840:87f] 
      0: board.cache_hierarchy.l2-cache-0: functionalAccess: WriteReq [840:87f] 
      0: board.cache_hierarchy.l1d-cache-0: functionalAccess: WriteReq [880:8bf] 
      0: board.cache_hierarchy.l1i-cache-0: functionalAccess: WriteReq [880:8bf] 
      0: board.cache_hierarchy.l2-cache-0: functionalAccess: WriteReq [880:8bf] 
      0: board.cache_hierarchy.l1d-cache-0: functionalAccess: WriteReq [8c0:8ff] 
      0: board.cache_hierarchy.l1i-cache-0: functionalAccess: WriteReq [8c0:8ff] 
      0: board.cache_hierarchy.l2-cache-0: functionalAccess: WriteReq [8c0:8ff] 
      0: board.cache_hierarchy.l1d-cache-0: functionalAccess: WriteReq [900:93f] 
      0: board.cache_hierarchy.l1i-cache-0: functionalAccess: WriteReq [900:93f] 
      0: board.cache_hierarchy.l2-cache-0: functionalAccess: WriteReq [900:93f] 
      0: board.cache_hierarchy.l1d-cache-0: functionalAccess: WriteReq [940:97f] 
      0: board.cache_hierarchy.l1i-cache-0: functionalAccess: WriteReq [940:97f] 
      0: board.cache_hierarchy.l2-cache-0: functionalAccess: WriteReq [940:97f] 
      0: board.cache_hierarchy.l1d-cache-0: functionalAccess: WriteReq [980:9bf] 
      0: board.cache_hierarchy.l1i-cache-0: functionalAccess: WriteReq [980:9bf] 
      0: board.cache_hierarchy.l2-cache-0: functionalAccess: WriteReq [980:9bf] 
      0: board.cache_hierarchy.l1d-cache-0: functionalAccess: WriteReq [9c0:9ff] 
      0: board.cache_hierarchy.l1i-cache-0: functionalAccess: WriteReq [9c0:9ff] 
      0: board.cache_hierarchy.l2-cache-0: functionalAccess: WriteReq [9c0:9ff] 
      0: board.cache_hierarchy.l1d-cache-0: functionalAccess: WriteReq [a00:a3f] 
      0: board.cache_hierarchy.l1i-cache-0: functionalAccess: WriteReq [a00:a3f] 
      0: board.cache_hierarchy.l2-cache-0: functionalAccess: WriteReq [a00:a3f] 
      0: board.cache_hierarchy.l1d-cache-0: functionalAccess: WriteReq [a40:a7f] 
      0: board.cache_hierarchy.l1i-cache-0: functionalAccess: WriteReq [a40:a7f] 
      0: board.cache_hierarchy.l2-cache-0: functionalAccess: WriteReq [a40:a7f] 
      0: board.cache_hierarchy.l1d-cache-0: functionalAccess: WriteReq [a80:abf] 
      0: board.cache_hierarchy.l1i-cache-0: functionalAccess: WriteReq [a80:abf] 
      0: board.cache_hierarchy.l2-cache-0: functionalAccess: WriteReq [a80:abf] 
      0: board.cache_hierarchy.l1d-cache-0: functionalAccess: WriteReq [ac0:aff] 
      0: board.cache_hierarchy.l1i-cache-0: functionalAccess: WriteReq [ac0:aff] 
      0: board.cache_hierarchy.l2-cache-0: functionalAccess: WriteReq [ac0:aff] 
      0: board.cache_hierarchy.l1d-cache-0: functionalAccess: WriteReq [b00:b3f] 
      0: board.cache_hierarchy.l1i-cache-0: functionalAccess: WriteReq [b00:b3f] 
      0: board.cache_hierarchy.l2-cache-0: functionalAccess: WriteReq [b00:b3f] 
      0: board.cache_hierarchy.l1d-cache-0: functionalAccess: WriteReq [b40:b7f] 
      0: board.cache_hierarchy.l1i-cache-0: functionalAccess: WriteReq [b40:b7f] 
      0: board.cache_hierarchy.l2-cache-0: functionalAccess: WriteReq [b40:b7f] 
      0: board.cache_hierarchy.l1d-cache-0: functionalAccess: WriteReq [b80:bbf] 
      0: board.cache_hierarchy.l1i-cache-0: functionalAccess: WriteReq [b80:bbf] 
      0: board.cache_hierarchy.l2-cache-0: functionalAccess: WriteReq [b80:bbf] 
      0: board.cache_hierarchy.l1d-cache-0: functionalAccess: WriteReq [bc0:bff] 
      0: board.cache_hierarchy.l1i-cache-0: functionalAccess: WriteReq [bc0:bff] 
      0: board.cache_hierarchy.l2-cache-0: functionalAccess: WriteReq [bc0:bff] 
      0: board.cache_hierarchy.l1d-cache-0: functionalAccess: WriteReq [c00:c3f] 
      0: board.cache_hierarchy.l1i-cache-0: functionalAccess: WriteReq [c00:c3f] 
      0: board.cache_hierarchy.l2-cache-0: functionalAccess: WriteReq [c00:c3f] 
      0: board.cache_hierarchy.l1d-cache-0: functionalAccess: WriteReq [c40:c7f] 
      0: board.cache_hierarchy.l1i-cache-0: functionalAccess: WriteReq [c40:c7f] 
      0: board.cache_hierarchy.l2-cache-0: functionalAccess: WriteReq [c40:c7f] 
      0: board.cache_hierarchy.l1d-cache-0: functionalAccess: WriteReq [c80:cbf] 
      0: board.cache_hierarchy.l1i-cache-0: functionalAccess: WriteReq [c80:cbf] 
      0: board.cache_hierarchy.l2-cache-0: functionalAccess: WriteReq [c80:cbf] 
      0: board.cache_hierarchy.l1d-cache-0: functionalAccess: WriteReq [cc0:cff] 
      0: board.cache_hierarchy.l1i-cache-0: functionalAccess: WriteReq [cc0:cff] 
      0: board.cache_hierarchy.l2-cache-0: functionalAccess: WriteReq [cc0:cff] 
      0: board.cache_hierarchy.l1d-cache-0: functionalAccess: WriteReq [d00:d3f] 
      0: board.cache_hierarchy.l1i-cache-0: functionalAccess: WriteReq [d00:d3f] 
      0: board.cache_hierarchy.l2-cache-0: functionalAccess: WriteReq [d00:d3f] 
      0: board.cache_hierarchy.l1d-cache-0: functionalAccess: WriteReq [d40:d7f] 
      0: board.cache_hierarchy.l1i-cache-0: functionalAccess: WriteReq [d40:d7f] 
      0: board.cache_hierarchy.l2-cache-0: functionalAccess: WriteReq [d40:d7f] 
      0: board.cache_hierarchy.l1d-cache-0: functionalAccess: WriteReq [d80:dbf] 
      0: board.cache_hierarchy.l1i-cache-0: functionalAccess: WriteReq [d80:dbf] 
      0: board.cache_hierarchy.l2-cache-0: functionalAccess: WriteReq [d80:dbf] 
      0: board.cache_hierarchy.l1d-cache-0: functionalAccess: WriteReq [dc0:dff] 
      0: board.cache_hierarchy.l1i-cache-0: functionalAccess: WriteReq [dc0:dff] 
      0: board.cache_hierarchy.l2-cache-0: functionalAccess: WriteReq [dc0:dff] 
      0: board.cache_hierarchy.l1d-cache-0: functionalAccess: WriteReq [e00:e3f] 
      0: board.cache_hierarchy.l1i-cache-0: functionalAccess: WriteReq [e00:e3f] 
      0: board.cache_hierarchy.l2-cache-0: functionalAccess: WriteReq [e00:e3f] 
      0: board.cache_hierarchy.l1d-cache-0: functionalAccess: WriteReq [e40:e7f] 
      0: board.cache_hierarchy.l1i-cache-0: functionalAccess: WriteReq [e40:e7f] 
      0: board.cache_hierarchy.l2-cache-0: functionalAccess: WriteReq [e40:e7f] 
      0: board.cache_hierarchy.l1d-cache-0: functionalAccess: WriteReq [e80:ebf] 
      0: board.cache_hierarchy.l1i-cache-0: functionalAccess: WriteReq [e80:ebf] 
      0: board.cache_hierarchy.l2-cache-0: functionalAccess: WriteReq [e80:ebf] 
      0: board.cache_hierarchy.l1d-cache-0: functionalAccess: WriteReq [ec0:eff] 
      0: board.cache_hierarchy.l1i-cache-0: functionalAccess: WriteReq [ec0:eff] 
      0: board.cache_hierarchy.l2-cache-0: functionalAccess: WriteReq [ec0:eff] 
      0: board.cache_hierarchy.l1d-cache-0: functionalAccess: WriteReq [f00:f3f] 
      0: board.cache_hierarchy.l1i-cache-0: functionalAccess: WriteReq [f00:f3f] 
      0: board.cache_hierarchy.l2-cache-0: functionalAccess: WriteReq [f00:f3f] 
      0: board.cache_hierarchy.l1d-cache-0: functionalAccess: WriteReq [f40:f7f] 
      0: board.cache_hierarchy.l1i-cache-0: functionalAccess: WriteReq [f40:f7f] 
      0: board.cache_hierarchy.l2-cache-0: functionalAccess: WriteReq [f40:f7f] 
      0: board.cache_hierarchy.l1d-cache-0: functionalAccess: WriteReq [f80:fbf] 
      0: board.cache_hierarchy.l1i-cache-0: functionalAccess: WriteReq [f80:fbf] 
      0: board.cache_hierarchy.l2-cache-0: functionalAccess: WriteReq [f80:fbf] 
      0: board.cache_hierarchy.l1d-cache-0: functionalAccess: WriteReq [fc0:fff] 
      0: board.cache_hierarchy.l1i-cache-0: functionalAccess: WriteReq [fc0:fff] 
      0: board.cache_hierarchy.l2-cache-0: functionalAccess: WriteReq [fc0:fff] 
      0: board.processor.cores.core.workload: Allocating Page: 0x11000-0x12000
      0: board.cache_hierarchy.l1d-cache-0: functionalAccess: WriteReq [1000:103f] 
      0: board.cache_hierarchy.l1i-cache-0: functionalAccess: WriteReq [1000:103f] 
      0: board.cache_hierarchy.l2-cache-0: functionalAccess: WriteReq [1000:103f] 
      0: board.cache_hierarchy.l1d-cache-0: functionalAccess: WriteReq [1040:107f] 
      0: board.cache_hierarchy.l1i-cache-0: functionalAccess: WriteReq [1040:107f] 
      0: board.cache_hierarchy.l2-cache-0: functionalAccess: WriteReq [1040:107f] 
      0: board.cache_hierarchy.l1d-cache-0: functionalAccess: WriteReq [1080:10bf] 
      0: board.cache_hierarchy.l1i-cache-0: functionalAccess: WriteReq [1080:10bf] 
      0: board.cache_hierarchy.l2-cache-0: functionalAccess: WriteReq [1080:10bf] 
      0: board.cache_hierarchy.l1d-cache-0: functionalAccess: WriteReq [10c0:10ff] 
      0: board.cache_hierarchy.l1i-cache-0: functionalAccess: WriteReq [10c0:10ff] 
      0: board.cache_hierarchy.l2-cache-0: functionalAccess: WriteReq [10c0:10ff] 
      0: board.cache_hierarchy.l1d-cache-0: functionalAccess: WriteReq [1100:113f] 
      0: board.cache_hierarchy.l1i-cache-0: functionalAccess: WriteReq [1100:113f] 
      0: board.cache_hierarchy.l2-cache-0: functionalAccess: WriteReq [1100:113f] 
      0: board.cache_hierarchy.l1d-cache-0: functionalAccess: WriteReq [1140:117f] 
      0: board.cache_hierarchy.l1i-cache-0: functionalAccess: WriteReq [1140:117f] 
      0: board.cache_hierarchy.l2-cache-0: functionalAccess: WriteReq [1140:117f] 
      0: board.cache_hierarchy.l1d-cache-0: functionalAccess: WriteReq [1180:11bf] 
      0: board.cache_hierarchy.l1i-cache-0: functionalAccess: WriteReq [1180:11bf] 
      0: board.cache_hierarchy.l2-cache-0: functionalAccess: WriteReq [1180:11bf] 
      0: board.cache_hierarchy.l1d-cache-0: functionalAccess: WriteReq [11c0:11ff] 
      0: board.cache_hierarchy.l1i-cache-0: functionalAccess: WriteReq [11c0:11ff] 
      0: board.cache_hierarchy.l2-cache-0: functionalAccess: WriteReq [11c0:11ff] 
      0: board.cache_hierarchy.l1d-cache-0: functionalAccess: WriteReq [1200:123f] 
      0: board.cache_hierarchy.l1i-cache-0: functionalAccess: WriteReq [1200:123f] 
      0: board.cache_hierarchy.l2-cache-0: functionalAccess: WriteReq [1200:123f] 
      0: board.cache_hierarchy.l1d-cache-0: functionalAccess: WriteReq [1240:127f] 
      0: board.cache_hierarchy.l1i-cache-0: functionalAccess: WriteReq [1240:127f] 
      0: board.cache_hierarchy.l2-cache-0: functionalAccess: WriteReq [1240:127f] 
      0: board.cache_hierarchy.l1d-cache-0: functionalAccess: WriteReq [1280:12bf] 
      0: board.cache_hierarchy.l1i-cache-0: functionalAccess: WriteReq [1280:12bf] 
      0: board.cache_hierarchy.l2-cache-0: functionalAccess: WriteReq [1280:12bf] 
      0: board.cache_hierarchy.l1d-cache-0: functionalAccess: WriteReq [12c0:12ff] 
      0: board.cache_hierarchy.l1i-cache-0: functionalAccess: WriteReq [12c0:12ff] 
      0: board.cache_hierarchy.l2-cache-0: functionalAccess: WriteReq [12c0:12ff] 
      0: board.cache_hierarchy.l1d-cache-0: functionalAccess: WriteReq [1300:133f] 
      0: board.cache_hierarchy.l1i-cache-0: functionalAccess: WriteReq [1300:133f] 
      0: board.cache_hierarchy.l2-cache-0: functionalAccess: WriteReq [1300:133f] 
      0: board.cache_hierarchy.l1d-cache-0: functionalAccess: WriteReq [1340:137f] 
      0: board.cache_hierarchy.l1i-cache-0: functionalAccess: WriteReq [1340:137f] 
      0: board.cache_hierarchy.l2-cache-0: functionalAccess: WriteReq [1340:137f] 
      0: board.cache_hierarchy.l1d-cache-0: functionalAccess: WriteReq [1380:13bf] 
      0: board.cache_hierarchy.l1i-cache-0: functionalAccess: WriteReq [1380:13bf] 
      0: board.cache_hierarchy.l2-cache-0: functionalAccess: WriteReq [1380:13bf] 
      0: board.cache_hierarchy.l1d-cache-0: functionalAccess: WriteReq [13c0:13ff] 
      0: board.cache_hierarchy.l1i-cache-0: functionalAccess: WriteReq [13c0:13ff] 
      0: board.cache_hierarchy.l2-cache-0: functionalAccess: WriteReq [13c0:13ff] 
      0: board.cache_hierarchy.l1d-cache-0: functionalAccess: WriteReq [1400:143f] 
      0: board.cache_hierarchy.l1i-cache-0: functionalAccess: WriteReq [1400:143f] 
      0: board.cache_hierarchy.l2-cache-0: functionalAccess: WriteReq [1400:143f] 
      0: board.cache_hierarchy.l1d-cache-0: functionalAccess: WriteReq [1440:147f] 
      0: board.cache_hierarchy.l1i-cache-0: functionalAccess: WriteReq [1440:147f] 
      0: board.cache_hierarchy.l2-cache-0: functionalAccess: WriteReq [1440:147f] 
      0: board.cache_hierarchy.l1d-cache-0: functionalAccess: WriteReq [1480:14bf] 
      0: board.cache_hierarchy.l1i-cache-0: functionalAccess: WriteReq [1480:14bf] 
      0: board.cache_hierarchy.l2-cache-0: functionalAccess: WriteReq [1480:14bf] 
      0: board.cache_hierarchy.l1d-cache-0: functionalAccess: WriteReq [14c0:14ff] 
      0: board.cache_hierarchy.l1i-cache-0: functionalAccess: WriteReq [14c0:14ff] 
      0: board.cache_hierarchy.l2-cache-0: functionalAccess: WriteReq [14c0:14ff] 
      0: board.cache_hierarchy.l1d-cache-0: functionalAccess: WriteReq [1500:153f] 
      0: board.cache_hierarchy.l1i-cache-0: functionalAccess: WriteReq [1500:153f] 
      0: board.cache_hierarchy.l2-cache-0: functionalAccess: WriteReq [1500:153f] 
      0: board.cache_hierarchy.l1d-cache-0: functionalAccess: WriteReq [1540:157f] 
      0: board.cache_hierarchy.l1i-cache-0: functionalAccess: WriteReq [1540:157f] 
      0: board.cache_hierarchy.l2-cache-0: functionalAccess: WriteReq [1540:157f] 
      0: board.cache_hierarchy.l1d-cache-0: functionalAccess: WriteReq [1580:15bf] 
      0: board.cache_hierarchy.l1i-cache-0: functionalAccess: WriteReq [1580:15bf] 
      0: board.cache_hierarchy.l2-cache-0: functionalAccess: WriteReq [1580:15bf] 
      0: board.cache_hierarchy.l1d-cache-0: functionalAccess: WriteReq [15c0:15ff] 
      0: board.cache_hierarchy.l1i-cache-0: functionalAccess: WriteReq [15c0:15ff] 
      0: board.cache_hierarchy.l2-cache-0: functionalAccess: WriteReq [15c0:15ff] 
      0: board.cache_hierarchy.l1d-cache-0: functionalAccess: WriteReq [1600:163f] 
      0: board.cache_hierarchy.l1i-cache-0: functionalAccess: WriteReq [1600:163f] 
      0: board.cache_hierarchy.l2-cache-0: functionalAccess: WriteReq [1600:163f] 
      0: board.cache_hierarchy.l1d-cache-0: functionalAccess: WriteReq [1640:167f] 
      0: board.cache_hierarchy.l1i-cache-0: functionalAccess: WriteReq [1640:167f] 
      0: board.cache_hierarchy.l2-cache-0: functionalAccess: WriteReq [1640:167f] 
      0: board.cache_hierarchy.l1d-cache-0: functionalAccess: WriteReq [1680:16bf] 
      0: board.cache_hierarchy.l1i-cache-0: functionalAccess: WriteReq [1680:16bf] 
      0: board.cache_hierarchy.l2-cache-0: functionalAccess: WriteReq [1680:16bf] 
      0: board.cache_hierarchy.l1d-cache-0: functionalAccess: WriteReq [16c0:16ff] 
      0: board.cache_hierarchy.l1i-cache-0: functionalAccess: WriteReq [16c0:16ff] 
      0: board.cache_hierarchy.l2-cache-0: functionalAccess: WriteReq [16c0:16ff] 
      0: board.cache_hierarchy.l1d-cache-0: functionalAccess: WriteReq [1700:173f] 
      0: board.cache_hierarchy.l1i-cache-0: functionalAccess: WriteReq [1700:173f] 
      0: board.cache_hierarchy.l2-cache-0: functionalAccess: WriteReq [1700:173f] 
      0: board.cache_hierarchy.l1d-cache-0: functionalAccess: WriteReq [1740:177f] 
      0: board.cache_hierarchy.l1i-cache-0: functionalAccess: WriteReq [1740:177f] 
      0: board.cache_hierarchy.l2-cache-0: functionalAccess: WriteReq [1740:177f] 
      0: board.cache_hierarchy.l1d-cache-0: functionalAccess: WriteReq [1780:17bf] 
      0: board.cache_hierarchy.l1i-cache-0: functionalAccess: WriteReq [1780:17bf] 
      0: board.cache_hierarchy.l2-cache-0: functionalAccess: WriteReq [1780:17bf] 
      0: board.cache_hierarchy.l1d-cache-0: functionalAccess: WriteReq [17c0:17ff] 
      0: board.cache_hierarchy.l1i-cache-0: functionalAccess: WriteReq [17c0:17ff] 
      0: board.cache_hierarchy.l2-cache-0: functionalAccess: WriteReq [17c0:17ff] 
      0: board.cache_hierarchy.l1d-cache-0: functionalAccess: WriteReq [1800:183f] 
      0: board.cache_hierarchy.l1i-cache-0: functionalAccess: WriteReq [1800:183f] 
      0: board.cache_hierarchy.l2-cache-0: functionalAccess: WriteReq [1800:183f] 
      0: board.cache_hierarchy.l1d-cache-0: functionalAccess: WriteReq [1840:187f] 
      0: board.cache_hierarchy.l1i-cache-0: functionalAccess: WriteReq [1840:187f] 
      0: board.cache_hierarchy.l2-cache-0: functionalAccess: WriteReq [1840:187f] 
      0: board.cache_hierarchy.l1d-cache-0: functionalAccess: WriteReq [1880:18bf] 
      0: board.cache_hierarchy.l1i-cache-0: functionalAccess: WriteReq [1880:18bf] 
      0: board.cache_hierarchy.l2-cache-0: functionalAccess: WriteReq [1880:18bf] 
      0: board.cache_hierarchy.l1d-cache-0: functionalAccess: WriteReq [18c0:18ff] 
      0: board.cache_hierarchy.l1i-cache-0: functionalAccess: WriteReq [18c0:18ff] 
      0: board.cache_hierarchy.l2-cache-0: functionalAccess: WriteReq [18c0:18ff] 
      0: board.cache_hierarchy.l1d-cache-0: functionalAccess: WriteReq [1900:193f] 
      0: board.cache_hierarchy.l1i-cache-0: functionalAccess: WriteReq [1900:193f] 
      0: board.cache_hierarchy.l2-cache-0: functionalAccess: WriteReq [1900:193f] 
      0: board.cache_hierarchy.l1d-cache-0: functionalAccess: WriteReq [1940:1973] 
      0: board.cache_hierarchy.l1i-cache-0: functionalAccess: WriteReq [1940:1973] 
      0: board.cache_hierarchy.l2-cache-0: functionalAccess: WriteReq [1940:1973] 
      0: board.processor.cores.core.workload: Allocating Page: 0x12000-0x13000
      0: board.cache_hierarchy.l1d-cache-0: functionalAccess: WriteReq [2978:297f] 
      0: board.cache_hierarchy.l1i-cache-0: functionalAccess: WriteReq [2978:297f] 
      0: board.cache_hierarchy.l2-cache-0: functionalAccess: WriteReq [2978:297f] 
      0: board.cache_hierarchy.l1d-cache-0: functionalAccess: WriteReq [2980:29bf] 
      0: board.cache_hierarchy.l1i-cache-0: functionalAccess: WriteReq [2980:29bf] 
      0: board.cache_hierarchy.l2-cache-0: functionalAccess: WriteReq [2980:29bf] 
      0: board.cache_hierarchy.l1d-cache-0: functionalAccess: WriteReq [29c0:29ff] 
      0: board.cache_hierarchy.l1i-cache-0: functionalAccess: WriteReq [29c0:29ff] 
      0: board.cache_hierarchy.l2-cache-0: functionalAccess: WriteReq [29c0:29ff] 
      0: board.cache_hierarchy.l1d-cache-0: functionalAccess: WriteReq [2a00:2a3f] 
      0: board.cache_hierarchy.l1i-cache-0: functionalAccess: WriteReq [2a00:2a3f] 
      0: board.cache_hierarchy.l2-cache-0: functionalAccess: WriteReq [2a00:2a3f] 
      0: board.cache_hierarchy.l1d-cache-0: functionalAccess: WriteReq [2a40:2a7f] 
      0: board.cache_hierarchy.l1i-cache-0: functionalAccess: WriteReq [2a40:2a7f] 
      0: board.cache_hierarchy.l2-cache-0: functionalAccess: WriteReq [2a40:2a7f] 
      0: board.cache_hierarchy.l1d-cache-0: functionalAccess: WriteReq [2a80:2abf] 
      0: board.cache_hierarchy.l1i-cache-0: functionalAccess: WriteReq [2a80:2abf] 
      0: board.cache_hierarchy.l2-cache-0: functionalAccess: WriteReq [2a80:2abf] 
      0: board.cache_hierarchy.l1d-cache-0: functionalAccess: WriteReq [2ac0:2aff] 
      0: board.cache_hierarchy.l1i-cache-0: functionalAccess: WriteReq [2ac0:2aff] 
      0: board.cache_hierarchy.l2-cache-0: functionalAccess: WriteReq [2ac0:2aff] 
      0: board.cache_hierarchy.l1d-cache-0: functionalAccess: WriteReq [2b00:2b3f] 
      0: board.cache_hierarchy.l1i-cache-0: functionalAccess: WriteReq [2b00:2b3f] 
      0: board.cache_hierarchy.l2-cache-0: functionalAccess: WriteReq [2b00:2b3f] 
      0: board.cache_hierarchy.l1d-cache-0: functionalAccess: WriteReq [2b40:2b7f] 
      0: board.cache_hierarchy.l1i-cache-0: functionalAccess: WriteReq [2b40:2b7f] 
      0: board.cache_hierarchy.l2-cache-0: functionalAccess: WriteReq [2b40:2b7f] 
      0: board.cache_hierarchy.l1d-cache-0: functionalAccess: WriteReq [2b80:2bbf] 
      0: board.cache_hierarchy.l1i-cache-0: functionalAccess: WriteReq [2b80:2bbf] 
      0: board.cache_hierarchy.l2-cache-0: functionalAccess: WriteReq [2b80:2bbf] 
      0: board.cache_hierarchy.l1d-cache-0: functionalAccess: WriteReq [2bc0:2bff] 
      0: board.cache_hierarchy.l1i-cache-0: functionalAccess: WriteReq [2bc0:2bff] 
      0: board.cache_hierarchy.l2-cache-0: functionalAccess: WriteReq [2bc0:2bff] 
      0: board.cache_hierarchy.l1d-cache-0: functionalAccess: WriteReq [2c00:2c3f] 
      0: board.cache_hierarchy.l1i-cache-0: functionalAccess: WriteReq [2c00:2c3f] 
      0: board.cache_hierarchy.l2-cache-0: functionalAccess: WriteReq [2c00:2c3f] 
      0: board.cache_hierarchy.l1d-cache-0: functionalAccess: WriteReq [2c40:2c7f] 
      0: board.cache_hierarchy.l1i-cache-0: functionalAccess: WriteReq [2c40:2c7f] 
      0: board.cache_hierarchy.l2-cache-0: functionalAccess: WriteReq [2c40:2c7f] 
      0: board.cache_hierarchy.l1d-cache-0: functionalAccess: WriteReq [2c80:2cbf] 
      0: board.cache_hierarchy.l1i-cache-0: functionalAccess: WriteReq [2c80:2cbf] 
      0: board.cache_hierarchy.l2-cache-0: functionalAccess: WriteReq [2c80:2cbf] 
      0: board.cache_hierarchy.l1d-cache-0: functionalAccess: WriteReq [2cc0:2cff] 
      0: board.cache_hierarchy.l1i-cache-0: functionalAccess: WriteReq [2cc0:2cff] 
      0: board.cache_hierarchy.l2-cache-0: functionalAccess: WriteReq [2cc0:2cff] 
      0: board.cache_hierarchy.l1d-cache-0: functionalAccess: WriteReq [2d00:2d3f] 
      0: board.cache_hierarchy.l1i-cache-0: functionalAccess: WriteReq [2d00:2d3f] 
      0: board.cache_hierarchy.l2-cache-0: functionalAccess: WriteReq [2d00:2d3f] 
      0: board.cache_hierarchy.l1d-cache-0: functionalAccess: WriteReq [2d40:2d7f] 
      0: board.cache_hierarchy.l1i-cache-0: functionalAccess: WriteReq [2d40:2d7f] 
      0: board.cache_hierarchy.l2-cache-0: functionalAccess: WriteReq [2d40:2d7f] 
      0: board.cache_hierarchy.l1d-cache-0: functionalAccess: WriteReq [2d80:2dbf] 
      0: board.cache_hierarchy.l1i-cache-0: functionalAccess: WriteReq [2d80:2dbf] 
      0: board.cache_hierarchy.l2-cache-0: functionalAccess: WriteReq [2d80:2dbf] 
      0: board.cache_hierarchy.l1d-cache-0: functionalAccess: WriteReq [2dc0:2dff] 
      0: board.cache_hierarchy.l1i-cache-0: functionalAccess: WriteReq [2dc0:2dff] 
      0: board.cache_hierarchy.l2-cache-0: functionalAccess: WriteReq [2dc0:2dff] 
      0: board.cache_hierarchy.l1d-cache-0: functionalAccess: WriteReq [2e00:2e3f] 
      0: board.cache_hierarchy.l1i-cache-0: functionalAccess: WriteReq [2e00:2e3f] 
      0: board.cache_hierarchy.l2-cache-0: functionalAccess: WriteReq [2e00:2e3f] 
      0: board.cache_hierarchy.l1d-cache-0: functionalAccess: WriteReq [2e40:2e7f] 
      0: board.cache_hierarchy.l1i-cache-0: functionalAccess: WriteReq [2e40:2e7f] 
      0: board.cache_hierarchy.l2-cache-0: functionalAccess: WriteReq [2e40:2e7f] 
      0: board.cache_hierarchy.l1d-cache-0: functionalAccess: WriteReq [2e80:2ebf] 
      0: board.cache_hierarchy.l1i-cache-0: functionalAccess: WriteReq [2e80:2ebf] 
      0: board.cache_hierarchy.l2-cache-0: functionalAccess: WriteReq [2e80:2ebf] 
      0: board.cache_hierarchy.l1d-cache-0: functionalAccess: WriteReq [2ec0:2eff] 
      0: board.cache_hierarchy.l1i-cache-0: functionalAccess: WriteReq [2ec0:2eff] 
      0: board.cache_hierarchy.l2-cache-0: functionalAccess: WriteReq [2ec0:2eff] 
      0: board.cache_hierarchy.l1d-cache-0: functionalAccess: WriteReq [2f00:2f3f] 
      0: board.cache_hierarchy.l1i-cache-0: functionalAccess: WriteReq [2f00:2f3f] 
      0: board.cache_hierarchy.l2-cache-0: functionalAccess: WriteReq [2f00:2f3f] 
      0: board.cache_hierarchy.l1d-cache-0: functionalAccess: WriteReq [2f40:2f7f] 
      0: board.cache_hierarchy.l1i-cache-0: functionalAccess: WriteReq [2f40:2f7f] 
      0: board.cache_hierarchy.l2-cache-0: functionalAccess: WriteReq [2f40:2f7f] 
      0: board.cache_hierarchy.l1d-cache-0: functionalAccess: WriteReq [2f80:2fbf] 
      0: board.cache_hierarchy.l1i-cache-0: functionalAccess: WriteReq [2f80:2fbf] 
      0: board.cache_hierarchy.l2-cache-0: functionalAccess: WriteReq [2f80:2fbf] 
      0: board.cache_hierarchy.l1d-cache-0: functionalAccess: WriteReq [2fc0:2fff] 
      0: board.cache_hierarchy.l1i-cache-0: functionalAccess: WriteReq [2fc0:2fff] 
      0: board.cache_hierarchy.l2-cache-0: functionalAccess: WriteReq [2fc0:2fff] 
      0: board.processor.cores.core.workload: Allocating Page: 0x13000-0x14000
      0: board.cache_hierarchy.l1d-cache-0: functionalAccess: WriteReq [3000:303f] 
      0: board.cache_hierarchy.l1i-cache-0: functionalAccess: WriteReq [3000:303f] 
      0: board.cache_hierarchy.l2-cache-0: functionalAccess: WriteReq [3000:303f] 
      0: board.cache_hierarchy.l1d-cache-0: functionalAccess: WriteReq [3040:307f] 
      0: board.cache_hierarchy.l1i-cache-0: functionalAccess: WriteReq [3040:307f] 
      0: board.cache_hierarchy.l2-cache-0: functionalAccess: WriteReq [3040:307f] 
      0: board.cache_hierarchy.l1d-cache-0: functionalAccess: WriteReq [3080:30bf] 
      0: board.cache_hierarchy.l1i-cache-0: functionalAccess: WriteReq [3080:30bf] 
      0: board.cache_hierarchy.l2-cache-0: functionalAccess: WriteReq [3080:30bf] 
      0: board.cache_hierarchy.l1d-cache-0: functionalAccess: WriteReq [30c0:30ff] 
      0: board.cache_hierarchy.l1i-cache-0: functionalAccess: WriteReq [30c0:30ff] 
      0: board.cache_hierarchy.l2-cache-0: functionalAccess: WriteReq [30c0:30ff] 
      0: board.cache_hierarchy.l1d-cache-0: functionalAccess: WriteReq [3100:313f] 
      0: board.cache_hierarchy.l1i-cache-0: functionalAccess: WriteReq [3100:313f] 
      0: board.cache_hierarchy.l2-cache-0: functionalAccess: WriteReq [3100:313f] 
      0: board.cache_hierarchy.l1d-cache-0: functionalAccess: WriteReq [3140:317f] 
      0: board.cache_hierarchy.l1i-cache-0: functionalAccess: WriteReq [3140:317f] 
      0: board.cache_hierarchy.l2-cache-0: functionalAccess: WriteReq [3140:317f] 
      0: board.cache_hierarchy.l1d-cache-0: functionalAccess: WriteReq [3180:31bf] 
      0: board.cache_hierarchy.l1i-cache-0: functionalAccess: WriteReq [3180:31bf] 
      0: board.cache_hierarchy.l2-cache-0: functionalAccess: WriteReq [3180:31bf] 
      0: board.cache_hierarchy.l1d-cache-0: functionalAccess: WriteReq [31c0:31ff] 
      0: board.cache_hierarchy.l1i-cache-0: functionalAccess: WriteReq [31c0:31ff] 
      0: board.cache_hierarchy.l2-cache-0: functionalAccess: WriteReq [31c0:31ff] 
      0: board.cache_hierarchy.l1d-cache-0: functionalAccess: WriteReq [3200:323f] 
      0: board.cache_hierarchy.l1i-cache-0: functionalAccess: WriteReq [3200:323f] 
      0: board.cache_hierarchy.l2-cache-0: functionalAccess: WriteReq [3200:323f] 
      0: board.cache_hierarchy.l1d-cache-0: functionalAccess: WriteReq [3240:327f] 
      0: board.cache_hierarchy.l1i-cache-0: functionalAccess: WriteReq [3240:327f] 
      0: board.cache_hierarchy.l2-cache-0: functionalAccess: WriteReq [3240:327f] 
      0: board.cache_hierarchy.l1d-cache-0: functionalAccess: WriteReq [3280:32bf] 
      0: board.cache_hierarchy.l1i-cache-0: functionalAccess: WriteReq [3280:32bf] 
      0: board.cache_hierarchy.l2-cache-0: functionalAccess: WriteReq [3280:32bf] 
      0: board.cache_hierarchy.l1d-cache-0: functionalAccess: WriteReq [32c0:32ff] 
      0: board.cache_hierarchy.l1i-cache-0: functionalAccess: WriteReq [32c0:32ff] 
      0: board.cache_hierarchy.l2-cache-0: functionalAccess: WriteReq [32c0:32ff] 
      0: board.cache_hierarchy.l1d-cache-0: functionalAccess: WriteReq [3300:333f] 
      0: board.cache_hierarchy.l1i-cache-0: functionalAccess: WriteReq [3300:333f] 
      0: board.cache_hierarchy.l2-cache-0: functionalAccess: WriteReq [3300:333f] 
      0: board.cache_hierarchy.l1d-cache-0: functionalAccess: WriteReq [3340:337f] 
      0: board.cache_hierarchy.l1i-cache-0: functionalAccess: WriteReq [3340:337f] 
      0: board.cache_hierarchy.l2-cache-0: functionalAccess: WriteReq [3340:337f] 
      0: board.cache_hierarchy.l1d-cache-0: functionalAccess: WriteReq [3380:33bf] 
      0: board.cache_hierarchy.l1i-cache-0: functionalAccess: WriteReq [3380:33bf] 
      0: board.cache_hierarchy.l2-cache-0: functionalAccess: WriteReq [3380:33bf] 
      0: board.cache_hierarchy.l1d-cache-0: functionalAccess: WriteReq [33c0:33c7] 
      0: board.cache_hierarchy.l1i-cache-0: functionalAccess: WriteReq [33c0:33c7] 
      0: board.cache_hierarchy.l2-cache-0: functionalAccess: WriteReq [33c0:33c7] 
      0: board.cache_hierarchy.l1d-cache-0: functionalAccess: WriteReq [33c8:33ff] 
      0: board.cache_hierarchy.l1i-cache-0: functionalAccess: WriteReq [33c8:33ff] 
      0: board.cache_hierarchy.l2-cache-0: functionalAccess: WriteReq [33c8:33ff] 
      0: board.cache_hierarchy.l1d-cache-0: functionalAccess: WriteReq [3400:343f] 
      0: board.cache_hierarchy.l1i-cache-0: functionalAccess: WriteReq [3400:343f] 
      0: board.cache_hierarchy.l2-cache-0: functionalAccess: WriteReq [3400:343f] 
      0: board.cache_hierarchy.l1d-cache-0: functionalAccess: WriteReq [3440:347f] 
      0: board.cache_hierarchy.l1i-cache-0: functionalAccess: WriteReq [3440:347f] 
      0: board.cache_hierarchy.l2-cache-0: functionalAccess: WriteReq [3440:347f] 
      0: board.cache_hierarchy.l1d-cache-0: functionalAccess: WriteReq [3480:34bf] 
      0: board.cache_hierarchy.l1i-cache-0: functionalAccess: WriteReq [3480:34bf] 
      0: board.cache_hierarchy.l2-cache-0: functionalAccess: WriteReq [3480:34bf] 
      0: board.cache_hierarchy.l1d-cache-0: functionalAccess: WriteReq [34c0:34ff] 
      0: board.cache_hierarchy.l1i-cache-0: functionalAccess: WriteReq [34c0:34ff] 
      0: board.cache_hierarchy.l2-cache-0: functionalAccess: WriteReq [34c0:34ff] 
      0: board.cache_hierarchy.l1d-cache-0: functionalAccess: WriteReq [3500:353f] 
      0: board.cache_hierarchy.l1i-cache-0: functionalAccess: WriteReq [3500:353f] 
      0: board.cache_hierarchy.l2-cache-0: functionalAccess: WriteReq [3500:353f] 
      0: board.cache_hierarchy.l1d-cache-0: functionalAccess: WriteReq [3540:357f] 
      0: board.cache_hierarchy.l1i-cache-0: functionalAccess: WriteReq [3540:357f] 
      0: board.cache_hierarchy.l2-cache-0: functionalAccess: WriteReq [3540:357f] 
      0: board.cache_hierarchy.l1d-cache-0: functionalAccess: WriteReq [3580:35bf] 
      0: board.cache_hierarchy.l1i-cache-0: functionalAccess: WriteReq [3580:35bf] 
      0: board.cache_hierarchy.l2-cache-0: functionalAccess: WriteReq [3580:35bf] 
      0: board.cache_hierarchy.l1d-cache-0: functionalAccess: WriteReq [35c0:35ff] 
      0: board.cache_hierarchy.l1i-cache-0: functionalAccess: WriteReq [35c0:35ff] 
      0: board.cache_hierarchy.l2-cache-0: functionalAccess: WriteReq [35c0:35ff] 
      0: board.cache_hierarchy.l1d-cache-0: functionalAccess: WriteReq [3600:363f] 
      0: board.cache_hierarchy.l1i-cache-0: functionalAccess: WriteReq [3600:363f] 
      0: board.cache_hierarchy.l2-cache-0: functionalAccess: WriteReq [3600:363f] 
      0: board.cache_hierarchy.l1d-cache-0: functionalAccess: WriteReq [3640:367f] 
      0: board.cache_hierarchy.l1i-cache-0: functionalAccess: WriteReq [3640:367f] 
      0: board.cache_hierarchy.l2-cache-0: functionalAccess: WriteReq [3640:367f] 
      0: board.cache_hierarchy.l1d-cache-0: functionalAccess: WriteReq [3680:36bf] 
      0: board.cache_hierarchy.l1i-cache-0: functionalAccess: WriteReq [3680:36bf] 
      0: board.cache_hierarchy.l2-cache-0: functionalAccess: WriteReq [3680:36bf] 
      0: board.cache_hierarchy.l1d-cache-0: functionalAccess: WriteReq [36c0:36ff] 
      0: board.cache_hierarchy.l1i-cache-0: functionalAccess: WriteReq [36c0:36ff] 
      0: board.cache_hierarchy.l2-cache-0: functionalAccess: WriteReq [36c0:36ff] 
      0: board.cache_hierarchy.l1d-cache-0: functionalAccess: WriteReq [3700:373f] 
      0: board.cache_hierarchy.l1i-cache-0: functionalAccess: WriteReq [3700:373f] 
      0: board.cache_hierarchy.l2-cache-0: functionalAccess: WriteReq [3700:373f] 
      0: board.cache_hierarchy.l1d-cache-0: functionalAccess: WriteReq [3740:377f] 
      0: board.cache_hierarchy.l1i-cache-0: functionalAccess: WriteReq [3740:377f] 
      0: board.cache_hierarchy.l2-cache-0: functionalAccess: WriteReq [3740:377f] 
      0: board.cache_hierarchy.l1d-cache-0: functionalAccess: WriteReq [3780:37bf] 
      0: board.cache_hierarchy.l1i-cache-0: functionalAccess: WriteReq [3780:37bf] 
      0: board.cache_hierarchy.l2-cache-0: functionalAccess: WriteReq [3780:37bf] 
      0: board.cache_hierarchy.l1d-cache-0: functionalAccess: WriteReq [37c0:37ff] 
      0: board.cache_hierarchy.l1i-cache-0: functionalAccess: WriteReq [37c0:37ff] 
      0: board.cache_hierarchy.l2-cache-0: functionalAccess: WriteReq [37c0:37ff] 
      0: board.cache_hierarchy.l1d-cache-0: functionalAccess: WriteReq [3800:383f] 
      0: board.cache_hierarchy.l1i-cache-0: functionalAccess: WriteReq [3800:383f] 
      0: board.cache_hierarchy.l2-cache-0: functionalAccess: WriteReq [3800:383f] 
      0: board.cache_hierarchy.l1d-cache-0: functionalAccess: WriteReq [3840:387f] 
      0: board.cache_hierarchy.l1i-cache-0: functionalAccess: WriteReq [3840:387f] 
      0: board.cache_hierarchy.l2-cache-0: functionalAccess: WriteReq [3840:387f] 
      0: board.cache_hierarchy.l1d-cache-0: functionalAccess: WriteReq [3880:38bf] 
      0: board.cache_hierarchy.l1i-cache-0: functionalAccess: WriteReq [3880:38bf] 
      0: board.cache_hierarchy.l2-cache-0: functionalAccess: WriteReq [3880:38bf] 
      0: board.cache_hierarchy.l1d-cache-0: functionalAccess: WriteReq [38c0:38ff] 
      0: board.cache_hierarchy.l1i-cache-0: functionalAccess: WriteReq [38c0:38ff] 
      0: board.cache_hierarchy.l2-cache-0: functionalAccess: WriteReq [38c0:38ff] 
      0: board.cache_hierarchy.l1d-cache-0: functionalAccess: WriteReq [3900:393f] 
      0: board.cache_hierarchy.l1i-cache-0: functionalAccess: WriteReq [3900:393f] 
      0: board.cache_hierarchy.l2-cache-0: functionalAccess: WriteReq [3900:393f] 
      0: board.cache_hierarchy.l1d-cache-0: functionalAccess: WriteReq [3940:397f] 
      0: board.cache_hierarchy.l1i-cache-0: functionalAccess: WriteReq [3940:397f] 
      0: board.cache_hierarchy.l2-cache-0: functionalAccess: WriteReq [3940:397f] 
      0: board.cache_hierarchy.l1d-cache-0: functionalAccess: WriteReq [3980:39bf] 
      0: board.cache_hierarchy.l1i-cache-0: functionalAccess: WriteReq [3980:39bf] 
      0: board.cache_hierarchy.l2-cache-0: functionalAccess: WriteReq [3980:39bf] 
      0: board.cache_hierarchy.l1d-cache-0: functionalAccess: WriteReq [39c0:39c7] 
      0: board.cache_hierarchy.l1i-cache-0: functionalAccess: WriteReq [39c0:39c7] 
      0: board.cache_hierarchy.l2-cache-0: functionalAccess: WriteReq [39c0:39c7] 
      0: board.processor.cores.core.workload: Allocating Page: 0x7ffffffffffff000-0x8000000000000000
      0: board.cache_hierarchy.l1d-cache-0: functionalAccess: WriteReq [4fef:4ffe] 
      0: board.cache_hierarchy.l1i-cache-0: functionalAccess: WriteReq [4fef:4ffe] 
      0: board.cache_hierarchy.l2-cache-0: functionalAccess: WriteReq [4fef:4ffe] 
      0: board.cache_hierarchy.l1d-cache-0: functionalAccess: WriteReq [4fc8:4fc8] 
      0: board.cache_hierarchy.l1i-cache-0: functionalAccess: WriteReq [4fc8:4fc8] 
      0: board.cache_hierarchy.l2-cache-0: functionalAccess: WriteReq [4fc8:4fc8] 
      0: board.cache_hierarchy.l1d-cache-0: functionalAccess: WriteReq [4fc9:4fc9] 
      0: board.cache_hierarchy.l1i-cache-0: functionalAccess: WriteReq [4fc9:4fc9] 
      0: board.cache_hierarchy.l2-cache-0: functionalAccess: WriteReq [4fc9:4fc9] 
      0: board.cache_hierarchy.l1d-cache-0: functionalAccess: WriteReq [4fca:4fca] 
      0: board.cache_hierarchy.l1i-cache-0: functionalAccess: WriteReq [4fca:4fca] 
      0: board.cache_hierarchy.l2-cache-0: functionalAccess: WriteReq [4fca:4fca] 
      0: board.cache_hierarchy.l1d-cache-0: functionalAccess: WriteReq [4fcb:4fcb] 
      0: board.cache_hierarchy.l1i-cache-0: functionalAccess: WriteReq [4fcb:4fcb] 
      0: board.cache_hierarchy.l2-cache-0: functionalAccess: WriteReq [4fcb:4fcb] 
      0: board.cache_hierarchy.l1d-cache-0: functionalAccess: WriteReq [4fcc:4fcc] 
      0: board.cache_hierarchy.l1i-cache-0: functionalAccess: WriteReq [4fcc:4fcc] 
      0: board.cache_hierarchy.l2-cache-0: functionalAccess: WriteReq [4fcc:4fcc] 
      0: board.cache_hierarchy.l1d-cache-0: functionalAccess: WriteReq [4fcd:4fcd] 
      0: board.cache_hierarchy.l1i-cache-0: functionalAccess: WriteReq [4fcd:4fcd] 
      0: board.cache_hierarchy.l2-cache-0: functionalAccess: WriteReq [4fcd:4fcd] 
      0: board.cache_hierarchy.l1d-cache-0: functionalAccess: WriteReq [4fce:4fce] 
      0: board.cache_hierarchy.l1i-cache-0: functionalAccess: WriteReq [4fce:4fce] 
      0: board.cache_hierarchy.l2-cache-0: functionalAccess: WriteReq [4fce:4fce] 
      0: board.cache_hierarchy.l1d-cache-0: functionalAccess: WriteReq [4fcf:4fcf] 
      0: board.cache_hierarchy.l1i-cache-0: functionalAccess: WriteReq [4fcf:4fcf] 
      0: board.cache_hierarchy.l2-cache-0: functionalAccess: WriteReq [4fcf:4fcf] 
      0: board.cache_hierarchy.l1d-cache-0: functionalAccess: WriteReq [4fd0:4fd0] 
      0: board.cache_hierarchy.l1i-cache-0: functionalAccess: WriteReq [4fd0:4fd0] 
      0: board.cache_hierarchy.l2-cache-0: functionalAccess: WriteReq [4fd0:4fd0] 
      0: board.cache_hierarchy.l1d-cache-0: functionalAccess: WriteReq [4fd1:4fd1] 
      0: board.cache_hierarchy.l1i-cache-0: functionalAccess: WriteReq [4fd1:4fd1] 
      0: board.cache_hierarchy.l2-cache-0: functionalAccess: WriteReq [4fd1:4fd1] 
      0: board.cache_hierarchy.l1d-cache-0: functionalAccess: WriteReq [4fd2:4fd2] 
      0: board.cache_hierarchy.l1i-cache-0: functionalAccess: WriteReq [4fd2:4fd2] 
      0: board.cache_hierarchy.l2-cache-0: functionalAccess: WriteReq [4fd2:4fd2] 
      0: board.cache_hierarchy.l1d-cache-0: functionalAccess: WriteReq [4fd3:4fd3] 
      0: board.cache_hierarchy.l1i-cache-0: functionalAccess: WriteReq [4fd3:4fd3] 
      0: board.cache_hierarchy.l2-cache-0: functionalAccess: WriteReq [4fd3:4fd3] 
      0: board.cache_hierarchy.l1d-cache-0: functionalAccess: WriteReq [4fd4:4fd4] 
      0: board.cache_hierarchy.l1i-cache-0: functionalAccess: WriteReq [4fd4:4fd4] 
      0: board.cache_hierarchy.l2-cache-0: functionalAccess: WriteReq [4fd4:4fd4] 
      0: board.cache_hierarchy.l1d-cache-0: functionalAccess: WriteReq [4fd5:4fd5] 
      0: board.cache_hierarchy.l1i-cache-0: functionalAccess: WriteReq [4fd5:4fd5] 
      0: board.cache_hierarchy.l2-cache-0: functionalAccess: WriteReq [4fd5:4fd5] 
      0: board.cache_hierarchy.l1d-cache-0: functionalAccess: WriteReq [4fd6:4fd6] 
      0: board.cache_hierarchy.l1i-cache-0: functionalAccess: WriteReq [4fd6:4fd6] 
      0: board.cache_hierarchy.l2-cache-0: functionalAccess: WriteReq [4fd6:4fd6] 
      0: board.cache_hierarchy.l1d-cache-0: functionalAccess: WriteReq [4fd7:4fd7] 
      0: board.cache_hierarchy.l1i-cache-0: functionalAccess: WriteReq [4fd7:4fd7] 
      0: board.cache_hierarchy.l2-cache-0: functionalAccess: WriteReq [4fd7:4fd7] 
      0: board.cache_hierarchy.l1d-cache-0: functionalAccess: WriteReq [4fd8:4fd8] 
      0: board.cache_hierarchy.l1i-cache-0: functionalAccess: WriteReq [4fd8:4fd8] 
      0: board.cache_hierarchy.l2-cache-0: functionalAccess: WriteReq [4fd8:4fd8] 
      0: board.cache_hierarchy.l1d-cache-0: functionalAccess: WriteReq [4fd9:4fd9] 
      0: board.cache_hierarchy.l1i-cache-0: functionalAccess: WriteReq [4fd9:4fd9] 
      0: board.cache_hierarchy.l2-cache-0: functionalAccess: WriteReq [4fd9:4fd9] 
      0: board.cache_hierarchy.l1d-cache-0: functionalAccess: WriteReq [4fda:4fda] 
      0: board.cache_hierarchy.l1i-cache-0: functionalAccess: WriteReq [4fda:4fda] 
      0: board.cache_hierarchy.l2-cache-0: functionalAccess: WriteReq [4fda:4fda] 
      0: board.cache_hierarchy.l1d-cache-0: functionalAccess: WriteReq [4fdb:4fdb] 
      0: board.cache_hierarchy.l1i-cache-0: functionalAccess: WriteReq [4fdb:4fdb] 
      0: board.cache_hierarchy.l2-cache-0: functionalAccess: WriteReq [4fdb:4fdb] 
      0: board.cache_hierarchy.l1d-cache-0: functionalAccess: WriteReq [4fdc:4fdc] 
      0: board.cache_hierarchy.l1i-cache-0: functionalAccess: WriteReq [4fdc:4fdc] 
      0: board.cache_hierarchy.l2-cache-0: functionalAccess: WriteReq [4fdc:4fdc] 
      0: board.cache_hierarchy.l1d-cache-0: functionalAccess: WriteReq [4fdd:4fdd] 
      0: board.cache_hierarchy.l1i-cache-0: functionalAccess: WriteReq [4fdd:4fdd] 
      0: board.cache_hierarchy.l2-cache-0: functionalAccess: WriteReq [4fdd:4fdd] 
      0: board.cache_hierarchy.l1d-cache-0: functionalAccess: WriteReq [4fde:4fde] 
      0: board.cache_hierarchy.l1i-cache-0: functionalAccess: WriteReq [4fde:4fde] 
      0: board.cache_hierarchy.l2-cache-0: functionalAccess: WriteReq [4fde:4fde] 
      0: board.cache_hierarchy.l1d-cache-0: functionalAccess: WriteReq [4fdf:4fdf] 
      0: board.cache_hierarchy.l1i-cache-0: functionalAccess: WriteReq [4fdf:4fdf] 
      0: board.cache_hierarchy.l2-cache-0: functionalAccess: WriteReq [4fdf:4fdf] 
      0: board.cache_hierarchy.l1d-cache-0: functionalAccess: WriteReq [4fe0:4fe0] 
      0: board.cache_hierarchy.l1i-cache-0: functionalAccess: WriteReq [4fe0:4fe0] 
      0: board.cache_hierarchy.l2-cache-0: functionalAccess: WriteReq [4fe0:4fe0] 
      0: board.cache_hierarchy.l1d-cache-0: functionalAccess: WriteReq [4fe1:4fe1] 
      0: board.cache_hierarchy.l1i-cache-0: functionalAccess: WriteReq [4fe1:4fe1] 
      0: board.cache_hierarchy.l2-cache-0: functionalAccess: WriteReq [4fe1:4fe1] 
      0: board.cache_hierarchy.l1d-cache-0: functionalAccess: WriteReq [4fe2:4fe2] 
      0: board.cache_hierarchy.l1i-cache-0: functionalAccess: WriteReq [4fe2:4fe2] 
      0: board.cache_hierarchy.l2-cache-0: functionalAccess: WriteReq [4fe2:4fe2] 
      0: board.cache_hierarchy.l1d-cache-0: functionalAccess: WriteReq [4fe3:4fe3] 
      0: board.cache_hierarchy.l1i-cache-0: functionalAccess: WriteReq [4fe3:4fe3] 
      0: board.cache_hierarchy.l2-cache-0: functionalAccess: WriteReq [4fe3:4fe3] 
      0: board.cache_hierarchy.l1d-cache-0: functionalAccess: WriteReq [4fe4:4fe4] 
      0: board.cache_hierarchy.l1i-cache-0: functionalAccess: WriteReq [4fe4:4fe4] 
      0: board.cache_hierarchy.l2-cache-0: functionalAccess: WriteReq [4fe4:4fe4] 
      0: board.cache_hierarchy.l1d-cache-0: functionalAccess: WriteReq [4fe5:4fe5] 
      0: board.cache_hierarchy.l1i-cache-0: functionalAccess: WriteReq [4fe5:4fe5] 
      0: board.cache_hierarchy.l2-cache-0: functionalAccess: WriteReq [4fe5:4fe5] 
      0: board.cache_hierarchy.l1d-cache-0: functionalAccess: WriteReq [4fe6:4fe6] 
      0: board.cache_hierarchy.l1i-cache-0: functionalAccess: WriteReq [4fe6:4fe6] 
      0: board.cache_hierarchy.l2-cache-0: functionalAccess: WriteReq [4fe6:4fe6] 
      0: board.cache_hierarchy.l1d-cache-0: functionalAccess: WriteReq [4fe7:4fe7] 
      0: board.cache_hierarchy.l1i-cache-0: functionalAccess: WriteReq [4fe7:4fe7] 
      0: board.cache_hierarchy.l2-cache-0: functionalAccess: WriteReq [4fe7:4fe7] 
      0: board.cache_hierarchy.l1d-cache-0: functionalAccess: WriteReq [4fe8:4fe8] 
      0: board.cache_hierarchy.l1i-cache-0: functionalAccess: WriteReq [4fe8:4fe8] 
      0: board.cache_hierarchy.l2-cache-0: functionalAccess: WriteReq [4fe8:4fe8] 
      0: board.cache_hierarchy.l1d-cache-0: functionalAccess: WriteReq [4fe9:4fe9] 
      0: board.cache_hierarchy.l1i-cache-0: functionalAccess: WriteReq [4fe9:4fe9] 
      0: board.cache_hierarchy.l2-cache-0: functionalAccess: WriteReq [4fe9:4fe9] 
      0: board.cache_hierarchy.l1d-cache-0: functionalAccess: WriteReq [4fea:4fea] 
      0: board.cache_hierarchy.l1i-cache-0: functionalAccess: WriteReq [4fea:4fea] 
      0: board.cache_hierarchy.l2-cache-0: functionalAccess: WriteReq [4fea:4fea] 
      0: board.cache_hierarchy.l1d-cache-0: functionalAccess: WriteReq [4feb:4feb] 
      0: board.cache_hierarchy.l1i-cache-0: functionalAccess: WriteReq [4feb:4feb] 
      0: board.cache_hierarchy.l2-cache-0: functionalAccess: WriteReq [4feb:4feb] 
      0: board.cache_hierarchy.l1d-cache-0: functionalAccess: WriteReq [4fec:4fec] 
      0: board.cache_hierarchy.l1i-cache-0: functionalAccess: WriteReq [4fec:4fec] 
      0: board.cache_hierarchy.l2-cache-0: functionalAccess: WriteReq [4fec:4fec] 
      0: board.cache_hierarchy.l1d-cache-0: functionalAccess: WriteReq [4fed:4fed] 
      0: board.cache_hierarchy.l1i-cache-0: functionalAccess: WriteReq [4fed:4fed] 
      0: board.cache_hierarchy.l2-cache-0: functionalAccess: WriteReq [4fed:4fed] 
      0: board.cache_hierarchy.l1d-cache-0: functionalAccess: WriteReq [4fee:4fee] 
      0: board.cache_hierarchy.l1i-cache-0: functionalAccess: WriteReq [4fee:4fee] 
      0: board.cache_hierarchy.l2-cache-0: functionalAccess: WriteReq [4fee:4fee] 
      0: board.cache_hierarchy.l1d-cache-0: functionalAccess: WriteReq [4fc3:4fc3] 
      0: board.cache_hierarchy.l1i-cache-0: functionalAccess: WriteReq [4fc3:4fc3] 
      0: board.cache_hierarchy.l2-cache-0: functionalAccess: WriteReq [4fc3:4fc3] 
      0: board.cache_hierarchy.l1d-cache-0: functionalAccess: WriteReq [4fc4:4fc4] 
      0: board.cache_hierarchy.l1i-cache-0: functionalAccess: WriteReq [4fc4:4fc4] 
      0: board.cache_hierarchy.l2-cache-0: functionalAccess: WriteReq [4fc4:4fc4] 
      0: board.cache_hierarchy.l1d-cache-0: functionalAccess: WriteReq [4fc5:4fc5] 
      0: board.cache_hierarchy.l1i-cache-0: functionalAccess: WriteReq [4fc5:4fc5] 
      0: board.cache_hierarchy.l2-cache-0: functionalAccess: WriteReq [4fc5:4fc5] 
      0: board.cache_hierarchy.l1d-cache-0: functionalAccess: WriteReq [4fc6:4fc6] 
      0: board.cache_hierarchy.l1i-cache-0: functionalAccess: WriteReq [4fc6:4fc6] 
      0: board.cache_hierarchy.l2-cache-0: functionalAccess: WriteReq [4fc6:4fc6] 
      0: board.cache_hierarchy.l1d-cache-0: functionalAccess: WriteReq [4fc7:4fc7] 
      0: board.cache_hierarchy.l1i-cache-0: functionalAccess: WriteReq [4fc7:4fc7] 
      0: board.cache_hierarchy.l2-cache-0: functionalAccess: WriteReq [4fc7:4fc7] 
      0: board.cache_hierarchy.l1d-cache-0: functionalAccess: WriteReq [4f10:4f17] 
      0: board.cache_hierarchy.l1i-cache-0: functionalAccess: WriteReq [4f10:4f17] 
      0: board.cache_hierarchy.l2-cache-0: functionalAccess: WriteReq [4f10:4f17] 
      0: board.cache_hierarchy.l1d-cache-0: functionalAccess: WriteReq [4f18:4f1f] 
      0: board.cache_hierarchy.l1i-cache-0: functionalAccess: WriteReq [4f18:4f1f] 
      0: board.cache_hierarchy.l2-cache-0: functionalAccess: WriteReq [4f18:4f1f] 
      0: board.cache_hierarchy.l1d-cache-0: functionalAccess: WriteReq [4f20:4f27] 
      0: board.cache_hierarchy.l1i-cache-0: functionalAccess: WriteReq [4f20:4f27] 
      0: board.cache_hierarchy.l2-cache-0: functionalAccess: WriteReq [4f20:4f27] 
      0: board.cache_hierarchy.l1d-cache-0: functionalAccess: WriteReq [4f28:4f2f] 
      0: board.cache_hierarchy.l1i-cache-0: functionalAccess: WriteReq [4f28:4f2f] 
      0: board.cache_hierarchy.l2-cache-0: functionalAccess: WriteReq [4f28:4f2f] 
      0: board.cache_hierarchy.l1d-cache-0: functionalAccess: WriteReq [4f30:4f37] 
      0: board.cache_hierarchy.l1i-cache-0: functionalAccess: WriteReq [4f30:4f37] 
      0: board.cache_hierarchy.l2-cache-0: functionalAccess: WriteReq [4f30:4f37] 
      0: board.cache_hierarchy.l1d-cache-0: functionalAccess: WriteReq [4f38:4f3f] 
      0: board.cache_hierarchy.l1i-cache-0: functionalAccess: WriteReq [4f38:4f3f] 
      0: board.cache_hierarchy.l2-cache-0: functionalAccess: WriteReq [4f38:4f3f] 
      0: board.cache_hierarchy.l1d-cache-0: functionalAccess: WriteReq [4f40:4f47] 
      0: board.cache_hierarchy.l1i-cache-0: functionalAccess: WriteReq [4f40:4f47] 
      0: board.cache_hierarchy.l2-cache-0: functionalAccess: WriteReq [4f40:4f47] 
      0: board.cache_hierarchy.l1d-cache-0: functionalAccess: WriteReq [4f48:4f4f] 
      0: board.cache_hierarchy.l1i-cache-0: functionalAccess: WriteReq [4f48:4f4f] 
      0: board.cache_hierarchy.l2-cache-0: functionalAccess: WriteReq [4f48:4f4f] 
      0: board.cache_hierarchy.l1d-cache-0: functionalAccess: WriteReq [4f50:4f57] 
      0: board.cache_hierarchy.l1i-cache-0: functionalAccess: WriteReq [4f50:4f57] 
      0: board.cache_hierarchy.l2-cache-0: functionalAccess: WriteReq [4f50:4f57] 
      0: board.cache_hierarchy.l1d-cache-0: functionalAccess: WriteReq [4f58:4f5f] 
      0: board.cache_hierarchy.l1i-cache-0: functionalAccess: WriteReq [4f58:4f5f] 
      0: board.cache_hierarchy.l2-cache-0: functionalAccess: WriteReq [4f58:4f5f] 
      0: board.cache_hierarchy.l1d-cache-0: functionalAccess: WriteReq [4f60:4f67] 
      0: board.cache_hierarchy.l1i-cache-0: functionalAccess: WriteReq [4f60:4f67] 
      0: board.cache_hierarchy.l2-cache-0: functionalAccess: WriteReq [4f60:4f67] 
      0: board.cache_hierarchy.l1d-cache-0: functionalAccess: WriteReq [4f68:4f6f] 
      0: board.cache_hierarchy.l1i-cache-0: functionalAccess: WriteReq [4f68:4f6f] 
      0: board.cache_hierarchy.l2-cache-0: functionalAccess: WriteReq [4f68:4f6f] 
      0: board.cache_hierarchy.l1d-cache-0: functionalAccess: WriteReq [4f70:4f77] 
      0: board.cache_hierarchy.l1i-cache-0: functionalAccess: WriteReq [4f70:4f77] 
      0: board.cache_hierarchy.l2-cache-0: functionalAccess: WriteReq [4f70:4f77] 
      0: board.cache_hierarchy.l1d-cache-0: functionalAccess: WriteReq [4f78:4f7f] 
      0: board.cache_hierarchy.l1i-cache-0: functionalAccess: WriteReq [4f78:4f7f] 
      0: board.cache_hierarchy.l2-cache-0: functionalAccess: WriteReq [4f78:4f7f] 
      0: board.cache_hierarchy.l1d-cache-0: functionalAccess: WriteReq [4f80:4f87] 
      0: board.cache_hierarchy.l1i-cache-0: functionalAccess: WriteReq [4f80:4f87] 
      0: board.cache_hierarchy.l2-cache-0: functionalAccess: WriteReq [4f80:4f87] 
      0: board.cache_hierarchy.l1d-cache-0: functionalAccess: WriteReq [4f88:4f8f] 
      0: board.cache_hierarchy.l1i-cache-0: functionalAccess: WriteReq [4f88:4f8f] 
      0: board.cache_hierarchy.l2-cache-0: functionalAccess: WriteReq [4f88:4f8f] 
      0: board.cache_hierarchy.l1d-cache-0: functionalAccess: WriteReq [4f90:4f97] 
      0: board.cache_hierarchy.l1i-cache-0: functionalAccess: WriteReq [4f90:4f97] 
      0: board.cache_hierarchy.l2-cache-0: functionalAccess: WriteReq [4f90:4f97] 
      0: board.cache_hierarchy.l1d-cache-0: functionalAccess: WriteReq [4f98:4f9f] 
      0: board.cache_hierarchy.l1i-cache-0: functionalAccess: WriteReq [4f98:4f9f] 
      0: board.cache_hierarchy.l2-cache-0: functionalAccess: WriteReq [4f98:4f9f] 
      0: board.cache_hierarchy.l1d-cache-0: functionalAccess: WriteReq [4fa0:4fa7] 
      0: board.cache_hierarchy.l1i-cache-0: functionalAccess: WriteReq [4fa0:4fa7] 
      0: board.cache_hierarchy.l2-cache-0: functionalAccess: WriteReq [4fa0:4fa7] 
      0: board.cache_hierarchy.l1d-cache-0: functionalAccess: WriteReq [4fa8:4faf] 
      0: board.cache_hierarchy.l1i-cache-0: functionalAccess: WriteReq [4fa8:4faf] 
      0: board.cache_hierarchy.l2-cache-0: functionalAccess: WriteReq [4fa8:4faf] 
      0: board.cache_hierarchy.l1d-cache-0: functionalAccess: WriteReq [4fb0:4fb7] 
      0: board.cache_hierarchy.l1i-cache-0: functionalAccess: WriteReq [4fb0:4fb7] 
      0: board.cache_hierarchy.l2-cache-0: functionalAccess: WriteReq [4fb0:4fb7] 
      0: board.processor.cores.core.workload: Translating: 0x10140->0x140
      0: board.cache_hierarchy.l1i-cache-0: access for ReadReq [140:17f] IF miss
   1000: board.cache_hierarchy.l1i-cache-0: sendMSHRQueuePacket: MSHR ReadReq [140:17f] IF
   1000: board.cache_hierarchy.l1i-cache-0: createMissPacket: created ReadSharedReq [140:17f] IF from ReadReq [140:17f] IF
   1000: board.cache_hierarchy.l2-cache-0: access for ReadSharedReq [140:17f] IF miss
   2000: board.processor.cores.core.workload: Translating: 0x10140->0x140
   2000: board.cache_hierarchy.l1i-cache-0: access for ReadReq [140:17f] IF miss
   2000: board.cache_hierarchy.l1i-cache-0: handleTimingReqMiss coalescing MSHR for ReadReq [140:17f] IF
  12000: board.cache_hierarchy.l2-cache-0: sendMSHRQueuePacket: MSHR ReadSharedReq [140:17f] IF
  12000: board.cache_hierarchy.l2-cache-0: createMissPacket: created ReadSharedReq [140:17f] IF from ReadSharedReq [140:17f] IF
  76000: board.cache_hierarchy.l2-cache-0: recvTimingResp: Handling response ReadResp [140:17f] IF
  76000: board.cache_hierarchy.l2-cache-0: Block for addr 0x140 being updated in Cache
  76000: board.cache_hierarchy.l2-cache-0: Block addr 0x140 (ns) moving from  to state: 6 (E) writable: 1 readable: 1 dirty: 0 prefetched: 0 | tag: 0 secure: 0 valid: 1 | set: 0x5 way: 0
  76000: board.cache_hierarchy.l2-cache-0: recvTimingResp: Leaving with ReadResp [140:17f] IF
  78000: board.cache_hierarchy.l1i-cache-0: recvTimingResp: Handling response ReadResp [140:17f] IF
  78000: board.cache_hierarchy.l1i-cache-0: Block for addr 0x140 being updated in Cache
  78000: board.cache_hierarchy.l1i-cache-0: Block addr 0x140 (ns) moving from  to state: 6 (E) writable: 1 readable: 1 dirty: 0 prefetched: 0 | tag: 0 secure: 0 valid: 1 | set: 0x5 way: 0
  78000: board.cache_hierarchy.l1i-cache-0: recvTimingResp: Leaving with ReadResp [140:17f] IF
  87000: board.processor.cores.core.workload: Translating: 0x10940->0x940
  87000: board.cache_hierarchy.l1i-cache-0: access for ReadReq [940:97f] IF miss
  80000: board.processor.cores.core: 0x1014e    : auipc gp, 3                : 
  88000: board.cache_hierarchy.l1i-cache-0: sendMSHRQueuePacket: MSHR ReadReq [940:97f] IF
  88000: board.cache_hierarchy.l1i-cache-0: createMissPacket: created ReadSharedReq [940:97f] IF from ReadReq [940:97f] IF
  88000: board.cache_hierarchy.l2-cache-0: access for ReadSharedReq [940:97f] IF miss
  80000: board.processor.cores.core: 0x10152    : addi gp, gp, 122           : 
  81000: board.processor.cores.core: 0x10156    : auipc a0, 3                : 
  81000: board.processor.cores.core: 0x1015a    : addi a0, a0, 626           : 
  82000: board.processor.cores.core: 0x1015e    : auipc a2, 4                : 
  82000: board.processor.cores.core: 0x10162    : addi a2, a2, -1942         : 
  83000: board.processor.cores.core: 0x10166    : c_sub a2, a0               : 
  83000: board.processor.cores.core: 0x10168    : c_li a1, 0                 : 
  84000: board.processor.cores.core: 0x1016a    : jal ra, 2058               : 
  99000: board.cache_hierarchy.l2-cache-0: sendMSHRQueuePacket: MSHR ReadSharedReq [940:97f] IF
  99000: board.cache_hierarchy.l2-cache-0: createMissPacket: created ReadSharedReq [940:97f] IF from ReadSharedReq [940:97f] IF
 147000: board.cache_hierarchy.l2-cache-0: recvTimingResp: Handling response ReadResp [940:97f] IF
 147000: board.cache_hierarchy.l2-cache-0: Block for addr 0x940 being updated in Cache
 147000: board.cache_hierarchy.l2-cache-0: Block addr 0x940 (ns) moving from  to state: 6 (E) writable: 1 readable: 1 dirty: 0 prefetched: 0 | tag: 0 secure: 0 valid: 1 | set: 0x25 way: 0
 147000: board.cache_hierarchy.l2-cache-0: recvTimingResp: Leaving with ReadResp [940:97f] IF
 149000: board.cache_hierarchy.l1i-cache-0: recvTimingResp: Handling response ReadResp [940:97f] IF
 149000: board.cache_hierarchy.l1i-cache-0: Block for addr 0x940 being updated in Cache
 149000: board.cache_hierarchy.l1i-cache-0: Block addr 0x940 (ns) moving from  to state: 6 (E) writable: 1 readable: 1 dirty: 0 prefetched: 0 | tag: 0 secure: 0 valid: 1 | set: 0x25 way: 0
 149000: board.cache_hierarchy.l1i-cache-0: recvTimingResp: Leaving with ReadResp [940:97f] IF
 151000: board.processor.cores.core.workload: Translating: 0x10980->0x980
 151000: board.cache_hierarchy.l1i-cache-0: access for ReadReq [980:9bf] IF miss
 152000: board.cache_hierarchy.l1i-cache-0: sendMSHRQueuePacket: MSHR ReadReq [980:9bf] IF
 152000: board.cache_hierarchy.l1i-cache-0: createMissPacket: created ReadSharedReq [980:9bf] IF from ReadReq [980:9bf] IF
 152000: board.cache_hierarchy.l2-cache-0: access for ReadSharedReq [980:9bf] IF miss
 150000: board.processor.cores.core: 0x10974    : c_li t1, 15                : 
 150000: board.processor.cores.core: 0x10976    : c_mv a4, a0                : 
 151000: board.processor.cores.core: 0x10978    : bgeu t1, a2, 34            : 
 151000: board.processor.cores.core: 0x1097c    : andi a5, a4, 15            : 
 163000: board.cache_hierarchy.l2-cache-0: sendMSHRQueuePacket: MSHR ReadSharedReq [980:9bf] IF
 163000: board.cache_hierarchy.l2-cache-0: createMissPacket: created ReadSharedReq [980:9bf] IF from ReadSharedReq [980:9bf] IF
 211000: board.cache_hierarchy.l2-cache-0: recvTimingResp: Handling response ReadResp [980:9bf] IF
 211000: board.cache_hierarchy.l2-cache-0: Block for addr 0x980 being updated in Cache
 211000: board.cache_hierarchy.l2-cache-0: Block addr 0x980 (ns) moving from  to state: 6 (E) writable: 1 readable: 1 dirty: 0 prefetched: 0 | tag: 0 secure: 0 valid: 1 | set: 0x26 way: 0
 211000: board.cache_hierarchy.l2-cache-0: recvTimingResp: Leaving with ReadResp [980:9bf] IF
 213000: board.cache_hierarchy.l1i-cache-0: recvTimingResp: Handling response ReadResp [980:9bf] IF
 213000: board.cache_hierarchy.l1i-cache-0: Block for addr 0x980 being updated in Cache
 213000: board.cache_hierarchy.l1i-cache-0: Block addr 0x980 (ns) moving from  to state: 6 (E) writable: 1 readable: 1 dirty: 0 prefetched: 0 | tag: 0 secure: 0 valid: 1 | set: 0x26 way: 0
 213000: board.cache_hierarchy.l1i-cache-0: recvTimingResp: Leaving with ReadResp [980:9bf] IF
 219000: board.processor.cores.core.workload: Translating: 0x10140->0x140
 219000: board.cache_hierarchy.l1i-cache-0: access for ReadReq [140:17f] IF hit state: 6 (E) writable: 1 readable: 1 dirty: 0 prefetched: 0 | tag: 0 secure: 0 valid: 1 | set: 0x5 way: 0
 222000: board.processor.cores.core.workload: Translating: 0x10a00->0xa00
 222000: board.cache_hierarchy.l1i-cache-0: access for ReadReq [a00:a3f] IF miss
 223000: board.cache_hierarchy.l1i-cache-0: sendMSHRQueuePacket: MSHR ReadReq [a00:a3f] IF
 223000: board.cache_hierarchy.l1i-cache-0: createMissPacket: created ReadSharedReq [a00:a3f] IF from ReadReq [a00:a3f] IF
 223000: board.cache_hierarchy.l2-cache-0: access for ReadSharedReq [a00:a3f] IF miss
 214000: board.processor.cores.core: 0x10980    : c_bnez a5, 128             : 
 234000: board.cache_hierarchy.l2-cache-0: sendMSHRQueuePacket: MSHR ReadSharedReq [a00:a3f] IF
 234000: board.cache_hierarchy.l2-cache-0: createMissPacket: created ReadSharedReq [a00:a3f] IF from ReadSharedReq [a00:a3f] IF
 282000: board.cache_hierarchy.l2-cache-0: recvTimingResp: Handling response ReadResp [a00:a3f] IF
 282000: board.cache_hierarchy.l2-cache-0: Block for addr 0xa00 being updated in Cache
 282000: board.cache_hierarchy.l2-cache-0: Block addr 0xa00 (ns) moving from  to state: 6 (E) writable: 1 readable: 1 dirty: 0 prefetched: 0 | tag: 0 secure: 0 valid: 1 | set: 0x28 way: 0
 282000: board.cache_hierarchy.l2-cache-0: recvTimingResp: Leaving with ReadResp [a00:a3f] IF
 284000: board.cache_hierarchy.l1i-cache-0: recvTimingResp: Handling response ReadResp [a00:a3f] IF
 284000: board.cache_hierarchy.l1i-cache-0: Block for addr 0xa00 being updated in Cache
 284000: board.cache_hierarchy.l1i-cache-0: Block addr 0xa00 (ns) moving from  to state: 6 (E) writable: 1 readable: 1 dirty: 0 prefetched: 0 | tag: 0 secure: 0 valid: 1 | set: 0x28 way: 0
 284000: board.cache_hierarchy.l1i-cache-0: recvTimingResp: Leaving with ReadResp [a00:a3f] IF
 285000: board.processor.cores.core: 0x10a00    : slli a3, a5, 2             : 
 285000: board.processor.cores.core: 0x10a04    : auipc t0, 0                : 
 293000: board.processor.cores.core.workload: Translating: 0x10980->0x980
 293000: board.cache_hierarchy.l1i-cache-0: access for ReadReq [980:9bf] IF hit state: 6 (E) writable: 1 readable: 1 dirty: 0 prefetched: 0 | tag: 0 secure: 0 valid: 1 | set: 0x26 way: 0
 295000: board.processor.cores.core.workload: Translating: 0x109c0->0x9c0
 295000: board.cache_hierarchy.l1i-cache-0: access for ReadReq [9c0:9ff] IF miss
 296000: board.cache_hierarchy.l1i-cache-0: sendMSHRQueuePacket: MSHR ReadReq [9c0:9ff] IF
 296000: board.cache_hierarchy.l1i-cache-0: createMissPacket: created ReadSharedReq [9c0:9ff] IF from ReadReq [9c0:9ff] IF
 296000: board.cache_hierarchy.l2-cache-0: access for ReadSharedReq [9c0:9ff] IF miss
 286000: board.processor.cores.core: 0x10a08    : c_add a3, t0               : 
 286000: board.processor.cores.core: 0x10a0a    : c_mv t0, ra                : 
 287000: board.processor.cores.core: 0x10a0c    : jalr ra, -94(a3)           : 
 307000: board.cache_hierarchy.l2-cache-0: sendMSHRQueuePacket: MSHR ReadSharedReq [9c0:9ff] IF
 307000: board.cache_hierarchy.l2-cache-0: createMissPacket: created ReadSharedReq [9c0:9ff] IF from ReadSharedReq [9c0:9ff] IF
 355000: board.cache_hierarchy.l2-cache-0: recvTimingResp: Handling response ReadResp [9c0:9ff] IF
 355000: board.cache_hierarchy.l2-cache-0: Block for addr 0x9c0 being updated in Cache
 355000: board.cache_hierarchy.l2-cache-0: Block addr 0x9c0 (ns) moving from  to state: 6 (E) writable: 1 readable: 1 dirty: 0 prefetched: 0 | tag: 0 secure: 0 valid: 1 | set: 0x27 way: 0
 355000: board.cache_hierarchy.l2-cache-0: recvTimingResp: Leaving with ReadResp [9c0:9ff] IF
 357000: board.cache_hierarchy.l1i-cache-0: recvTimingResp: Handling response ReadResp [9c0:9ff] IF
 357000: board.cache_hierarchy.l1i-cache-0: Block for addr 0x9c0 being updated in Cache
 357000: board.cache_hierarchy.l1i-cache-0: Block addr 0x9c0 (ns) moving from  to state: 6 (E) writable: 1 readable: 1 dirty: 0 prefetched: 0 | tag: 0 secure: 0 valid: 1 | set: 0x27 way: 0
 357000: board.cache_hierarchy.l1i-cache-0: recvTimingResp: Leaving with ReadResp [9c0:9ff] IF
 362000: board.processor.cores.core.workload: Translating: 0x10a00->0xa00
 362000: board.cache_hierarchy.l1i-cache-0: access for ReadReq [a00:a3f] IF hit state: 6 (E) writable: 1 readable: 1 dirty: 0 prefetched: 0 | tag: 0 secure: 0 valid: 1 | set: 0x28 way: 0
 363000: board.processor.cores.core.workload: Translating: 0x133cf->0x33cf
 363000: board.processor.cores.core.workload: Translating: 0x133ce->0x33ce
 364000: board.processor.cores.core.workload: Translating: 0x133cd->0x33cd
 364000: board.processor.cores.core.workload: Translating: 0x133cc->0x33cc
 365000: board.processor.cores.core.workload: Translating: 0x10980->0x980
 365000: board.cache_hierarchy.l1i-cache-0: access for ReadReq [980:9bf] IF hit state: 6 (E) writable: 1 readable: 1 dirty: 0 prefetched: 0 | tag: 0 secure: 0 valid: 1 | set: 0x26 way: 0
 365000: board.processor.cores.core.workload: Translating: 0x133cb->0x33cb
 365000: board.processor.cores.core.workload: Translating: 0x133ca->0x33ca
 358000: board.processor.cores.core: 0x109c6    : sb a1, 7(a4)               : 
 358000: board.processor.cores.core: 0x109ca    : sb a1, 6(a4)               : 
 366000: board.processor.cores.core.workload: Translating: 0x133c9->0x33c9
 366000: board.processor.cores.core.workload: Translating: 0x133c8->0x33c8
 359000: board.processor.cores.core: 0x109ce    : sb a1, 5(a4)               : 
 359000: board.processor.cores.core: 0x109d2    : sb a1, 4(a4)               : 
 367000: board.cache_hierarchy.l1d-cache-0: access for WriteReq [33cf:33cf] type=MemWrite UC
 367000: board.cache_hierarchy.l1d-cache-0: access for WriteReq [33ce:33ce] type=MemWrite UC
 360000: board.processor.cores.core: 0x109d6    : sb a1, 3(a4)               : 
 360000: board.processor.cores.core: 0x109da    : sb a1, 2(a4)               : 
 368000: board.cache_hierarchy.l1d-cache-0: sendWriteQueuePacket: write WriteReq [33cf:33cf] type=MemWrite UC
 368000: board.cache_hierarchy.l2-cache-0: access for WriteReq [33cf:33cf] type=MemWrite UC
 368000: board.cache_hierarchy.l1d-cache-0: access for WriteReq [33cd:33cd] type=MemWrite UC
 368000: board.cache_hierarchy.l1d-cache-0: access for WriteReq [33cc:33cc] type=MemWrite UC
 361000: board.processor.cores.core: 0x109de    : sb a1, 1(a4)               : 
 361000: board.processor.cores.core: 0x109e2    : sb a1, 0(a4)               : 
 368001: board.cache_hierarchy.l1d-cache-0: sendWriteQueuePacket: write WriteReq [33ce:33ce] type=MemWrite UC
 369000: board.cache_hierarchy.l1d-cache-0: access for WriteReq [33cb:33cb] type=MemWrite UC
 369000: board.cache_hierarchy.l1d-cache-0: access for WriteReq [33ca:33ca] type=MemWrite UC
 362000: board.processor.cores.core: 0x109e6    : c_jr ra                    : 
 370000: board.cache_hierarchy.l1d-cache-0: sendWriteQueuePacket: write WriteReq [33ce:33ce] type=MemWrite UC
 370000: board.cache_hierarchy.l2-cache-0: access for WriteReq [33ce:33ce] type=MemWrite UC
 370000: board.processor.cores.core.workload: Translating: 0x10140->0x140
 370000: board.cache_hierarchy.l1i-cache-0: access for ReadReq [140:17f] IF hit state: 6 (E) writable: 1 readable: 1 dirty: 0 prefetched: 0 | tag: 0 secure: 0 valid: 1 | set: 0x5 way: 0
 370000: board.cache_hierarchy.l1d-cache-0: access for WriteReq [33c9:33c9] type=MemWrite UC
 370000: board.cache_hierarchy.l1d-cache-0: access for WriteReq [33c8:33c8] type=MemWrite UC
 363000: board.processor.cores.core: 0x10a10    : c_mv ra, t0                : 
 363000: board.processor.cores.core: 0x10a12    : c_addi a5, -16             : 
 370001: board.cache_hierarchy.l1d-cache-0: sendWriteQueuePacket: write WriteReq [33cd:33cd] type=MemWrite UC
 364000: board.processor.cores.core: 0x10a14    : c_sub a4, a5               : 
 364000: board.processor.cores.core: 0x10a16    : c_add a2, a5               : 
 372000: board.cache_hierarchy.l1d-cache-0: sendWriteQueuePacket: write WriteReq [33cd:33cd] type=MemWrite UC
 372000: board.cache_hierarchy.l2-cache-0: access for WriteReq [33cd:33cd] type=MemWrite UC
 365000: board.processor.cores.core: 0x10a18    : bgeu t1, a2, -126          : 
 365000: board.processor.cores.core: 0x10a1c    : c_j -154                   : 
 372001: board.cache_hierarchy.l1d-cache-0: sendWriteQueuePacket: write WriteReq [33cc:33cc] type=MemWrite UC
 373000: board.processor.cores.core.workload: Translating: 0x10180->0x180
 373000: board.cache_hierarchy.l1i-cache-0: access for ReadReq [180:1bf] IF miss
 373000: board.processor.cores.core.workload: Translating: 0x133d0->0x33d0
 373000: board.processor.cores.core.workload: Translating: 0x133d8->0x33d8
 366000: board.processor.cores.core: 0x10982    : c_bnez a1, 102             : 
 366000: board.processor.cores.core: 0x10984    : andi a3, a2, 18446744073709551600 : 
 374000: board.cache_hierarchy.l1i-cache-0: sendMSHRQueuePacket: MSHR ReadReq [180:1bf] IF
 374000: board.cache_hierarchy.l1i-cache-0: createMissPacket: created ReadSharedReq [180:1bf] IF from ReadReq [180:1bf] IF
 374000: board.cache_hierarchy.l1d-cache-0: sendWriteQueuePacket: write WriteReq [33cc:33cc] type=MemWrite UC
 374000: board.cache_hierarchy.l2-cache-0: access for WriteReq [33cc:33cc] type=MemWrite UC
 367000: board.processor.cores.core: 0x10988    : c_andi a2, 15              : 
 367000: board.processor.cores.core: 0x1098a    : c_add a3, a4               : 
 374001: board.cache_hierarchy.l1d-cache-0: sendWriteQueuePacket: write WriteReq [33cb:33cb] type=MemWrite UC
 368000: board.processor.cores.core: 0x1098c    : c_sd a1, 0(a4)             : 
 368000: board.processor.cores.core: 0x1098e    : c_sd a1, 8(a4)             : 
 376000: board.cache_hierarchy.l1i-cache-0: sendMSHRQueuePacket: MSHR ReadReq [180:1bf] IF
 376000: board.cache_hierarchy.l1i-cache-0: createMissPacket: created ReadSharedReq [180:1bf] IF from ReadReq [180:1bf] IF
 376000: board.cache_hierarchy.l2-cache-0: access for ReadSharedReq [180:1bf] IF miss
 377000: board.cache_hierarchy.l1d-cache-0: sendWriteQueuePacket: write WriteReq [33cb:33cb] type=MemWrite UC
 377000: board.cache_hierarchy.l2-cache-0: access for WriteReq [33cb:33cb] type=MemWrite UC
 377000: board.cache_hierarchy.l1d-cache-0: access for WriteReq [33d0:33d7] type=MemWrite UC
 377000: board.cache_hierarchy.l1d-cache-0: access for WriteReq [33d8:33df] type=MemWrite UC
 377001: board.cache_hierarchy.l1d-cache-0: sendWriteQueuePacket: write WriteReq [33ca:33ca] type=MemWrite UC
 378000: board.processor.cores.core.workload: Translating: 0x10980->0x980
 378000: board.cache_hierarchy.l1i-cache-0: access for ReadReq [980:9bf] IF hit state: 6 (E) writable: 1 readable: 1 dirty: 0 prefetched: 0 | tag: 0 secure: 0 valid: 1 | set: 0x26 way: 0
 379000: board.cache_hierarchy.l1d-cache-0: sendWriteQueuePacket: write WriteReq [33ca:33ca] type=MemWrite UC
 379000: board.cache_hierarchy.l2-cache-0: access for WriteReq [33ca:33ca] type=MemWrite UC
 379000: board.cache_hierarchy.l2-cache-0: sendWriteQueuePacket: write WriteReq [33cf:33cf] type=MemWrite UC
 369000: board.processor.cores.core: 0x10990    : c_addi a4, 16              : 
 369000: board.processor.cores.core: 0x10992    : bltu a4, a3, -6            : 
 379001: board.cache_hierarchy.l1d-cache-0: sendWriteQueuePacket: write WriteReq [33c9:33c9] type=MemWrite UC
 381000: board.cache_hierarchy.l2-cache-0: sendWriteQueuePacket: write WriteReq [33ce:33ce] type=MemWrite UC
 381000: board.cache_hierarchy.l2-cache-0: sendWriteQueuePacket: write WriteReq [33ce:33ce] type=MemWrite UC
 381000: board.cache_hierarchy.l1d-cache-0: sendWriteQueuePacket: write WriteReq [33c9:33c9] type=MemWrite UC
 381000: board.cache_hierarchy.l2-cache-0: access for WriteReq [33c9:33c9] type=MemWrite UC
 381000: board.processor.cores.core.workload: Translating: 0x10140->0x140
 381000: board.cache_hierarchy.l1i-cache-0: access for ReadReq [140:17f] IF hit state: 6 (E) writable: 1 readable: 1 dirty: 0 prefetched: 0 | tag: 0 secure: 0 valid: 1 | set: 0x5 way: 0
 381001: board.cache_hierarchy.l1d-cache-0: sendWriteQueuePacket: write WriteReq [33c8:33c8] type=MemWrite UC
 383000: board.cache_hierarchy.l1d-cache-0: sendWriteQueuePacket: write WriteReq [33c8:33c8] type=MemWrite UC
 383000: board.cache_hierarchy.l2-cache-0: access for WriteReq [33c8:33c8] type=MemWrite UC
 383000: board.cache_hierarchy.l2-cache-0: sendWriteQueuePacket: write WriteReq [33cd:33cd] type=MemWrite UC
 383000: board.cache_hierarchy.l2-cache-0: sendWriteQueuePacket: write WriteReq [33cd:33cd] type=MemWrite UC
 383001: board.cache_hierarchy.l1d-cache-0: sendWriteQueuePacket: write WriteReq [33d0:33d7] type=MemWrite UC
 384000: board.processor.cores.core.workload: Translating: 0x10180->0x180
 384000: board.cache_hierarchy.l1i-cache-0: access for ReadReq [180:1bf] IF miss
 384000: board.cache_hierarchy.l1i-cache-0: handleTimingReqMiss coalescing MSHR for ReadReq [180:1bf] IF
 385000: board.cache_hierarchy.l2-cache-0: sendWriteQueuePacket: write WriteReq [33cc:33cc] type=MemWrite UC
 385000: board.cache_hierarchy.l2-cache-0: sendWriteQueuePacket: write WriteReq [33cc:33cc] type=MemWrite UC
 385000: board.cache_hierarchy.l1d-cache-0: sendWriteQueuePacket: write WriteReq [33d0:33d7] type=MemWrite UC
 385000: board.cache_hierarchy.l2-cache-0: access for WriteReq [33d0:33d7] type=MemWrite UC
 385001: board.cache_hierarchy.l1d-cache-0: sendWriteQueuePacket: write WriteReq [33d8:33df] type=MemWrite UC
 386000: board.processor.cores.core.workload: Translating: 0x133e0->0x33e0
 386000: board.processor.cores.core.workload: Translating: 0x133e8->0x33e8
 387000: board.cache_hierarchy.l1d-cache-0: sendWriteQueuePacket: write WriteReq [33d8:33df] type=MemWrite UC
 387000: board.cache_hierarchy.l2-cache-0: access for WriteReq [33d8:33df] type=MemWrite UC
 387000: board.cache_hierarchy.l2-cache-0: sendMSHRQueuePacket: MSHR ReadSharedReq [180:1bf] IF
 387000: board.cache_hierarchy.l2-cache-0: createMissPacket: created ReadSharedReq [180:1bf] IF from ReadSharedReq [180:1bf] IF
 387000: board.cache_hierarchy.l2-cache-0: sendMSHRQueuePacket: MSHR ReadSharedReq [180:1bf] IF
 387000: board.cache_hierarchy.l2-cache-0: createMissPacket: created ReadSharedReq [180:1bf] IF from ReadSharedReq [180:1bf] IF
 388000: board.cache_hierarchy.l2-cache-0: sendWriteQueuePacket: write WriteReq [33cb:33cb] type=MemWrite UC
 388000: board.cache_hierarchy.l2-cache-0: sendWriteQueuePacket: write WriteReq [33cb:33cb] type=MemWrite UC
 379000: board.processor.cores.core: 0x1098c    : c_sd a1, 0(a4)             : 
 379000: board.processor.cores.core: 0x1098e    : c_sd a1, 8(a4)             : 
 390000: board.cache_hierarchy.l2-cache-0: sendWriteQueuePacket: write WriteReq [33ca:33ca] type=MemWrite UC
 390000: board.cache_hierarchy.l2-cache-0: sendWriteQueuePacket: write WriteReq [33ca:33ca] type=MemWrite UC
 390000: board.cache_hierarchy.l1d-cache-0: access for WriteReq [33e0:33e7] type=MemWrite UC
 390000: board.cache_hierarchy.l1d-cache-0: access for WriteReq [33e8:33ef] type=MemWrite UC
 391000: board.cache_hierarchy.l1d-cache-0: sendWriteQueuePacket: write WriteReq [33e0:33e7] type=MemWrite UC
 391000: board.cache_hierarchy.l2-cache-0: access for WriteReq [33e0:33e7] type=MemWrite UC
 391000: board.processor.cores.core.workload: Translating: 0x10980->0x980
 391000: board.cache_hierarchy.l1i-cache-0: access for ReadReq [980:9bf] IF hit state: 6 (E) writable: 1 readable: 1 dirty: 0 prefetched: 0 | tag: 0 secure: 0 valid: 1 | set: 0x26 way: 0
 380000: board.processor.cores.core: 0x10990    : c_addi a4, 16              : 
 380000: board.processor.cores.core: 0x10992    : bltu a4, a3, -6            : 
 391001: board.cache_hierarchy.l1d-cache-0: sendWriteQueuePacket: write WriteReq [33e8:33ef] type=MemWrite UC
 392000: board.cache_hierarchy.l2-cache-0: sendWriteQueuePacket: write WriteReq [33c9:33c9] type=MemWrite UC
 392000: board.cache_hierarchy.l2-cache-0: sendWriteQueuePacket: write WriteReq [33c9:33c9] type=MemWrite UC
 393000: board.cache_hierarchy.l1d-cache-0: sendWriteQueuePacket: write WriteReq [33e8:33ef] type=MemWrite UC
 393000: board.cache_hierarchy.l2-cache-0: access for WriteReq [33e8:33ef] type=MemWrite UC
 394000: board.cache_hierarchy.l2-cache-0: sendWriteQueuePacket: write WriteReq [33c8:33c8] type=MemWrite UC
 394000: board.cache_hierarchy.l2-cache-0: sendWriteQueuePacket: write WriteReq [33c8:33c8] type=MemWrite UC
 394000: board.processor.cores.core.workload: Translating: 0x10140->0x140
 394000: board.cache_hierarchy.l1i-cache-0: access for ReadReq [140:17f] IF hit state: 6 (E) writable: 1 readable: 1 dirty: 0 prefetched: 0 | tag: 0 secure: 0 valid: 1 | set: 0x5 way: 0
 396000: board.cache_hierarchy.l2-cache-0: sendWriteQueuePacket: write WriteReq [33d0:33d7] type=MemWrite UC
 396000: board.cache_hierarchy.l2-cache-0: sendWriteQueuePacket: write WriteReq [33d0:33d7] type=MemWrite UC
 397000: board.processor.cores.core.workload: Translating: 0x10180->0x180
 397000: board.cache_hierarchy.l1i-cache-0: access for ReadReq [180:1bf] IF miss
 397000: board.cache_hierarchy.l1i-cache-0: handleTimingReqMiss coalescing MSHR for ReadReq [180:1bf] IF
 398000: board.cache_hierarchy.l2-cache-0: sendWriteQueuePacket: write WriteReq [33d8:33df] type=MemWrite UC
 398000: board.cache_hierarchy.l2-cache-0: sendWriteQueuePacket: write WriteReq [33d8:33df] type=MemWrite UC
 398000: board.processor.cores.core.workload: Translating: 0x133f0->0x33f0
 398000: board.processor.cores.core.workload: Translating: 0x133f8->0x33f8
 400000: board.cache_hierarchy.l2-cache-0: recvTimingResp: Handling response WriteResp [33cf:33cf] type=MemWrite UC
 392000: board.processor.cores.core: 0x1098c    : c_sd a1, 0(a4)             : 
 392000: board.processor.cores.core: 0x1098e    : c_sd a1, 8(a4)             : 
 402000: board.cache_hierarchy.l1d-cache-0: recvTimingResp: Handling response WriteResp [33cf:33cf] type=MemWrite UC
 402000: board.cache_hierarchy.l2-cache-0: recvTimingResp: Handling response WriteResp [33ce:33ce] type=MemWrite UC
 402000: board.cache_hierarchy.l2-cache-0: sendWriteQueuePacket: write WriteReq [33e0:33e7] type=MemWrite UC
 402000: board.cache_hierarchy.l1d-cache-0: access for WriteReq [33f0:33f7] type=MemWrite UC
 402000: board.cache_hierarchy.l1d-cache-0: access for WriteReq [33f8:33ff] type=MemWrite UC
 403000: board.cache_hierarchy.l1d-cache-0: sendWriteQueuePacket: write WriteReq [33f0:33f7] type=MemWrite UC
 403000: board.cache_hierarchy.l2-cache-0: access for WriteReq [33f0:33f7] type=MemWrite UC
 403000: board.processor.cores.core.workload: Translating: 0x10980->0x980
 403000: board.cache_hierarchy.l1i-cache-0: access for ReadReq [980:9bf] IF hit state: 6 (E) writable: 1 readable: 1 dirty: 0 prefetched: 0 | tag: 0 secure: 0 valid: 1 | set: 0x26 way: 0
 393000: board.processor.cores.core: 0x10990    : c_addi a4, 16              : 
 393000: board.processor.cores.core: 0x10992    : bltu a4, a3, -6            : 
 403001: board.cache_hierarchy.l1d-cache-0: sendWriteQueuePacket: write WriteReq [33f8:33ff] type=MemWrite UC
 404000: board.cache_hierarchy.l1d-cache-0: recvTimingResp: Handling response WriteResp [33ce:33ce] type=MemWrite UC
 404000: board.cache_hierarchy.l2-cache-0: sendWriteQueuePacket: write WriteReq [33e8:33ef] type=MemWrite UC
 404000: board.cache_hierarchy.l2-cache-0: sendWriteQueuePacket: write WriteReq [33e8:33ef] type=MemWrite UC
 404000: board.cache_hierarchy.l2-cache-0: recvTimingResp: Handling response WriteResp [33cd:33cd] type=MemWrite UC
 405000: board.cache_hierarchy.l1d-cache-0: sendWriteQueuePacket: write WriteReq [33f8:33ff] type=MemWrite UC
 405000: board.cache_hierarchy.l2-cache-0: access for WriteReq [33f8:33ff] type=MemWrite UC
 406000: board.cache_hierarchy.l1d-cache-0: recvTimingResp: Handling response WriteResp [33cd:33cd] type=MemWrite UC
 406000: board.cache_hierarchy.l2-cache-0: recvTimingResp: Handling response WriteResp [33cc:33cc] type=MemWrite UC
 406000: board.processor.cores.core.workload: Translating: 0x10140->0x140
 406000: board.cache_hierarchy.l1i-cache-0: access for ReadReq [140:17f] IF hit state: 6 (E) writable: 1 readable: 1 dirty: 0 prefetched: 0 | tag: 0 secure: 0 valid: 1 | set: 0x5 way: 0
 408000: board.cache_hierarchy.l1d-cache-0: recvTimingResp: Handling response WriteResp [33cc:33cc] type=MemWrite UC
 409000: board.cache_hierarchy.l2-cache-0: recvTimingResp: Handling response WriteResp [33cb:33cb] type=MemWrite UC
 409000: board.processor.cores.core.workload: Translating: 0x10180->0x180
 409000: board.cache_hierarchy.l1i-cache-0: access for ReadReq [180:1bf] IF miss
 409000: board.cache_hierarchy.l1i-cache-0: handleTimingReqMiss coalescing MSHR for ReadReq [180:1bf] IF
 410000: board.processor.cores.core.workload: Translating: 0x13400->0x3400
 410000: board.processor.cores.core.workload: Translating: 0x13408->0x3408
 411000: board.cache_hierarchy.l1d-cache-0: recvTimingResp: Handling response WriteResp [33cb:33cb] type=MemWrite UC
 411000: board.cache_hierarchy.l2-cache-0: recvTimingResp: Handling response WriteResp [33ca:33ca] type=MemWrite UC
 404000: board.processor.cores.core: 0x1098c    : c_sd a1, 0(a4)             : 
 404000: board.processor.cores.core: 0x1098e    : c_sd a1, 8(a4)             : 
 413000: board.cache_hierarchy.l1d-cache-0: recvTimingResp: Handling response WriteResp [33ca:33ca] type=MemWrite UC
 413000: board.cache_hierarchy.l2-cache-0: recvTimingResp: Handling response WriteResp [33c9:33c9] type=MemWrite UC
 414000: board.cache_hierarchy.l2-cache-0: sendWriteQueuePacket: write WriteReq [33f0:33f7] type=MemWrite UC
 414000: board.cache_hierarchy.l1d-cache-0: access for WriteReq [3400:3407] type=MemWrite UC
 414000: board.cache_hierarchy.l1d-cache-0: access for WriteReq [3408:340f] type=MemWrite UC
 415000: board.cache_hierarchy.l1d-cache-0: sendWriteQueuePacket: write WriteReq [3400:3407] type=MemWrite UC
 415000: board.cache_hierarchy.l2-cache-0: access for WriteReq [3400:3407] type=MemWrite UC
 415000: board.cache_hierarchy.l1d-cache-0: recvTimingResp: Handling response WriteResp [33c9:33c9] type=MemWrite UC
 415000: board.cache_hierarchy.l2-cache-0: recvTimingResp: Handling response WriteResp [33c8:33c8] type=MemWrite UC
 415000: board.processor.cores.core.workload: Translating: 0x10980->0x980
 415000: board.cache_hierarchy.l1i-cache-0: access for ReadReq [980:9bf] IF hit state: 6 (E) writable: 1 readable: 1 dirty: 0 prefetched: 0 | tag: 0 secure: 0 valid: 1 | set: 0x26 way: 0
 405000: board.processor.cores.core: 0x10990    : c_addi a4, 16              : 
 405000: board.processor.cores.core: 0x10992    : bltu a4, a3, -6            : 
 415001: board.cache_hierarchy.l1d-cache-0: sendWriteQueuePacket: write WriteReq [3408:340f] type=MemWrite UC
 416000: board.cache_hierarchy.l2-cache-0: sendWriteQueuePacket: write WriteReq [33f8:33ff] type=MemWrite UC
 416000: board.cache_hierarchy.l2-cache-0: sendWriteQueuePacket: write WriteReq [33f8:33ff] type=MemWrite UC
 417000: board.cache_hierarchy.l1d-cache-0: recvTimingResp: Handling response WriteResp [33c8:33c8] type=MemWrite UC
 417000: board.cache_hierarchy.l2-cache-0: recvTimingResp: Handling response WriteResp [33d0:33d7] type=MemWrite UC
 417000: board.cache_hierarchy.l1d-cache-0: sendWriteQueuePacket: write WriteReq [3408:340f] type=MemWrite UC
 417000: board.cache_hierarchy.l2-cache-0: access for WriteReq [3408:340f] type=MemWrite UC
 418000: board.processor.cores.core.workload: Translating: 0x10140->0x140
 418000: board.cache_hierarchy.l1i-cache-0: access for ReadReq [140:17f] IF hit state: 6 (E) writable: 1 readable: 1 dirty: 0 prefetched: 0 | tag: 0 secure: 0 valid: 1 | set: 0x5 way: 0
 419000: board.cache_hierarchy.l1d-cache-0: recvTimingResp: Handling response WriteResp [33d0:33d7] type=MemWrite UC
 419000: board.cache_hierarchy.l2-cache-0: recvTimingResp: Handling response WriteResp [33d8:33df] type=MemWrite UC
 421000: board.cache_hierarchy.l1d-cache-0: recvTimingResp: Handling response WriteResp [33d8:33df] type=MemWrite UC
 421000: board.processor.cores.core.workload: Translating: 0x10180->0x180
 421000: board.cache_hierarchy.l1i-cache-0: access for ReadReq [180:1bf] IF miss
 421000: board.cache_hierarchy.l1i-cache-0: handleTimingReqMiss coalescing MSHR for ReadReq [180:1bf] IF
 422000: board.processor.cores.core.workload: Translating: 0x13410->0x3410
 422000: board.processor.cores.core.workload: Translating: 0x13418->0x3418
 423000: board.cache_hierarchy.l2-cache-0: recvTimingResp: Handling response WriteResp [33e0:33e7] type=MemWrite UC
 416000: board.processor.cores.core: 0x1098c    : c_sd a1, 0(a4)             : 
 416000: board.processor.cores.core: 0x1098e    : c_sd a1, 8(a4)             : 
 425000: board.cache_hierarchy.l1d-cache-0: recvTimingResp: Handling response WriteResp [33e0:33e7] type=MemWrite UC
 425000: board.cache_hierarchy.l2-cache-0: recvTimingResp: Handling response WriteResp [33e8:33ef] type=MemWrite UC
 426000: board.cache_hierarchy.l2-cache-0: sendWriteQueuePacket: write WriteReq [3400:3407] type=MemWrite UC
 426000: board.cache_hierarchy.l1d-cache-0: access for WriteReq [3410:3417] type=MemWrite UC
 426000: board.cache_hierarchy.l1d-cache-0: access for WriteReq [3418:341f] type=MemWrite UC
 427000: board.cache_hierarchy.l1d-cache-0: sendWriteQueuePacket: write WriteReq [3410:3417] type=MemWrite UC
 427000: board.cache_hierarchy.l2-cache-0: access for WriteReq [3410:3417] type=MemWrite UC
 427000: board.cache_hierarchy.l1d-cache-0: recvTimingResp: Handling response WriteResp [33e8:33ef] type=MemWrite UC
 427000: board.processor.cores.core.workload: Translating: 0x10980->0x980
 427000: board.cache_hierarchy.l1i-cache-0: access for ReadReq [980:9bf] IF hit state: 6 (E) writable: 1 readable: 1 dirty: 0 prefetched: 0 | tag: 0 secure: 0 valid: 1 | set: 0x26 way: 0
 417000: board.processor.cores.core: 0x10990    : c_addi a4, 16              : 
 417000: board.processor.cores.core: 0x10992    : bltu a4, a3, -6            : 
 427001: board.cache_hierarchy.l1d-cache-0: sendWriteQueuePacket: write WriteReq [3418:341f] type=MemWrite UC
 428000: board.cache_hierarchy.l2-cache-0: sendWriteQueuePacket: write WriteReq [3408:340f] type=MemWrite UC
 428000: board.cache_hierarchy.l2-cache-0: sendWriteQueuePacket: write WriteReq [3408:340f] type=MemWrite UC
 429000: board.cache_hierarchy.l1d-cache-0: sendWriteQueuePacket: write WriteReq [3418:341f] type=MemWrite UC
 429000: board.cache_hierarchy.l2-cache-0: access for WriteReq [3418:341f] type=MemWrite UC
 430000: board.processor.cores.core.workload: Translating: 0x10140->0x140
 430000: board.cache_hierarchy.l1i-cache-0: access for ReadReq [140:17f] IF hit state: 6 (E) writable: 1 readable: 1 dirty: 0 prefetched: 0 | tag: 0 secure: 0 valid: 1 | set: 0x5 way: 0
 433000: board.processor.cores.core.workload: Translating: 0x10180->0x180
 433000: board.cache_hierarchy.l1i-cache-0: access for ReadReq [180:1bf] IF miss
 433000: board.cache_hierarchy.l1i-cache-0: handleTimingReqMiss coalescing MSHR for ReadReq [180:1bf] IF
 434000: board.processor.cores.core.workload: Translating: 0x13420->0x3420
 434000: board.processor.cores.core.workload: Translating: 0x13428->0x3428
 435000: board.cache_hierarchy.l2-cache-0: recvTimingResp: Handling response ReadResp [180:1bf] IF
 435000: board.cache_hierarchy.l2-cache-0: Block for addr 0x180 being updated in Cache
 435000: board.cache_hierarchy.l2-cache-0: Block addr 0x180 (ns) moving from  to state: 6 (E) writable: 1 readable: 1 dirty: 0 prefetched: 0 | tag: 0 secure: 0 valid: 1 | set: 0x6 way: 0
 435000: board.cache_hierarchy.l2-cache-0: recvTimingResp: Leaving with ReadResp [180:1bf] IF
 428000: board.processor.cores.core: 0x1098c    : c_sd a1, 0(a4)             : 
 428000: board.processor.cores.core: 0x1098e    : c_sd a1, 8(a4)             : 
 437000: board.cache_hierarchy.l1i-cache-0: recvTimingResp: Handling response ReadResp [180:1bf] IF
 437000: board.cache_hierarchy.l1i-cache-0: Block for addr 0x180 being updated in Cache
 437000: board.cache_hierarchy.l1i-cache-0: Block addr 0x180 (ns) moving from  to state: 6 (E) writable: 1 readable: 1 dirty: 0 prefetched: 0 | tag: 0 secure: 0 valid: 1 | set: 0x6 way: 0
 437000: board.cache_hierarchy.l1i-cache-0: recvTimingResp: Leaving with ReadResp [180:1bf] IF
 437000: board.cache_hierarchy.l2-cache-0: recvTimingResp: Handling response WriteResp [33f0:33f7] type=MemWrite UC
 438000: board.cache_hierarchy.l2-cache-0: recvTimingResp: Handling response WriteResp [33f8:33ff] type=MemWrite UC
 438000: board.cache_hierarchy.l2-cache-0: sendWriteQueuePacket: write WriteReq [3410:3417] type=MemWrite UC
 438000: board.cache_hierarchy.l1d-cache-0: access for WriteReq [3420:3427] type=MemWrite UC
 438000: board.cache_hierarchy.l1d-cache-0: access for WriteReq [3428:342f] type=MemWrite UC
 439000: board.cache_hierarchy.l1d-cache-0: sendWriteQueuePacket: write WriteReq [3420:3427] type=MemWrite UC
 439000: board.cache_hierarchy.l2-cache-0: access for WriteReq [3420:3427] type=MemWrite UC
 439000: board.cache_hierarchy.l1d-cache-0: recvTimingResp: Handling response WriteResp [33f0:33f7] type=MemWrite UC
 439000: board.processor.cores.core.workload: Translating: 0x10980->0x980
 439000: board.cache_hierarchy.l1i-cache-0: access for ReadReq [980:9bf] IF hit state: 6 (E) writable: 1 readable: 1 dirty: 0 prefetched: 0 | tag: 0 secure: 0 valid: 1 | set: 0x26 way: 0
 429000: board.processor.cores.core: 0x10990    : c_addi a4, 16              : 
 429000: board.processor.cores.core: 0x10992    : bltu a4, a3, -6            : 
 439001: board.cache_hierarchy.l1d-cache-0: sendWriteQueuePacket: write WriteReq [3428:342f] type=MemWrite UC
 440000: board.cache_hierarchy.l1d-cache-0: recvTimingResp: Handling response WriteResp [33f8:33ff] type=MemWrite UC
 440000: board.cache_hierarchy.l2-cache-0: sendWriteQueuePacket: write WriteReq [3418:341f] type=MemWrite UC
 440000: board.cache_hierarchy.l2-cache-0: sendWriteQueuePacket: write WriteReq [3418:341f] type=MemWrite UC
 441000: board.cache_hierarchy.l1d-cache-0: sendWriteQueuePacket: write WriteReq [3428:342f] type=MemWrite UC
 441000: board.cache_hierarchy.l2-cache-0: access for WriteReq [3428:342f] type=MemWrite UC
 442000: board.processor.cores.core.workload: Translating: 0x10140->0x140
 442000: board.cache_hierarchy.l1i-cache-0: access for ReadReq [140:17f] IF hit state: 6 (E) writable: 1 readable: 1 dirty: 0 prefetched: 0 | tag: 0 secure: 0 valid: 1 | set: 0x5 way: 0
 445000: board.processor.cores.core.workload: Translating: 0x10180->0x180
 445000: board.cache_hierarchy.l1i-cache-0: access for ReadReq [180:1bf] IF hit state: 6 (E) writable: 1 readable: 1 dirty: 0 prefetched: 0 | tag: 0 secure: 0 valid: 1 | set: 0x6 way: 0
 446000: board.processor.cores.core.workload: Translating: 0x13430->0x3430
 446000: board.processor.cores.core.workload: Translating: 0x13438->0x3438
 447000: board.cache_hierarchy.l2-cache-0: recvTimingResp: Handling response WriteResp [3400:3407] type=MemWrite UC
 440000: board.processor.cores.core: 0x1098c    : c_sd a1, 0(a4)             : 
 440000: board.processor.cores.core: 0x1098e    : c_sd a1, 8(a4)             : 
 449000: board.cache_hierarchy.l1d-cache-0: recvTimingResp: Handling response WriteResp [3400:3407] type=MemWrite UC
 449000: board.cache_hierarchy.l2-cache-0: recvTimingResp: Handling response WriteResp [3408:340f] type=MemWrite UC
 450000: board.cache_hierarchy.l2-cache-0: sendWriteQueuePacket: write WriteReq [3420:3427] type=MemWrite UC
 450000: board.cache_hierarchy.l1d-cache-0: access for WriteReq [3430:3437] type=MemWrite UC
 450000: board.cache_hierarchy.l1d-cache-0: access for WriteReq [3438:343f] type=MemWrite UC
 451000: board.cache_hierarchy.l1d-cache-0: sendWriteQueuePacket: write WriteReq [3430:3437] type=MemWrite UC
 451000: board.cache_hierarchy.l2-cache-0: access for WriteReq [3430:3437] type=MemWrite UC
 451000: board.cache_hierarchy.l1d-cache-0: recvTimingResp: Handling response WriteResp [3408:340f] type=MemWrite UC
 451000: board.processor.cores.core.workload: Translating: 0x10980->0x980
 451000: board.cache_hierarchy.l1i-cache-0: access for ReadReq [980:9bf] IF hit state: 6 (E) writable: 1 readable: 1 dirty: 0 prefetched: 0 | tag: 0 secure: 0 valid: 1 | set: 0x26 way: 0
 441000: board.processor.cores.core: 0x10990    : c_addi a4, 16              : 
 441000: board.processor.cores.core: 0x10992    : bltu a4, a3, -6            : 
 451001: board.cache_hierarchy.l1d-cache-0: sendWriteQueuePacket: write WriteReq [3438:343f] type=MemWrite UC
 452000: board.cache_hierarchy.l2-cache-0: sendWriteQueuePacket: write WriteReq [3428:342f] type=MemWrite UC
 452000: board.cache_hierarchy.l2-cache-0: sendWriteQueuePacket: write WriteReq [3428:342f] type=MemWrite UC
 453000: board.cache_hierarchy.l1d-cache-0: sendWriteQueuePacket: write WriteReq [3438:343f] type=MemWrite UC
 453000: board.cache_hierarchy.l2-cache-0: access for WriteReq [3438:343f] type=MemWrite UC
 454000: board.processor.cores.core.workload: Translating: 0x10140->0x140
 454000: board.cache_hierarchy.l1i-cache-0: access for ReadReq [140:17f] IF hit state: 6 (E) writable: 1 readable: 1 dirty: 0 prefetched: 0 | tag: 0 secure: 0 valid: 1 | set: 0x5 way: 0
 457000: board.processor.cores.core.workload: Translating: 0x10180->0x180
 457000: board.cache_hierarchy.l1i-cache-0: access for ReadReq [180:1bf] IF hit state: 6 (E) writable: 1 readable: 1 dirty: 0 prefetched: 0 | tag: 0 secure: 0 valid: 1 | set: 0x6 way: 0
 458000: board.processor.cores.core.workload: Translating: 0x10ac0->0xac0
 458000: board.cache_hierarchy.l1i-cache-0: access for ReadReq [ac0:aff] IF miss
 458000: board.processor.cores.core.workload: Translating: 0x13440->0x3440
 458000: board.processor.cores.core.workload: Translating: 0x13448->0x3448
 459000: board.cache_hierarchy.l1i-cache-0: sendMSHRQueuePacket: MSHR ReadReq [ac0:aff] IF
 459000: board.cache_hierarchy.l1i-cache-0: createMissPacket: created ReadSharedReq [ac0:aff] IF from ReadReq [ac0:aff] IF
 459000: board.cache_hierarchy.l2-cache-0: access for ReadSharedReq [ac0:aff] IF miss
 459000: board.cache_hierarchy.l2-cache-0: recvTimingResp: Handling response WriteResp [3410:3417] type=MemWrite UC
 452000: board.processor.cores.core: 0x1098c    : c_sd a1, 0(a4)             : 
 452000: board.processor.cores.core: 0x1098e    : c_sd a1, 8(a4)             : 
 461000: board.cache_hierarchy.l1d-cache-0: recvTimingResp: Handling response WriteResp [3410:3417] type=MemWrite UC
 461000: board.cache_hierarchy.l2-cache-0: recvTimingResp: Handling response WriteResp [3418:341f] type=MemWrite UC
 462000: board.cache_hierarchy.l2-cache-0: sendWriteQueuePacket: write WriteReq [3430:3437] type=MemWrite UC
 462000: board.cache_hierarchy.l1d-cache-0: access for WriteReq [3440:3447] type=MemWrite UC
 462000: board.cache_hierarchy.l1d-cache-0: access for WriteReq [3448:344f] type=MemWrite UC
 463000: board.cache_hierarchy.l1d-cache-0: sendWriteQueuePacket: write WriteReq [3440:3447] type=MemWrite UC
 463000: board.cache_hierarchy.l2-cache-0: access for WriteReq [3440:3447] type=MemWrite UC
 463000: board.cache_hierarchy.l1d-cache-0: recvTimingResp: Handling response WriteResp [3418:341f] type=MemWrite UC
 463000: board.processor.cores.core.workload: Translating: 0x10980->0x980
 463000: board.cache_hierarchy.l1i-cache-0: access for ReadReq [980:9bf] IF hit state: 6 (E) writable: 1 readable: 1 dirty: 0 prefetched: 0 | tag: 0 secure: 0 valid: 1 | set: 0x26 way: 0
 453000: board.processor.cores.core: 0x10990    : c_addi a4, 16              : 
 453000: board.processor.cores.core: 0x10992    : bltu a4, a3, -6            : 
 463001: board.cache_hierarchy.l1d-cache-0: sendWriteQueuePacket: write WriteReq [3448:344f] type=MemWrite UC
 464000: board.cache_hierarchy.l2-cache-0: sendWriteQueuePacket: write WriteReq [3438:343f] type=MemWrite UC
 464000: board.cache_hierarchy.l2-cache-0: sendWriteQueuePacket: write WriteReq [3438:343f] type=MemWrite UC
 465000: board.cache_hierarchy.l1d-cache-0: sendWriteQueuePacket: write WriteReq [3448:344f] type=MemWrite UC
 465000: board.cache_hierarchy.l2-cache-0: access for WriteReq [3448:344f] type=MemWrite UC
 466000: board.processor.cores.core.workload: Translating: 0x10140->0x140
 466000: board.cache_hierarchy.l1i-cache-0: access for ReadReq [140:17f] IF hit state: 6 (E) writable: 1 readable: 1 dirty: 0 prefetched: 0 | tag: 0 secure: 0 valid: 1 | set: 0x5 way: 0
 469000: board.processor.cores.core.workload: Translating: 0x10180->0x180
 469000: board.cache_hierarchy.l1i-cache-0: access for ReadReq [180:1bf] IF hit state: 6 (E) writable: 1 readable: 1 dirty: 0 prefetched: 0 | tag: 0 secure: 0 valid: 1 | set: 0x6 way: 0
 470000: board.cache_hierarchy.l2-cache-0: sendMSHRQueuePacket: MSHR ReadSharedReq [ac0:aff] IF
 470000: board.cache_hierarchy.l2-cache-0: createMissPacket: created ReadSharedReq [ac0:aff] IF from ReadSharedReq [ac0:aff] IF
 470000: board.processor.cores.core.workload: Translating: 0x10ac0->0xac0
 470000: board.cache_hierarchy.l1i-cache-0: access for ReadReq [ac0:aff] IF miss
 470000: board.cache_hierarchy.l1i-cache-0: handleTimingReqMiss coalescing MSHR for ReadReq [ac0:aff] IF
 470000: board.processor.cores.core.workload: Translating: 0x13450->0x3450
 470000: board.processor.cores.core.workload: Translating: 0x13458->0x3458
 471000: board.cache_hierarchy.l2-cache-0: recvTimingResp: Handling response WriteResp [3420:3427] type=MemWrite UC
 464000: board.processor.cores.core: 0x1098c    : c_sd a1, 0(a4)             : 
 464000: board.processor.cores.core: 0x1098e    : c_sd a1, 8(a4)             : 
 473000: board.cache_hierarchy.l1d-cache-0: recvTimingResp: Handling response WriteResp [3420:3427] type=MemWrite UC
 473000: board.cache_hierarchy.l2-cache-0: recvTimingResp: Handling response WriteResp [3428:342f] type=MemWrite UC
 474000: board.cache_hierarchy.l2-cache-0: sendWriteQueuePacket: write WriteReq [3440:3447] type=MemWrite UC
 474000: board.cache_hierarchy.l1d-cache-0: access for WriteReq [3450:3457] type=MemWrite UC
 474000: board.cache_hierarchy.l1d-cache-0: access for WriteReq [3458:345f] type=MemWrite UC
 475000: board.cache_hierarchy.l1d-cache-0: sendWriteQueuePacket: write WriteReq [3450:3457] type=MemWrite UC
 475000: board.cache_hierarchy.l2-cache-0: access for WriteReq [3450:3457] type=MemWrite UC
 475000: board.cache_hierarchy.l1d-cache-0: recvTimingResp: Handling response WriteResp [3428:342f] type=MemWrite UC
 475000: board.processor.cores.core.workload: Translating: 0x10980->0x980
 475000: board.cache_hierarchy.l1i-cache-0: access for ReadReq [980:9bf] IF hit state: 6 (E) writable: 1 readable: 1 dirty: 0 prefetched: 0 | tag: 0 secure: 0 valid: 1 | set: 0x26 way: 0
 465000: board.processor.cores.core: 0x10990    : c_addi a4, 16              : 
 465000: board.processor.cores.core: 0x10992    : bltu a4, a3, -6            : 
 475001: board.cache_hierarchy.l1d-cache-0: sendWriteQueuePacket: write WriteReq [3458:345f] type=MemWrite UC
 476000: board.cache_hierarchy.l2-cache-0: sendWriteQueuePacket: write WriteReq [3448:344f] type=MemWrite UC
 476000: board.cache_hierarchy.l2-cache-0: sendWriteQueuePacket: write WriteReq [3448:344f] type=MemWrite UC
 477000: board.cache_hierarchy.l1d-cache-0: sendWriteQueuePacket: write WriteReq [3458:345f] type=MemWrite UC
 477000: board.cache_hierarchy.l2-cache-0: access for WriteReq [3458:345f] type=MemWrite UC
 478000: board.processor.cores.core.workload: Translating: 0x10140->0x140
 478000: board.cache_hierarchy.l1i-cache-0: access for ReadReq [140:17f] IF hit state: 6 (E) writable: 1 readable: 1 dirty: 0 prefetched: 0 | tag: 0 secure: 0 valid: 1 | set: 0x5 way: 0
 481000: board.processor.cores.core.workload: Translating: 0x10180->0x180
 481000: board.cache_hierarchy.l1i-cache-0: access for ReadReq [180:1bf] IF hit state: 6 (E) writable: 1 readable: 1 dirty: 0 prefetched: 0 | tag: 0 secure: 0 valid: 1 | set: 0x6 way: 0
 482000: board.processor.cores.core.workload: Translating: 0x10ac0->0xac0
 482000: board.cache_hierarchy.l1i-cache-0: access for ReadReq [ac0:aff] IF miss
 482000: board.cache_hierarchy.l1i-cache-0: handleTimingReqMiss coalescing MSHR for ReadReq [ac0:aff] IF
 482000: board.processor.cores.core.workload: Translating: 0x13460->0x3460
 482000: board.processor.cores.core.workload: Translating: 0x13468->0x3468
 483000: board.cache_hierarchy.l2-cache-0: recvTimingResp: Handling response WriteResp [3430:3437] type=MemWrite UC
 476000: board.processor.cores.core: 0x1098c    : c_sd a1, 0(a4)             : 
 476000: board.processor.cores.core: 0x1098e    : c_sd a1, 8(a4)             : 
 485000: board.cache_hierarchy.l1d-cache-0: recvTimingResp: Handling response WriteResp [3430:3437] type=MemWrite UC
 485000: board.cache_hierarchy.l2-cache-0: recvTimingResp: Handling response WriteResp [3438:343f] type=MemWrite UC
 486000: board.cache_hierarchy.l2-cache-0: sendWriteQueuePacket: write WriteReq [3450:3457] type=MemWrite UC
 486000: board.cache_hierarchy.l1d-cache-0: access for WriteReq [3460:3467] type=MemWrite UC
 486000: board.cache_hierarchy.l1d-cache-0: access for WriteReq [3468:346f] type=MemWrite UC
 487000: board.cache_hierarchy.l1d-cache-0: sendWriteQueuePacket: write WriteReq [3460:3467] type=MemWrite UC
 487000: board.cache_hierarchy.l2-cache-0: access for WriteReq [3460:3467] type=MemWrite UC
 487000: board.cache_hierarchy.l1d-cache-0: recvTimingResp: Handling response WriteResp [3438:343f] type=MemWrite UC
 487000: board.processor.cores.core.workload: Translating: 0x10980->0x980
 487000: board.cache_hierarchy.l1i-cache-0: access for ReadReq [980:9bf] IF hit state: 6 (E) writable: 1 readable: 1 dirty: 0 prefetched: 0 | tag: 0 secure: 0 valid: 1 | set: 0x26 way: 0
 477000: board.processor.cores.core: 0x10990    : c_addi a4, 16              : 
 477000: board.processor.cores.core: 0x10992    : bltu a4, a3, -6            : 
 487001: board.cache_hierarchy.l1d-cache-0: sendWriteQueuePacket: write WriteReq [3468:346f] type=MemWrite UC
 488000: board.cache_hierarchy.l2-cache-0: sendWriteQueuePacket: write WriteReq [3458:345f] type=MemWrite UC
 488000: board.cache_hierarchy.l2-cache-0: sendWriteQueuePacket: write WriteReq [3458:345f] type=MemWrite UC
 489000: board.cache_hierarchy.l1d-cache-0: sendWriteQueuePacket: write WriteReq [3468:346f] type=MemWrite UC
 489000: board.cache_hierarchy.l2-cache-0: access for WriteReq [3468:346f] type=MemWrite UC
 490000: board.processor.cores.core.workload: Translating: 0x10140->0x140
 490000: board.cache_hierarchy.l1i-cache-0: access for ReadReq [140:17f] IF hit state: 6 (E) writable: 1 readable: 1 dirty: 0 prefetched: 0 | tag: 0 secure: 0 valid: 1 | set: 0x5 way: 0
 493000: board.processor.cores.core.workload: Translating: 0x10180->0x180
 493000: board.cache_hierarchy.l1i-cache-0: access for ReadReq [180:1bf] IF hit state: 6 (E) writable: 1 readable: 1 dirty: 0 prefetched: 0 | tag: 0 secure: 0 valid: 1 | set: 0x6 way: 0
 494000: board.processor.cores.core.workload: Translating: 0x10ac0->0xac0
 494000: board.cache_hierarchy.l1i-cache-0: access for ReadReq [ac0:aff] IF miss
 494000: board.cache_hierarchy.l1i-cache-0: handleTimingReqMiss coalescing MSHR for ReadReq [ac0:aff] IF
 494000: board.processor.cores.core.workload: Translating: 0x13470->0x3470
 494000: board.processor.cores.core.workload: Translating: 0x13478->0x3478
 495000: board.cache_hierarchy.l2-cache-0: recvTimingResp: Handling response WriteResp [3440:3447] type=MemWrite UC
 488000: board.processor.cores.core: 0x1098c    : c_sd a1, 0(a4)             : 
 488000: board.processor.cores.core: 0x1098e    : c_sd a1, 8(a4)             : 
 497000: board.cache_hierarchy.l1d-cache-0: recvTimingResp: Handling response WriteResp [3440:3447] type=MemWrite UC
 497000: board.cache_hierarchy.l2-cache-0: recvTimingResp: Handling response WriteResp [3448:344f] type=MemWrite UC
 498000: board.cache_hierarchy.l2-cache-0: sendWriteQueuePacket: write WriteReq [3460:3467] type=MemWrite UC
 498000: board.cache_hierarchy.l1d-cache-0: access for WriteReq [3470:3477] type=MemWrite UC
 498000: board.cache_hierarchy.l1d-cache-0: access for WriteReq [3478:347f] type=MemWrite UC
 499000: board.cache_hierarchy.l1d-cache-0: sendWriteQueuePacket: write WriteReq [3470:3477] type=MemWrite UC
 499000: board.cache_hierarchy.l2-cache-0: access for WriteReq [3470:3477] type=MemWrite UC
 499000: board.cache_hierarchy.l1d-cache-0: recvTimingResp: Handling response WriteResp [3448:344f] type=MemWrite UC
 499000: board.processor.cores.core.workload: Translating: 0x10980->0x980
 499000: board.cache_hierarchy.l1i-cache-0: access for ReadReq [980:9bf] IF hit state: 6 (E) writable: 1 readable: 1 dirty: 0 prefetched: 0 | tag: 0 secure: 0 valid: 1 | set: 0x26 way: 0
 489000: board.processor.cores.core: 0x10990    : c_addi a4, 16              : 
 489000: board.processor.cores.core: 0x10992    : bltu a4, a3, -6            : 
 499001: board.cache_hierarchy.l1d-cache-0: sendWriteQueuePacket: write WriteReq [3478:347f] type=MemWrite UC
 500000: board.cache_hierarchy.l2-cache-0: sendWriteQueuePacket: write WriteReq [3468:346f] type=MemWrite UC
 500000: board.cache_hierarchy.l2-cache-0: sendWriteQueuePacket: write WriteReq [3468:346f] type=MemWrite UC
 501000: board.cache_hierarchy.l1d-cache-0: sendWriteQueuePacket: write WriteReq [3478:347f] type=MemWrite UC
 501000: board.cache_hierarchy.l2-cache-0: access for WriteReq [3478:347f] type=MemWrite UC
 502000: board.processor.cores.core.workload: Translating: 0x10140->0x140
 502000: board.cache_hierarchy.l1i-cache-0: access for ReadReq [140:17f] IF hit state: 6 (E) writable: 1 readable: 1 dirty: 0 prefetched: 0 | tag: 0 secure: 0 valid: 1 | set: 0x5 way: 0
 505000: board.processor.cores.core.workload: Translating: 0x10180->0x180
 505000: board.cache_hierarchy.l1i-cache-0: access for ReadReq [180:1bf] IF hit state: 6 (E) writable: 1 readable: 1 dirty: 0 prefetched: 0 | tag: 0 secure: 0 valid: 1 | set: 0x6 way: 0
 506000: board.processor.cores.core.workload: Translating: 0x10ac0->0xac0
 506000: board.cache_hierarchy.l1i-cache-0: access for ReadReq [ac0:aff] IF miss
 506000: board.cache_hierarchy.l1i-cache-0: handleTimingReqMiss coalescing MSHR for ReadReq [ac0:aff] IF
 506000: board.processor.cores.core.workload: Translating: 0x13480->0x3480
 506000: board.processor.cores.core.workload: Translating: 0x13488->0x3488
 507000: board.cache_hierarchy.l2-cache-0: recvTimingResp: Handling response WriteResp [3450:3457] type=MemWrite UC
 500000: board.processor.cores.core: 0x1098c    : c_sd a1, 0(a4)             : 
 500000: board.processor.cores.core: 0x1098e    : c_sd a1, 8(a4)             : 
 509000: board.cache_hierarchy.l1d-cache-0: recvTimingResp: Handling response WriteResp [3450:3457] type=MemWrite UC
 509000: board.cache_hierarchy.l2-cache-0: recvTimingResp: Handling response WriteResp [3458:345f] type=MemWrite UC
 510000: board.cache_hierarchy.l2-cache-0: sendWriteQueuePacket: write WriteReq [3470:3477] type=MemWrite UC
 510000: board.cache_hierarchy.l1d-cache-0: access for WriteReq [3480:3487] type=MemWrite UC
 510000: board.cache_hierarchy.l1d-cache-0: access for WriteReq [3488:348f] type=MemWrite UC
 511000: board.cache_hierarchy.l1d-cache-0: sendWriteQueuePacket: write WriteReq [3480:3487] type=MemWrite UC
 511000: board.cache_hierarchy.l2-cache-0: access for WriteReq [3480:3487] type=MemWrite UC
 511000: board.cache_hierarchy.l1d-cache-0: recvTimingResp: Handling response WriteResp [3458:345f] type=MemWrite UC
 511000: board.processor.cores.core.workload: Translating: 0x10980->0x980
 511000: board.cache_hierarchy.l1i-cache-0: access for ReadReq [980:9bf] IF hit state: 6 (E) writable: 1 readable: 1 dirty: 0 prefetched: 0 | tag: 0 secure: 0 valid: 1 | set: 0x26 way: 0
 501000: board.processor.cores.core: 0x10990    : c_addi a4, 16              : 
 501000: board.processor.cores.core: 0x10992    : bltu a4, a3, -6            : 
 511001: board.cache_hierarchy.l1d-cache-0: sendWriteQueuePacket: write WriteReq [3488:348f] type=MemWrite UC
 512000: board.cache_hierarchy.l2-cache-0: sendWriteQueuePacket: write WriteReq [3478:347f] type=MemWrite UC
 512000: board.cache_hierarchy.l2-cache-0: sendWriteQueuePacket: write WriteReq [3478:347f] type=MemWrite UC
 513000: board.cache_hierarchy.l1d-cache-0: sendWriteQueuePacket: write WriteReq [3488:348f] type=MemWrite UC
 513000: board.cache_hierarchy.l2-cache-0: access for WriteReq [3488:348f] type=MemWrite UC
 514000: board.processor.cores.core.workload: Translating: 0x10140->0x140
 514000: board.cache_hierarchy.l1i-cache-0: access for ReadReq [140:17f] IF hit state: 6 (E) writable: 1 readable: 1 dirty: 0 prefetched: 0 | tag: 0 secure: 0 valid: 1 | set: 0x5 way: 0
 517000: board.processor.cores.core.workload: Translating: 0x10180->0x180
 517000: board.cache_hierarchy.l1i-cache-0: access for ReadReq [180:1bf] IF hit state: 6 (E) writable: 1 readable: 1 dirty: 0 prefetched: 0 | tag: 0 secure: 0 valid: 1 | set: 0x6 way: 0
 518000: board.cache_hierarchy.l2-cache-0: recvTimingResp: Handling response ReadResp [ac0:aff] IF
 518000: board.cache_hierarchy.l2-cache-0: Block for addr 0xac0 being updated in Cache
 518000: board.cache_hierarchy.l2-cache-0: Block addr 0xac0 (ns) moving from  to state: 6 (E) writable: 1 readable: 1 dirty: 0 prefetched: 0 | tag: 0 secure: 0 valid: 1 | set: 0x2b way: 0
 518000: board.cache_hierarchy.l2-cache-0: recvTimingResp: Leaving with ReadResp [ac0:aff] IF
 518000: board.processor.cores.core.workload: Translating: 0x10ac0->0xac0
 518000: board.cache_hierarchy.l1i-cache-0: access for ReadReq [ac0:aff] IF miss
 518000: board.cache_hierarchy.l1i-cache-0: handleTimingReqMiss coalescing MSHR for ReadReq [ac0:aff] IF
 518000: board.processor.cores.core.workload: Translating: 0x13490->0x3490
 518000: board.processor.cores.core.workload: Translating: 0x13498->0x3498
 520000: board.cache_hierarchy.l1i-cache-0: recvTimingResp: Handling response ReadResp [ac0:aff] IF
 520000: board.cache_hierarchy.l1i-cache-0: Block for addr 0xac0 being updated in Cache
 520000: board.cache_hierarchy.l1i-cache-0: Block addr 0xac0 (ns) moving from  to state: 6 (E) writable: 1 readable: 1 dirty: 0 prefetched: 0 | tag: 0 secure: 0 valid: 1 | set: 0x2b way: 0
 520000: board.cache_hierarchy.l1i-cache-0: recvTimingResp: Leaving with ReadResp [ac0:aff] IF
 520000: board.cache_hierarchy.l2-cache-0: recvTimingResp: Handling response WriteResp [3460:3467] type=MemWrite UC
 512000: board.processor.cores.core: 0x1098c    : c_sd a1, 0(a4)             : 
 512000: board.processor.cores.core: 0x1098e    : c_sd a1, 8(a4)             : 
 521000: board.cache_hierarchy.l2-cache-0: recvTimingResp: Handling response WriteResp [3468:346f] type=MemWrite UC
 522000: board.cache_hierarchy.l1d-cache-0: recvTimingResp: Handling response WriteResp [3460:3467] type=MemWrite UC
 522000: board.cache_hierarchy.l2-cache-0: sendWriteQueuePacket: write WriteReq [3480:3487] type=MemWrite UC
 522000: board.cache_hierarchy.l1d-cache-0: access for WriteReq [3490:3497] type=MemWrite UC
 522000: board.cache_hierarchy.l1d-cache-0: access for WriteReq [3498:349f] type=MemWrite UC
 523000: board.cache_hierarchy.l1d-cache-0: sendWriteQueuePacket: write WriteReq [3490:3497] type=MemWrite UC
 523000: board.cache_hierarchy.l2-cache-0: access for WriteReq [3490:3497] type=MemWrite UC
 523000: board.cache_hierarchy.l1d-cache-0: recvTimingResp: Handling response WriteResp [3468:346f] type=MemWrite UC
 523000: board.processor.cores.core.workload: Translating: 0x10980->0x980
 523000: board.cache_hierarchy.l1i-cache-0: access for ReadReq [980:9bf] IF hit state: 6 (E) writable: 1 readable: 1 dirty: 0 prefetched: 0 | tag: 0 secure: 0 valid: 1 | set: 0x26 way: 0
 513000: board.processor.cores.core: 0x10990    : c_addi a4, 16              : 
 513000: board.processor.cores.core: 0x10992    : bltu a4, a3, -6            : 
 523001: board.cache_hierarchy.l1d-cache-0: sendWriteQueuePacket: write WriteReq [3498:349f] type=MemWrite UC
 524000: board.cache_hierarchy.l2-cache-0: sendWriteQueuePacket: write WriteReq [3488:348f] type=MemWrite UC
 524000: board.cache_hierarchy.l2-cache-0: sendWriteQueuePacket: write WriteReq [3488:348f] type=MemWrite UC
 525000: board.cache_hierarchy.l1d-cache-0: sendWriteQueuePacket: write WriteReq [3498:349f] type=MemWrite UC
 525000: board.cache_hierarchy.l2-cache-0: access for WriteReq [3498:349f] type=MemWrite UC
 530000: board.processor.cores.core.workload: Translating: 0x134a0->0x34a0
 530000: board.processor.cores.core.workload: Translating: 0x134a8->0x34a8
 531000: board.cache_hierarchy.l2-cache-0: recvTimingResp: Handling response WriteResp [3470:3477] type=MemWrite UC
 524000: board.processor.cores.core: 0x1098c    : c_sd a1, 0(a4)             : 
 524000: board.processor.cores.core: 0x1098e    : c_sd a1, 8(a4)             : 
 533000: board.cache_hierarchy.l1d-cache-0: recvTimingResp: Handling response WriteResp [3470:3477] type=MemWrite UC
 533000: board.cache_hierarchy.l2-cache-0: recvTimingResp: Handling response WriteResp [3478:347f] type=MemWrite UC
 533000: board.processor.cores.core.workload: Translating: 0x134b0->0x34b0
 533000: board.processor.cores.core.workload: Translating: 0x134b8->0x34b8
 525000: board.processor.cores.core: 0x10990    : c_addi a4, 16              : 
 534000: board.cache_hierarchy.l2-cache-0: sendWriteQueuePacket: write WriteReq [3490:3497] type=MemWrite UC
 534000: board.cache_hierarchy.l1d-cache-0: access for WriteReq [34a0:34a7] type=MemWrite UC
 534000: board.cache_hierarchy.l1d-cache-0: access for WriteReq [34a8:34af] type=MemWrite UC
 525000: board.processor.cores.core: 0x10992    : bltu a4, a3, -6            : 
 535000: board.cache_hierarchy.l1d-cache-0: sendWriteQueuePacket: write WriteReq [34a0:34a7] type=MemWrite UC
 535000: board.cache_hierarchy.l2-cache-0: access for WriteReq [34a0:34a7] type=MemWrite UC
 535000: board.cache_hierarchy.l1d-cache-0: recvTimingResp: Handling response WriteResp [3478:347f] type=MemWrite UC
 535000: board.processor.cores.core.workload: Translating: 0x134c0->0x34c0
 526000: board.processor.cores.core: 0x1098c    : c_sd a1, 0(a4)             : 
 526000: board.processor.cores.core: 0x1098e    : c_sd a1, 8(a4)             : 
 535001: board.cache_hierarchy.l1d-cache-0: sendWriteQueuePacket: write WriteReq [34a8:34af] type=MemWrite UC
 536000: board.cache_hierarchy.l2-cache-0: sendWriteQueuePacket: write WriteReq [3498:349f] type=MemWrite UC
 536000: board.cache_hierarchy.l2-cache-0: sendWriteQueuePacket: write WriteReq [3498:349f] type=MemWrite UC
 536000: board.processor.cores.core.workload: Translating: 0x134c8->0x34c8
 527000: board.processor.cores.core: 0x10990    : c_addi a4, 16              : 
 537000: board.cache_hierarchy.l1d-cache-0: sendWriteQueuePacket: write WriteReq [34a8:34af] type=MemWrite UC
 537000: board.cache_hierarchy.l2-cache-0: access for WriteReq [34a8:34af] type=MemWrite UC
 537000: board.processor.cores.core.workload: Translating: 0x134d0->0x34d0
 537000: board.cache_hierarchy.l1d-cache-0: access for WriteReq [34b0:34b7] type=MemWrite UC
 537000: board.cache_hierarchy.l1d-cache-0: access for WriteReq [34b8:34bf] type=MemWrite UC
 527000: board.processor.cores.core: 0x10992    : bltu a4, a3, -6            : 
 528000: board.processor.cores.core: 0x1098c    : c_sd a1, 0(a4)             : 
 538000: board.cache_hierarchy.l1d-cache-0: sendWriteQueuePacket: write WriteReq [34b0:34b7] type=MemWrite UC
 538000: board.processor.cores.core.workload: Translating: 0x134d8->0x34d8
 528000: board.processor.cores.core: 0x1098e    : c_sd a1, 8(a4)             : 
 529000: board.processor.cores.core: 0x10990    : c_addi a4, 16              : 
 539000: board.cache_hierarchy.l1d-cache-0: sendWriteQueuePacket: write WriteReq [34b0:34b7] type=MemWrite UC
 539000: board.cache_hierarchy.l2-cache-0: access for WriteReq [34b0:34b7] type=MemWrite UC
 539000: board.processor.cores.core.workload: Translating: 0x134e0->0x34e0
 539000: board.cache_hierarchy.l1d-cache-0: access for WriteReq [34c0:34c7] type=MemWrite UC
 529000: board.processor.cores.core: 0x10992    : bltu a4, a3, -6            : 
 530000: board.processor.cores.core: 0x1098c    : c_sd a1, 0(a4)             : 
 539001: board.cache_hierarchy.l1d-cache-0: sendWriteQueuePacket: write WriteReq [34b8:34bf] type=MemWrite UC
 540000: board.processor.cores.core.workload: Translating: 0x134e8->0x34e8
 540000: board.cache_hierarchy.l1d-cache-0: access for WriteReq [34c8:34cf] type=MemWrite UC
 530000: board.processor.cores.core: 0x1098e    : c_sd a1, 8(a4)             : 
 531000: board.processor.cores.core: 0x10990    : c_addi a4, 16              : 
 541000: board.cache_hierarchy.l1d-cache-0: sendWriteQueuePacket: write WriteReq [34b8:34bf] type=MemWrite UC
 541000: board.cache_hierarchy.l2-cache-0: access for WriteReq [34b8:34bf] type=MemWrite UC
 541000: board.processor.cores.core.workload: Translating: 0x134f0->0x34f0
 541000: board.cache_hierarchy.l1d-cache-0: access for WriteReq [34d0:34d7] type=MemWrite UC
 531000: board.processor.cores.core: 0x10992    : bltu a4, a3, -6            : 
 532000: board.processor.cores.core: 0x1098c    : c_sd a1, 0(a4)             : 
 541001: board.cache_hierarchy.l1d-cache-0: sendWriteQueuePacket: write WriteReq [34c0:34c7] type=MemWrite UC
 542000: board.processor.cores.core.workload: Translating: 0x134f8->0x34f8
 542000: board.cache_hierarchy.l1d-cache-0: access for WriteReq [34d8:34df] type=MemWrite UC
 532000: board.processor.cores.core: 0x1098e    : c_sd a1, 8(a4)             : 
 533000: board.processor.cores.core: 0x10990    : c_addi a4, 16              : 
 543000: board.cache_hierarchy.l2-cache-0: recvTimingResp: Handling response WriteResp [3480:3487] type=MemWrite UC
 543000: board.cache_hierarchy.l1d-cache-0: sendWriteQueuePacket: write WriteReq [34c0:34c7] type=MemWrite UC
 543000: board.cache_hierarchy.l2-cache-0: access for WriteReq [34c0:34c7] type=MemWrite UC
 543000: board.processor.cores.core.workload: Translating: 0x13500->0x3500
 543000: board.cache_hierarchy.l1d-cache-0: access for WriteReq [34e0:34e7] type=MemWrite UC
 533000: board.processor.cores.core: 0x10992    : bltu a4, a3, -6            : 
 534000: board.processor.cores.core: 0x1098c    : c_sd a1, 0(a4)             : 
 543001: board.cache_hierarchy.l1d-cache-0: sendWriteQueuePacket: write WriteReq [34c8:34cf] type=MemWrite UC
 544000: board.processor.cores.core.workload: Translating: 0x13508->0x3508
 544000: board.cache_hierarchy.l1d-cache-0: access for WriteReq [34e8:34ef] type=MemWrite UC
 534000: board.processor.cores.core: 0x1098e    : c_sd a1, 8(a4)             : 
 535000: board.processor.cores.core: 0x10990    : c_addi a4, 16              : 
 545000: board.cache_hierarchy.l1d-cache-0: recvTimingResp: Handling response WriteResp [3480:3487] type=MemWrite UC
 545000: board.cache_hierarchy.l1d-cache-0: sendWriteQueuePacket: write WriteReq [34c8:34cf] type=MemWrite UC
 545000: board.cache_hierarchy.l2-cache-0: access for WriteReq [34c8:34cf] type=MemWrite UC
 545000: board.cache_hierarchy.l2-cache-0: recvTimingResp: Handling response WriteResp [3488:348f] type=MemWrite UC
 545000: board.processor.cores.core.workload: Translating: 0x13510->0x3510
 545000: board.cache_hierarchy.l1d-cache-0: access for WriteReq [34f0:34f7] type=MemWrite UC
 535000: board.processor.cores.core: 0x10992    : bltu a4, a3, -6            : 
 536000: board.processor.cores.core: 0x1098c    : c_sd a1, 0(a4)             : 
 545001: board.cache_hierarchy.l1d-cache-0: sendWriteQueuePacket: write WriteReq [34d0:34d7] type=MemWrite UC
 546000: board.cache_hierarchy.l2-cache-0: sendWriteQueuePacket: write WriteReq [34a0:34a7] type=MemWrite UC
 546000: board.processor.cores.core.workload: Translating: 0x13518->0x3518
 546000: board.cache_hierarchy.l1d-cache-0: access for WriteReq [34f8:34ff] type=MemWrite UC
 536000: board.processor.cores.core: 0x1098e    : c_sd a1, 8(a4)             : 
 537000: board.processor.cores.core: 0x10990    : c_addi a4, 16              : 
 547000: board.cache_hierarchy.l1d-cache-0: recvTimingResp: Handling response WriteResp [3488:348f] type=MemWrite UC
 547000: board.cache_hierarchy.l1d-cache-0: sendWriteQueuePacket: write WriteReq [34d0:34d7] type=MemWrite UC
 547000: board.cache_hierarchy.l2-cache-0: access for WriteReq [34d0:34d7] type=MemWrite UC
 547000: board.processor.cores.core.workload: Translating: 0x13520->0x3520
 547000: board.cache_hierarchy.l1d-cache-0: access for WriteReq [3500:3507] type=MemWrite UC
 537000: board.processor.cores.core: 0x10992    : bltu a4, a3, -6            : 
 538000: board.processor.cores.core: 0x1098c    : c_sd a1, 0(a4)             : 
 547001: board.cache_hierarchy.l1d-cache-0: sendWriteQueuePacket: write WriteReq [34d8:34df] type=MemWrite UC
 548000: board.cache_hierarchy.l2-cache-0: sendWriteQueuePacket: write WriteReq [34a8:34af] type=MemWrite UC
 548000: board.cache_hierarchy.l2-cache-0: sendWriteQueuePacket: write WriteReq [34a8:34af] type=MemWrite UC
 548000: board.processor.cores.core.workload: Translating: 0x13528->0x3528
 548000: board.cache_hierarchy.l1d-cache-0: access for WriteReq [3508:350f] type=MemWrite UC
 538000: board.processor.cores.core: 0x1098e    : c_sd a1, 8(a4)             : 
 539000: board.processor.cores.core: 0x10990    : c_addi a4, 16              : 
 549000: board.cache_hierarchy.l1d-cache-0: sendWriteQueuePacket: write WriteReq [34d8:34df] type=MemWrite UC
 549000: board.cache_hierarchy.l2-cache-0: access for WriteReq [34d8:34df] type=MemWrite UC
 549000: board.processor.cores.core.workload: Translating: 0x13530->0x3530
 549000: board.cache_hierarchy.l1d-cache-0: access for WriteReq [3510:3517] type=MemWrite UC
 539000: board.processor.cores.core: 0x10992    : bltu a4, a3, -6            : 
 540000: board.processor.cores.core: 0x1098c    : c_sd a1, 0(a4)             : 
 549001: board.cache_hierarchy.l1d-cache-0: sendWriteQueuePacket: write WriteReq [34e0:34e7] type=MemWrite UC
 550000: board.cache_hierarchy.l2-cache-0: sendWriteQueuePacket: write WriteReq [34b0:34b7] type=MemWrite UC
 550000: board.cache_hierarchy.l2-cache-0: sendWriteQueuePacket: write WriteReq [34b0:34b7] type=MemWrite UC
 550000: board.processor.cores.core.workload: Translating: 0x13538->0x3538
 550000: board.cache_hierarchy.l1d-cache-0: access for WriteReq [3518:351f] type=MemWrite UC
 550000: board.cache_hierarchy.l1d-cache-0: Blocking for cause 1, mask=2
 540000: board.processor.cores.core: 0x1098e    : c_sd a1, 8(a4)             : 
 541000: board.processor.cores.core: 0x10990    : c_addi a4, 16              : 
 551000: board.cache_hierarchy.l1d-cache-0: sendWriteQueuePacket: write WriteReq [34e0:34e7] type=MemWrite UC
 551000: board.cache_hierarchy.l2-cache-0: access for WriteReq [34e0:34e7] type=MemWrite UC
 551000: board.cache_hierarchy.l1d-cache-0: Unblocking for cause 1, mask=0
 551000: board.processor.cores.core.workload: Translating: 0x13540->0x3540
 551000: board.cache_hierarchy.l1d-cache-0: access for WriteReq [3520:3527] type=MemWrite UC
 551000: board.cache_hierarchy.l1d-cache-0: Blocking for cause 1, mask=2
 541000: board.processor.cores.core: 0x10992    : bltu a4, a3, -6            : 
 542000: board.processor.cores.core: 0x1098c    : c_sd a1, 0(a4)             : 
 551001: board.cache_hierarchy.l1d-cache-0: sendWriteQueuePacket: write WriteReq [34e8:34ef] type=MemWrite UC
 552000: board.cache_hierarchy.l2-cache-0: sendWriteQueuePacket: write WriteReq [34b8:34bf] type=MemWrite UC
 552000: board.cache_hierarchy.l2-cache-0: sendWriteQueuePacket: write WriteReq [34b8:34bf] type=MemWrite UC
 552000: board.processor.cores.core.workload: Translating: 0x13548->0x3548
 542000: board.processor.cores.core: 0x1098e    : c_sd a1, 8(a4)             : 
 543000: board.processor.cores.core: 0x10990    : c_addi a4, 16              : 
 553000: board.cache_hierarchy.l1d-cache-0: sendWriteQueuePacket: write WriteReq [34e8:34ef] type=MemWrite UC
 553000: board.cache_hierarchy.l2-cache-0: access for WriteReq [34e8:34ef] type=MemWrite UC
 553000: board.cache_hierarchy.l1d-cache-0: Unblocking for cause 1, mask=0
 553000: board.processor.cores.core.workload: Translating: 0x13550->0x3550
 543000: board.processor.cores.core: 0x10992    : bltu a4, a3, -6            : 
 544000: board.processor.cores.core: 0x1098c    : c_sd a1, 0(a4)             : 
 553001: board.cache_hierarchy.l1d-cache-0: sendWriteQueuePacket: write WriteReq [34f0:34f7] type=MemWrite UC
 553001: board.cache_hierarchy.l1d-cache-0: access for WriteReq [3528:352f] type=MemWrite UC
 553001: board.cache_hierarchy.l1d-cache-0: Blocking for cause 1, mask=2
 554000: board.cache_hierarchy.l2-cache-0: sendWriteQueuePacket: write WriteReq [34c0:34c7] type=MemWrite UC
 554000: board.cache_hierarchy.l2-cache-0: sendWriteQueuePacket: write WriteReq [34c0:34c7] type=MemWrite UC
 554000: board.processor.cores.core.workload: Translating: 0x13558->0x3558
 544000: board.processor.cores.core: 0x1098e    : c_sd a1, 8(a4)             : 
 545000: board.processor.cores.core: 0x10990    : c_addi a4, 16              : 
 555000: board.cache_hierarchy.l2-cache-0: recvTimingResp: Handling response WriteResp [3490:3497] type=MemWrite UC
 555000: board.cache_hierarchy.l1d-cache-0: sendWriteQueuePacket: write WriteReq [34f0:34f7] type=MemWrite UC
 555000: board.cache_hierarchy.l2-cache-0: access for WriteReq [34f0:34f7] type=MemWrite UC
 555000: board.cache_hierarchy.l1d-cache-0: Unblocking for cause 1, mask=0
 555000: board.processor.cores.core.workload: Translating: 0x13560->0x3560
 545000: board.processor.cores.core: 0x10992    : bltu a4, a3, -6            : 
 546000: board.processor.cores.core: 0x1098c    : c_sd a1, 0(a4)             : 
 555001: board.cache_hierarchy.l1d-cache-0: sendWriteQueuePacket: write WriteReq [34f8:34ff] type=MemWrite UC
 555001: board.cache_hierarchy.l1d-cache-0: access for WriteReq [3530:3537] type=MemWrite UC
 555001: board.cache_hierarchy.l1d-cache-0: Blocking for cause 1, mask=2
 556000: board.cache_hierarchy.l2-cache-0: sendWriteQueuePacket: write WriteReq [34c8:34cf] type=MemWrite UC
 556000: board.cache_hierarchy.l2-cache-0: sendWriteQueuePacket: write WriteReq [34c8:34cf] type=MemWrite UC
 556000: board.processor.cores.core.workload: Translating: 0x13568->0x3568
 546000: board.processor.cores.core: 0x1098e    : c_sd a1, 8(a4)             : 
 547000: board.processor.cores.core: 0x10990    : c_addi a4, 16              : 
 557000: board.cache_hierarchy.l1d-cache-0: recvTimingResp: Handling response WriteResp [3490:3497] type=MemWrite UC
 557000: board.cache_hierarchy.l1d-cache-0: sendWriteQueuePacket: write WriteReq [34f8:34ff] type=MemWrite UC
 557000: board.cache_hierarchy.l2-cache-0: access for WriteReq [34f8:34ff] type=MemWrite UC
 557000: board.cache_hierarchy.l1d-cache-0: Unblocking for cause 1, mask=0
 557000: board.cache_hierarchy.l2-cache-0: recvTimingResp: Handling response WriteResp [3498:349f] type=MemWrite UC
 557000: board.processor.cores.core.workload: Translating: 0x13570->0x3570
 547000: board.processor.cores.core: 0x10992    : bltu a4, a3, -6            : 
 548000: board.processor.cores.core: 0x1098c    : c_sd a1, 0(a4)             : 
 557001: board.cache_hierarchy.l1d-cache-0: sendWriteQueuePacket: write WriteReq [3500:3507] type=MemWrite UC
 557001: board.cache_hierarchy.l1d-cache-0: access for WriteReq [3538:353f] type=MemWrite UC
 557001: board.cache_hierarchy.l1d-cache-0: Blocking for cause 1, mask=2
 558000: board.cache_hierarchy.l2-cache-0: sendWriteQueuePacket: write WriteReq [34d0:34d7] type=MemWrite UC
 558000: board.cache_hierarchy.l2-cache-0: sendWriteQueuePacket: write WriteReq [34d0:34d7] type=MemWrite UC
 558000: board.processor.cores.core.workload: Translating: 0x13578->0x3578
 548000: board.processor.cores.core: 0x1098e    : c_sd a1, 8(a4)             : 
 549000: board.processor.cores.core: 0x10990    : c_addi a4, 16              : 
 559000: board.cache_hierarchy.l1d-cache-0: recvTimingResp: Handling response WriteResp [3498:349f] type=MemWrite UC
 559000: board.cache_hierarchy.l1d-cache-0: sendWriteQueuePacket: write WriteReq [3500:3507] type=MemWrite UC
 559000: board.cache_hierarchy.l2-cache-0: access for WriteReq [3500:3507] type=MemWrite UC
 559000: board.cache_hierarchy.l1d-cache-0: Unblocking for cause 1, mask=0
 559000: board.processor.cores.core.workload: Translating: 0x13580->0x3580
 549000: board.processor.cores.core: 0x10992    : bltu a4, a3, -6            : 
 550000: board.processor.cores.core: 0x1098c    : c_sd a1, 0(a4)             : 
 559001: board.cache_hierarchy.l1d-cache-0: sendWriteQueuePacket: write WriteReq [3508:350f] type=MemWrite UC
 559001: board.cache_hierarchy.l1d-cache-0: access for WriteReq [3540:3547] type=MemWrite UC
 559001: board.cache_hierarchy.l1d-cache-0: Blocking for cause 1, mask=2
 560000: board.cache_hierarchy.l2-cache-0: sendWriteQueuePacket: write WriteReq [34d8:34df] type=MemWrite UC
 560000: board.cache_hierarchy.l2-cache-0: sendWriteQueuePacket: write WriteReq [34d8:34df] type=MemWrite UC
 560000: board.processor.cores.core.workload: Translating: 0x13588->0x3588
 550000: board.processor.cores.core: 0x1098e    : c_sd a1, 8(a4)             : 
 551000: board.processor.cores.core: 0x10990    : c_addi a4, 16              : 
 561000: board.cache_hierarchy.l1d-cache-0: sendWriteQueuePacket: write WriteReq [3508:350f] type=MemWrite UC
 561000: board.cache_hierarchy.l2-cache-0: access for WriteReq [3508:350f] type=MemWrite UC
 561000: board.cache_hierarchy.l1d-cache-0: Unblocking for cause 1, mask=0
 551000: board.processor.cores.core: 0x10992    : bltu a4, a3, -6            : 
 552000: board.processor.cores.core: 0x1098c    : c_sd a1, 0(a4)             : 
 561001: board.cache_hierarchy.l1d-cache-0: sendWriteQueuePacket: write WriteReq [3510:3517] type=MemWrite UC
 561001: board.cache_hierarchy.l1d-cache-0: access for WriteReq [3548:354f] type=MemWrite UC
 561001: board.cache_hierarchy.l1d-cache-0: Blocking for cause 1, mask=2
 562000: board.cache_hierarchy.l2-cache-0: sendWriteQueuePacket: write WriteReq [34e0:34e7] type=MemWrite UC
 562000: board.cache_hierarchy.l2-cache-0: sendWriteQueuePacket: write WriteReq [34e0:34e7] type=MemWrite UC
 562000: board.processor.cores.core.workload: Translating: 0x13590->0x3590
 552000: board.processor.cores.core: 0x1098e    : c_sd a1, 8(a4)             : 
 553000: board.processor.cores.core: 0x10990    : c_addi a4, 16              : 
 563000: board.cache_hierarchy.l1d-cache-0: sendWriteQueuePacket: write WriteReq [3510:3517] type=MemWrite UC
 563000: board.cache_hierarchy.l2-cache-0: access for WriteReq [3510:3517] type=MemWrite UC
 563000: board.cache_hierarchy.l1d-cache-0: Unblocking for cause 1, mask=0
 553000: board.processor.cores.core: 0x10992    : bltu a4, a3, -6            : 
 563001: board.cache_hierarchy.l1d-cache-0: sendWriteQueuePacket: write WriteReq [3518:351f] type=MemWrite UC
 563001: board.cache_hierarchy.l1d-cache-0: access for WriteReq [3550:3557] type=MemWrite UC
 563001: board.cache_hierarchy.l1d-cache-0: Blocking for cause 1, mask=2
 564000: board.cache_hierarchy.l2-cache-0: sendWriteQueuePacket: write WriteReq [34e8:34ef] type=MemWrite UC
 564000: board.cache_hierarchy.l2-cache-0: sendWriteQueuePacket: write WriteReq [34e8:34ef] type=MemWrite UC
 564000: board.processor.cores.core.workload: Translating: 0x13598->0x3598
 554000: board.processor.cores.core: 0x1098c    : c_sd a1, 0(a4)             : 
 565000: board.cache_hierarchy.l1d-cache-0: sendWriteQueuePacket: write WriteReq [3518:351f] type=MemWrite UC
 565000: board.cache_hierarchy.l2-cache-0: access for WriteReq [3518:351f] type=MemWrite UC
 565000: board.cache_hierarchy.l1d-cache-0: Unblocking for cause 1, mask=0
 565001: board.cache_hierarchy.l1d-cache-0: sendWriteQueuePacket: write WriteReq [3520:3527] type=MemWrite UC
 565001: board.cache_hierarchy.l1d-cache-0: access for WriteReq [3558:355f] type=MemWrite UC
 565001: board.cache_hierarchy.l1d-cache-0: Blocking for cause 1, mask=2
 566000: board.cache_hierarchy.l2-cache-0: sendWriteQueuePacket: write WriteReq [34f0:34f7] type=MemWrite UC
 566000: board.cache_hierarchy.l2-cache-0: sendWriteQueuePacket: write WriteReq [34f0:34f7] type=MemWrite UC
 554000: board.processor.cores.core: 0x1098e    : c_sd a1, 8(a4)             : 
 555000: board.processor.cores.core: 0x10990    : c_addi a4, 16              : 
 567000: board.cache_hierarchy.l2-cache-0: recvTimingResp: Handling response WriteResp [34a0:34a7] type=MemWrite UC
 567000: board.cache_hierarchy.l1d-cache-0: sendWriteQueuePacket: write WriteReq [3520:3527] type=MemWrite UC
 567000: board.cache_hierarchy.l2-cache-0: access for WriteReq [3520:3527] type=MemWrite UC
 567000: board.cache_hierarchy.l1d-cache-0: Unblocking for cause 1, mask=0
 555000: board.processor.cores.core: 0x10992    : bltu a4, a3, -6            : 
 567001: board.cache_hierarchy.l1d-cache-0: sendWriteQueuePacket: write WriteReq [3528:352f] type=MemWrite UC
 567001: board.cache_hierarchy.l1d-cache-0: access for WriteReq [3560:3567] type=MemWrite UC
 567001: board.cache_hierarchy.l1d-cache-0: Blocking for cause 1, mask=2
 568000: board.cache_hierarchy.l2-cache-0: sendWriteQueuePacket: write WriteReq [34f8:34ff] type=MemWrite UC
 568000: board.cache_hierarchy.l2-cache-0: sendWriteQueuePacket: write WriteReq [34f8:34ff] type=MemWrite UC
 569000: board.cache_hierarchy.l1d-cache-0: recvTimingResp: Handling response WriteResp [34a0:34a7] type=MemWrite UC
 569000: board.cache_hierarchy.l1d-cache-0: sendWriteQueuePacket: write WriteReq [3528:352f] type=MemWrite UC
 569000: board.cache_hierarchy.l2-cache-0: access for WriteReq [3528:352f] type=MemWrite UC
 569000: board.cache_hierarchy.l1d-cache-0: Unblocking for cause 1, mask=0
 569000: board.cache_hierarchy.l2-cache-0: recvTimingResp: Handling response WriteResp [34a8:34af] type=MemWrite UC
 569001: board.cache_hierarchy.l1d-cache-0: sendWriteQueuePacket: write WriteReq [3530:3537] type=MemWrite UC
 569001: board.cache_hierarchy.l1d-cache-0: access for WriteReq [3568:356f] type=MemWrite UC
 569001: board.cache_hierarchy.l1d-cache-0: Blocking for cause 1, mask=2
 570000: board.cache_hierarchy.l2-cache-0: sendWriteQueuePacket: write WriteReq [3500:3507] type=MemWrite UC
 570000: board.cache_hierarchy.l2-cache-0: sendWriteQueuePacket: write WriteReq [3500:3507] type=MemWrite UC
 571000: board.cache_hierarchy.l1d-cache-0: recvTimingResp: Handling response WriteResp [34a8:34af] type=MemWrite UC
 571000: board.cache_hierarchy.l2-cache-0: recvTimingResp: Handling response WriteResp [34b0:34b7] type=MemWrite UC
 571000: board.cache_hierarchy.l1d-cache-0: sendWriteQueuePacket: write WriteReq [3530:3537] type=MemWrite UC
 571000: board.cache_hierarchy.l2-cache-0: access for WriteReq [3530:3537] type=MemWrite UC
 571000: board.cache_hierarchy.l1d-cache-0: Unblocking for cause 1, mask=0
 571001: board.cache_hierarchy.l1d-cache-0: sendWriteQueuePacket: write WriteReq [3538:353f] type=MemWrite UC
 571001: board.cache_hierarchy.l1d-cache-0: access for WriteReq [3570:3577] type=MemWrite UC
 571001: board.cache_hierarchy.l1d-cache-0: Blocking for cause 1, mask=2
 572000: board.cache_hierarchy.l2-cache-0: sendWriteQueuePacket: write WriteReq [3508:350f] type=MemWrite UC
 572000: board.cache_hierarchy.l2-cache-0: sendWriteQueuePacket: write WriteReq [3508:350f] type=MemWrite UC
 573000: board.cache_hierarchy.l1d-cache-0: recvTimingResp: Handling response WriteResp [34b0:34b7] type=MemWrite UC
 573000: board.cache_hierarchy.l1d-cache-0: sendWriteQueuePacket: write WriteReq [3538:353f] type=MemWrite UC
 573000: board.cache_hierarchy.l2-cache-0: access for WriteReq [3538:353f] type=MemWrite UC
 573000: board.cache_hierarchy.l1d-cache-0: Unblocking for cause 1, mask=0
 573000: board.cache_hierarchy.l2-cache-0: recvTimingResp: Handling response WriteResp [34b8:34bf] type=MemWrite UC
 573001: board.cache_hierarchy.l1d-cache-0: sendWriteQueuePacket: write WriteReq [3540:3547] type=MemWrite UC
 573001: board.cache_hierarchy.l1d-cache-0: access for WriteReq [3578:357f] type=MemWrite UC
 573001: board.cache_hierarchy.l1d-cache-0: Blocking for cause 1, mask=2
 574000: board.cache_hierarchy.l2-cache-0: sendWriteQueuePacket: write WriteReq [3510:3517] type=MemWrite UC
 574000: board.cache_hierarchy.l2-cache-0: sendWriteQueuePacket: write WriteReq [3510:3517] type=MemWrite UC
 574000: board.processor.cores.core.workload: Translating: 0x135a0->0x35a0
 575000: board.cache_hierarchy.l1d-cache-0: recvTimingResp: Handling response WriteResp [34b8:34bf] type=MemWrite UC
 575000: board.cache_hierarchy.l2-cache-0: recvTimingResp: Handling response WriteResp [34c0:34c7] type=MemWrite UC
 575000: board.cache_hierarchy.l1d-cache-0: sendWriteQueuePacket: write WriteReq [3540:3547] type=MemWrite UC
 575000: board.cache_hierarchy.l2-cache-0: access for WriteReq [3540:3547] type=MemWrite UC
 575000: board.cache_hierarchy.l1d-cache-0: Unblocking for cause 1, mask=0
 575001: board.cache_hierarchy.l1d-cache-0: sendWriteQueuePacket: write WriteReq [3548:354f] type=MemWrite UC
 575001: board.cache_hierarchy.l1d-cache-0: access for WriteReq [3580:3587] type=MemWrite UC
 575001: board.cache_hierarchy.l1d-cache-0: Blocking for cause 1, mask=2
 576000: board.cache_hierarchy.l2-cache-0: sendWriteQueuePacket: write WriteReq [3518:351f] type=MemWrite UC
 576000: board.cache_hierarchy.l2-cache-0: sendWriteQueuePacket: write WriteReq [3518:351f] type=MemWrite UC
 576000: board.processor.cores.core.workload: Translating: 0x135a8->0x35a8
 556000: board.processor.cores.core: 0x1098c    : c_sd a1, 0(a4)             : 
 577000: board.cache_hierarchy.l1d-cache-0: recvTimingResp: Handling response WriteResp [34c0:34c7] type=MemWrite UC
 577000: board.cache_hierarchy.l1d-cache-0: sendWriteQueuePacket: write WriteReq [3548:354f] type=MemWrite UC
 577000: board.cache_hierarchy.l2-cache-0: access for WriteReq [3548:354f] type=MemWrite UC
 577000: board.cache_hierarchy.l1d-cache-0: Unblocking for cause 1, mask=0
 577000: board.cache_hierarchy.l2-cache-0: recvTimingResp: Handling response WriteResp [34c8:34cf] type=MemWrite UC
 577001: board.cache_hierarchy.l1d-cache-0: sendWriteQueuePacket: write WriteReq [3550:3557] type=MemWrite UC
 577001: board.cache_hierarchy.l1d-cache-0: access for WriteReq [3588:358f] type=MemWrite UC
 577001: board.cache_hierarchy.l1d-cache-0: Blocking for cause 1, mask=2
 578000: board.cache_hierarchy.l2-cache-0: sendWriteQueuePacket: write WriteReq [3520:3527] type=MemWrite UC
 578000: board.cache_hierarchy.l2-cache-0: sendWriteQueuePacket: write WriteReq [3520:3527] type=MemWrite UC
 556000: board.processor.cores.core: 0x1098e    : c_sd a1, 8(a4)             : 
 557000: board.processor.cores.core: 0x10990    : c_addi a4, 16              : 
 579000: board.cache_hierarchy.l1d-cache-0: recvTimingResp: Handling response WriteResp [34c8:34cf] type=MemWrite UC
 579000: board.cache_hierarchy.l2-cache-0: recvTimingResp: Handling response WriteResp [34d0:34d7] type=MemWrite UC
 579000: board.cache_hierarchy.l1d-cache-0: sendWriteQueuePacket: write WriteReq [3550:3557] type=MemWrite UC
 579000: board.cache_hierarchy.l2-cache-0: access for WriteReq [3550:3557] type=MemWrite UC
 579000: board.cache_hierarchy.l1d-cache-0: Unblocking for cause 1, mask=0
 579000: board.processor.cores.core.workload: Translating: 0x135b0->0x35b0
 579000: board.processor.cores.core.workload: Translating: 0x135b8->0x35b8
 557000: board.processor.cores.core: 0x10992    : bltu a4, a3, -6            : 
 579001: board.cache_hierarchy.l1d-cache-0: sendWriteQueuePacket: write WriteReq [3558:355f] type=MemWrite UC
 579001: board.cache_hierarchy.l1d-cache-0: access for WriteReq [3590:3597] type=MemWrite UC
 579001: board.cache_hierarchy.l1d-cache-0: Blocking for cause 1, mask=2
 580000: board.cache_hierarchy.l2-cache-0: sendWriteQueuePacket: write WriteReq [3528:352f] type=MemWrite UC
 580000: board.cache_hierarchy.l2-cache-0: sendWriteQueuePacket: write WriteReq [3528:352f] type=MemWrite UC
 581000: board.cache_hierarchy.l1d-cache-0: recvTimingResp: Handling response WriteResp [34d0:34d7] type=MemWrite UC
 581000: board.cache_hierarchy.l1d-cache-0: sendWriteQueuePacket: write WriteReq [3558:355f] type=MemWrite UC
 581000: board.cache_hierarchy.l2-cache-0: access for WriteReq [3558:355f] type=MemWrite UC
 581000: board.cache_hierarchy.l1d-cache-0: Unblocking for cause 1, mask=0
 581000: board.cache_hierarchy.l2-cache-0: recvTimingResp: Handling response WriteResp [34d8:34df] type=MemWrite UC
 558000: board.processor.cores.core: 0x1098c    : c_sd a1, 0(a4)             : 
 558000: board.processor.cores.core: 0x1098e    : c_sd a1, 8(a4)             : 
 581001: board.cache_hierarchy.l1d-cache-0: sendWriteQueuePacket: write WriteReq [3560:3567] type=MemWrite UC
 581001: board.cache_hierarchy.l1d-cache-0: access for WriteReq [3598:359f] type=MemWrite UC
 581001: board.cache_hierarchy.l1d-cache-0: Blocking for cause 1, mask=2
 582000: board.cache_hierarchy.l2-cache-0: sendWriteQueuePacket: write WriteReq [3530:3537] type=MemWrite UC
 582000: board.cache_hierarchy.l2-cache-0: sendWriteQueuePacket: write WriteReq [3530:3537] type=MemWrite UC
 582000: board.processor.cores.core.workload: Translating: 0x135c0->0x35c0
 583000: board.cache_hierarchy.l1d-cache-0: recvTimingResp: Handling response WriteResp [34d8:34df] type=MemWrite UC
 583000: board.cache_hierarchy.l2-cache-0: recvTimingResp: Handling response WriteResp [34e0:34e7] type=MemWrite UC
 583000: board.cache_hierarchy.l1d-cache-0: sendWriteQueuePacket: write WriteReq [3560:3567] type=MemWrite UC
 583000: board.cache_hierarchy.l2-cache-0: access for WriteReq [3560:3567] type=MemWrite UC
 583000: board.cache_hierarchy.l1d-cache-0: Unblocking for cause 1, mask=0
 559000: board.processor.cores.core: 0x10990    : c_addi a4, 16              : 
 583001: board.cache_hierarchy.l1d-cache-0: sendWriteQueuePacket: write WriteReq [3568:356f] type=MemWrite UC
 583001: board.cache_hierarchy.l1d-cache-0: access for WriteReq [35a0:35a7] type=MemWrite UC
 583001: board.cache_hierarchy.l1d-cache-0: Blocking for cause 1, mask=2
 584000: board.cache_hierarchy.l2-cache-0: sendWriteQueuePacket: write WriteReq [3538:353f] type=MemWrite UC
 584000: board.cache_hierarchy.l2-cache-0: sendWriteQueuePacket: write WriteReq [3538:353f] type=MemWrite UC
 584000: board.processor.cores.core.workload: Translating: 0x135c8->0x35c8
 559000: board.processor.cores.core: 0x10992    : bltu a4, a3, -6            : 
 560000: board.processor.cores.core: 0x1098c    : c_sd a1, 0(a4)             : 
 585000: board.cache_hierarchy.l1d-cache-0: recvTimingResp: Handling response WriteResp [34e0:34e7] type=MemWrite UC
 585000: board.cache_hierarchy.l1d-cache-0: sendWriteQueuePacket: write WriteReq [3568:356f] type=MemWrite UC
 585000: board.cache_hierarchy.l2-cache-0: access for WriteReq [3568:356f] type=MemWrite UC
 585000: board.cache_hierarchy.l1d-cache-0: Unblocking for cause 1, mask=0
 585000: board.cache_hierarchy.l2-cache-0: recvTimingResp: Handling response WriteResp [34e8:34ef] type=MemWrite UC
 585001: board.cache_hierarchy.l1d-cache-0: sendWriteQueuePacket: write WriteReq [3570:3577] type=MemWrite UC
 585001: board.cache_hierarchy.l1d-cache-0: access for WriteReq [35a8:35af] type=MemWrite UC
 585001: board.cache_hierarchy.l1d-cache-0: Blocking for cause 1, mask=2
 586000: board.cache_hierarchy.l2-cache-0: sendWriteQueuePacket: write WriteReq [3540:3547] type=MemWrite UC
 586000: board.cache_hierarchy.l2-cache-0: sendWriteQueuePacket: write WriteReq [3540:3547] type=MemWrite UC
 560000: board.processor.cores.core: 0x1098e    : c_sd a1, 8(a4)             : 
 561000: board.processor.cores.core: 0x10990    : c_addi a4, 16              : 
 587000: board.cache_hierarchy.l1d-cache-0: recvTimingResp: Handling response WriteResp [34e8:34ef] type=MemWrite UC
 587000: board.cache_hierarchy.l2-cache-0: recvTimingResp: Handling response WriteResp [34f0:34f7] type=MemWrite UC
 587000: board.cache_hierarchy.l1d-cache-0: sendWriteQueuePacket: write WriteReq [3570:3577] type=MemWrite UC
 587000: board.cache_hierarchy.l2-cache-0: access for WriteReq [3570:3577] type=MemWrite UC
 587000: board.cache_hierarchy.l1d-cache-0: Unblocking for cause 1, mask=0
 587000: board.processor.cores.core.workload: Translating: 0x135d0->0x35d0
 561000: board.processor.cores.core: 0x10992    : bltu a4, a3, -6            : 
 587001: board.cache_hierarchy.l1d-cache-0: sendWriteQueuePacket: write WriteReq [3578:357f] type=MemWrite UC
 587001: board.cache_hierarchy.l1d-cache-0: access for WriteReq [35b0:35b7] type=MemWrite UC
 587001: board.cache_hierarchy.l1d-cache-0: Blocking for cause 1, mask=2
 588000: board.cache_hierarchy.l2-cache-0: sendWriteQueuePacket: write WriteReq [3548:354f] type=MemWrite UC
 588000: board.cache_hierarchy.l2-cache-0: sendWriteQueuePacket: write WriteReq [3548:354f] type=MemWrite UC
 588000: board.processor.cores.core.workload: Translating: 0x135d8->0x35d8
 589000: board.cache_hierarchy.l1d-cache-0: recvTimingResp: Handling response WriteResp [34f0:34f7] type=MemWrite UC
 589000: board.cache_hierarchy.l1d-cache-0: sendWriteQueuePacket: write WriteReq [3578:357f] type=MemWrite UC
 589000: board.cache_hierarchy.l2-cache-0: access for WriteReq [3578:357f] type=MemWrite UC
 589000: board.cache_hierarchy.l1d-cache-0: Unblocking for cause 1, mask=0
 589000: board.cache_hierarchy.l2-cache-0: recvTimingResp: Handling response WriteResp [34f8:34ff] type=MemWrite UC
 562000: board.processor.cores.core: 0x1098c    : c_sd a1, 0(a4)             : 
 589001: board.cache_hierarchy.l1d-cache-0: sendWriteQueuePacket: write WriteReq [3580:3587] type=MemWrite UC
 589001: board.cache_hierarchy.l1d-cache-0: access for WriteReq [35b8:35bf] type=MemWrite UC
 589001: board.cache_hierarchy.l1d-cache-0: Blocking for cause 1, mask=2
 590000: board.cache_hierarchy.l2-cache-0: sendWriteQueuePacket: write WriteReq [3550:3557] type=MemWrite UC
 590000: board.cache_hierarchy.l2-cache-0: sendWriteQueuePacket: write WriteReq [3550:3557] type=MemWrite UC
 562000: board.processor.cores.core: 0x1098e    : c_sd a1, 8(a4)             : 
 591000: board.cache_hierarchy.l1d-cache-0: recvTimingResp: Handling response WriteResp [34f8:34ff] type=MemWrite UC
 591000: board.cache_hierarchy.l2-cache-0: recvTimingResp: Handling response WriteResp [3500:3507] type=MemWrite UC
 591000: board.cache_hierarchy.l1d-cache-0: sendWriteQueuePacket: write WriteReq [3580:3587] type=MemWrite UC
 591000: board.cache_hierarchy.l2-cache-0: access for WriteReq [3580:3587] type=MemWrite UC
 591000: board.cache_hierarchy.l1d-cache-0: Unblocking for cause 1, mask=0
 591000: board.processor.cores.core.workload: Translating: 0x135e0->0x35e0
 563000: board.processor.cores.core: 0x10990    : c_addi a4, 16              : 
 591001: board.cache_hierarchy.l1d-cache-0: sendWriteQueuePacket: write WriteReq [3588:358f] type=MemWrite UC
 591001: board.cache_hierarchy.l1d-cache-0: access for WriteReq [35c0:35c7] type=MemWrite UC
 591001: board.cache_hierarchy.l1d-cache-0: Blocking for cause 1, mask=2
 592000: board.cache_hierarchy.l2-cache-0: sendWriteQueuePacket: write WriteReq [3558:355f] type=MemWrite UC
 592000: board.cache_hierarchy.l2-cache-0: sendWriteQueuePacket: write WriteReq [3558:355f] type=MemWrite UC
 592000: board.processor.cores.core.workload: Translating: 0x135e8->0x35e8
 563000: board.processor.cores.core: 0x10992    : bltu a4, a3, -6            : 
 593000: board.cache_hierarchy.l1d-cache-0: recvTimingResp: Handling response WriteResp [3500:3507] type=MemWrite UC
 593000: board.cache_hierarchy.l1d-cache-0: sendWriteQueuePacket: write WriteReq [3588:358f] type=MemWrite UC
 593000: board.cache_hierarchy.l2-cache-0: access for WriteReq [3588:358f] type=MemWrite UC
 593000: board.cache_hierarchy.l1d-cache-0: Unblocking for cause 1, mask=0
 593000: board.cache_hierarchy.l2-cache-0: recvTimingResp: Handling response WriteResp [3508:350f] type=MemWrite UC
 564000: board.processor.cores.core: 0x1098c    : c_sd a1, 0(a4)             : 
 593001: board.cache_hierarchy.l1d-cache-0: sendWriteQueuePacket: write WriteReq [3590:3597] type=MemWrite UC
 593001: board.cache_hierarchy.l1d-cache-0: access for WriteReq [35c8:35cf] type=MemWrite UC
 593001: board.cache_hierarchy.l1d-cache-0: Blocking for cause 1, mask=2
 594000: board.cache_hierarchy.l2-cache-0: sendWriteQueuePacket: write WriteReq [3560:3567] type=MemWrite UC
 594000: board.cache_hierarchy.l2-cache-0: sendWriteQueuePacket: write WriteReq [3560:3567] type=MemWrite UC
 564000: board.processor.cores.core: 0x1098e    : c_sd a1, 8(a4)             : 
 595000: board.cache_hierarchy.l1d-cache-0: recvTimingResp: Handling response WriteResp [3508:350f] type=MemWrite UC
 595000: board.cache_hierarchy.l2-cache-0: recvTimingResp: Handling response WriteResp [3510:3517] type=MemWrite UC
 595000: board.cache_hierarchy.l1d-cache-0: sendWriteQueuePacket: write WriteReq [3590:3597] type=MemWrite UC
 595000: board.cache_hierarchy.l2-cache-0: access for WriteReq [3590:3597] type=MemWrite UC
 595000: board.cache_hierarchy.l1d-cache-0: Unblocking for cause 1, mask=0
 595000: board.processor.cores.core.workload: Translating: 0x135f0->0x35f0
 595001: board.cache_hierarchy.l1d-cache-0: sendWriteQueuePacket: write WriteReq [3598:359f] type=MemWrite UC
 595001: board.cache_hierarchy.l1d-cache-0: access for WriteReq [35d0:35d7] type=MemWrite UC
 595001: board.cache_hierarchy.l1d-cache-0: Blocking for cause 1, mask=2
 596000: board.cache_hierarchy.l2-cache-0: sendWriteQueuePacket: write WriteReq [3568:356f] type=MemWrite UC
 596000: board.cache_hierarchy.l2-cache-0: sendWriteQueuePacket: write WriteReq [3568:356f] type=MemWrite UC
 596000: board.processor.cores.core.workload: Translating: 0x135f8->0x35f8
 565000: board.processor.cores.core: 0x10990    : c_addi a4, 16              : 
 597000: board.cache_hierarchy.l1d-cache-0: recvTimingResp: Handling response WriteResp [3510:3517] type=MemWrite UC
 597000: board.cache_hierarchy.l1d-cache-0: sendWriteQueuePacket: write WriteReq [3598:359f] type=MemWrite UC
 597000: board.cache_hierarchy.l2-cache-0: access for WriteReq [3598:359f] type=MemWrite UC
 597000: board.cache_hierarchy.l1d-cache-0: Unblocking for cause 1, mask=0
 597000: board.cache_hierarchy.l2-cache-0: recvTimingResp: Handling response WriteResp [3518:351f] type=MemWrite UC
 565000: board.processor.cores.core: 0x10992    : bltu a4, a3, -6            : 
 566000: board.processor.cores.core: 0x1098c    : c_sd a1, 0(a4)             : 
 597001: board.cache_hierarchy.l1d-cache-0: sendWriteQueuePacket: write WriteReq [35a0:35a7] type=MemWrite UC
 597001: board.cache_hierarchy.l1d-cache-0: access for WriteReq [35d8:35df] type=MemWrite UC
 597001: board.cache_hierarchy.l1d-cache-0: Blocking for cause 1, mask=2
 598000: board.cache_hierarchy.l2-cache-0: sendWriteQueuePacket: write WriteReq [3570:3577] type=MemWrite UC
 598000: board.cache_hierarchy.l2-cache-0: sendWriteQueuePacket: write WriteReq [3570:3577] type=MemWrite UC
 566000: board.processor.cores.core: 0x1098e    : c_sd a1, 8(a4)             : 
 599000: board.cache_hierarchy.l1d-cache-0: recvTimingResp: Handling response WriteResp [3518:351f] type=MemWrite UC
 599000: board.cache_hierarchy.l2-cache-0: recvTimingResp: Handling response WriteResp [3520:3527] type=MemWrite UC
 599000: board.cache_hierarchy.l1d-cache-0: sendWriteQueuePacket: write WriteReq [35a0:35a7] type=MemWrite UC
 599000: board.cache_hierarchy.l2-cache-0: access for WriteReq [35a0:35a7] type=MemWrite UC
 599000: board.cache_hierarchy.l1d-cache-0: Unblocking for cause 1, mask=0
 599000: board.processor.cores.core.workload: Translating: 0x13600->0x3600
 599001: board.cache_hierarchy.l1d-cache-0: sendWriteQueuePacket: write WriteReq [35a8:35af] type=MemWrite UC
 599001: board.cache_hierarchy.l1d-cache-0: access for WriteReq [35e0:35e7] type=MemWrite UC
 599001: board.cache_hierarchy.l1d-cache-0: Blocking for cause 1, mask=2
 600000: board.cache_hierarchy.l2-cache-0: sendWriteQueuePacket: write WriteReq [3578:357f] type=MemWrite UC
 600000: board.cache_hierarchy.l2-cache-0: sendWriteQueuePacket: write WriteReq [3578:357f] type=MemWrite UC
 600000: board.processor.cores.core.workload: Translating: 0x13608->0x3608
 567000: board.processor.cores.core: 0x10990    : c_addi a4, 16              : 
 601000: board.cache_hierarchy.l1d-cache-0: recvTimingResp: Handling response WriteResp [3520:3527] type=MemWrite UC
 601000: board.cache_hierarchy.l1d-cache-0: sendWriteQueuePacket: write WriteReq [35a8:35af] type=MemWrite UC
 601000: board.cache_hierarchy.l2-cache-0: access for WriteReq [35a8:35af] type=MemWrite UC
 601000: board.cache_hierarchy.l1d-cache-0: Unblocking for cause 1, mask=0
 601000: board.cache_hierarchy.l2-cache-0: recvTimingResp: Handling response WriteResp [3528:352f] type=MemWrite UC
 567000: board.processor.cores.core: 0x10992    : bltu a4, a3, -6            : 
 568000: board.processor.cores.core: 0x1098c    : c_sd a1, 0(a4)             : 
 601001: board.cache_hierarchy.l1d-cache-0: sendWriteQueuePacket: write WriteReq [35b0:35b7] type=MemWrite UC
 601001: board.cache_hierarchy.l1d-cache-0: access for WriteReq [35e8:35ef] type=MemWrite UC
 601001: board.cache_hierarchy.l1d-cache-0: Blocking for cause 1, mask=2
 602000: board.cache_hierarchy.l2-cache-0: sendWriteQueuePacket: write WriteReq [3580:3587] type=MemWrite UC
 602000: board.cache_hierarchy.l2-cache-0: sendWriteQueuePacket: write WriteReq [3580:3587] type=MemWrite UC
 568000: board.processor.cores.core: 0x1098e    : c_sd a1, 8(a4)             : 
 603000: board.cache_hierarchy.l1d-cache-0: recvTimingResp: Handling response WriteResp [3528:352f] type=MemWrite UC
 603000: board.cache_hierarchy.l2-cache-0: recvTimingResp: Handling response WriteResp [3530:3537] type=MemWrite UC
 603000: board.cache_hierarchy.l1d-cache-0: sendWriteQueuePacket: write WriteReq [35b0:35b7] type=MemWrite UC
 603000: board.cache_hierarchy.l2-cache-0: access for WriteReq [35b0:35b7] type=MemWrite UC
 603000: board.cache_hierarchy.l1d-cache-0: Unblocking for cause 1, mask=0
 603000: board.processor.cores.core.workload: Translating: 0x13610->0x3610
 603001: board.cache_hierarchy.l1d-cache-0: sendWriteQueuePacket: write WriteReq [35b8:35bf] type=MemWrite UC
 603001: board.cache_hierarchy.l1d-cache-0: access for WriteReq [35f0:35f7] type=MemWrite UC
 603001: board.cache_hierarchy.l1d-cache-0: Blocking for cause 1, mask=2
 604000: board.cache_hierarchy.l2-cache-0: sendWriteQueuePacket: write WriteReq [3588:358f] type=MemWrite UC
 604000: board.cache_hierarchy.l2-cache-0: sendWriteQueuePacket: write WriteReq [3588:358f] type=MemWrite UC
 604000: board.processor.cores.core.workload: Translating: 0x13618->0x3618
 569000: board.processor.cores.core: 0x10990    : c_addi a4, 16              : 
 605000: board.cache_hierarchy.l1d-cache-0: recvTimingResp: Handling response WriteResp [3530:3537] type=MemWrite UC
 605000: board.cache_hierarchy.l1d-cache-0: sendWriteQueuePacket: write WriteReq [35b8:35bf] type=MemWrite UC
 605000: board.cache_hierarchy.l2-cache-0: access for WriteReq [35b8:35bf] type=MemWrite UC
 605000: board.cache_hierarchy.l1d-cache-0: Unblocking for cause 1, mask=0
 605000: board.cache_hierarchy.l2-cache-0: recvTimingResp: Handling response WriteResp [3538:353f] type=MemWrite UC
 569000: board.processor.cores.core: 0x10992    : bltu a4, a3, -6            : 
 570000: board.processor.cores.core: 0x1098c    : c_sd a1, 0(a4)             : 
 605001: board.cache_hierarchy.l1d-cache-0: sendWriteQueuePacket: write WriteReq [35c0:35c7] type=MemWrite UC
 605001: board.cache_hierarchy.l1d-cache-0: access for WriteReq [35f8:35ff] type=MemWrite UC
 605001: board.cache_hierarchy.l1d-cache-0: Blocking for cause 1, mask=2
 606000: board.cache_hierarchy.l2-cache-0: sendWriteQueuePacket: write WriteReq [3590:3597] type=MemWrite UC
 606000: board.cache_hierarchy.l2-cache-0: sendWriteQueuePacket: write WriteReq [3590:3597] type=MemWrite UC
 570000: board.processor.cores.core: 0x1098e    : c_sd a1, 8(a4)             : 
 607000: board.cache_hierarchy.l1d-cache-0: recvTimingResp: Handling response WriteResp [3538:353f] type=MemWrite UC
 607000: board.cache_hierarchy.l2-cache-0: recvTimingResp: Handling response WriteResp [3540:3547] type=MemWrite UC
 607000: board.cache_hierarchy.l1d-cache-0: sendWriteQueuePacket: write WriteReq [35c0:35c7] type=MemWrite UC
 607000: board.cache_hierarchy.l2-cache-0: access for WriteReq [35c0:35c7] type=MemWrite UC
 607000: board.cache_hierarchy.l1d-cache-0: Unblocking for cause 1, mask=0
 607000: board.processor.cores.core.workload: Translating: 0x13620->0x3620
 607001: board.cache_hierarchy.l1d-cache-0: sendWriteQueuePacket: write WriteReq [35c8:35cf] type=MemWrite UC
 607001: board.cache_hierarchy.l1d-cache-0: access for WriteReq [3600:3607] type=MemWrite UC
 607001: board.cache_hierarchy.l1d-cache-0: Blocking for cause 1, mask=2
 608000: board.cache_hierarchy.l2-cache-0: sendWriteQueuePacket: write WriteReq [3598:359f] type=MemWrite UC
 608000: board.cache_hierarchy.l2-cache-0: sendWriteQueuePacket: write WriteReq [3598:359f] type=MemWrite UC
 608000: board.processor.cores.core.workload: Translating: 0x13628->0x3628
 571000: board.processor.cores.core: 0x10990    : c_addi a4, 16              : 
 609000: board.cache_hierarchy.l1d-cache-0: recvTimingResp: Handling response WriteResp [3540:3547] type=MemWrite UC
 609000: board.cache_hierarchy.l1d-cache-0: sendWriteQueuePacket: write WriteReq [35c8:35cf] type=MemWrite UC
 609000: board.cache_hierarchy.l2-cache-0: access for WriteReq [35c8:35cf] type=MemWrite UC
 609000: board.cache_hierarchy.l1d-cache-0: Unblocking for cause 1, mask=0
 609000: board.cache_hierarchy.l2-cache-0: recvTimingResp: Handling response WriteResp [3548:354f] type=MemWrite UC
 571000: board.processor.cores.core: 0x10992    : bltu a4, a3, -6            : 
 572000: board.processor.cores.core: 0x1098c    : c_sd a1, 0(a4)             : 
 609001: board.cache_hierarchy.l1d-cache-0: sendWriteQueuePacket: write WriteReq [35d0:35d7] type=MemWrite UC
 609001: board.cache_hierarchy.l1d-cache-0: access for WriteReq [3608:360f] type=MemWrite UC
 609001: board.cache_hierarchy.l1d-cache-0: Blocking for cause 1, mask=2
 610000: board.cache_hierarchy.l2-cache-0: sendWriteQueuePacket: write WriteReq [35a0:35a7] type=MemWrite UC
 610000: board.cache_hierarchy.l2-cache-0: sendWriteQueuePacket: write WriteReq [35a0:35a7] type=MemWrite UC
 572000: board.processor.cores.core: 0x1098e    : c_sd a1, 8(a4)             : 
 611000: board.cache_hierarchy.l1d-cache-0: recvTimingResp: Handling response WriteResp [3548:354f] type=MemWrite UC
 611000: board.cache_hierarchy.l2-cache-0: recvTimingResp: Handling response WriteResp [3550:3557] type=MemWrite UC
 611000: board.cache_hierarchy.l1d-cache-0: sendWriteQueuePacket: write WriteReq [35d0:35d7] type=MemWrite UC
 611000: board.cache_hierarchy.l2-cache-0: access for WriteReq [35d0:35d7] type=MemWrite UC
 611000: board.cache_hierarchy.l1d-cache-0: Unblocking for cause 1, mask=0
 611000: board.processor.cores.core.workload: Translating: 0x13630->0x3630
 611001: board.cache_hierarchy.l1d-cache-0: sendWriteQueuePacket: write WriteReq [35d8:35df] type=MemWrite UC
 611001: board.cache_hierarchy.l1d-cache-0: access for WriteReq [3610:3617] type=MemWrite UC
 611001: board.cache_hierarchy.l1d-cache-0: Blocking for cause 1, mask=2
 612000: board.cache_hierarchy.l2-cache-0: sendWriteQueuePacket: write WriteReq [35a8:35af] type=MemWrite UC
 612000: board.cache_hierarchy.l2-cache-0: sendWriteQueuePacket: write WriteReq [35a8:35af] type=MemWrite UC
 612000: board.processor.cores.core.workload: Translating: 0x13638->0x3638
 573000: board.processor.cores.core: 0x10990    : c_addi a4, 16              : 
 613000: board.cache_hierarchy.l1d-cache-0: recvTimingResp: Handling response WriteResp [3550:3557] type=MemWrite UC
 613000: board.cache_hierarchy.l1d-cache-0: sendWriteQueuePacket: write WriteReq [35d8:35df] type=MemWrite UC
 613000: board.cache_hierarchy.l2-cache-0: access for WriteReq [35d8:35df] type=MemWrite UC
 613000: board.cache_hierarchy.l1d-cache-0: Unblocking for cause 1, mask=0
 613000: board.cache_hierarchy.l2-cache-0: recvTimingResp: Handling response WriteResp [3558:355f] type=MemWrite UC
 573000: board.processor.cores.core: 0x10992    : bltu a4, a3, -6            : 
 574000: board.processor.cores.core: 0x1098c    : c_sd a1, 0(a4)             : 
 613001: board.cache_hierarchy.l1d-cache-0: sendWriteQueuePacket: write WriteReq [35e0:35e7] type=MemWrite UC
 613001: board.cache_hierarchy.l1d-cache-0: access for WriteReq [3618:361f] type=MemWrite UC
 613001: board.cache_hierarchy.l1d-cache-0: Blocking for cause 1, mask=2
 614000: board.cache_hierarchy.l2-cache-0: sendWriteQueuePacket: write WriteReq [35b0:35b7] type=MemWrite UC
 614000: board.cache_hierarchy.l2-cache-0: sendWriteQueuePacket: write WriteReq [35b0:35b7] type=MemWrite UC
 574000: board.processor.cores.core: 0x1098e    : c_sd a1, 8(a4)             : 
 615000: board.cache_hierarchy.l1d-cache-0: recvTimingResp: Handling response WriteResp [3558:355f] type=MemWrite UC
 615000: board.cache_hierarchy.l2-cache-0: recvTimingResp: Handling response WriteResp [3560:3567] type=MemWrite UC
 615000: board.cache_hierarchy.l1d-cache-0: sendWriteQueuePacket: write WriteReq [35e0:35e7] type=MemWrite UC
 615000: board.cache_hierarchy.l2-cache-0: access for WriteReq [35e0:35e7] type=MemWrite UC
 615000: board.cache_hierarchy.l1d-cache-0: Unblocking for cause 1, mask=0
 615000: board.processor.cores.core.workload: Translating: 0x13640->0x3640
 615001: board.cache_hierarchy.l1d-cache-0: sendWriteQueuePacket: write WriteReq [35e8:35ef] type=MemWrite UC
 615001: board.cache_hierarchy.l1d-cache-0: access for WriteReq [3620:3627] type=MemWrite UC
 615001: board.cache_hierarchy.l1d-cache-0: Blocking for cause 1, mask=2
 616000: board.cache_hierarchy.l2-cache-0: sendWriteQueuePacket: write WriteReq [35b8:35bf] type=MemWrite UC
 616000: board.cache_hierarchy.l2-cache-0: sendWriteQueuePacket: write WriteReq [35b8:35bf] type=MemWrite UC
 616000: board.processor.cores.core.workload: Translating: 0x13648->0x3648
 577000: board.processor.cores.core: 0x10990    : c_addi a4, 16              : 
 617000: board.cache_hierarchy.l1d-cache-0: recvTimingResp: Handling response WriteResp [3560:3567] type=MemWrite UC
 617000: board.cache_hierarchy.l1d-cache-0: sendWriteQueuePacket: write WriteReq [35e8:35ef] type=MemWrite UC
 617000: board.cache_hierarchy.l2-cache-0: access for WriteReq [35e8:35ef] type=MemWrite UC
 617000: board.cache_hierarchy.l1d-cache-0: Unblocking for cause 1, mask=0
 617000: board.cache_hierarchy.l2-cache-0: recvTimingResp: Handling response WriteResp [3568:356f] type=MemWrite UC
 577000: board.processor.cores.core: 0x10992    : bltu a4, a3, -6            : 
 578000: board.processor.cores.core: 0x1098c    : c_sd a1, 0(a4)             : 
 617001: board.cache_hierarchy.l1d-cache-0: sendWriteQueuePacket: write WriteReq [35f0:35f7] type=MemWrite UC
 617001: board.cache_hierarchy.l1d-cache-0: access for WriteReq [3628:362f] type=MemWrite UC
 617001: board.cache_hierarchy.l1d-cache-0: Blocking for cause 1, mask=2
 618000: board.cache_hierarchy.l2-cache-0: sendWriteQueuePacket: write WriteReq [35c0:35c7] type=MemWrite UC
 618000: board.cache_hierarchy.l2-cache-0: sendWriteQueuePacket: write WriteReq [35c0:35c7] type=MemWrite UC
 578000: board.processor.cores.core: 0x1098e    : c_sd a1, 8(a4)             : 
 619000: board.cache_hierarchy.l1d-cache-0: recvTimingResp: Handling response WriteResp [3568:356f] type=MemWrite UC
 619000: board.cache_hierarchy.l2-cache-0: recvTimingResp: Handling response WriteResp [3570:3577] type=MemWrite UC
 619000: board.cache_hierarchy.l1d-cache-0: sendWriteQueuePacket: write WriteReq [35f0:35f7] type=MemWrite UC
 619000: board.cache_hierarchy.l2-cache-0: access for WriteReq [35f0:35f7] type=MemWrite UC
 619000: board.cache_hierarchy.l1d-cache-0: Unblocking for cause 1, mask=0
 619000: board.processor.cores.core.workload: Translating: 0x13650->0x3650
 619001: board.cache_hierarchy.l1d-cache-0: sendWriteQueuePacket: write WriteReq [35f8:35ff] type=MemWrite UC
 619001: board.cache_hierarchy.l1d-cache-0: access for WriteReq [3630:3637] type=MemWrite UC
 619001: board.cache_hierarchy.l1d-cache-0: Blocking for cause 1, mask=2
 620000: board.cache_hierarchy.l2-cache-0: sendWriteQueuePacket: write WriteReq [35c8:35cf] type=MemWrite UC
 620000: board.cache_hierarchy.l2-cache-0: sendWriteQueuePacket: write WriteReq [35c8:35cf] type=MemWrite UC
 620000: board.processor.cores.core.workload: Translating: 0x13658->0x3658
 579000: board.processor.cores.core: 0x10990    : c_addi a4, 16              : 
 621000: board.cache_hierarchy.l1d-cache-0: recvTimingResp: Handling response WriteResp [3570:3577] type=MemWrite UC
 621000: board.cache_hierarchy.l1d-cache-0: sendWriteQueuePacket: write WriteReq [35f8:35ff] type=MemWrite UC
 621000: board.cache_hierarchy.l2-cache-0: access for WriteReq [35f8:35ff] type=MemWrite UC
 621000: board.cache_hierarchy.l1d-cache-0: Unblocking for cause 1, mask=0
 621000: board.cache_hierarchy.l2-cache-0: recvTimingResp: Handling response WriteResp [3578:357f] type=MemWrite UC
 579000: board.processor.cores.core: 0x10992    : bltu a4, a3, -6            : 
 580000: board.processor.cores.core: 0x1098c    : c_sd a1, 0(a4)             : 
 621001: board.cache_hierarchy.l1d-cache-0: sendWriteQueuePacket: write WriteReq [3600:3607] type=MemWrite UC
 621001: board.cache_hierarchy.l1d-cache-0: access for WriteReq [3638:363f] type=MemWrite UC
 621001: board.cache_hierarchy.l1d-cache-0: Blocking for cause 1, mask=2
 622000: board.cache_hierarchy.l2-cache-0: sendWriteQueuePacket: write WriteReq [35d0:35d7] type=MemWrite UC
 622000: board.cache_hierarchy.l2-cache-0: sendWriteQueuePacket: write WriteReq [35d0:35d7] type=MemWrite UC
 580000: board.processor.cores.core: 0x1098e    : c_sd a1, 8(a4)             : 
 623000: board.cache_hierarchy.l1d-cache-0: recvTimingResp: Handling response WriteResp [3578:357f] type=MemWrite UC
 623000: board.cache_hierarchy.l2-cache-0: recvTimingResp: Handling response WriteResp [3580:3587] type=MemWrite UC
 623000: board.cache_hierarchy.l1d-cache-0: sendWriteQueuePacket: write WriteReq [3600:3607] type=MemWrite UC
 623000: board.cache_hierarchy.l2-cache-0: access for WriteReq [3600:3607] type=MemWrite UC
 623000: board.cache_hierarchy.l1d-cache-0: Unblocking for cause 1, mask=0
 623000: board.processor.cores.core.workload: Translating: 0x13660->0x3660
 623001: board.cache_hierarchy.l1d-cache-0: sendWriteQueuePacket: write WriteReq [3608:360f] type=MemWrite UC
 623001: board.cache_hierarchy.l1d-cache-0: access for WriteReq [3640:3647] type=MemWrite UC
 623001: board.cache_hierarchy.l1d-cache-0: Blocking for cause 1, mask=2
 624000: board.cache_hierarchy.l2-cache-0: sendWriteQueuePacket: write WriteReq [35d8:35df] type=MemWrite UC
 624000: board.cache_hierarchy.l2-cache-0: sendWriteQueuePacket: write WriteReq [35d8:35df] type=MemWrite UC
 624000: board.processor.cores.core.workload: Translating: 0x13668->0x3668
 581000: board.processor.cores.core: 0x10990    : c_addi a4, 16              : 
 625000: board.cache_hierarchy.l1d-cache-0: recvTimingResp: Handling response WriteResp [3580:3587] type=MemWrite UC
 625000: board.cache_hierarchy.l1d-cache-0: sendWriteQueuePacket: write WriteReq [3608:360f] type=MemWrite UC
 625000: board.cache_hierarchy.l2-cache-0: access for WriteReq [3608:360f] type=MemWrite UC
 625000: board.cache_hierarchy.l1d-cache-0: Unblocking for cause 1, mask=0
 625000: board.cache_hierarchy.l2-cache-0: recvTimingResp: Handling response WriteResp [3588:358f] type=MemWrite UC
 581000: board.processor.cores.core: 0x10992    : bltu a4, a3, -6            : 
 586000: board.processor.cores.core: 0x1098c    : c_sd a1, 0(a4)             : 
 625001: board.cache_hierarchy.l1d-cache-0: sendWriteQueuePacket: write WriteReq [3610:3617] type=MemWrite UC
 625001: board.cache_hierarchy.l1d-cache-0: access for WriteReq [3648:364f] type=MemWrite UC
 625001: board.cache_hierarchy.l1d-cache-0: Blocking for cause 1, mask=2
 626000: board.cache_hierarchy.l2-cache-0: sendWriteQueuePacket: write WriteReq [35e0:35e7] type=MemWrite UC
 626000: board.cache_hierarchy.l2-cache-0: sendWriteQueuePacket: write WriteReq [35e0:35e7] type=MemWrite UC
 586000: board.processor.cores.core: 0x1098e    : c_sd a1, 8(a4)             : 
 627000: board.cache_hierarchy.l1d-cache-0: recvTimingResp: Handling response WriteResp [3588:358f] type=MemWrite UC
 627000: board.cache_hierarchy.l2-cache-0: recvTimingResp: Handling response WriteResp [3590:3597] type=MemWrite UC
 627000: board.cache_hierarchy.l1d-cache-0: sendWriteQueuePacket: write WriteReq [3610:3617] type=MemWrite UC
 627000: board.cache_hierarchy.l2-cache-0: access for WriteReq [3610:3617] type=MemWrite UC
 627000: board.cache_hierarchy.l1d-cache-0: Unblocking for cause 1, mask=0
 627000: board.processor.cores.core.workload: Translating: 0x13670->0x3670
 627001: board.cache_hierarchy.l1d-cache-0: sendWriteQueuePacket: write WriteReq [3618:361f] type=MemWrite UC
 627001: board.cache_hierarchy.l1d-cache-0: access for WriteReq [3650:3657] type=MemWrite UC
 627001: board.cache_hierarchy.l1d-cache-0: Blocking for cause 1, mask=2
 628000: board.cache_hierarchy.l2-cache-0: sendWriteQueuePacket: write WriteReq [35e8:35ef] type=MemWrite UC
 628000: board.cache_hierarchy.l2-cache-0: sendWriteQueuePacket: write WriteReq [35e8:35ef] type=MemWrite UC
 628000: board.processor.cores.core.workload: Translating: 0x13678->0x3678
 589000: board.processor.cores.core: 0x10990    : c_addi a4, 16              : 
 629000: board.cache_hierarchy.l1d-cache-0: recvTimingResp: Handling response WriteResp [3590:3597] type=MemWrite UC
 629000: board.cache_hierarchy.l1d-cache-0: sendWriteQueuePacket: write WriteReq [3618:361f] type=MemWrite UC
 629000: board.cache_hierarchy.l2-cache-0: access for WriteReq [3618:361f] type=MemWrite UC
 629000: board.cache_hierarchy.l1d-cache-0: Unblocking for cause 1, mask=0
 629000: board.cache_hierarchy.l2-cache-0: recvTimingResp: Handling response WriteResp [3598:359f] type=MemWrite UC
 589000: board.processor.cores.core: 0x10992    : bltu a4, a3, -6            : 
 590000: board.processor.cores.core: 0x1098c    : c_sd a1, 0(a4)             : 
 629001: board.cache_hierarchy.l1d-cache-0: sendWriteQueuePacket: write WriteReq [3620:3627] type=MemWrite UC
 629001: board.cache_hierarchy.l1d-cache-0: access for WriteReq [3658:365f] type=MemWrite UC
 629001: board.cache_hierarchy.l1d-cache-0: Blocking for cause 1, mask=2
 630000: board.cache_hierarchy.l2-cache-0: sendWriteQueuePacket: write WriteReq [35f0:35f7] type=MemWrite UC
 630000: board.cache_hierarchy.l2-cache-0: sendWriteQueuePacket: write WriteReq [35f0:35f7] type=MemWrite UC
 590000: board.processor.cores.core: 0x1098e    : c_sd a1, 8(a4)             : 
 631000: board.cache_hierarchy.l1d-cache-0: recvTimingResp: Handling response WriteResp [3598:359f] type=MemWrite UC
 631000: board.cache_hierarchy.l2-cache-0: recvTimingResp: Handling response WriteResp [35a0:35a7] type=MemWrite UC
 631000: board.cache_hierarchy.l1d-cache-0: sendWriteQueuePacket: write WriteReq [3620:3627] type=MemWrite UC
 631000: board.cache_hierarchy.l2-cache-0: access for WriteReq [3620:3627] type=MemWrite UC
 631000: board.cache_hierarchy.l1d-cache-0: Unblocking for cause 1, mask=0
 631000: board.processor.cores.core.workload: Translating: 0x13680->0x3680
 631001: board.cache_hierarchy.l1d-cache-0: sendWriteQueuePacket: write WriteReq [3628:362f] type=MemWrite UC
 631001: board.cache_hierarchy.l1d-cache-0: access for WriteReq [3660:3667] type=MemWrite UC
 631001: board.cache_hierarchy.l1d-cache-0: Blocking for cause 1, mask=2
 632000: board.cache_hierarchy.l2-cache-0: sendWriteQueuePacket: write WriteReq [35f8:35ff] type=MemWrite UC
 632000: board.cache_hierarchy.l2-cache-0: sendWriteQueuePacket: write WriteReq [35f8:35ff] type=MemWrite UC
 632000: board.processor.cores.core.workload: Translating: 0x13688->0x3688
 593000: board.processor.cores.core: 0x10990    : c_addi a4, 16              : 
 633000: board.cache_hierarchy.l1d-cache-0: recvTimingResp: Handling response WriteResp [35a0:35a7] type=MemWrite UC
 633000: board.cache_hierarchy.l1d-cache-0: sendWriteQueuePacket: write WriteReq [3628:362f] type=MemWrite UC
 633000: board.cache_hierarchy.l2-cache-0: access for WriteReq [3628:362f] type=MemWrite UC
 633000: board.cache_hierarchy.l1d-cache-0: Unblocking for cause 1, mask=0
 633000: board.cache_hierarchy.l2-cache-0: recvTimingResp: Handling response WriteResp [35a8:35af] type=MemWrite UC
 593000: board.processor.cores.core: 0x10992    : bltu a4, a3, -6            : 
 594000: board.processor.cores.core: 0x1098c    : c_sd a1, 0(a4)             : 
 633001: board.cache_hierarchy.l1d-cache-0: sendWriteQueuePacket: write WriteReq [3630:3637] type=MemWrite UC
 633001: board.cache_hierarchy.l1d-cache-0: access for WriteReq [3668:366f] type=MemWrite UC
 633001: board.cache_hierarchy.l1d-cache-0: Blocking for cause 1, mask=2
 634000: board.cache_hierarchy.l2-cache-0: sendWriteQueuePacket: write WriteReq [3600:3607] type=MemWrite UC
 634000: board.cache_hierarchy.l2-cache-0: sendWriteQueuePacket: write WriteReq [3600:3607] type=MemWrite UC
 594000: board.processor.cores.core: 0x1098e    : c_sd a1, 8(a4)             : 
 635000: board.cache_hierarchy.l1d-cache-0: recvTimingResp: Handling response WriteResp [35a8:35af] type=MemWrite UC
 635000: board.cache_hierarchy.l2-cache-0: recvTimingResp: Handling response WriteResp [35b0:35b7] type=MemWrite UC
 635000: board.cache_hierarchy.l1d-cache-0: sendWriteQueuePacket: write WriteReq [3630:3637] type=MemWrite UC
 635000: board.cache_hierarchy.l2-cache-0: access for WriteReq [3630:3637] type=MemWrite UC
 635000: board.cache_hierarchy.l1d-cache-0: Unblocking for cause 1, mask=0
 635000: board.processor.cores.core.workload: Translating: 0x13690->0x3690
 635001: board.cache_hierarchy.l1d-cache-0: sendWriteQueuePacket: write WriteReq [3638:363f] type=MemWrite UC
 635001: board.cache_hierarchy.l1d-cache-0: access for WriteReq [3670:3677] type=MemWrite UC
 635001: board.cache_hierarchy.l1d-cache-0: Blocking for cause 1, mask=2
 636000: board.cache_hierarchy.l2-cache-0: sendWriteQueuePacket: write WriteReq [3608:360f] type=MemWrite UC
 636000: board.cache_hierarchy.l2-cache-0: sendWriteQueuePacket: write WriteReq [3608:360f] type=MemWrite UC
 636000: board.processor.cores.core.workload: Translating: 0x13698->0x3698
 597000: board.processor.cores.core: 0x10990    : c_addi a4, 16              : 
 637000: board.cache_hierarchy.l1d-cache-0: recvTimingResp: Handling response WriteResp [35b0:35b7] type=MemWrite UC
 637000: board.cache_hierarchy.l1d-cache-0: sendWriteQueuePacket: write WriteReq [3638:363f] type=MemWrite UC
 637000: board.cache_hierarchy.l2-cache-0: access for WriteReq [3638:363f] type=MemWrite UC
 637000: board.cache_hierarchy.l1d-cache-0: Unblocking for cause 1, mask=0
 637000: board.cache_hierarchy.l2-cache-0: recvTimingResp: Handling response WriteResp [35b8:35bf] type=MemWrite UC
 597000: board.processor.cores.core: 0x10992    : bltu a4, a3, -6            : 
 598000: board.processor.cores.core: 0x1098c    : c_sd a1, 0(a4)             : 
 637001: board.cache_hierarchy.l1d-cache-0: sendWriteQueuePacket: write WriteReq [3640:3647] type=MemWrite UC
 637001: board.cache_hierarchy.l1d-cache-0: access for WriteReq [3678:367f] type=MemWrite UC
 637001: board.cache_hierarchy.l1d-cache-0: Blocking for cause 1, mask=2
 638000: board.cache_hierarchy.l2-cache-0: sendWriteQueuePacket: write WriteReq [3610:3617] type=MemWrite UC
 638000: board.cache_hierarchy.l2-cache-0: sendWriteQueuePacket: write WriteReq [3610:3617] type=MemWrite UC
 598000: board.processor.cores.core: 0x1098e    : c_sd a1, 8(a4)             : 
 639000: board.cache_hierarchy.l1d-cache-0: recvTimingResp: Handling response WriteResp [35b8:35bf] type=MemWrite UC
 639000: board.cache_hierarchy.l2-cache-0: recvTimingResp: Handling response WriteResp [35c0:35c7] type=MemWrite UC
 639000: board.cache_hierarchy.l1d-cache-0: sendWriteQueuePacket: write WriteReq [3640:3647] type=MemWrite UC
 639000: board.cache_hierarchy.l2-cache-0: access for WriteReq [3640:3647] type=MemWrite UC
 639000: board.cache_hierarchy.l1d-cache-0: Unblocking for cause 1, mask=0
 639000: board.processor.cores.core.workload: Translating: 0x136a0->0x36a0
 639001: board.cache_hierarchy.l1d-cache-0: sendWriteQueuePacket: write WriteReq [3648:364f] type=MemWrite UC
 639001: board.cache_hierarchy.l1d-cache-0: access for WriteReq [3680:3687] type=MemWrite UC
 639001: board.cache_hierarchy.l1d-cache-0: Blocking for cause 1, mask=2
 640000: board.cache_hierarchy.l2-cache-0: sendWriteQueuePacket: write WriteReq [3618:361f] type=MemWrite UC
 640000: board.cache_hierarchy.l2-cache-0: sendWriteQueuePacket: write WriteReq [3618:361f] type=MemWrite UC
 640000: board.processor.cores.core.workload: Translating: 0x136a8->0x36a8
 601000: board.processor.cores.core: 0x10990    : c_addi a4, 16              : 
 641000: board.cache_hierarchy.l1d-cache-0: recvTimingResp: Handling response WriteResp [35c0:35c7] type=MemWrite UC
 641000: board.cache_hierarchy.l1d-cache-0: sendWriteQueuePacket: write WriteReq [3648:364f] type=MemWrite UC
 641000: board.cache_hierarchy.l2-cache-0: access for WriteReq [3648:364f] type=MemWrite UC
 641000: board.cache_hierarchy.l1d-cache-0: Unblocking for cause 1, mask=0
 641000: board.cache_hierarchy.l2-cache-0: recvTimingResp: Handling response WriteResp [35c8:35cf] type=MemWrite UC
 601000: board.processor.cores.core: 0x10992    : bltu a4, a3, -6            : 
 602000: board.processor.cores.core: 0x1098c    : c_sd a1, 0(a4)             : 
 641001: board.cache_hierarchy.l1d-cache-0: sendWriteQueuePacket: write WriteReq [3650:3657] type=MemWrite UC
 641001: board.cache_hierarchy.l1d-cache-0: access for WriteReq [3688:368f] type=MemWrite UC
 641001: board.cache_hierarchy.l1d-cache-0: Blocking for cause 1, mask=2
 642000: board.cache_hierarchy.l2-cache-0: sendWriteQueuePacket: write WriteReq [3620:3627] type=MemWrite UC
 642000: board.cache_hierarchy.l2-cache-0: sendWriteQueuePacket: write WriteReq [3620:3627] type=MemWrite UC
 602000: board.processor.cores.core: 0x1098e    : c_sd a1, 8(a4)             : 
 643000: board.cache_hierarchy.l1d-cache-0: recvTimingResp: Handling response WriteResp [35c8:35cf] type=MemWrite UC
 643000: board.cache_hierarchy.l2-cache-0: recvTimingResp: Handling response WriteResp [35d0:35d7] type=MemWrite UC
 643000: board.cache_hierarchy.l1d-cache-0: sendWriteQueuePacket: write WriteReq [3650:3657] type=MemWrite UC
 643000: board.cache_hierarchy.l2-cache-0: access for WriteReq [3650:3657] type=MemWrite UC
 643000: board.cache_hierarchy.l1d-cache-0: Unblocking for cause 1, mask=0
 643000: board.processor.cores.core.workload: Translating: 0x136b0->0x36b0
 643001: board.cache_hierarchy.l1d-cache-0: sendWriteQueuePacket: write WriteReq [3658:365f] type=MemWrite UC
 643001: board.cache_hierarchy.l1d-cache-0: access for WriteReq [3690:3697] type=MemWrite UC
 643001: board.cache_hierarchy.l1d-cache-0: Blocking for cause 1, mask=2
 644000: board.cache_hierarchy.l2-cache-0: sendWriteQueuePacket: write WriteReq [3628:362f] type=MemWrite UC
 644000: board.cache_hierarchy.l2-cache-0: sendWriteQueuePacket: write WriteReq [3628:362f] type=MemWrite UC
 644000: board.processor.cores.core.workload: Translating: 0x136b8->0x36b8
 605000: board.processor.cores.core: 0x10990    : c_addi a4, 16              : 
 645000: board.cache_hierarchy.l1d-cache-0: recvTimingResp: Handling response WriteResp [35d0:35d7] type=MemWrite UC
 645000: board.cache_hierarchy.l1d-cache-0: sendWriteQueuePacket: write WriteReq [3658:365f] type=MemWrite UC
 645000: board.cache_hierarchy.l2-cache-0: access for WriteReq [3658:365f] type=MemWrite UC
 645000: board.cache_hierarchy.l1d-cache-0: Unblocking for cause 1, mask=0
 645000: board.cache_hierarchy.l2-cache-0: recvTimingResp: Handling response WriteResp [35d8:35df] type=MemWrite UC
 605000: board.processor.cores.core: 0x10992    : bltu a4, a3, -6            : 
 606000: board.processor.cores.core: 0x1098c    : c_sd a1, 0(a4)             : 
 645001: board.cache_hierarchy.l1d-cache-0: sendWriteQueuePacket: write WriteReq [3660:3667] type=MemWrite UC
 645001: board.cache_hierarchy.l1d-cache-0: access for WriteReq [3698:369f] type=MemWrite UC
 645001: board.cache_hierarchy.l1d-cache-0: Blocking for cause 1, mask=2
 646000: board.cache_hierarchy.l2-cache-0: sendWriteQueuePacket: write WriteReq [3630:3637] type=MemWrite UC
 646000: board.cache_hierarchy.l2-cache-0: sendWriteQueuePacket: write WriteReq [3630:3637] type=MemWrite UC
 606000: board.processor.cores.core: 0x1098e    : c_sd a1, 8(a4)             : 
 647000: board.cache_hierarchy.l1d-cache-0: recvTimingResp: Handling response WriteResp [35d8:35df] type=MemWrite UC
 647000: board.cache_hierarchy.l2-cache-0: recvTimingResp: Handling response WriteResp [35e0:35e7] type=MemWrite UC
 647000: board.cache_hierarchy.l1d-cache-0: sendWriteQueuePacket: write WriteReq [3660:3667] type=MemWrite UC
 647000: board.cache_hierarchy.l2-cache-0: access for WriteReq [3660:3667] type=MemWrite UC
 647000: board.cache_hierarchy.l1d-cache-0: Unblocking for cause 1, mask=0
 647000: board.processor.cores.core.workload: Translating: 0x136c0->0x36c0
 647001: board.cache_hierarchy.l1d-cache-0: sendWriteQueuePacket: write WriteReq [3668:366f] type=MemWrite UC
 647001: board.cache_hierarchy.l1d-cache-0: access for WriteReq [36a0:36a7] type=MemWrite UC
 647001: board.cache_hierarchy.l1d-cache-0: Blocking for cause 1, mask=2
 648000: board.cache_hierarchy.l2-cache-0: sendWriteQueuePacket: write WriteReq [3638:363f] type=MemWrite UC
 648000: board.cache_hierarchy.l2-cache-0: sendWriteQueuePacket: write WriteReq [3638:363f] type=MemWrite UC
 648000: board.processor.cores.core.workload: Translating: 0x136c8->0x36c8
 609000: board.processor.cores.core: 0x10990    : c_addi a4, 16              : 
 649000: board.cache_hierarchy.l1d-cache-0: recvTimingResp: Handling response WriteResp [35e0:35e7] type=MemWrite UC
 649000: board.cache_hierarchy.l1d-cache-0: sendWriteQueuePacket: write WriteReq [3668:366f] type=MemWrite UC
 649000: board.cache_hierarchy.l2-cache-0: access for WriteReq [3668:366f] type=MemWrite UC
 649000: board.cache_hierarchy.l1d-cache-0: Unblocking for cause 1, mask=0
 649000: board.cache_hierarchy.l2-cache-0: recvTimingResp: Handling response WriteResp [35e8:35ef] type=MemWrite UC
 609000: board.processor.cores.core: 0x10992    : bltu a4, a3, -6            : 
 610000: board.processor.cores.core: 0x1098c    : c_sd a1, 0(a4)             : 
 649001: board.cache_hierarchy.l1d-cache-0: sendWriteQueuePacket: write WriteReq [3670:3677] type=MemWrite UC
 649001: board.cache_hierarchy.l1d-cache-0: access for WriteReq [36a8:36af] type=MemWrite UC
 649001: board.cache_hierarchy.l1d-cache-0: Blocking for cause 1, mask=2
 650000: board.cache_hierarchy.l2-cache-0: sendWriteQueuePacket: write WriteReq [3640:3647] type=MemWrite UC
 650000: board.cache_hierarchy.l2-cache-0: sendWriteQueuePacket: write WriteReq [3640:3647] type=MemWrite UC
 610000: board.processor.cores.core: 0x1098e    : c_sd a1, 8(a4)             : 
 651000: board.cache_hierarchy.l1d-cache-0: recvTimingResp: Handling response WriteResp [35e8:35ef] type=MemWrite UC
 651000: board.cache_hierarchy.l2-cache-0: recvTimingResp: Handling response WriteResp [35f0:35f7] type=MemWrite UC
 651000: board.cache_hierarchy.l1d-cache-0: sendWriteQueuePacket: write WriteReq [3670:3677] type=MemWrite UC
 651000: board.cache_hierarchy.l2-cache-0: access for WriteReq [3670:3677] type=MemWrite UC
 651000: board.cache_hierarchy.l1d-cache-0: Unblocking for cause 1, mask=0
 651000: board.processor.cores.core.workload: Translating: 0x136d0->0x36d0
 651001: board.cache_hierarchy.l1d-cache-0: sendWriteQueuePacket: write WriteReq [3678:367f] type=MemWrite UC
 651001: board.cache_hierarchy.l1d-cache-0: access for WriteReq [36b0:36b7] type=MemWrite UC
 651001: board.cache_hierarchy.l1d-cache-0: Blocking for cause 1, mask=2
 652000: board.cache_hierarchy.l2-cache-0: sendWriteQueuePacket: write WriteReq [3648:364f] type=MemWrite UC
 652000: board.cache_hierarchy.l2-cache-0: sendWriteQueuePacket: write WriteReq [3648:364f] type=MemWrite UC
 652000: board.processor.cores.core.workload: Translating: 0x136d8->0x36d8
 613000: board.processor.cores.core: 0x10990    : c_addi a4, 16              : 
 653000: board.cache_hierarchy.l1d-cache-0: recvTimingResp: Handling response WriteResp [35f0:35f7] type=MemWrite UC
 653000: board.cache_hierarchy.l1d-cache-0: sendWriteQueuePacket: write WriteReq [3678:367f] type=MemWrite UC
 653000: board.cache_hierarchy.l2-cache-0: access for WriteReq [3678:367f] type=MemWrite UC
 653000: board.cache_hierarchy.l1d-cache-0: Unblocking for cause 1, mask=0
 653000: board.cache_hierarchy.l2-cache-0: recvTimingResp: Handling response WriteResp [35f8:35ff] type=MemWrite UC
 613000: board.processor.cores.core: 0x10992    : bltu a4, a3, -6            : 
 614000: board.processor.cores.core: 0x1098c    : c_sd a1, 0(a4)             : 
 653001: board.cache_hierarchy.l1d-cache-0: sendWriteQueuePacket: write WriteReq [3680:3687] type=MemWrite UC
 653001: board.cache_hierarchy.l1d-cache-0: access for WriteReq [36b8:36bf] type=MemWrite UC
 653001: board.cache_hierarchy.l1d-cache-0: Blocking for cause 1, mask=2
 654000: board.cache_hierarchy.l2-cache-0: sendWriteQueuePacket: write WriteReq [3650:3657] type=MemWrite UC
 654000: board.cache_hierarchy.l2-cache-0: sendWriteQueuePacket: write WriteReq [3650:3657] type=MemWrite UC
 614000: board.processor.cores.core: 0x1098e    : c_sd a1, 8(a4)             : 
 655000: board.cache_hierarchy.l1d-cache-0: recvTimingResp: Handling response WriteResp [35f8:35ff] type=MemWrite UC
 655000: board.cache_hierarchy.l2-cache-0: recvTimingResp: Handling response WriteResp [3600:3607] type=MemWrite UC
 655000: board.cache_hierarchy.l1d-cache-0: sendWriteQueuePacket: write WriteReq [3680:3687] type=MemWrite UC
 655000: board.cache_hierarchy.l2-cache-0: access for WriteReq [3680:3687] type=MemWrite UC
 655000: board.cache_hierarchy.l1d-cache-0: Unblocking for cause 1, mask=0
 655000: board.processor.cores.core.workload: Translating: 0x136e0->0x36e0
 655001: board.cache_hierarchy.l1d-cache-0: sendWriteQueuePacket: write WriteReq [3688:368f] type=MemWrite UC
 655001: board.cache_hierarchy.l1d-cache-0: access for WriteReq [36c0:36c7] type=MemWrite UC
 655001: board.cache_hierarchy.l1d-cache-0: Blocking for cause 1, mask=2
 656000: board.cache_hierarchy.l2-cache-0: sendWriteQueuePacket: write WriteReq [3658:365f] type=MemWrite UC
 656000: board.cache_hierarchy.l2-cache-0: sendWriteQueuePacket: write WriteReq [3658:365f] type=MemWrite UC
 656000: board.processor.cores.core.workload: Translating: 0x136e8->0x36e8
 617000: board.processor.cores.core: 0x10990    : c_addi a4, 16              : 
 657000: board.cache_hierarchy.l1d-cache-0: recvTimingResp: Handling response WriteResp [3600:3607] type=MemWrite UC
 657000: board.cache_hierarchy.l1d-cache-0: sendWriteQueuePacket: write WriteReq [3688:368f] type=MemWrite UC
 657000: board.cache_hierarchy.l2-cache-0: access for WriteReq [3688:368f] type=MemWrite UC
 657000: board.cache_hierarchy.l1d-cache-0: Unblocking for cause 1, mask=0
 657000: board.cache_hierarchy.l2-cache-0: recvTimingResp: Handling response WriteResp [3608:360f] type=MemWrite UC
 617000: board.processor.cores.core: 0x10992    : bltu a4, a3, -6            : 
 618000: board.processor.cores.core: 0x1098c    : c_sd a1, 0(a4)             : 
 657001: board.cache_hierarchy.l1d-cache-0: sendWriteQueuePacket: write WriteReq [3690:3697] type=MemWrite UC
 657001: board.cache_hierarchy.l1d-cache-0: access for WriteReq [36c8:36cf] type=MemWrite UC
 657001: board.cache_hierarchy.l1d-cache-0: Blocking for cause 1, mask=2
 658000: board.cache_hierarchy.l2-cache-0: sendWriteQueuePacket: write WriteReq [3660:3667] type=MemWrite UC
 658000: board.cache_hierarchy.l2-cache-0: sendWriteQueuePacket: write WriteReq [3660:3667] type=MemWrite UC
 618000: board.processor.cores.core: 0x1098e    : c_sd a1, 8(a4)             : 
 659000: board.cache_hierarchy.l1d-cache-0: recvTimingResp: Handling response WriteResp [3608:360f] type=MemWrite UC
 659000: board.cache_hierarchy.l2-cache-0: recvTimingResp: Handling response WriteResp [3610:3617] type=MemWrite UC
 659000: board.cache_hierarchy.l1d-cache-0: sendWriteQueuePacket: write WriteReq [3690:3697] type=MemWrite UC
 659000: board.cache_hierarchy.l2-cache-0: access for WriteReq [3690:3697] type=MemWrite UC
 659000: board.cache_hierarchy.l1d-cache-0: Unblocking for cause 1, mask=0
 659000: board.processor.cores.core.workload: Translating: 0x136f0->0x36f0
 659001: board.cache_hierarchy.l1d-cache-0: sendWriteQueuePacket: write WriteReq [3698:369f] type=MemWrite UC
 659001: board.cache_hierarchy.l1d-cache-0: access for WriteReq [36d0:36d7] type=MemWrite UC
 659001: board.cache_hierarchy.l1d-cache-0: Blocking for cause 1, mask=2
 660000: board.cache_hierarchy.l2-cache-0: sendWriteQueuePacket: write WriteReq [3668:366f] type=MemWrite UC
 660000: board.cache_hierarchy.l2-cache-0: sendWriteQueuePacket: write WriteReq [3668:366f] type=MemWrite UC
 660000: board.processor.cores.core.workload: Translating: 0x136f8->0x36f8
 621000: board.processor.cores.core: 0x10990    : c_addi a4, 16              : 
 661000: board.cache_hierarchy.l1d-cache-0: recvTimingResp: Handling response WriteResp [3610:3617] type=MemWrite UC
 661000: board.cache_hierarchy.l1d-cache-0: sendWriteQueuePacket: write WriteReq [3698:369f] type=MemWrite UC
 661000: board.cache_hierarchy.l2-cache-0: access for WriteReq [3698:369f] type=MemWrite UC
 661000: board.cache_hierarchy.l1d-cache-0: Unblocking for cause 1, mask=0
 661000: board.cache_hierarchy.l2-cache-0: recvTimingResp: Handling response WriteResp [3618:361f] type=MemWrite UC
 621000: board.processor.cores.core: 0x10992    : bltu a4, a3, -6            : 
 622000: board.processor.cores.core: 0x1098c    : c_sd a1, 0(a4)             : 
 661001: board.cache_hierarchy.l1d-cache-0: sendWriteQueuePacket: write WriteReq [36a0:36a7] type=MemWrite UC
 661001: board.cache_hierarchy.l1d-cache-0: access for WriteReq [36d8:36df] type=MemWrite UC
 661001: board.cache_hierarchy.l1d-cache-0: Blocking for cause 1, mask=2
 662000: board.cache_hierarchy.l2-cache-0: sendWriteQueuePacket: write WriteReq [3670:3677] type=MemWrite UC
 662000: board.cache_hierarchy.l2-cache-0: sendWriteQueuePacket: write WriteReq [3670:3677] type=MemWrite UC
 622000: board.processor.cores.core: 0x1098e    : c_sd a1, 8(a4)             : 
 663000: board.cache_hierarchy.l1d-cache-0: recvTimingResp: Handling response WriteResp [3618:361f] type=MemWrite UC
 663000: board.cache_hierarchy.l2-cache-0: recvTimingResp: Handling response WriteResp [3620:3627] type=MemWrite UC
 663000: board.cache_hierarchy.l1d-cache-0: sendWriteQueuePacket: write WriteReq [36a0:36a7] type=MemWrite UC
 663000: board.cache_hierarchy.l2-cache-0: access for WriteReq [36a0:36a7] type=MemWrite UC
 663000: board.cache_hierarchy.l1d-cache-0: Unblocking for cause 1, mask=0
 663000: board.processor.cores.core.workload: Translating: 0x13700->0x3700
 663001: board.cache_hierarchy.l1d-cache-0: sendWriteQueuePacket: write WriteReq [36a8:36af] type=MemWrite UC
 663001: board.cache_hierarchy.l1d-cache-0: access for WriteReq [36e0:36e7] type=MemWrite UC
 663001: board.cache_hierarchy.l1d-cache-0: Blocking for cause 1, mask=2
 664000: board.cache_hierarchy.l2-cache-0: sendWriteQueuePacket: write WriteReq [3678:367f] type=MemWrite UC
 664000: board.cache_hierarchy.l2-cache-0: sendWriteQueuePacket: write WriteReq [3678:367f] type=MemWrite UC
 664000: board.processor.cores.core.workload: Translating: 0x13708->0x3708
 625000: board.processor.cores.core: 0x10990    : c_addi a4, 16              : 
 665000: board.cache_hierarchy.l1d-cache-0: recvTimingResp: Handling response WriteResp [3620:3627] type=MemWrite UC
 665000: board.cache_hierarchy.l1d-cache-0: sendWriteQueuePacket: write WriteReq [36a8:36af] type=MemWrite UC
 665000: board.cache_hierarchy.l2-cache-0: access for WriteReq [36a8:36af] type=MemWrite UC
 665000: board.cache_hierarchy.l1d-cache-0: Unblocking for cause 1, mask=0
 665000: board.cache_hierarchy.l2-cache-0: recvTimingResp: Handling response WriteResp [3628:362f] type=MemWrite UC
 625000: board.processor.cores.core: 0x10992    : bltu a4, a3, -6            : 
 626000: board.processor.cores.core: 0x1098c    : c_sd a1, 0(a4)             : 
 665001: board.cache_hierarchy.l1d-cache-0: sendWriteQueuePacket: write WriteReq [36b0:36b7] type=MemWrite UC
 665001: board.cache_hierarchy.l1d-cache-0: access for WriteReq [36e8:36ef] type=MemWrite UC
 665001: board.cache_hierarchy.l1d-cache-0: Blocking for cause 1, mask=2
 666000: board.cache_hierarchy.l2-cache-0: sendWriteQueuePacket: write WriteReq [3680:3687] type=MemWrite UC
 666000: board.cache_hierarchy.l2-cache-0: sendWriteQueuePacket: write WriteReq [3680:3687] type=MemWrite UC
 626000: board.processor.cores.core: 0x1098e    : c_sd a1, 8(a4)             : 
 667000: board.cache_hierarchy.l1d-cache-0: recvTimingResp: Handling response WriteResp [3628:362f] type=MemWrite UC
 667000: board.cache_hierarchy.l2-cache-0: recvTimingResp: Handling response WriteResp [3630:3637] type=MemWrite UC
 667000: board.cache_hierarchy.l1d-cache-0: sendWriteQueuePacket: write WriteReq [36b0:36b7] type=MemWrite UC
 667000: board.cache_hierarchy.l2-cache-0: access for WriteReq [36b0:36b7] type=MemWrite UC
 667000: board.cache_hierarchy.l1d-cache-0: Unblocking for cause 1, mask=0
 667000: board.processor.cores.core.workload: Translating: 0x13710->0x3710
 667001: board.cache_hierarchy.l1d-cache-0: sendWriteQueuePacket: write WriteReq [36b8:36bf] type=MemWrite UC
 667001: board.cache_hierarchy.l1d-cache-0: access for WriteReq [36f0:36f7] type=MemWrite UC
 667001: board.cache_hierarchy.l1d-cache-0: Blocking for cause 1, mask=2
 668000: board.cache_hierarchy.l2-cache-0: sendWriteQueuePacket: write WriteReq [3688:368f] type=MemWrite UC
 668000: board.cache_hierarchy.l2-cache-0: sendWriteQueuePacket: write WriteReq [3688:368f] type=MemWrite UC
 668000: board.processor.cores.core.workload: Translating: 0x13718->0x3718
 629000: board.processor.cores.core: 0x10990    : c_addi a4, 16              : 
 669000: board.cache_hierarchy.l1d-cache-0: recvTimingResp: Handling response WriteResp [3630:3637] type=MemWrite UC
 669000: board.cache_hierarchy.l1d-cache-0: sendWriteQueuePacket: write WriteReq [36b8:36bf] type=MemWrite UC
 669000: board.cache_hierarchy.l2-cache-0: access for WriteReq [36b8:36bf] type=MemWrite UC
 669000: board.cache_hierarchy.l1d-cache-0: Unblocking for cause 1, mask=0
 669000: board.cache_hierarchy.l2-cache-0: recvTimingResp: Handling response WriteResp [3638:363f] type=MemWrite UC
 629000: board.processor.cores.core: 0x10992    : bltu a4, a3, -6            : 
 630000: board.processor.cores.core: 0x1098c    : c_sd a1, 0(a4)             : 
 669001: board.cache_hierarchy.l1d-cache-0: sendWriteQueuePacket: write WriteReq [36c0:36c7] type=MemWrite UC
 669001: board.cache_hierarchy.l1d-cache-0: access for WriteReq [36f8:36ff] type=MemWrite UC
 669001: board.cache_hierarchy.l1d-cache-0: Blocking for cause 1, mask=2
 670000: board.cache_hierarchy.l2-cache-0: sendWriteQueuePacket: write WriteReq [3690:3697] type=MemWrite UC
 670000: board.cache_hierarchy.l2-cache-0: sendWriteQueuePacket: write WriteReq [3690:3697] type=MemWrite UC
 630000: board.processor.cores.core: 0x1098e    : c_sd a1, 8(a4)             : 
 671000: board.cache_hierarchy.l1d-cache-0: recvTimingResp: Handling response WriteResp [3638:363f] type=MemWrite UC
 671000: board.cache_hierarchy.l2-cache-0: recvTimingResp: Handling response WriteResp [3640:3647] type=MemWrite UC
 671000: board.cache_hierarchy.l1d-cache-0: sendWriteQueuePacket: write WriteReq [36c0:36c7] type=MemWrite UC
 671000: board.cache_hierarchy.l2-cache-0: access for WriteReq [36c0:36c7] type=MemWrite UC
 671000: board.cache_hierarchy.l1d-cache-0: Unblocking for cause 1, mask=0
 671000: board.processor.cores.core.workload: Translating: 0x13720->0x3720
 671001: board.cache_hierarchy.l1d-cache-0: sendWriteQueuePacket: write WriteReq [36c8:36cf] type=MemWrite UC
 671001: board.cache_hierarchy.l1d-cache-0: access for WriteReq [3700:3707] type=MemWrite UC
 671001: board.cache_hierarchy.l1d-cache-0: Blocking for cause 1, mask=2
 672000: board.cache_hierarchy.l2-cache-0: sendWriteQueuePacket: write WriteReq [3698:369f] type=MemWrite UC
 672000: board.cache_hierarchy.l2-cache-0: sendWriteQueuePacket: write WriteReq [3698:369f] type=MemWrite UC
 672000: board.processor.cores.core.workload: Translating: 0x13728->0x3728
 633000: board.processor.cores.core: 0x10990    : c_addi a4, 16              : 
 673000: board.cache_hierarchy.l1d-cache-0: recvTimingResp: Handling response WriteResp [3640:3647] type=MemWrite UC
 673000: board.cache_hierarchy.l1d-cache-0: sendWriteQueuePacket: write WriteReq [36c8:36cf] type=MemWrite UC
 673000: board.cache_hierarchy.l2-cache-0: access for WriteReq [36c8:36cf] type=MemWrite UC
 673000: board.cache_hierarchy.l1d-cache-0: Unblocking for cause 1, mask=0
 673000: board.cache_hierarchy.l2-cache-0: recvTimingResp: Handling response WriteResp [3648:364f] type=MemWrite UC
 633000: board.processor.cores.core: 0x10992    : bltu a4, a3, -6            : 
 634000: board.processor.cores.core: 0x1098c    : c_sd a1, 0(a4)             : 
 673001: board.cache_hierarchy.l1d-cache-0: sendWriteQueuePacket: write WriteReq [36d0:36d7] type=MemWrite UC
 673001: board.cache_hierarchy.l1d-cache-0: access for WriteReq [3708:370f] type=MemWrite UC
 673001: board.cache_hierarchy.l1d-cache-0: Blocking for cause 1, mask=2
 674000: board.cache_hierarchy.l2-cache-0: sendWriteQueuePacket: write WriteReq [36a0:36a7] type=MemWrite UC
 674000: board.cache_hierarchy.l2-cache-0: sendWriteQueuePacket: write WriteReq [36a0:36a7] type=MemWrite UC
 634000: board.processor.cores.core: 0x1098e    : c_sd a1, 8(a4)             : 
 675000: board.cache_hierarchy.l1d-cache-0: recvTimingResp: Handling response WriteResp [3648:364f] type=MemWrite UC
 675000: board.cache_hierarchy.l2-cache-0: recvTimingResp: Handling response WriteResp [3650:3657] type=MemWrite UC
 675000: board.cache_hierarchy.l1d-cache-0: sendWriteQueuePacket: write WriteReq [36d0:36d7] type=MemWrite UC
 675000: board.cache_hierarchy.l2-cache-0: access for WriteReq [36d0:36d7] type=MemWrite UC
 675000: board.cache_hierarchy.l1d-cache-0: Unblocking for cause 1, mask=0
 675000: board.processor.cores.core.workload: Translating: 0x13730->0x3730
 675001: board.cache_hierarchy.l1d-cache-0: sendWriteQueuePacket: write WriteReq [36d8:36df] type=MemWrite UC
 675001: board.cache_hierarchy.l1d-cache-0: access for WriteReq [3710:3717] type=MemWrite UC
 675001: board.cache_hierarchy.l1d-cache-0: Blocking for cause 1, mask=2
 676000: board.cache_hierarchy.l2-cache-0: sendWriteQueuePacket: write WriteReq [36a8:36af] type=MemWrite UC
 676000: board.cache_hierarchy.l2-cache-0: sendWriteQueuePacket: write WriteReq [36a8:36af] type=MemWrite UC
 676000: board.processor.cores.core.workload: Translating: 0x13738->0x3738
 637000: board.processor.cores.core: 0x10990    : c_addi a4, 16              : 
 677000: board.cache_hierarchy.l1d-cache-0: recvTimingResp: Handling response WriteResp [3650:3657] type=MemWrite UC
 677000: board.cache_hierarchy.l1d-cache-0: sendWriteQueuePacket: write WriteReq [36d8:36df] type=MemWrite UC
 677000: board.cache_hierarchy.l2-cache-0: access for WriteReq [36d8:36df] type=MemWrite UC
 677000: board.cache_hierarchy.l1d-cache-0: Unblocking for cause 1, mask=0
 677000: board.cache_hierarchy.l2-cache-0: recvTimingResp: Handling response WriteResp [3658:365f] type=MemWrite UC
 637000: board.processor.cores.core: 0x10992    : bltu a4, a3, -6            : 
 638000: board.processor.cores.core: 0x1098c    : c_sd a1, 0(a4)             : 
 677001: board.cache_hierarchy.l1d-cache-0: sendWriteQueuePacket: write WriteReq [36e0:36e7] type=MemWrite UC
 677001: board.cache_hierarchy.l1d-cache-0: access for WriteReq [3718:371f] type=MemWrite UC
 677001: board.cache_hierarchy.l1d-cache-0: Blocking for cause 1, mask=2
 678000: board.cache_hierarchy.l2-cache-0: sendWriteQueuePacket: write WriteReq [36b0:36b7] type=MemWrite UC
 678000: board.cache_hierarchy.l2-cache-0: sendWriteQueuePacket: write WriteReq [36b0:36b7] type=MemWrite UC
 638000: board.processor.cores.core: 0x1098e    : c_sd a1, 8(a4)             : 
 679000: board.cache_hierarchy.l1d-cache-0: recvTimingResp: Handling response WriteResp [3658:365f] type=MemWrite UC
 679000: board.cache_hierarchy.l2-cache-0: recvTimingResp: Handling response WriteResp [3660:3667] type=MemWrite UC
 679000: board.cache_hierarchy.l1d-cache-0: sendWriteQueuePacket: write WriteReq [36e0:36e7] type=MemWrite UC
 679000: board.cache_hierarchy.l2-cache-0: access for WriteReq [36e0:36e7] type=MemWrite UC
 679000: board.cache_hierarchy.l1d-cache-0: Unblocking for cause 1, mask=0
 679000: board.processor.cores.core.workload: Translating: 0x13740->0x3740
 679001: board.cache_hierarchy.l1d-cache-0: sendWriteQueuePacket: write WriteReq [36e8:36ef] type=MemWrite UC
 679001: board.cache_hierarchy.l1d-cache-0: access for WriteReq [3720:3727] type=MemWrite UC
 679001: board.cache_hierarchy.l1d-cache-0: Blocking for cause 1, mask=2
 680000: board.cache_hierarchy.l2-cache-0: sendWriteQueuePacket: write WriteReq [36b8:36bf] type=MemWrite UC
 680000: board.cache_hierarchy.l2-cache-0: sendWriteQueuePacket: write WriteReq [36b8:36bf] type=MemWrite UC
 680000: board.processor.cores.core.workload: Translating: 0x13748->0x3748
 641000: board.processor.cores.core: 0x10990    : c_addi a4, 16              : 
 681000: board.cache_hierarchy.l1d-cache-0: recvTimingResp: Handling response WriteResp [3660:3667] type=MemWrite UC
 681000: board.cache_hierarchy.l1d-cache-0: sendWriteQueuePacket: write WriteReq [36e8:36ef] type=MemWrite UC
 681000: board.cache_hierarchy.l2-cache-0: access for WriteReq [36e8:36ef] type=MemWrite UC
 681000: board.cache_hierarchy.l1d-cache-0: Unblocking for cause 1, mask=0
 681000: board.cache_hierarchy.l2-cache-0: recvTimingResp: Handling response WriteResp [3668:366f] type=MemWrite UC
 641000: board.processor.cores.core: 0x10992    : bltu a4, a3, -6            : 
 642000: board.processor.cores.core: 0x1098c    : c_sd a1, 0(a4)             : 
 681001: board.cache_hierarchy.l1d-cache-0: sendWriteQueuePacket: write WriteReq [36f0:36f7] type=MemWrite UC
 681001: board.cache_hierarchy.l1d-cache-0: access for WriteReq [3728:372f] type=MemWrite UC
 681001: board.cache_hierarchy.l1d-cache-0: Blocking for cause 1, mask=2
 682000: board.cache_hierarchy.l2-cache-0: sendWriteQueuePacket: write WriteReq [36c0:36c7] type=MemWrite UC
 682000: board.cache_hierarchy.l2-cache-0: sendWriteQueuePacket: write WriteReq [36c0:36c7] type=MemWrite UC
 642000: board.processor.cores.core: 0x1098e    : c_sd a1, 8(a4)             : 
 683000: board.cache_hierarchy.l1d-cache-0: recvTimingResp: Handling response WriteResp [3668:366f] type=MemWrite UC
 683000: board.cache_hierarchy.l2-cache-0: recvTimingResp: Handling response WriteResp [3670:3677] type=MemWrite UC
 683000: board.cache_hierarchy.l1d-cache-0: sendWriteQueuePacket: write WriteReq [36f0:36f7] type=MemWrite UC
 683000: board.cache_hierarchy.l2-cache-0: access for WriteReq [36f0:36f7] type=MemWrite UC
 683000: board.cache_hierarchy.l1d-cache-0: Unblocking for cause 1, mask=0
 683000: board.processor.cores.core.workload: Translating: 0x13750->0x3750
 683001: board.cache_hierarchy.l1d-cache-0: sendWriteQueuePacket: write WriteReq [36f8:36ff] type=MemWrite UC
 683001: board.cache_hierarchy.l1d-cache-0: access for WriteReq [3730:3737] type=MemWrite UC
 683001: board.cache_hierarchy.l1d-cache-0: Blocking for cause 1, mask=2
 684000: board.cache_hierarchy.l2-cache-0: sendWriteQueuePacket: write WriteReq [36c8:36cf] type=MemWrite UC
 684000: board.cache_hierarchy.l2-cache-0: sendWriteQueuePacket: write WriteReq [36c8:36cf] type=MemWrite UC
 684000: board.processor.cores.core.workload: Translating: 0x13758->0x3758
 645000: board.processor.cores.core: 0x10990    : c_addi a4, 16              : 
 685000: board.cache_hierarchy.l1d-cache-0: recvTimingResp: Handling response WriteResp [3670:3677] type=MemWrite UC
 685000: board.cache_hierarchy.l1d-cache-0: sendWriteQueuePacket: write WriteReq [36f8:36ff] type=MemWrite UC
 685000: board.cache_hierarchy.l2-cache-0: access for WriteReq [36f8:36ff] type=MemWrite UC
 685000: board.cache_hierarchy.l1d-cache-0: Unblocking for cause 1, mask=0
 685000: board.cache_hierarchy.l2-cache-0: recvTimingResp: Handling response WriteResp [3678:367f] type=MemWrite UC
 645000: board.processor.cores.core: 0x10992    : bltu a4, a3, -6            : 
 646000: board.processor.cores.core: 0x1098c    : c_sd a1, 0(a4)             : 
 685001: board.cache_hierarchy.l1d-cache-0: sendWriteQueuePacket: write WriteReq [3700:3707] type=MemWrite UC
 685001: board.cache_hierarchy.l1d-cache-0: access for WriteReq [3738:373f] type=MemWrite UC
 685001: board.cache_hierarchy.l1d-cache-0: Blocking for cause 1, mask=2
 686000: board.cache_hierarchy.l2-cache-0: sendWriteQueuePacket: write WriteReq [36d0:36d7] type=MemWrite UC
 686000: board.cache_hierarchy.l2-cache-0: sendWriteQueuePacket: write WriteReq [36d0:36d7] type=MemWrite UC
 646000: board.processor.cores.core: 0x1098e    : c_sd a1, 8(a4)             : 
 687000: board.cache_hierarchy.l1d-cache-0: recvTimingResp: Handling response WriteResp [3678:367f] type=MemWrite UC
 687000: board.cache_hierarchy.l2-cache-0: recvTimingResp: Handling response WriteResp [3680:3687] type=MemWrite UC
 687000: board.cache_hierarchy.l1d-cache-0: sendWriteQueuePacket: write WriteReq [3700:3707] type=MemWrite UC
 687000: board.cache_hierarchy.l2-cache-0: access for WriteReq [3700:3707] type=MemWrite UC
 687000: board.cache_hierarchy.l1d-cache-0: Unblocking for cause 1, mask=0
 687000: board.processor.cores.core.workload: Translating: 0x13760->0x3760
 687001: board.cache_hierarchy.l1d-cache-0: sendWriteQueuePacket: write WriteReq [3708:370f] type=MemWrite UC
 687001: board.cache_hierarchy.l1d-cache-0: access for WriteReq [3740:3747] type=MemWrite UC
 687001: board.cache_hierarchy.l1d-cache-0: Blocking for cause 1, mask=2
 688000: board.cache_hierarchy.l2-cache-0: sendWriteQueuePacket: write WriteReq [36d8:36df] type=MemWrite UC
 688000: board.cache_hierarchy.l2-cache-0: sendWriteQueuePacket: write WriteReq [36d8:36df] type=MemWrite UC
 688000: board.processor.cores.core.workload: Translating: 0x13768->0x3768
 649000: board.processor.cores.core: 0x10990    : c_addi a4, 16              : 
 689000: board.cache_hierarchy.l1d-cache-0: recvTimingResp: Handling response WriteResp [3680:3687] type=MemWrite UC
 689000: board.cache_hierarchy.l1d-cache-0: sendWriteQueuePacket: write WriteReq [3708:370f] type=MemWrite UC
 689000: board.cache_hierarchy.l2-cache-0: access for WriteReq [3708:370f] type=MemWrite UC
 689000: board.cache_hierarchy.l1d-cache-0: Unblocking for cause 1, mask=0
 689000: board.cache_hierarchy.l2-cache-0: recvTimingResp: Handling response WriteResp [3688:368f] type=MemWrite UC
 649000: board.processor.cores.core: 0x10992    : bltu a4, a3, -6            : 
 650000: board.processor.cores.core: 0x1098c    : c_sd a1, 0(a4)             : 
 689001: board.cache_hierarchy.l1d-cache-0: sendWriteQueuePacket: write WriteReq [3710:3717] type=MemWrite UC
 689001: board.cache_hierarchy.l1d-cache-0: access for WriteReq [3748:374f] type=MemWrite UC
 689001: board.cache_hierarchy.l1d-cache-0: Blocking for cause 1, mask=2
 690000: board.cache_hierarchy.l2-cache-0: sendWriteQueuePacket: write WriteReq [36e0:36e7] type=MemWrite UC
 690000: board.cache_hierarchy.l2-cache-0: sendWriteQueuePacket: write WriteReq [36e0:36e7] type=MemWrite UC
 650000: board.processor.cores.core: 0x1098e    : c_sd a1, 8(a4)             : 
 691000: board.cache_hierarchy.l1d-cache-0: recvTimingResp: Handling response WriteResp [3688:368f] type=MemWrite UC
 691000: board.cache_hierarchy.l2-cache-0: recvTimingResp: Handling response WriteResp [3690:3697] type=MemWrite UC
 691000: board.cache_hierarchy.l1d-cache-0: sendWriteQueuePacket: write WriteReq [3710:3717] type=MemWrite UC
 691000: board.cache_hierarchy.l2-cache-0: access for WriteReq [3710:3717] type=MemWrite UC
 691000: board.cache_hierarchy.l1d-cache-0: Unblocking for cause 1, mask=0
 691000: board.processor.cores.core.workload: Translating: 0x13770->0x3770
 691001: board.cache_hierarchy.l1d-cache-0: sendWriteQueuePacket: write WriteReq [3718:371f] type=MemWrite UC
 691001: board.cache_hierarchy.l1d-cache-0: access for WriteReq [3750:3757] type=MemWrite UC
 691001: board.cache_hierarchy.l1d-cache-0: Blocking for cause 1, mask=2
 692000: board.cache_hierarchy.l2-cache-0: sendWriteQueuePacket: write WriteReq [36e8:36ef] type=MemWrite UC
 692000: board.cache_hierarchy.l2-cache-0: sendWriteQueuePacket: write WriteReq [36e8:36ef] type=MemWrite UC
 692000: board.processor.cores.core.workload: Translating: 0x13778->0x3778
 653000: board.processor.cores.core: 0x10990    : c_addi a4, 16              : 
 693000: board.cache_hierarchy.l1d-cache-0: recvTimingResp: Handling response WriteResp [3690:3697] type=MemWrite UC
 693000: board.cache_hierarchy.l1d-cache-0: sendWriteQueuePacket: write WriteReq [3718:371f] type=MemWrite UC
 693000: board.cache_hierarchy.l2-cache-0: access for WriteReq [3718:371f] type=MemWrite UC
 693000: board.cache_hierarchy.l1d-cache-0: Unblocking for cause 1, mask=0
 693000: board.cache_hierarchy.l2-cache-0: recvTimingResp: Handling response WriteResp [3698:369f] type=MemWrite UC
 653000: board.processor.cores.core: 0x10992    : bltu a4, a3, -6            : 
 654000: board.processor.cores.core: 0x1098c    : c_sd a1, 0(a4)             : 
 693001: board.cache_hierarchy.l1d-cache-0: sendWriteQueuePacket: write WriteReq [3720:3727] type=MemWrite UC
 693001: board.cache_hierarchy.l1d-cache-0: access for WriteReq [3758:375f] type=MemWrite UC
 693001: board.cache_hierarchy.l1d-cache-0: Blocking for cause 1, mask=2
 694000: board.cache_hierarchy.l2-cache-0: sendWriteQueuePacket: write WriteReq [36f0:36f7] type=MemWrite UC
 694000: board.cache_hierarchy.l2-cache-0: sendWriteQueuePacket: write WriteReq [36f0:36f7] type=MemWrite UC
 654000: board.processor.cores.core: 0x1098e    : c_sd a1, 8(a4)             : 
 695000: board.cache_hierarchy.l1d-cache-0: recvTimingResp: Handling response WriteResp [3698:369f] type=MemWrite UC
 695000: board.cache_hierarchy.l2-cache-0: recvTimingResp: Handling response WriteResp [36a0:36a7] type=MemWrite UC
 695000: board.cache_hierarchy.l1d-cache-0: sendWriteQueuePacket: write WriteReq [3720:3727] type=MemWrite UC
 695000: board.cache_hierarchy.l2-cache-0: access for WriteReq [3720:3727] type=MemWrite UC
 695000: board.cache_hierarchy.l1d-cache-0: Unblocking for cause 1, mask=0
 695000: board.processor.cores.core.workload: Translating: 0x13780->0x3780
 695001: board.cache_hierarchy.l1d-cache-0: sendWriteQueuePacket: write WriteReq [3728:372f] type=MemWrite UC
 695001: board.cache_hierarchy.l1d-cache-0: access for WriteReq [3760:3767] type=MemWrite UC
 695001: board.cache_hierarchy.l1d-cache-0: Blocking for cause 1, mask=2
 696000: board.cache_hierarchy.l2-cache-0: sendWriteQueuePacket: write WriteReq [36f8:36ff] type=MemWrite UC
 696000: board.cache_hierarchy.l2-cache-0: sendWriteQueuePacket: write WriteReq [36f8:36ff] type=MemWrite UC
 696000: board.processor.cores.core.workload: Translating: 0x13788->0x3788
 657000: board.processor.cores.core: 0x10990    : c_addi a4, 16              : 
 697000: board.cache_hierarchy.l1d-cache-0: recvTimingResp: Handling response WriteResp [36a0:36a7] type=MemWrite UC
 697000: board.cache_hierarchy.l1d-cache-0: sendWriteQueuePacket: write WriteReq [3728:372f] type=MemWrite UC
 697000: board.cache_hierarchy.l2-cache-0: access for WriteReq [3728:372f] type=MemWrite UC
 697000: board.cache_hierarchy.l1d-cache-0: Unblocking for cause 1, mask=0
 697000: board.cache_hierarchy.l2-cache-0: recvTimingResp: Handling response WriteResp [36a8:36af] type=MemWrite UC
 657000: board.processor.cores.core: 0x10992    : bltu a4, a3, -6            : 
 658000: board.processor.cores.core: 0x1098c    : c_sd a1, 0(a4)             : 
 697001: board.cache_hierarchy.l1d-cache-0: sendWriteQueuePacket: write WriteReq [3730:3737] type=MemWrite UC
 697001: board.cache_hierarchy.l1d-cache-0: access for WriteReq [3768:376f] type=MemWrite UC
 697001: board.cache_hierarchy.l1d-cache-0: Blocking for cause 1, mask=2
 698000: board.cache_hierarchy.l2-cache-0: sendWriteQueuePacket: write WriteReq [3700:3707] type=MemWrite UC
 698000: board.cache_hierarchy.l2-cache-0: sendWriteQueuePacket: write WriteReq [3700:3707] type=MemWrite UC
 658000: board.processor.cores.core: 0x1098e    : c_sd a1, 8(a4)             : 
 699000: board.cache_hierarchy.l1d-cache-0: recvTimingResp: Handling response WriteResp [36a8:36af] type=MemWrite UC
 699000: board.cache_hierarchy.l2-cache-0: recvTimingResp: Handling response WriteResp [36b0:36b7] type=MemWrite UC
 699000: board.cache_hierarchy.l1d-cache-0: sendWriteQueuePacket: write WriteReq [3730:3737] type=MemWrite UC
 699000: board.cache_hierarchy.l2-cache-0: access for WriteReq [3730:3737] type=MemWrite UC
 699000: board.cache_hierarchy.l1d-cache-0: Unblocking for cause 1, mask=0
 699000: board.processor.cores.core.workload: Translating: 0x13790->0x3790
 699001: board.cache_hierarchy.l1d-cache-0: sendWriteQueuePacket: write WriteReq [3738:373f] type=MemWrite UC
 699001: board.cache_hierarchy.l1d-cache-0: access for WriteReq [3770:3777] type=MemWrite UC
 699001: board.cache_hierarchy.l1d-cache-0: Blocking for cause 1, mask=2
 700000: board.cache_hierarchy.l2-cache-0: sendWriteQueuePacket: write WriteReq [3708:370f] type=MemWrite UC
 700000: board.cache_hierarchy.l2-cache-0: sendWriteQueuePacket: write WriteReq [3708:370f] type=MemWrite UC
 700000: board.processor.cores.core.workload: Translating: 0x13798->0x3798
 661000: board.processor.cores.core: 0x10990    : c_addi a4, 16              : 
 701000: board.cache_hierarchy.l1d-cache-0: recvTimingResp: Handling response WriteResp [36b0:36b7] type=MemWrite UC
 701000: board.cache_hierarchy.l1d-cache-0: sendWriteQueuePacket: write WriteReq [3738:373f] type=MemWrite UC
 701000: board.cache_hierarchy.l2-cache-0: access for WriteReq [3738:373f] type=MemWrite UC
 701000: board.cache_hierarchy.l1d-cache-0: Unblocking for cause 1, mask=0
 701000: board.cache_hierarchy.l2-cache-0: recvTimingResp: Handling response WriteResp [36b8:36bf] type=MemWrite UC
 661000: board.processor.cores.core: 0x10992    : bltu a4, a3, -6            : 
 662000: board.processor.cores.core: 0x1098c    : c_sd a1, 0(a4)             : 
 701001: board.cache_hierarchy.l1d-cache-0: sendWriteQueuePacket: write WriteReq [3740:3747] type=MemWrite UC
 701001: board.cache_hierarchy.l1d-cache-0: access for WriteReq [3778:377f] type=MemWrite UC
 701001: board.cache_hierarchy.l1d-cache-0: Blocking for cause 1, mask=2
 702000: board.cache_hierarchy.l2-cache-0: sendWriteQueuePacket: write WriteReq [3710:3717] type=MemWrite UC
 702000: board.cache_hierarchy.l2-cache-0: sendWriteQueuePacket: write WriteReq [3710:3717] type=MemWrite UC
 662000: board.processor.cores.core: 0x1098e    : c_sd a1, 8(a4)             : 
 703000: board.cache_hierarchy.l1d-cache-0: recvTimingResp: Handling response WriteResp [36b8:36bf] type=MemWrite UC
 703000: board.cache_hierarchy.l2-cache-0: recvTimingResp: Handling response WriteResp [36c0:36c7] type=MemWrite UC
 703000: board.cache_hierarchy.l1d-cache-0: sendWriteQueuePacket: write WriteReq [3740:3747] type=MemWrite UC
 703000: board.cache_hierarchy.l2-cache-0: access for WriteReq [3740:3747] type=MemWrite UC
 703000: board.cache_hierarchy.l1d-cache-0: Unblocking for cause 1, mask=0
 703000: board.processor.cores.core.workload: Translating: 0x137a0->0x37a0
 703001: board.cache_hierarchy.l1d-cache-0: sendWriteQueuePacket: write WriteReq [3748:374f] type=MemWrite UC
 703001: board.cache_hierarchy.l1d-cache-0: access for WriteReq [3780:3787] type=MemWrite UC
 703001: board.cache_hierarchy.l1d-cache-0: Blocking for cause 1, mask=2
 704000: board.cache_hierarchy.l2-cache-0: sendWriteQueuePacket: write WriteReq [3718:371f] type=MemWrite UC
 704000: board.cache_hierarchy.l2-cache-0: sendWriteQueuePacket: write WriteReq [3718:371f] type=MemWrite UC
 704000: board.processor.cores.core.workload: Translating: 0x137a8->0x37a8
 665000: board.processor.cores.core: 0x10990    : c_addi a4, 16              : 
 705000: board.cache_hierarchy.l1d-cache-0: recvTimingResp: Handling response WriteResp [36c0:36c7] type=MemWrite UC
 705000: board.cache_hierarchy.l1d-cache-0: sendWriteQueuePacket: write WriteReq [3748:374f] type=MemWrite UC
 705000: board.cache_hierarchy.l2-cache-0: access for WriteReq [3748:374f] type=MemWrite UC
 705000: board.cache_hierarchy.l1d-cache-0: Unblocking for cause 1, mask=0
 705000: board.cache_hierarchy.l2-cache-0: recvTimingResp: Handling response WriteResp [36c8:36cf] type=MemWrite UC
 665000: board.processor.cores.core: 0x10992    : bltu a4, a3, -6            : 
 666000: board.processor.cores.core: 0x1098c    : c_sd a1, 0(a4)             : 
 705001: board.cache_hierarchy.l1d-cache-0: sendWriteQueuePacket: write WriteReq [3750:3757] type=MemWrite UC
 705001: board.cache_hierarchy.l1d-cache-0: access for WriteReq [3788:378f] type=MemWrite UC
 705001: board.cache_hierarchy.l1d-cache-0: Blocking for cause 1, mask=2
 706000: board.cache_hierarchy.l2-cache-0: sendWriteQueuePacket: write WriteReq [3720:3727] type=MemWrite UC
 706000: board.cache_hierarchy.l2-cache-0: sendWriteQueuePacket: write WriteReq [3720:3727] type=MemWrite UC
 666000: board.processor.cores.core: 0x1098e    : c_sd a1, 8(a4)             : 
 707000: board.cache_hierarchy.l1d-cache-0: recvTimingResp: Handling response WriteResp [36c8:36cf] type=MemWrite UC
 707000: board.cache_hierarchy.l2-cache-0: recvTimingResp: Handling response WriteResp [36d0:36d7] type=MemWrite UC
 707000: board.cache_hierarchy.l1d-cache-0: sendWriteQueuePacket: write WriteReq [3750:3757] type=MemWrite UC
 707000: board.cache_hierarchy.l2-cache-0: access for WriteReq [3750:3757] type=MemWrite UC
 707000: board.cache_hierarchy.l1d-cache-0: Unblocking for cause 1, mask=0
 707000: board.processor.cores.core.workload: Translating: 0x137b0->0x37b0
 707001: board.cache_hierarchy.l1d-cache-0: sendWriteQueuePacket: write WriteReq [3758:375f] type=MemWrite UC
 707001: board.cache_hierarchy.l1d-cache-0: access for WriteReq [3790:3797] type=MemWrite UC
 707001: board.cache_hierarchy.l1d-cache-0: Blocking for cause 1, mask=2
 708000: board.cache_hierarchy.l2-cache-0: sendWriteQueuePacket: write WriteReq [3728:372f] type=MemWrite UC
 708000: board.cache_hierarchy.l2-cache-0: sendWriteQueuePacket: write WriteReq [3728:372f] type=MemWrite UC
 708000: board.processor.cores.core.workload: Translating: 0x137b8->0x37b8
 669000: board.processor.cores.core: 0x10990    : c_addi a4, 16              : 
 709000: board.cache_hierarchy.l1d-cache-0: recvTimingResp: Handling response WriteResp [36d0:36d7] type=MemWrite UC
 709000: board.cache_hierarchy.l1d-cache-0: sendWriteQueuePacket: write WriteReq [3758:375f] type=MemWrite UC
 709000: board.cache_hierarchy.l2-cache-0: access for WriteReq [3758:375f] type=MemWrite UC
 709000: board.cache_hierarchy.l1d-cache-0: Unblocking for cause 1, mask=0
 709000: board.cache_hierarchy.l2-cache-0: recvTimingResp: Handling response WriteResp [36d8:36df] type=MemWrite UC
 669000: board.processor.cores.core: 0x10992    : bltu a4, a3, -6            : 
 670000: board.processor.cores.core: 0x1098c    : c_sd a1, 0(a4)             : 
 709001: board.cache_hierarchy.l1d-cache-0: sendWriteQueuePacket: write WriteReq [3760:3767] type=MemWrite UC
 709001: board.cache_hierarchy.l1d-cache-0: access for WriteReq [3798:379f] type=MemWrite UC
 709001: board.cache_hierarchy.l1d-cache-0: Blocking for cause 1, mask=2
 710000: board.cache_hierarchy.l2-cache-0: sendWriteQueuePacket: write WriteReq [3730:3737] type=MemWrite UC
 710000: board.cache_hierarchy.l2-cache-0: sendWriteQueuePacket: write WriteReq [3730:3737] type=MemWrite UC
 670000: board.processor.cores.core: 0x1098e    : c_sd a1, 8(a4)             : 
 711000: board.cache_hierarchy.l1d-cache-0: recvTimingResp: Handling response WriteResp [36d8:36df] type=MemWrite UC
 711000: board.cache_hierarchy.l2-cache-0: recvTimingResp: Handling response WriteResp [36e0:36e7] type=MemWrite UC
 711000: board.cache_hierarchy.l1d-cache-0: sendWriteQueuePacket: write WriteReq [3760:3767] type=MemWrite UC
 711000: board.cache_hierarchy.l2-cache-0: access for WriteReq [3760:3767] type=MemWrite UC
 711000: board.cache_hierarchy.l1d-cache-0: Unblocking for cause 1, mask=0
 711000: board.processor.cores.core.workload: Translating: 0x137c0->0x37c0
 711001: board.cache_hierarchy.l1d-cache-0: sendWriteQueuePacket: write WriteReq [3768:376f] type=MemWrite UC
 711001: board.cache_hierarchy.l1d-cache-0: access for WriteReq [37a0:37a7] type=MemWrite UC
 711001: board.cache_hierarchy.l1d-cache-0: Blocking for cause 1, mask=2
 712000: board.cache_hierarchy.l2-cache-0: sendWriteQueuePacket: write WriteReq [3738:373f] type=MemWrite UC
 712000: board.cache_hierarchy.l2-cache-0: sendWriteQueuePacket: write WriteReq [3738:373f] type=MemWrite UC
 712000: board.processor.cores.core.workload: Translating: 0x137c8->0x37c8
 673000: board.processor.cores.core: 0x10990    : c_addi a4, 16              : 
 713000: board.cache_hierarchy.l1d-cache-0: recvTimingResp: Handling response WriteResp [36e0:36e7] type=MemWrite UC
 713000: board.cache_hierarchy.l1d-cache-0: sendWriteQueuePacket: write WriteReq [3768:376f] type=MemWrite UC
 713000: board.cache_hierarchy.l2-cache-0: access for WriteReq [3768:376f] type=MemWrite UC
 713000: board.cache_hierarchy.l1d-cache-0: Unblocking for cause 1, mask=0
 713000: board.cache_hierarchy.l2-cache-0: recvTimingResp: Handling response WriteResp [36e8:36ef] type=MemWrite UC
 673000: board.processor.cores.core: 0x10992    : bltu a4, a3, -6            : 
 674000: board.processor.cores.core: 0x1098c    : c_sd a1, 0(a4)             : 
 713001: board.cache_hierarchy.l1d-cache-0: sendWriteQueuePacket: write WriteReq [3770:3777] type=MemWrite UC
 713001: board.cache_hierarchy.l1d-cache-0: access for WriteReq [37a8:37af] type=MemWrite UC
 713001: board.cache_hierarchy.l1d-cache-0: Blocking for cause 1, mask=2
 714000: board.cache_hierarchy.l2-cache-0: sendWriteQueuePacket: write WriteReq [3740:3747] type=MemWrite UC
 714000: board.cache_hierarchy.l2-cache-0: sendWriteQueuePacket: write WriteReq [3740:3747] type=MemWrite UC
 674000: board.processor.cores.core: 0x1098e    : c_sd a1, 8(a4)             : 
 715000: board.cache_hierarchy.l1d-cache-0: recvTimingResp: Handling response WriteResp [36e8:36ef] type=MemWrite UC
 715000: board.cache_hierarchy.l2-cache-0: recvTimingResp: Handling response WriteResp [36f0:36f7] type=MemWrite UC
 715000: board.cache_hierarchy.l1d-cache-0: sendWriteQueuePacket: write WriteReq [3770:3777] type=MemWrite UC
 715000: board.cache_hierarchy.l2-cache-0: access for WriteReq [3770:3777] type=MemWrite UC
 715000: board.cache_hierarchy.l1d-cache-0: Unblocking for cause 1, mask=0
 715000: board.processor.cores.core.workload: Translating: 0x137d0->0x37d0
 715001: board.cache_hierarchy.l1d-cache-0: sendWriteQueuePacket: write WriteReq [3778:377f] type=MemWrite UC
 715001: board.cache_hierarchy.l1d-cache-0: access for WriteReq [37b0:37b7] type=MemWrite UC
 715001: board.cache_hierarchy.l1d-cache-0: Blocking for cause 1, mask=2
 716000: board.cache_hierarchy.l2-cache-0: sendWriteQueuePacket: write WriteReq [3748:374f] type=MemWrite UC
 716000: board.cache_hierarchy.l2-cache-0: sendWriteQueuePacket: write WriteReq [3748:374f] type=MemWrite UC
 716000: board.processor.cores.core.workload: Translating: 0x137d8->0x37d8
 677000: board.processor.cores.core: 0x10990    : c_addi a4, 16              : 
 717000: board.cache_hierarchy.l1d-cache-0: recvTimingResp: Handling response WriteResp [36f0:36f7] type=MemWrite UC
 717000: board.cache_hierarchy.l1d-cache-0: sendWriteQueuePacket: write WriteReq [3778:377f] type=MemWrite UC
 717000: board.cache_hierarchy.l2-cache-0: access for WriteReq [3778:377f] type=MemWrite UC
 717000: board.cache_hierarchy.l1d-cache-0: Unblocking for cause 1, mask=0
 717000: board.cache_hierarchy.l2-cache-0: recvTimingResp: Handling response WriteResp [36f8:36ff] type=MemWrite UC
 677000: board.processor.cores.core: 0x10992    : bltu a4, a3, -6            : 
 678000: board.processor.cores.core: 0x1098c    : c_sd a1, 0(a4)             : 
 717001: board.cache_hierarchy.l1d-cache-0: sendWriteQueuePacket: write WriteReq [3780:3787] type=MemWrite UC
 717001: board.cache_hierarchy.l1d-cache-0: access for WriteReq [37b8:37bf] type=MemWrite UC
 717001: board.cache_hierarchy.l1d-cache-0: Blocking for cause 1, mask=2
 718000: board.cache_hierarchy.l2-cache-0: sendWriteQueuePacket: write WriteReq [3750:3757] type=MemWrite UC
 718000: board.cache_hierarchy.l2-cache-0: sendWriteQueuePacket: write WriteReq [3750:3757] type=MemWrite UC
 678000: board.processor.cores.core: 0x1098e    : c_sd a1, 8(a4)             : 
 719000: board.cache_hierarchy.l1d-cache-0: recvTimingResp: Handling response WriteResp [36f8:36ff] type=MemWrite UC
 719000: board.cache_hierarchy.l2-cache-0: recvTimingResp: Handling response WriteResp [3700:3707] type=MemWrite UC
 719000: board.cache_hierarchy.l1d-cache-0: sendWriteQueuePacket: write WriteReq [3780:3787] type=MemWrite UC
 719000: board.cache_hierarchy.l2-cache-0: access for WriteReq [3780:3787] type=MemWrite UC
 719000: board.cache_hierarchy.l1d-cache-0: Unblocking for cause 1, mask=0
 719000: board.processor.cores.core.workload: Translating: 0x137e0->0x37e0
 719001: board.cache_hierarchy.l1d-cache-0: sendWriteQueuePacket: write WriteReq [3788:378f] type=MemWrite UC
 719001: board.cache_hierarchy.l1d-cache-0: access for WriteReq [37c0:37c7] type=MemWrite UC
 719001: board.cache_hierarchy.l1d-cache-0: Blocking for cause 1, mask=2
 720000: board.cache_hierarchy.l2-cache-0: sendWriteQueuePacket: write WriteReq [3758:375f] type=MemWrite UC
 720000: board.cache_hierarchy.l2-cache-0: sendWriteQueuePacket: write WriteReq [3758:375f] type=MemWrite UC
 720000: board.processor.cores.core.workload: Translating: 0x137e8->0x37e8
 681000: board.processor.cores.core: 0x10990    : c_addi a4, 16              : 
 721000: board.cache_hierarchy.l1d-cache-0: recvTimingResp: Handling response WriteResp [3700:3707] type=MemWrite UC
 721000: board.cache_hierarchy.l1d-cache-0: sendWriteQueuePacket: write WriteReq [3788:378f] type=MemWrite UC
 721000: board.cache_hierarchy.l2-cache-0: access for WriteReq [3788:378f] type=MemWrite UC
 721000: board.cache_hierarchy.l1d-cache-0: Unblocking for cause 1, mask=0
 721000: board.cache_hierarchy.l2-cache-0: recvTimingResp: Handling response WriteResp [3708:370f] type=MemWrite UC
 681000: board.processor.cores.core: 0x10992    : bltu a4, a3, -6            : 
 682000: board.processor.cores.core: 0x1098c    : c_sd a1, 0(a4)             : 
 721001: board.cache_hierarchy.l1d-cache-0: sendWriteQueuePacket: write WriteReq [3790:3797] type=MemWrite UC
 721001: board.cache_hierarchy.l1d-cache-0: access for WriteReq [37c8:37cf] type=MemWrite UC
 721001: board.cache_hierarchy.l1d-cache-0: Blocking for cause 1, mask=2
 722000: board.cache_hierarchy.l2-cache-0: sendWriteQueuePacket: write WriteReq [3760:3767] type=MemWrite UC
 722000: board.cache_hierarchy.l2-cache-0: sendWriteQueuePacket: write WriteReq [3760:3767] type=MemWrite UC
 682000: board.processor.cores.core: 0x1098e    : c_sd a1, 8(a4)             : 
 723000: board.cache_hierarchy.l1d-cache-0: recvTimingResp: Handling response WriteResp [3708:370f] type=MemWrite UC
 723000: board.cache_hierarchy.l2-cache-0: recvTimingResp: Handling response WriteResp [3710:3717] type=MemWrite UC
 723000: board.cache_hierarchy.l1d-cache-0: sendWriteQueuePacket: write WriteReq [3790:3797] type=MemWrite UC
 723000: board.cache_hierarchy.l2-cache-0: access for WriteReq [3790:3797] type=MemWrite UC
 723000: board.cache_hierarchy.l1d-cache-0: Unblocking for cause 1, mask=0
 723000: board.processor.cores.core.workload: Translating: 0x137f0->0x37f0
 723001: board.cache_hierarchy.l1d-cache-0: sendWriteQueuePacket: write WriteReq [3798:379f] type=MemWrite UC
 723001: board.cache_hierarchy.l1d-cache-0: access for WriteReq [37d0:37d7] type=MemWrite UC
 723001: board.cache_hierarchy.l1d-cache-0: Blocking for cause 1, mask=2
 724000: board.cache_hierarchy.l2-cache-0: sendWriteQueuePacket: write WriteReq [3768:376f] type=MemWrite UC
 724000: board.cache_hierarchy.l2-cache-0: sendWriteQueuePacket: write WriteReq [3768:376f] type=MemWrite UC
 724000: board.processor.cores.core.workload: Translating: 0x137f8->0x37f8
 685000: board.processor.cores.core: 0x10990    : c_addi a4, 16              : 
 725000: board.cache_hierarchy.l1d-cache-0: recvTimingResp: Handling response WriteResp [3710:3717] type=MemWrite UC
 725000: board.cache_hierarchy.l1d-cache-0: sendWriteQueuePacket: write WriteReq [3798:379f] type=MemWrite UC
 725000: board.cache_hierarchy.l2-cache-0: access for WriteReq [3798:379f] type=MemWrite UC
 725000: board.cache_hierarchy.l1d-cache-0: Unblocking for cause 1, mask=0
 725000: board.cache_hierarchy.l2-cache-0: recvTimingResp: Handling response WriteResp [3718:371f] type=MemWrite UC
 685000: board.processor.cores.core: 0x10992    : bltu a4, a3, -6            : 
 686000: board.processor.cores.core: 0x1098c    : c_sd a1, 0(a4)             : 
 725001: board.cache_hierarchy.l1d-cache-0: sendWriteQueuePacket: write WriteReq [37a0:37a7] type=MemWrite UC
 725001: board.cache_hierarchy.l1d-cache-0: access for WriteReq [37d8:37df] type=MemWrite UC
 725001: board.cache_hierarchy.l1d-cache-0: Blocking for cause 1, mask=2
 726000: board.cache_hierarchy.l2-cache-0: sendWriteQueuePacket: write WriteReq [3770:3777] type=MemWrite UC
 726000: board.cache_hierarchy.l2-cache-0: sendWriteQueuePacket: write WriteReq [3770:3777] type=MemWrite UC
 686000: board.processor.cores.core: 0x1098e    : c_sd a1, 8(a4)             : 
 727000: board.cache_hierarchy.l1d-cache-0: recvTimingResp: Handling response WriteResp [3718:371f] type=MemWrite UC
 727000: board.cache_hierarchy.l2-cache-0: recvTimingResp: Handling response WriteResp [3720:3727] type=MemWrite UC
 727000: board.cache_hierarchy.l1d-cache-0: sendWriteQueuePacket: write WriteReq [37a0:37a7] type=MemWrite UC
 727000: board.cache_hierarchy.l2-cache-0: access for WriteReq [37a0:37a7] type=MemWrite UC
 727000: board.cache_hierarchy.l1d-cache-0: Unblocking for cause 1, mask=0
 727000: board.processor.cores.core.workload: Translating: 0x13800->0x3800
 727001: board.cache_hierarchy.l1d-cache-0: sendWriteQueuePacket: write WriteReq [37a8:37af] type=MemWrite UC
 727001: board.cache_hierarchy.l1d-cache-0: access for WriteReq [37e0:37e7] type=MemWrite UC
 727001: board.cache_hierarchy.l1d-cache-0: Blocking for cause 1, mask=2
 728000: board.cache_hierarchy.l2-cache-0: sendWriteQueuePacket: write WriteReq [3778:377f] type=MemWrite UC
 728000: board.cache_hierarchy.l2-cache-0: sendWriteQueuePacket: write WriteReq [3778:377f] type=MemWrite UC
 728000: board.processor.cores.core.workload: Translating: 0x13808->0x3808
 689000: board.processor.cores.core: 0x10990    : c_addi a4, 16              : 
 729000: board.cache_hierarchy.l1d-cache-0: recvTimingResp: Handling response WriteResp [3720:3727] type=MemWrite UC
 729000: board.cache_hierarchy.l1d-cache-0: sendWriteQueuePacket: write WriteReq [37a8:37af] type=MemWrite UC
 729000: board.cache_hierarchy.l2-cache-0: access for WriteReq [37a8:37af] type=MemWrite UC
 729000: board.cache_hierarchy.l1d-cache-0: Unblocking for cause 1, mask=0
 729000: board.cache_hierarchy.l2-cache-0: recvTimingResp: Handling response WriteResp [3728:372f] type=MemWrite UC
 689000: board.processor.cores.core: 0x10992    : bltu a4, a3, -6            : 
 690000: board.processor.cores.core: 0x1098c    : c_sd a1, 0(a4)             : 
 729001: board.cache_hierarchy.l1d-cache-0: sendWriteQueuePacket: write WriteReq [37b0:37b7] type=MemWrite UC
 729001: board.cache_hierarchy.l1d-cache-0: access for WriteReq [37e8:37ef] type=MemWrite UC
 729001: board.cache_hierarchy.l1d-cache-0: Blocking for cause 1, mask=2
 730000: board.cache_hierarchy.l2-cache-0: sendWriteQueuePacket: write WriteReq [3780:3787] type=MemWrite UC
 730000: board.cache_hierarchy.l2-cache-0: sendWriteQueuePacket: write WriteReq [3780:3787] type=MemWrite UC
 690000: board.processor.cores.core: 0x1098e    : c_sd a1, 8(a4)             : 
 731000: board.cache_hierarchy.l1d-cache-0: recvTimingResp: Handling response WriteResp [3728:372f] type=MemWrite UC
 731000: board.cache_hierarchy.l2-cache-0: recvTimingResp: Handling response WriteResp [3730:3737] type=MemWrite UC
 731000: board.cache_hierarchy.l1d-cache-0: sendWriteQueuePacket: write WriteReq [37b0:37b7] type=MemWrite UC
 731000: board.cache_hierarchy.l2-cache-0: access for WriteReq [37b0:37b7] type=MemWrite UC
 731000: board.cache_hierarchy.l1d-cache-0: Unblocking for cause 1, mask=0
 731000: board.processor.cores.core.workload: Translating: 0x13810->0x3810
 731001: board.cache_hierarchy.l1d-cache-0: sendWriteQueuePacket: write WriteReq [37b8:37bf] type=MemWrite UC
 731001: board.cache_hierarchy.l1d-cache-0: access for WriteReq [37f0:37f7] type=MemWrite UC
 731001: board.cache_hierarchy.l1d-cache-0: Blocking for cause 1, mask=2
 732000: board.cache_hierarchy.l2-cache-0: sendWriteQueuePacket: write WriteReq [3788:378f] type=MemWrite UC
 732000: board.cache_hierarchy.l2-cache-0: sendWriteQueuePacket: write WriteReq [3788:378f] type=MemWrite UC
 732000: board.processor.cores.core.workload: Translating: 0x13818->0x3818
 693000: board.processor.cores.core: 0x10990    : c_addi a4, 16              : 
 733000: board.cache_hierarchy.l1d-cache-0: recvTimingResp: Handling response WriteResp [3730:3737] type=MemWrite UC
 733000: board.cache_hierarchy.l1d-cache-0: sendWriteQueuePacket: write WriteReq [37b8:37bf] type=MemWrite UC
 733000: board.cache_hierarchy.l2-cache-0: access for WriteReq [37b8:37bf] type=MemWrite UC
 733000: board.cache_hierarchy.l1d-cache-0: Unblocking for cause 1, mask=0
 733000: board.cache_hierarchy.l2-cache-0: recvTimingResp: Handling response WriteResp [3738:373f] type=MemWrite UC
 693000: board.processor.cores.core: 0x10992    : bltu a4, a3, -6            : 
 694000: board.processor.cores.core: 0x1098c    : c_sd a1, 0(a4)             : 
 733001: board.cache_hierarchy.l1d-cache-0: sendWriteQueuePacket: write WriteReq [37c0:37c7] type=MemWrite UC
 733001: board.cache_hierarchy.l1d-cache-0: access for WriteReq [37f8:37ff] type=MemWrite UC
 733001: board.cache_hierarchy.l1d-cache-0: Blocking for cause 1, mask=2
 734000: board.cache_hierarchy.l2-cache-0: sendWriteQueuePacket: write WriteReq [3790:3797] type=MemWrite UC
 734000: board.cache_hierarchy.l2-cache-0: sendWriteQueuePacket: write WriteReq [3790:3797] type=MemWrite UC
 694000: board.processor.cores.core: 0x1098e    : c_sd a1, 8(a4)             : 
 735000: board.cache_hierarchy.l1d-cache-0: recvTimingResp: Handling response WriteResp [3738:373f] type=MemWrite UC
 735000: board.cache_hierarchy.l2-cache-0: recvTimingResp: Handling response WriteResp [3740:3747] type=MemWrite UC
 735000: board.cache_hierarchy.l1d-cache-0: sendWriteQueuePacket: write WriteReq [37c0:37c7] type=MemWrite UC
 735000: board.cache_hierarchy.l2-cache-0: access for WriteReq [37c0:37c7] type=MemWrite UC
 735000: board.cache_hierarchy.l1d-cache-0: Unblocking for cause 1, mask=0
 735000: board.processor.cores.core.workload: Translating: 0x13820->0x3820
 735001: board.cache_hierarchy.l1d-cache-0: sendWriteQueuePacket: write WriteReq [37c8:37cf] type=MemWrite UC
 735001: board.cache_hierarchy.l1d-cache-0: access for WriteReq [3800:3807] type=MemWrite UC
 735001: board.cache_hierarchy.l1d-cache-0: Blocking for cause 1, mask=2
 736000: board.cache_hierarchy.l2-cache-0: sendWriteQueuePacket: write WriteReq [3798:379f] type=MemWrite UC
 736000: board.cache_hierarchy.l2-cache-0: sendWriteQueuePacket: write WriteReq [3798:379f] type=MemWrite UC
 736000: board.processor.cores.core.workload: Translating: 0x13828->0x3828
 697000: board.processor.cores.core: 0x10990    : c_addi a4, 16              : 
 737000: board.cache_hierarchy.l1d-cache-0: recvTimingResp: Handling response WriteResp [3740:3747] type=MemWrite UC
 737000: board.cache_hierarchy.l1d-cache-0: sendWriteQueuePacket: write WriteReq [37c8:37cf] type=MemWrite UC
 737000: board.cache_hierarchy.l2-cache-0: access for WriteReq [37c8:37cf] type=MemWrite UC
 737000: board.cache_hierarchy.l1d-cache-0: Unblocking for cause 1, mask=0
 737000: board.cache_hierarchy.l2-cache-0: recvTimingResp: Handling response WriteResp [3748:374f] type=MemWrite UC
 697000: board.processor.cores.core: 0x10992    : bltu a4, a3, -6            : 
 698000: board.processor.cores.core: 0x1098c    : c_sd a1, 0(a4)             : 
 737001: board.cache_hierarchy.l1d-cache-0: sendWriteQueuePacket: write WriteReq [37d0:37d7] type=MemWrite UC
 737001: board.cache_hierarchy.l1d-cache-0: access for WriteReq [3808:380f] type=MemWrite UC
 737001: board.cache_hierarchy.l1d-cache-0: Blocking for cause 1, mask=2
 738000: board.cache_hierarchy.l2-cache-0: sendWriteQueuePacket: write WriteReq [37a0:37a7] type=MemWrite UC
 738000: board.cache_hierarchy.l2-cache-0: sendWriteQueuePacket: write WriteReq [37a0:37a7] type=MemWrite UC
 698000: board.processor.cores.core: 0x1098e    : c_sd a1, 8(a4)             : 
 739000: board.cache_hierarchy.l1d-cache-0: recvTimingResp: Handling response WriteResp [3748:374f] type=MemWrite UC
 739000: board.cache_hierarchy.l2-cache-0: recvTimingResp: Handling response WriteResp [3750:3757] type=MemWrite UC
 739000: board.cache_hierarchy.l1d-cache-0: sendWriteQueuePacket: write WriteReq [37d0:37d7] type=MemWrite UC
 739000: board.cache_hierarchy.l2-cache-0: access for WriteReq [37d0:37d7] type=MemWrite UC
 739000: board.cache_hierarchy.l1d-cache-0: Unblocking for cause 1, mask=0
 739000: board.processor.cores.core.workload: Translating: 0x13830->0x3830
 739001: board.cache_hierarchy.l1d-cache-0: sendWriteQueuePacket: write WriteReq [37d8:37df] type=MemWrite UC
 739001: board.cache_hierarchy.l1d-cache-0: access for WriteReq [3810:3817] type=MemWrite UC
 739001: board.cache_hierarchy.l1d-cache-0: Blocking for cause 1, mask=2
 740000: board.cache_hierarchy.l2-cache-0: sendWriteQueuePacket: write WriteReq [37a8:37af] type=MemWrite UC
 740000: board.cache_hierarchy.l2-cache-0: sendWriteQueuePacket: write WriteReq [37a8:37af] type=MemWrite UC
 740000: board.processor.cores.core.workload: Translating: 0x13838->0x3838
 701000: board.processor.cores.core: 0x10990    : c_addi a4, 16              : 
 741000: board.cache_hierarchy.l1d-cache-0: recvTimingResp: Handling response WriteResp [3750:3757] type=MemWrite UC
 741000: board.cache_hierarchy.l1d-cache-0: sendWriteQueuePacket: write WriteReq [37d8:37df] type=MemWrite UC
 741000: board.cache_hierarchy.l2-cache-0: access for WriteReq [37d8:37df] type=MemWrite UC
 741000: board.cache_hierarchy.l1d-cache-0: Unblocking for cause 1, mask=0
 741000: board.cache_hierarchy.l2-cache-0: recvTimingResp: Handling response WriteResp [3758:375f] type=MemWrite UC
 701000: board.processor.cores.core: 0x10992    : bltu a4, a3, -6            : 
 702000: board.processor.cores.core: 0x1098c    : c_sd a1, 0(a4)             : 
 741001: board.cache_hierarchy.l1d-cache-0: sendWriteQueuePacket: write WriteReq [37e0:37e7] type=MemWrite UC
 741001: board.cache_hierarchy.l1d-cache-0: access for WriteReq [3818:381f] type=MemWrite UC
 741001: board.cache_hierarchy.l1d-cache-0: Blocking for cause 1, mask=2
 742000: board.cache_hierarchy.l2-cache-0: sendWriteQueuePacket: write WriteReq [37b0:37b7] type=MemWrite UC
 742000: board.cache_hierarchy.l2-cache-0: sendWriteQueuePacket: write WriteReq [37b0:37b7] type=MemWrite UC
 702000: board.processor.cores.core: 0x1098e    : c_sd a1, 8(a4)             : 
 743000: board.cache_hierarchy.l1d-cache-0: recvTimingResp: Handling response WriteResp [3758:375f] type=MemWrite UC
 743000: board.cache_hierarchy.l2-cache-0: recvTimingResp: Handling response WriteResp [3760:3767] type=MemWrite UC
 743000: board.cache_hierarchy.l1d-cache-0: sendWriteQueuePacket: write WriteReq [37e0:37e7] type=MemWrite UC
 743000: board.cache_hierarchy.l2-cache-0: access for WriteReq [37e0:37e7] type=MemWrite UC
 743000: board.cache_hierarchy.l1d-cache-0: Unblocking for cause 1, mask=0
 743000: board.processor.cores.core.workload: Translating: 0x13840->0x3840
 743001: board.cache_hierarchy.l1d-cache-0: sendWriteQueuePacket: write WriteReq [37e8:37ef] type=MemWrite UC
 743001: board.cache_hierarchy.l1d-cache-0: access for WriteReq [3820:3827] type=MemWrite UC
 743001: board.cache_hierarchy.l1d-cache-0: Blocking for cause 1, mask=2
 744000: board.cache_hierarchy.l2-cache-0: sendWriteQueuePacket: write WriteReq [37b8:37bf] type=MemWrite UC
 744000: board.cache_hierarchy.l2-cache-0: sendWriteQueuePacket: write WriteReq [37b8:37bf] type=MemWrite UC
 744000: board.processor.cores.core.workload: Translating: 0x13848->0x3848
 705000: board.processor.cores.core: 0x10990    : c_addi a4, 16              : 
 745000: board.cache_hierarchy.l1d-cache-0: recvTimingResp: Handling response WriteResp [3760:3767] type=MemWrite UC
 745000: board.cache_hierarchy.l1d-cache-0: sendWriteQueuePacket: write WriteReq [37e8:37ef] type=MemWrite UC
 745000: board.cache_hierarchy.l2-cache-0: access for WriteReq [37e8:37ef] type=MemWrite UC
 745000: board.cache_hierarchy.l1d-cache-0: Unblocking for cause 1, mask=0
 745000: board.cache_hierarchy.l2-cache-0: recvTimingResp: Handling response WriteResp [3768:376f] type=MemWrite UC
 705000: board.processor.cores.core: 0x10992    : bltu a4, a3, -6            : 
 706000: board.processor.cores.core: 0x1098c    : c_sd a1, 0(a4)             : 
 745001: board.cache_hierarchy.l1d-cache-0: sendWriteQueuePacket: write WriteReq [37f0:37f7] type=MemWrite UC
 745001: board.cache_hierarchy.l1d-cache-0: access for WriteReq [3828:382f] type=MemWrite UC
 745001: board.cache_hierarchy.l1d-cache-0: Blocking for cause 1, mask=2
 746000: board.cache_hierarchy.l2-cache-0: sendWriteQueuePacket: write WriteReq [37c0:37c7] type=MemWrite UC
 746000: board.cache_hierarchy.l2-cache-0: sendWriteQueuePacket: write WriteReq [37c0:37c7] type=MemWrite UC
 706000: board.processor.cores.core: 0x1098e    : c_sd a1, 8(a4)             : 
 747000: board.cache_hierarchy.l1d-cache-0: recvTimingResp: Handling response WriteResp [3768:376f] type=MemWrite UC
 747000: board.cache_hierarchy.l2-cache-0: recvTimingResp: Handling response WriteResp [3770:3777] type=MemWrite UC
 747000: board.cache_hierarchy.l1d-cache-0: sendWriteQueuePacket: write WriteReq [37f0:37f7] type=MemWrite UC
 747000: board.cache_hierarchy.l2-cache-0: access for WriteReq [37f0:37f7] type=MemWrite UC
 747000: board.cache_hierarchy.l1d-cache-0: Unblocking for cause 1, mask=0
 747000: board.processor.cores.core.workload: Translating: 0x13850->0x3850
 747001: board.cache_hierarchy.l1d-cache-0: sendWriteQueuePacket: write WriteReq [37f8:37ff] type=MemWrite UC
 747001: board.cache_hierarchy.l1d-cache-0: access for WriteReq [3830:3837] type=MemWrite UC
 747001: board.cache_hierarchy.l1d-cache-0: Blocking for cause 1, mask=2
 748000: board.cache_hierarchy.l2-cache-0: sendWriteQueuePacket: write WriteReq [37c8:37cf] type=MemWrite UC
 748000: board.cache_hierarchy.l2-cache-0: sendWriteQueuePacket: write WriteReq [37c8:37cf] type=MemWrite UC
 748000: board.processor.cores.core.workload: Translating: 0x13858->0x3858
 709000: board.processor.cores.core: 0x10990    : c_addi a4, 16              : 
 749000: board.cache_hierarchy.l1d-cache-0: recvTimingResp: Handling response WriteResp [3770:3777] type=MemWrite UC
 749000: board.cache_hierarchy.l1d-cache-0: sendWriteQueuePacket: write WriteReq [37f8:37ff] type=MemWrite UC
 749000: board.cache_hierarchy.l2-cache-0: access for WriteReq [37f8:37ff] type=MemWrite UC
 749000: board.cache_hierarchy.l1d-cache-0: Unblocking for cause 1, mask=0
 749000: board.cache_hierarchy.l2-cache-0: recvTimingResp: Handling response WriteResp [3778:377f] type=MemWrite UC
 709000: board.processor.cores.core: 0x10992    : bltu a4, a3, -6            : 
 710000: board.processor.cores.core: 0x1098c    : c_sd a1, 0(a4)             : 
 749001: board.cache_hierarchy.l1d-cache-0: sendWriteQueuePacket: write WriteReq [3800:3807] type=MemWrite UC
 749001: board.cache_hierarchy.l1d-cache-0: access for WriteReq [3838:383f] type=MemWrite UC
 749001: board.cache_hierarchy.l1d-cache-0: Blocking for cause 1, mask=2
 750000: board.cache_hierarchy.l2-cache-0: sendWriteQueuePacket: write WriteReq [37d0:37d7] type=MemWrite UC
 750000: board.cache_hierarchy.l2-cache-0: sendWriteQueuePacket: write WriteReq [37d0:37d7] type=MemWrite UC
 710000: board.processor.cores.core: 0x1098e    : c_sd a1, 8(a4)             : 
 751000: board.cache_hierarchy.l1d-cache-0: recvTimingResp: Handling response WriteResp [3778:377f] type=MemWrite UC
 751000: board.cache_hierarchy.l2-cache-0: recvTimingResp: Handling response WriteResp [3780:3787] type=MemWrite UC
 751000: board.cache_hierarchy.l1d-cache-0: sendWriteQueuePacket: write WriteReq [3800:3807] type=MemWrite UC
 751000: board.cache_hierarchy.l2-cache-0: access for WriteReq [3800:3807] type=MemWrite UC
 751000: board.cache_hierarchy.l1d-cache-0: Unblocking for cause 1, mask=0
 751000: board.processor.cores.core.workload: Translating: 0x13860->0x3860
 751001: board.cache_hierarchy.l1d-cache-0: sendWriteQueuePacket: write WriteReq [3808:380f] type=MemWrite UC
 751001: board.cache_hierarchy.l1d-cache-0: access for WriteReq [3840:3847] type=MemWrite UC
 751001: board.cache_hierarchy.l1d-cache-0: Blocking for cause 1, mask=2
 752000: board.cache_hierarchy.l2-cache-0: sendWriteQueuePacket: write WriteReq [37d8:37df] type=MemWrite UC
 752000: board.cache_hierarchy.l2-cache-0: sendWriteQueuePacket: write WriteReq [37d8:37df] type=MemWrite UC
 752000: board.processor.cores.core.workload: Translating: 0x13868->0x3868
 713000: board.processor.cores.core: 0x10990    : c_addi a4, 16              : 
 753000: board.cache_hierarchy.l1d-cache-0: recvTimingResp: Handling response WriteResp [3780:3787] type=MemWrite UC
 753000: board.cache_hierarchy.l1d-cache-0: sendWriteQueuePacket: write WriteReq [3808:380f] type=MemWrite UC
 753000: board.cache_hierarchy.l2-cache-0: access for WriteReq [3808:380f] type=MemWrite UC
 753000: board.cache_hierarchy.l1d-cache-0: Unblocking for cause 1, mask=0
 753000: board.cache_hierarchy.l2-cache-0: recvTimingResp: Handling response WriteResp [3788:378f] type=MemWrite UC
 713000: board.processor.cores.core: 0x10992    : bltu a4, a3, -6            : 
 714000: board.processor.cores.core: 0x1098c    : c_sd a1, 0(a4)             : 
 753001: board.cache_hierarchy.l1d-cache-0: sendWriteQueuePacket: write WriteReq [3810:3817] type=MemWrite UC
 753001: board.cache_hierarchy.l1d-cache-0: access for WriteReq [3848:384f] type=MemWrite UC
 753001: board.cache_hierarchy.l1d-cache-0: Blocking for cause 1, mask=2
 754000: board.cache_hierarchy.l2-cache-0: sendWriteQueuePacket: write WriteReq [37e0:37e7] type=MemWrite UC
 754000: board.cache_hierarchy.l2-cache-0: sendWriteQueuePacket: write WriteReq [37e0:37e7] type=MemWrite UC
 714000: board.processor.cores.core: 0x1098e    : c_sd a1, 8(a4)             : 
 755000: board.cache_hierarchy.l1d-cache-0: recvTimingResp: Handling response WriteResp [3788:378f] type=MemWrite UC
 755000: board.cache_hierarchy.l2-cache-0: recvTimingResp: Handling response WriteResp [3790:3797] type=MemWrite UC
 755000: board.cache_hierarchy.l1d-cache-0: sendWriteQueuePacket: write WriteReq [3810:3817] type=MemWrite UC
 755000: board.cache_hierarchy.l2-cache-0: access for WriteReq [3810:3817] type=MemWrite UC
 755000: board.cache_hierarchy.l1d-cache-0: Unblocking for cause 1, mask=0
 755000: board.processor.cores.core.workload: Translating: 0x13870->0x3870
 755001: board.cache_hierarchy.l1d-cache-0: sendWriteQueuePacket: write WriteReq [3818:381f] type=MemWrite UC
 755001: board.cache_hierarchy.l1d-cache-0: access for WriteReq [3850:3857] type=MemWrite UC
 755001: board.cache_hierarchy.l1d-cache-0: Blocking for cause 1, mask=2
 756000: board.cache_hierarchy.l2-cache-0: sendWriteQueuePacket: write WriteReq [37e8:37ef] type=MemWrite UC
 756000: board.cache_hierarchy.l2-cache-0: sendWriteQueuePacket: write WriteReq [37e8:37ef] type=MemWrite UC
 756000: board.processor.cores.core.workload: Translating: 0x13878->0x3878
 717000: board.processor.cores.core: 0x10990    : c_addi a4, 16              : 
 757000: board.cache_hierarchy.l1d-cache-0: recvTimingResp: Handling response WriteResp [3790:3797] type=MemWrite UC
 757000: board.cache_hierarchy.l1d-cache-0: sendWriteQueuePacket: write WriteReq [3818:381f] type=MemWrite UC
 757000: board.cache_hierarchy.l2-cache-0: access for WriteReq [3818:381f] type=MemWrite UC
 757000: board.cache_hierarchy.l1d-cache-0: Unblocking for cause 1, mask=0
 757000: board.cache_hierarchy.l2-cache-0: recvTimingResp: Handling response WriteResp [3798:379f] type=MemWrite UC
 717000: board.processor.cores.core: 0x10992    : bltu a4, a3, -6            : 
 718000: board.processor.cores.core: 0x1098c    : c_sd a1, 0(a4)             : 
 757001: board.cache_hierarchy.l1d-cache-0: sendWriteQueuePacket: write WriteReq [3820:3827] type=MemWrite UC
 757001: board.cache_hierarchy.l1d-cache-0: access for WriteReq [3858:385f] type=MemWrite UC
 757001: board.cache_hierarchy.l1d-cache-0: Blocking for cause 1, mask=2
 758000: board.cache_hierarchy.l2-cache-0: sendWriteQueuePacket: write WriteReq [37f0:37f7] type=MemWrite UC
 758000: board.cache_hierarchy.l2-cache-0: sendWriteQueuePacket: write WriteReq [37f0:37f7] type=MemWrite UC
 718000: board.processor.cores.core: 0x1098e    : c_sd a1, 8(a4)             : 
 759000: board.cache_hierarchy.l1d-cache-0: recvTimingResp: Handling response WriteResp [3798:379f] type=MemWrite UC
 759000: board.cache_hierarchy.l2-cache-0: recvTimingResp: Handling response WriteResp [37a0:37a7] type=MemWrite UC
 759000: board.cache_hierarchy.l1d-cache-0: sendWriteQueuePacket: write WriteReq [3820:3827] type=MemWrite UC
 759000: board.cache_hierarchy.l2-cache-0: access for WriteReq [3820:3827] type=MemWrite UC
 759000: board.cache_hierarchy.l1d-cache-0: Unblocking for cause 1, mask=0
 759000: board.processor.cores.core.workload: Translating: 0x13880->0x3880
 759001: board.cache_hierarchy.l1d-cache-0: sendWriteQueuePacket: write WriteReq [3828:382f] type=MemWrite UC
 759001: board.cache_hierarchy.l1d-cache-0: access for WriteReq [3860:3867] type=MemWrite UC
 759001: board.cache_hierarchy.l1d-cache-0: Blocking for cause 1, mask=2
 760000: board.cache_hierarchy.l2-cache-0: sendWriteQueuePacket: write WriteReq [37f8:37ff] type=MemWrite UC
 760000: board.cache_hierarchy.l2-cache-0: sendWriteQueuePacket: write WriteReq [37f8:37ff] type=MemWrite UC
 760000: board.processor.cores.core.workload: Translating: 0x13888->0x3888
 721000: board.processor.cores.core: 0x10990    : c_addi a4, 16              : 
 761000: board.cache_hierarchy.l1d-cache-0: recvTimingResp: Handling response WriteResp [37a0:37a7] type=MemWrite UC
 761000: board.cache_hierarchy.l1d-cache-0: sendWriteQueuePacket: write WriteReq [3828:382f] type=MemWrite UC
 761000: board.cache_hierarchy.l2-cache-0: access for WriteReq [3828:382f] type=MemWrite UC
 761000: board.cache_hierarchy.l1d-cache-0: Unblocking for cause 1, mask=0
 761000: board.cache_hierarchy.l2-cache-0: recvTimingResp: Handling response WriteResp [37a8:37af] type=MemWrite UC
 721000: board.processor.cores.core: 0x10992    : bltu a4, a3, -6            : 
 722000: board.processor.cores.core: 0x1098c    : c_sd a1, 0(a4)             : 
 761001: board.cache_hierarchy.l1d-cache-0: sendWriteQueuePacket: write WriteReq [3830:3837] type=MemWrite UC
 761001: board.cache_hierarchy.l1d-cache-0: access for WriteReq [3868:386f] type=MemWrite UC
 761001: board.cache_hierarchy.l1d-cache-0: Blocking for cause 1, mask=2
 762000: board.cache_hierarchy.l2-cache-0: sendWriteQueuePacket: write WriteReq [3800:3807] type=MemWrite UC
 762000: board.cache_hierarchy.l2-cache-0: sendWriteQueuePacket: write WriteReq [3800:3807] type=MemWrite UC
 722000: board.processor.cores.core: 0x1098e    : c_sd a1, 8(a4)             : 
 763000: board.cache_hierarchy.l1d-cache-0: recvTimingResp: Handling response WriteResp [37a8:37af] type=MemWrite UC
 763000: board.cache_hierarchy.l2-cache-0: recvTimingResp: Handling response WriteResp [37b0:37b7] type=MemWrite UC
 763000: board.cache_hierarchy.l1d-cache-0: sendWriteQueuePacket: write WriteReq [3830:3837] type=MemWrite UC
 763000: board.cache_hierarchy.l2-cache-0: access for WriteReq [3830:3837] type=MemWrite UC
 763000: board.cache_hierarchy.l1d-cache-0: Unblocking for cause 1, mask=0
 763000: board.processor.cores.core.workload: Translating: 0x13890->0x3890
 763001: board.cache_hierarchy.l1d-cache-0: sendWriteQueuePacket: write WriteReq [3838:383f] type=MemWrite UC
 763001: board.cache_hierarchy.l1d-cache-0: access for WriteReq [3870:3877] type=MemWrite UC
 763001: board.cache_hierarchy.l1d-cache-0: Blocking for cause 1, mask=2
 764000: board.cache_hierarchy.l2-cache-0: sendWriteQueuePacket: write WriteReq [3808:380f] type=MemWrite UC
 764000: board.cache_hierarchy.l2-cache-0: sendWriteQueuePacket: write WriteReq [3808:380f] type=MemWrite UC
 764000: board.processor.cores.core.workload: Translating: 0x13898->0x3898
 725000: board.processor.cores.core: 0x10990    : c_addi a4, 16              : 
 765000: board.cache_hierarchy.l1d-cache-0: recvTimingResp: Handling response WriteResp [37b0:37b7] type=MemWrite UC
 765000: board.cache_hierarchy.l1d-cache-0: sendWriteQueuePacket: write WriteReq [3838:383f] type=MemWrite UC
 765000: board.cache_hierarchy.l2-cache-0: access for WriteReq [3838:383f] type=MemWrite UC
 765000: board.cache_hierarchy.l1d-cache-0: Unblocking for cause 1, mask=0
 765000: board.cache_hierarchy.l2-cache-0: recvTimingResp: Handling response WriteResp [37b8:37bf] type=MemWrite UC
 725000: board.processor.cores.core: 0x10992    : bltu a4, a3, -6            : 
 726000: board.processor.cores.core: 0x1098c    : c_sd a1, 0(a4)             : 
 765001: board.cache_hierarchy.l1d-cache-0: sendWriteQueuePacket: write WriteReq [3840:3847] type=MemWrite UC
 765001: board.cache_hierarchy.l1d-cache-0: access for WriteReq [3878:387f] type=MemWrite UC
 765001: board.cache_hierarchy.l1d-cache-0: Blocking for cause 1, mask=2
 766000: board.cache_hierarchy.l2-cache-0: sendWriteQueuePacket: write WriteReq [3810:3817] type=MemWrite UC
 766000: board.cache_hierarchy.l2-cache-0: sendWriteQueuePacket: write WriteReq [3810:3817] type=MemWrite UC
 726000: board.processor.cores.core: 0x1098e    : c_sd a1, 8(a4)             : 
 767000: board.cache_hierarchy.l1d-cache-0: recvTimingResp: Handling response WriteResp [37b8:37bf] type=MemWrite UC
 767000: board.cache_hierarchy.l2-cache-0: recvTimingResp: Handling response WriteResp [37c0:37c7] type=MemWrite UC
 767000: board.cache_hierarchy.l1d-cache-0: sendWriteQueuePacket: write WriteReq [3840:3847] type=MemWrite UC
 767000: board.cache_hierarchy.l2-cache-0: access for WriteReq [3840:3847] type=MemWrite UC
 767000: board.cache_hierarchy.l1d-cache-0: Unblocking for cause 1, mask=0
 767000: board.processor.cores.core.workload: Translating: 0x138a0->0x38a0
 767001: board.cache_hierarchy.l1d-cache-0: sendWriteQueuePacket: write WriteReq [3848:384f] type=MemWrite UC
 767001: board.cache_hierarchy.l1d-cache-0: access for WriteReq [3880:3887] type=MemWrite UC
 767001: board.cache_hierarchy.l1d-cache-0: Blocking for cause 1, mask=2
 768000: board.cache_hierarchy.l2-cache-0: sendWriteQueuePacket: write WriteReq [3818:381f] type=MemWrite UC
 768000: board.cache_hierarchy.l2-cache-0: sendWriteQueuePacket: write WriteReq [3818:381f] type=MemWrite UC
 768000: board.processor.cores.core.workload: Translating: 0x138a8->0x38a8
 729000: board.processor.cores.core: 0x10990    : c_addi a4, 16              : 
 769000: board.cache_hierarchy.l1d-cache-0: recvTimingResp: Handling response WriteResp [37c0:37c7] type=MemWrite UC
 769000: board.cache_hierarchy.l1d-cache-0: sendWriteQueuePacket: write WriteReq [3848:384f] type=MemWrite UC
 769000: board.cache_hierarchy.l2-cache-0: access for WriteReq [3848:384f] type=MemWrite UC
 769000: board.cache_hierarchy.l1d-cache-0: Unblocking for cause 1, mask=0
 769000: board.cache_hierarchy.l2-cache-0: recvTimingResp: Handling response WriteResp [37c8:37cf] type=MemWrite UC
 729000: board.processor.cores.core: 0x10992    : bltu a4, a3, -6            : 
 730000: board.processor.cores.core: 0x1098c    : c_sd a1, 0(a4)             : 
 769001: board.cache_hierarchy.l1d-cache-0: sendWriteQueuePacket: write WriteReq [3850:3857] type=MemWrite UC
 769001: board.cache_hierarchy.l1d-cache-0: access for WriteReq [3888:388f] type=MemWrite UC
 769001: board.cache_hierarchy.l1d-cache-0: Blocking for cause 1, mask=2
 770000: board.cache_hierarchy.l2-cache-0: sendWriteQueuePacket: write WriteReq [3820:3827] type=MemWrite UC
 770000: board.cache_hierarchy.l2-cache-0: sendWriteQueuePacket: write WriteReq [3820:3827] type=MemWrite UC
 730000: board.processor.cores.core: 0x1098e    : c_sd a1, 8(a4)             : 
 771000: board.cache_hierarchy.l1d-cache-0: recvTimingResp: Handling response WriteResp [37c8:37cf] type=MemWrite UC
 771000: board.cache_hierarchy.l2-cache-0: recvTimingResp: Handling response WriteResp [37d0:37d7] type=MemWrite UC
 771000: board.cache_hierarchy.l1d-cache-0: sendWriteQueuePacket: write WriteReq [3850:3857] type=MemWrite UC
 771000: board.cache_hierarchy.l2-cache-0: access for WriteReq [3850:3857] type=MemWrite UC
 771000: board.cache_hierarchy.l1d-cache-0: Unblocking for cause 1, mask=0
 771000: board.processor.cores.core.workload: Translating: 0x138b0->0x38b0
 771001: board.cache_hierarchy.l1d-cache-0: sendWriteQueuePacket: write WriteReq [3858:385f] type=MemWrite UC
 771001: board.cache_hierarchy.l1d-cache-0: access for WriteReq [3890:3897] type=MemWrite UC
 771001: board.cache_hierarchy.l1d-cache-0: Blocking for cause 1, mask=2
 772000: board.cache_hierarchy.l2-cache-0: sendWriteQueuePacket: write WriteReq [3828:382f] type=MemWrite UC
 772000: board.cache_hierarchy.l2-cache-0: sendWriteQueuePacket: write WriteReq [3828:382f] type=MemWrite UC
 772000: board.processor.cores.core.workload: Translating: 0x138b8->0x38b8
 733000: board.processor.cores.core: 0x10990    : c_addi a4, 16              : 
 773000: board.cache_hierarchy.l1d-cache-0: recvTimingResp: Handling response WriteResp [37d0:37d7] type=MemWrite UC
 773000: board.cache_hierarchy.l1d-cache-0: sendWriteQueuePacket: write WriteReq [3858:385f] type=MemWrite UC
 773000: board.cache_hierarchy.l2-cache-0: access for WriteReq [3858:385f] type=MemWrite UC
 773000: board.cache_hierarchy.l1d-cache-0: Unblocking for cause 1, mask=0
 773000: board.cache_hierarchy.l2-cache-0: recvTimingResp: Handling response WriteResp [37d8:37df] type=MemWrite UC
 733000: board.processor.cores.core: 0x10992    : bltu a4, a3, -6            : 
 734000: board.processor.cores.core: 0x1098c    : c_sd a1, 0(a4)             : 
 773001: board.cache_hierarchy.l1d-cache-0: sendWriteQueuePacket: write WriteReq [3860:3867] type=MemWrite UC
 773001: board.cache_hierarchy.l1d-cache-0: access for WriteReq [3898:389f] type=MemWrite UC
 773001: board.cache_hierarchy.l1d-cache-0: Blocking for cause 1, mask=2
 774000: board.cache_hierarchy.l2-cache-0: sendWriteQueuePacket: write WriteReq [3830:3837] type=MemWrite UC
 774000: board.cache_hierarchy.l2-cache-0: sendWriteQueuePacket: write WriteReq [3830:3837] type=MemWrite UC
 734000: board.processor.cores.core: 0x1098e    : c_sd a1, 8(a4)             : 
 775000: board.cache_hierarchy.l1d-cache-0: recvTimingResp: Handling response WriteResp [37d8:37df] type=MemWrite UC
 775000: board.cache_hierarchy.l2-cache-0: recvTimingResp: Handling response WriteResp [37e0:37e7] type=MemWrite UC
 775000: board.cache_hierarchy.l1d-cache-0: sendWriteQueuePacket: write WriteReq [3860:3867] type=MemWrite UC
 775000: board.cache_hierarchy.l2-cache-0: access for WriteReq [3860:3867] type=MemWrite UC
 775000: board.cache_hierarchy.l1d-cache-0: Unblocking for cause 1, mask=0
 775000: board.processor.cores.core.workload: Translating: 0x138c0->0x38c0
 775001: board.cache_hierarchy.l1d-cache-0: sendWriteQueuePacket: write WriteReq [3868:386f] type=MemWrite UC
 775001: board.cache_hierarchy.l1d-cache-0: access for WriteReq [38a0:38a7] type=MemWrite UC
 775001: board.cache_hierarchy.l1d-cache-0: Blocking for cause 1, mask=2
 776000: board.cache_hierarchy.l2-cache-0: sendWriteQueuePacket: write WriteReq [3838:383f] type=MemWrite UC
 776000: board.cache_hierarchy.l2-cache-0: sendWriteQueuePacket: write WriteReq [3838:383f] type=MemWrite UC
 776000: board.processor.cores.core.workload: Translating: 0x138c8->0x38c8
 737000: board.processor.cores.core: 0x10990    : c_addi a4, 16              : 
 777000: board.cache_hierarchy.l1d-cache-0: recvTimingResp: Handling response WriteResp [37e0:37e7] type=MemWrite UC
 777000: board.cache_hierarchy.l1d-cache-0: sendWriteQueuePacket: write WriteReq [3868:386f] type=MemWrite UC
 777000: board.cache_hierarchy.l2-cache-0: access for WriteReq [3868:386f] type=MemWrite UC
 777000: board.cache_hierarchy.l1d-cache-0: Unblocking for cause 1, mask=0
 777000: board.cache_hierarchy.l2-cache-0: recvTimingResp: Handling response WriteResp [37e8:37ef] type=MemWrite UC
 737000: board.processor.cores.core: 0x10992    : bltu a4, a3, -6            : 
 738000: board.processor.cores.core: 0x1098c    : c_sd a1, 0(a4)             : 
 777001: board.cache_hierarchy.l1d-cache-0: sendWriteQueuePacket: write WriteReq [3870:3877] type=MemWrite UC
 777001: board.cache_hierarchy.l1d-cache-0: access for WriteReq [38a8:38af] type=MemWrite UC
 777001: board.cache_hierarchy.l1d-cache-0: Blocking for cause 1, mask=2
 778000: board.cache_hierarchy.l2-cache-0: sendWriteQueuePacket: write WriteReq [3840:3847] type=MemWrite UC
 778000: board.cache_hierarchy.l2-cache-0: sendWriteQueuePacket: write WriteReq [3840:3847] type=MemWrite UC
 738000: board.processor.cores.core: 0x1098e    : c_sd a1, 8(a4)             : 
 779000: board.cache_hierarchy.l1d-cache-0: recvTimingResp: Handling response WriteResp [37e8:37ef] type=MemWrite UC
 779000: board.cache_hierarchy.l2-cache-0: recvTimingResp: Handling response WriteResp [37f0:37f7] type=MemWrite UC
 779000: board.cache_hierarchy.l1d-cache-0: sendWriteQueuePacket: write WriteReq [3870:3877] type=MemWrite UC
 779000: board.cache_hierarchy.l2-cache-0: access for WriteReq [3870:3877] type=MemWrite UC
 779000: board.cache_hierarchy.l1d-cache-0: Unblocking for cause 1, mask=0
 779000: board.processor.cores.core.workload: Translating: 0x138d0->0x38d0
 779001: board.cache_hierarchy.l1d-cache-0: sendWriteQueuePacket: write WriteReq [3878:387f] type=MemWrite UC
 779001: board.cache_hierarchy.l1d-cache-0: access for WriteReq [38b0:38b7] type=MemWrite UC
 779001: board.cache_hierarchy.l1d-cache-0: Blocking for cause 1, mask=2
 780000: board.cache_hierarchy.l2-cache-0: sendWriteQueuePacket: write WriteReq [3848:384f] type=MemWrite UC
 780000: board.cache_hierarchy.l2-cache-0: sendWriteQueuePacket: write WriteReq [3848:384f] type=MemWrite UC
 780000: board.processor.cores.core.workload: Translating: 0x138d8->0x38d8
 741000: board.processor.cores.core: 0x10990    : c_addi a4, 16              : 
 781000: board.cache_hierarchy.l1d-cache-0: recvTimingResp: Handling response WriteResp [37f0:37f7] type=MemWrite UC
 781000: board.cache_hierarchy.l1d-cache-0: sendWriteQueuePacket: write WriteReq [3878:387f] type=MemWrite UC
 781000: board.cache_hierarchy.l2-cache-0: access for WriteReq [3878:387f] type=MemWrite UC
 781000: board.cache_hierarchy.l1d-cache-0: Unblocking for cause 1, mask=0
 781000: board.cache_hierarchy.l2-cache-0: recvTimingResp: Handling response WriteResp [37f8:37ff] type=MemWrite UC
 741000: board.processor.cores.core: 0x10992    : bltu a4, a3, -6            : 
 742000: board.processor.cores.core: 0x1098c    : c_sd a1, 0(a4)             : 
 781001: board.cache_hierarchy.l1d-cache-0: sendWriteQueuePacket: write WriteReq [3880:3887] type=MemWrite UC
 781001: board.cache_hierarchy.l1d-cache-0: access for WriteReq [38b8:38bf] type=MemWrite UC
 781001: board.cache_hierarchy.l1d-cache-0: Blocking for cause 1, mask=2
 782000: board.cache_hierarchy.l2-cache-0: sendWriteQueuePacket: write WriteReq [3850:3857] type=MemWrite UC
 782000: board.cache_hierarchy.l2-cache-0: sendWriteQueuePacket: write WriteReq [3850:3857] type=MemWrite UC
 742000: board.processor.cores.core: 0x1098e    : c_sd a1, 8(a4)             : 
 783000: board.cache_hierarchy.l1d-cache-0: recvTimingResp: Handling response WriteResp [37f8:37ff] type=MemWrite UC
 783000: board.cache_hierarchy.l2-cache-0: recvTimingResp: Handling response WriteResp [3800:3807] type=MemWrite UC
 783000: board.cache_hierarchy.l1d-cache-0: sendWriteQueuePacket: write WriteReq [3880:3887] type=MemWrite UC
 783000: board.cache_hierarchy.l2-cache-0: access for WriteReq [3880:3887] type=MemWrite UC
 783000: board.cache_hierarchy.l1d-cache-0: Unblocking for cause 1, mask=0
 783000: board.processor.cores.core.workload: Translating: 0x138e0->0x38e0
 783001: board.cache_hierarchy.l1d-cache-0: sendWriteQueuePacket: write WriteReq [3888:388f] type=MemWrite UC
 783001: board.cache_hierarchy.l1d-cache-0: access for WriteReq [38c0:38c7] type=MemWrite UC
 783001: board.cache_hierarchy.l1d-cache-0: Blocking for cause 1, mask=2
 784000: board.cache_hierarchy.l2-cache-0: sendWriteQueuePacket: write WriteReq [3858:385f] type=MemWrite UC
 784000: board.cache_hierarchy.l2-cache-0: sendWriteQueuePacket: write WriteReq [3858:385f] type=MemWrite UC
 784000: board.processor.cores.core.workload: Translating: 0x138e8->0x38e8
 745000: board.processor.cores.core: 0x10990    : c_addi a4, 16              : 
 785000: board.cache_hierarchy.l1d-cache-0: recvTimingResp: Handling response WriteResp [3800:3807] type=MemWrite UC
 785000: board.cache_hierarchy.l1d-cache-0: sendWriteQueuePacket: write WriteReq [3888:388f] type=MemWrite UC
 785000: board.cache_hierarchy.l2-cache-0: access for WriteReq [3888:388f] type=MemWrite UC
 785000: board.cache_hierarchy.l1d-cache-0: Unblocking for cause 1, mask=0
 785000: board.cache_hierarchy.l2-cache-0: recvTimingResp: Handling response WriteResp [3808:380f] type=MemWrite UC
 745000: board.processor.cores.core: 0x10992    : bltu a4, a3, -6            : 
 746000: board.processor.cores.core: 0x1098c    : c_sd a1, 0(a4)             : 
 785001: board.cache_hierarchy.l1d-cache-0: sendWriteQueuePacket: write WriteReq [3890:3897] type=MemWrite UC
 785001: board.cache_hierarchy.l1d-cache-0: access for WriteReq [38c8:38cf] type=MemWrite UC
 785001: board.cache_hierarchy.l1d-cache-0: Blocking for cause 1, mask=2
 786000: board.cache_hierarchy.l2-cache-0: sendWriteQueuePacket: write WriteReq [3860:3867] type=MemWrite UC
 786000: board.cache_hierarchy.l2-cache-0: sendWriteQueuePacket: write WriteReq [3860:3867] type=MemWrite UC
 746000: board.processor.cores.core: 0x1098e    : c_sd a1, 8(a4)             : 
 787000: board.cache_hierarchy.l1d-cache-0: recvTimingResp: Handling response WriteResp [3808:380f] type=MemWrite UC
 787000: board.cache_hierarchy.l2-cache-0: recvTimingResp: Handling response WriteResp [3810:3817] type=MemWrite UC
 787000: board.cache_hierarchy.l1d-cache-0: sendWriteQueuePacket: write WriteReq [3890:3897] type=MemWrite UC
 787000: board.cache_hierarchy.l2-cache-0: access for WriteReq [3890:3897] type=MemWrite UC
 787000: board.cache_hierarchy.l1d-cache-0: Unblocking for cause 1, mask=0
 787000: board.processor.cores.core.workload: Translating: 0x138f0->0x38f0
 787001: board.cache_hierarchy.l1d-cache-0: sendWriteQueuePacket: write WriteReq [3898:389f] type=MemWrite UC
 787001: board.cache_hierarchy.l1d-cache-0: access for WriteReq [38d0:38d7] type=MemWrite UC
 787001: board.cache_hierarchy.l1d-cache-0: Blocking for cause 1, mask=2
 788000: board.cache_hierarchy.l2-cache-0: sendWriteQueuePacket: write WriteReq [3868:386f] type=MemWrite UC
 788000: board.cache_hierarchy.l2-cache-0: sendWriteQueuePacket: write WriteReq [3868:386f] type=MemWrite UC
 788000: board.processor.cores.core.workload: Translating: 0x138f8->0x38f8
 749000: board.processor.cores.core: 0x10990    : c_addi a4, 16              : 
 789000: board.cache_hierarchy.l1d-cache-0: recvTimingResp: Handling response WriteResp [3810:3817] type=MemWrite UC
 789000: board.cache_hierarchy.l1d-cache-0: sendWriteQueuePacket: write WriteReq [3898:389f] type=MemWrite UC
 789000: board.cache_hierarchy.l2-cache-0: access for WriteReq [3898:389f] type=MemWrite UC
 789000: board.cache_hierarchy.l1d-cache-0: Unblocking for cause 1, mask=0
 789000: board.cache_hierarchy.l2-cache-0: recvTimingResp: Handling response WriteResp [3818:381f] type=MemWrite UC
 749000: board.processor.cores.core: 0x10992    : bltu a4, a3, -6            : 
 750000: board.processor.cores.core: 0x1098c    : c_sd a1, 0(a4)             : 
 789001: board.cache_hierarchy.l1d-cache-0: sendWriteQueuePacket: write WriteReq [38a0:38a7] type=MemWrite UC
 789001: board.cache_hierarchy.l1d-cache-0: access for WriteReq [38d8:38df] type=MemWrite UC
 789001: board.cache_hierarchy.l1d-cache-0: Blocking for cause 1, mask=2
 790000: board.cache_hierarchy.l2-cache-0: sendWriteQueuePacket: write WriteReq [3870:3877] type=MemWrite UC
 790000: board.cache_hierarchy.l2-cache-0: sendWriteQueuePacket: write WriteReq [3870:3877] type=MemWrite UC
 750000: board.processor.cores.core: 0x1098e    : c_sd a1, 8(a4)             : 
 791000: board.cache_hierarchy.l1d-cache-0: recvTimingResp: Handling response WriteResp [3818:381f] type=MemWrite UC
 791000: board.cache_hierarchy.l2-cache-0: recvTimingResp: Handling response WriteResp [3820:3827] type=MemWrite UC
 791000: board.cache_hierarchy.l1d-cache-0: sendWriteQueuePacket: write WriteReq [38a0:38a7] type=MemWrite UC
 791000: board.cache_hierarchy.l2-cache-0: access for WriteReq [38a0:38a7] type=MemWrite UC
 791000: board.cache_hierarchy.l1d-cache-0: Unblocking for cause 1, mask=0
 791000: board.processor.cores.core.workload: Translating: 0x13900->0x3900
 791001: board.cache_hierarchy.l1d-cache-0: sendWriteQueuePacket: write WriteReq [38a8:38af] type=MemWrite UC
 791001: board.cache_hierarchy.l1d-cache-0: access for WriteReq [38e0:38e7] type=MemWrite UC
 791001: board.cache_hierarchy.l1d-cache-0: Blocking for cause 1, mask=2
 792000: board.cache_hierarchy.l2-cache-0: sendWriteQueuePacket: write WriteReq [3878:387f] type=MemWrite UC
 792000: board.cache_hierarchy.l2-cache-0: sendWriteQueuePacket: write WriteReq [3878:387f] type=MemWrite UC
 792000: board.processor.cores.core.workload: Translating: 0x13908->0x3908
 753000: board.processor.cores.core: 0x10990    : c_addi a4, 16              : 
 793000: board.cache_hierarchy.l1d-cache-0: recvTimingResp: Handling response WriteResp [3820:3827] type=MemWrite UC
 793000: board.cache_hierarchy.l1d-cache-0: sendWriteQueuePacket: write WriteReq [38a8:38af] type=MemWrite UC
 793000: board.cache_hierarchy.l2-cache-0: access for WriteReq [38a8:38af] type=MemWrite UC
 793000: board.cache_hierarchy.l1d-cache-0: Unblocking for cause 1, mask=0
 793000: board.cache_hierarchy.l2-cache-0: recvTimingResp: Handling response WriteResp [3828:382f] type=MemWrite UC
 753000: board.processor.cores.core: 0x10992    : bltu a4, a3, -6            : 
 754000: board.processor.cores.core: 0x1098c    : c_sd a1, 0(a4)             : 
 793001: board.cache_hierarchy.l1d-cache-0: sendWriteQueuePacket: write WriteReq [38b0:38b7] type=MemWrite UC
 793001: board.cache_hierarchy.l1d-cache-0: access for WriteReq [38e8:38ef] type=MemWrite UC
 793001: board.cache_hierarchy.l1d-cache-0: Blocking for cause 1, mask=2
 794000: board.cache_hierarchy.l2-cache-0: sendWriteQueuePacket: write WriteReq [3880:3887] type=MemWrite UC
 794000: board.cache_hierarchy.l2-cache-0: sendWriteQueuePacket: write WriteReq [3880:3887] type=MemWrite UC
 754000: board.processor.cores.core: 0x1098e    : c_sd a1, 8(a4)             : 
 795000: board.cache_hierarchy.l1d-cache-0: recvTimingResp: Handling response WriteResp [3828:382f] type=MemWrite UC
 795000: board.cache_hierarchy.l2-cache-0: recvTimingResp: Handling response WriteResp [3830:3837] type=MemWrite UC
 795000: board.cache_hierarchy.l1d-cache-0: sendWriteQueuePacket: write WriteReq [38b0:38b7] type=MemWrite UC
 795000: board.cache_hierarchy.l2-cache-0: access for WriteReq [38b0:38b7] type=MemWrite UC
 795000: board.cache_hierarchy.l1d-cache-0: Unblocking for cause 1, mask=0
 795000: board.processor.cores.core.workload: Translating: 0x13910->0x3910
 795001: board.cache_hierarchy.l1d-cache-0: sendWriteQueuePacket: write WriteReq [38b8:38bf] type=MemWrite UC
 795001: board.cache_hierarchy.l1d-cache-0: access for WriteReq [38f0:38f7] type=MemWrite UC
 795001: board.cache_hierarchy.l1d-cache-0: Blocking for cause 1, mask=2
 796000: board.cache_hierarchy.l2-cache-0: sendWriteQueuePacket: write WriteReq [3888:388f] type=MemWrite UC
 796000: board.cache_hierarchy.l2-cache-0: sendWriteQueuePacket: write WriteReq [3888:388f] type=MemWrite UC
 796000: board.processor.cores.core.workload: Translating: 0x13918->0x3918
 757000: board.processor.cores.core: 0x10990    : c_addi a4, 16              : 
 797000: board.cache_hierarchy.l1d-cache-0: recvTimingResp: Handling response WriteResp [3830:3837] type=MemWrite UC
 797000: board.cache_hierarchy.l1d-cache-0: sendWriteQueuePacket: write WriteReq [38b8:38bf] type=MemWrite UC
 797000: board.cache_hierarchy.l2-cache-0: access for WriteReq [38b8:38bf] type=MemWrite UC
 797000: board.cache_hierarchy.l1d-cache-0: Unblocking for cause 1, mask=0
 797000: board.cache_hierarchy.l2-cache-0: recvTimingResp: Handling response WriteResp [3838:383f] type=MemWrite UC
 757000: board.processor.cores.core: 0x10992    : bltu a4, a3, -6            : 
 758000: board.processor.cores.core: 0x1098c    : c_sd a1, 0(a4)             : 
 797001: board.cache_hierarchy.l1d-cache-0: sendWriteQueuePacket: write WriteReq [38c0:38c7] type=MemWrite UC
 797001: board.cache_hierarchy.l1d-cache-0: access for WriteReq [38f8:38ff] type=MemWrite UC
 797001: board.cache_hierarchy.l1d-cache-0: Blocking for cause 1, mask=2
 798000: board.cache_hierarchy.l2-cache-0: sendWriteQueuePacket: write WriteReq [3890:3897] type=MemWrite UC
 798000: board.cache_hierarchy.l2-cache-0: sendWriteQueuePacket: write WriteReq [3890:3897] type=MemWrite UC
 758000: board.processor.cores.core: 0x1098e    : c_sd a1, 8(a4)             : 
 799000: board.cache_hierarchy.l1d-cache-0: recvTimingResp: Handling response WriteResp [3838:383f] type=MemWrite UC
 799000: board.cache_hierarchy.l2-cache-0: recvTimingResp: Handling response WriteResp [3840:3847] type=MemWrite UC
 799000: board.cache_hierarchy.l1d-cache-0: sendWriteQueuePacket: write WriteReq [38c0:38c7] type=MemWrite UC
 799000: board.cache_hierarchy.l2-cache-0: access for WriteReq [38c0:38c7] type=MemWrite UC
 799000: board.cache_hierarchy.l1d-cache-0: Unblocking for cause 1, mask=0
 799000: board.processor.cores.core.workload: Translating: 0x13920->0x3920
 799001: board.cache_hierarchy.l1d-cache-0: sendWriteQueuePacket: write WriteReq [38c8:38cf] type=MemWrite UC
 799001: board.cache_hierarchy.l1d-cache-0: access for WriteReq [3900:3907] type=MemWrite UC
 799001: board.cache_hierarchy.l1d-cache-0: Blocking for cause 1, mask=2
 800000: board.cache_hierarchy.l2-cache-0: sendWriteQueuePacket: write WriteReq [3898:389f] type=MemWrite UC
 800000: board.cache_hierarchy.l2-cache-0: sendWriteQueuePacket: write WriteReq [3898:389f] type=MemWrite UC
 800000: board.processor.cores.core.workload: Translating: 0x13928->0x3928
 761000: board.processor.cores.core: 0x10990    : c_addi a4, 16              : 
 801000: board.cache_hierarchy.l1d-cache-0: recvTimingResp: Handling response WriteResp [3840:3847] type=MemWrite UC
 801000: board.cache_hierarchy.l1d-cache-0: sendWriteQueuePacket: write WriteReq [38c8:38cf] type=MemWrite UC
 801000: board.cache_hierarchy.l2-cache-0: access for WriteReq [38c8:38cf] type=MemWrite UC
 801000: board.cache_hierarchy.l1d-cache-0: Unblocking for cause 1, mask=0
 801000: board.cache_hierarchy.l2-cache-0: recvTimingResp: Handling response WriteResp [3848:384f] type=MemWrite UC
 761000: board.processor.cores.core: 0x10992    : bltu a4, a3, -6            : 
 762000: board.processor.cores.core: 0x1098c    : c_sd a1, 0(a4)             : 
 801001: board.cache_hierarchy.l1d-cache-0: sendWriteQueuePacket: write WriteReq [38d0:38d7] type=MemWrite UC
 801001: board.cache_hierarchy.l1d-cache-0: access for WriteReq [3908:390f] type=MemWrite UC
 801001: board.cache_hierarchy.l1d-cache-0: Blocking for cause 1, mask=2
 802000: board.cache_hierarchy.l2-cache-0: sendWriteQueuePacket: write WriteReq [38a0:38a7] type=MemWrite UC
 802000: board.cache_hierarchy.l2-cache-0: sendWriteQueuePacket: write WriteReq [38a0:38a7] type=MemWrite UC
 762000: board.processor.cores.core: 0x1098e    : c_sd a1, 8(a4)             : 
 803000: board.cache_hierarchy.l1d-cache-0: recvTimingResp: Handling response WriteResp [3848:384f] type=MemWrite UC
 803000: board.cache_hierarchy.l2-cache-0: recvTimingResp: Handling response WriteResp [3850:3857] type=MemWrite UC
 803000: board.cache_hierarchy.l1d-cache-0: sendWriteQueuePacket: write WriteReq [38d0:38d7] type=MemWrite UC
 803000: board.cache_hierarchy.l2-cache-0: access for WriteReq [38d0:38d7] type=MemWrite UC
 803000: board.cache_hierarchy.l1d-cache-0: Unblocking for cause 1, mask=0
 803000: board.processor.cores.core.workload: Translating: 0x13930->0x3930
 803001: board.cache_hierarchy.l1d-cache-0: sendWriteQueuePacket: write WriteReq [38d8:38df] type=MemWrite UC
 803001: board.cache_hierarchy.l1d-cache-0: access for WriteReq [3910:3917] type=MemWrite UC
 803001: board.cache_hierarchy.l1d-cache-0: Blocking for cause 1, mask=2
 804000: board.cache_hierarchy.l2-cache-0: sendWriteQueuePacket: write WriteReq [38a8:38af] type=MemWrite UC
 804000: board.cache_hierarchy.l2-cache-0: sendWriteQueuePacket: write WriteReq [38a8:38af] type=MemWrite UC
 804000: board.processor.cores.core.workload: Translating: 0x13938->0x3938
 765000: board.processor.cores.core: 0x10990    : c_addi a4, 16              : 
 805000: board.cache_hierarchy.l1d-cache-0: recvTimingResp: Handling response WriteResp [3850:3857] type=MemWrite UC
 805000: board.cache_hierarchy.l1d-cache-0: sendWriteQueuePacket: write WriteReq [38d8:38df] type=MemWrite UC
 805000: board.cache_hierarchy.l2-cache-0: access for WriteReq [38d8:38df] type=MemWrite UC
 805000: board.cache_hierarchy.l1d-cache-0: Unblocking for cause 1, mask=0
 805000: board.cache_hierarchy.l2-cache-0: recvTimingResp: Handling response WriteResp [3858:385f] type=MemWrite UC
 765000: board.processor.cores.core: 0x10992    : bltu a4, a3, -6            : 
 766000: board.processor.cores.core: 0x1098c    : c_sd a1, 0(a4)             : 
 805001: board.cache_hierarchy.l1d-cache-0: sendWriteQueuePacket: write WriteReq [38e0:38e7] type=MemWrite UC
 805001: board.cache_hierarchy.l1d-cache-0: access for WriteReq [3918:391f] type=MemWrite UC
 805001: board.cache_hierarchy.l1d-cache-0: Blocking for cause 1, mask=2
 806000: board.cache_hierarchy.l2-cache-0: sendWriteQueuePacket: write WriteReq [38b0:38b7] type=MemWrite UC
 806000: board.cache_hierarchy.l2-cache-0: sendWriteQueuePacket: write WriteReq [38b0:38b7] type=MemWrite UC
 766000: board.processor.cores.core: 0x1098e    : c_sd a1, 8(a4)             : 
 807000: board.cache_hierarchy.l1d-cache-0: recvTimingResp: Handling response WriteResp [3858:385f] type=MemWrite UC
 807000: board.cache_hierarchy.l2-cache-0: recvTimingResp: Handling response WriteResp [3860:3867] type=MemWrite UC
 807000: board.cache_hierarchy.l1d-cache-0: sendWriteQueuePacket: write WriteReq [38e0:38e7] type=MemWrite UC
 807000: board.cache_hierarchy.l2-cache-0: access for WriteReq [38e0:38e7] type=MemWrite UC
 807000: board.cache_hierarchy.l1d-cache-0: Unblocking for cause 1, mask=0
 807000: board.processor.cores.core.workload: Translating: 0x13940->0x3940
 807001: board.cache_hierarchy.l1d-cache-0: sendWriteQueuePacket: write WriteReq [38e8:38ef] type=MemWrite UC
 807001: board.cache_hierarchy.l1d-cache-0: access for WriteReq [3920:3927] type=MemWrite UC
 807001: board.cache_hierarchy.l1d-cache-0: Blocking for cause 1, mask=2
 808000: board.cache_hierarchy.l2-cache-0: sendWriteQueuePacket: write WriteReq [38b8:38bf] type=MemWrite UC
 808000: board.cache_hierarchy.l2-cache-0: sendWriteQueuePacket: write WriteReq [38b8:38bf] type=MemWrite UC
 808000: board.processor.cores.core.workload: Translating: 0x13948->0x3948
 769000: board.processor.cores.core: 0x10990    : c_addi a4, 16              : 
 809000: board.cache_hierarchy.l1d-cache-0: recvTimingResp: Handling response WriteResp [3860:3867] type=MemWrite UC
 809000: board.cache_hierarchy.l1d-cache-0: sendWriteQueuePacket: write WriteReq [38e8:38ef] type=MemWrite UC
 809000: board.cache_hierarchy.l2-cache-0: access for WriteReq [38e8:38ef] type=MemWrite UC
 809000: board.cache_hierarchy.l1d-cache-0: Unblocking for cause 1, mask=0
 809000: board.cache_hierarchy.l2-cache-0: recvTimingResp: Handling response WriteResp [3868:386f] type=MemWrite UC
 769000: board.processor.cores.core: 0x10992    : bltu a4, a3, -6            : 
 770000: board.processor.cores.core: 0x1098c    : c_sd a1, 0(a4)             : 
 809001: board.cache_hierarchy.l1d-cache-0: sendWriteQueuePacket: write WriteReq [38f0:38f7] type=MemWrite UC
 809001: board.cache_hierarchy.l1d-cache-0: access for WriteReq [3928:392f] type=MemWrite UC
 809001: board.cache_hierarchy.l1d-cache-0: Blocking for cause 1, mask=2
 810000: board.cache_hierarchy.l2-cache-0: sendWriteQueuePacket: write WriteReq [38c0:38c7] type=MemWrite UC
 810000: board.cache_hierarchy.l2-cache-0: sendWriteQueuePacket: write WriteReq [38c0:38c7] type=MemWrite UC
 770000: board.processor.cores.core: 0x1098e    : c_sd a1, 8(a4)             : 
 811000: board.cache_hierarchy.l1d-cache-0: recvTimingResp: Handling response WriteResp [3868:386f] type=MemWrite UC
 811000: board.cache_hierarchy.l2-cache-0: recvTimingResp: Handling response WriteResp [3870:3877] type=MemWrite UC
 811000: board.cache_hierarchy.l1d-cache-0: sendWriteQueuePacket: write WriteReq [38f0:38f7] type=MemWrite UC
 811000: board.cache_hierarchy.l2-cache-0: access for WriteReq [38f0:38f7] type=MemWrite UC
 811000: board.cache_hierarchy.l1d-cache-0: Unblocking for cause 1, mask=0
 811000: board.processor.cores.core.workload: Translating: 0x13950->0x3950
 811001: board.cache_hierarchy.l1d-cache-0: sendWriteQueuePacket: write WriteReq [38f8:38ff] type=MemWrite UC
 811001: board.cache_hierarchy.l1d-cache-0: access for WriteReq [3930:3937] type=MemWrite UC
 811001: board.cache_hierarchy.l1d-cache-0: Blocking for cause 1, mask=2
 812000: board.cache_hierarchy.l2-cache-0: sendWriteQueuePacket: write WriteReq [38c8:38cf] type=MemWrite UC
 812000: board.cache_hierarchy.l2-cache-0: sendWriteQueuePacket: write WriteReq [38c8:38cf] type=MemWrite UC
 812000: board.processor.cores.core.workload: Translating: 0x13958->0x3958
 773000: board.processor.cores.core: 0x10990    : c_addi a4, 16              : 
 813000: board.cache_hierarchy.l1d-cache-0: recvTimingResp: Handling response WriteResp [3870:3877] type=MemWrite UC
 813000: board.cache_hierarchy.l1d-cache-0: sendWriteQueuePacket: write WriteReq [38f8:38ff] type=MemWrite UC
 813000: board.cache_hierarchy.l2-cache-0: access for WriteReq [38f8:38ff] type=MemWrite UC
 813000: board.cache_hierarchy.l1d-cache-0: Unblocking for cause 1, mask=0
 813000: board.cache_hierarchy.l2-cache-0: recvTimingResp: Handling response WriteResp [3878:387f] type=MemWrite UC
 773000: board.processor.cores.core: 0x10992    : bltu a4, a3, -6            : 
 774000: board.processor.cores.core: 0x1098c    : c_sd a1, 0(a4)             : 
 813001: board.cache_hierarchy.l1d-cache-0: sendWriteQueuePacket: write WriteReq [3900:3907] type=MemWrite UC
 813001: board.cache_hierarchy.l1d-cache-0: access for WriteReq [3938:393f] type=MemWrite UC
 813001: board.cache_hierarchy.l1d-cache-0: Blocking for cause 1, mask=2
 814000: board.cache_hierarchy.l2-cache-0: sendWriteQueuePacket: write WriteReq [38d0:38d7] type=MemWrite UC
 814000: board.cache_hierarchy.l2-cache-0: sendWriteQueuePacket: write WriteReq [38d0:38d7] type=MemWrite UC
 774000: board.processor.cores.core: 0x1098e    : c_sd a1, 8(a4)             : 
 815000: board.cache_hierarchy.l1d-cache-0: recvTimingResp: Handling response WriteResp [3878:387f] type=MemWrite UC
 815000: board.cache_hierarchy.l2-cache-0: recvTimingResp: Handling response WriteResp [3880:3887] type=MemWrite UC
 815000: board.cache_hierarchy.l1d-cache-0: sendWriteQueuePacket: write WriteReq [3900:3907] type=MemWrite UC
 815000: board.cache_hierarchy.l2-cache-0: access for WriteReq [3900:3907] type=MemWrite UC
 815000: board.cache_hierarchy.l1d-cache-0: Unblocking for cause 1, mask=0
 815000: board.processor.cores.core.workload: Translating: 0x13960->0x3960
 815001: board.cache_hierarchy.l1d-cache-0: sendWriteQueuePacket: write WriteReq [3908:390f] type=MemWrite UC
 815001: board.cache_hierarchy.l1d-cache-0: access for WriteReq [3940:3947] type=MemWrite UC
 815001: board.cache_hierarchy.l1d-cache-0: Blocking for cause 1, mask=2
 816000: board.cache_hierarchy.l2-cache-0: sendWriteQueuePacket: write WriteReq [38d8:38df] type=MemWrite UC
 816000: board.cache_hierarchy.l2-cache-0: sendWriteQueuePacket: write WriteReq [38d8:38df] type=MemWrite UC
 816000: board.processor.cores.core.workload: Translating: 0x13968->0x3968
 777000: board.processor.cores.core: 0x10990    : c_addi a4, 16              : 
 817000: board.cache_hierarchy.l1d-cache-0: recvTimingResp: Handling response WriteResp [3880:3887] type=MemWrite UC
 817000: board.cache_hierarchy.l1d-cache-0: sendWriteQueuePacket: write WriteReq [3908:390f] type=MemWrite UC
 817000: board.cache_hierarchy.l2-cache-0: access for WriteReq [3908:390f] type=MemWrite UC
 817000: board.cache_hierarchy.l1d-cache-0: Unblocking for cause 1, mask=0
 817000: board.cache_hierarchy.l2-cache-0: recvTimingResp: Handling response WriteResp [3888:388f] type=MemWrite UC
 777000: board.processor.cores.core: 0x10992    : bltu a4, a3, -6            : 
 778000: board.processor.cores.core: 0x1098c    : c_sd a1, 0(a4)             : 
 817001: board.cache_hierarchy.l1d-cache-0: sendWriteQueuePacket: write WriteReq [3910:3917] type=MemWrite UC
 817001: board.cache_hierarchy.l1d-cache-0: access for WriteReq [3948:394f] type=MemWrite UC
 817001: board.cache_hierarchy.l1d-cache-0: Blocking for cause 1, mask=2
 818000: board.cache_hierarchy.l2-cache-0: sendWriteQueuePacket: write WriteReq [38e0:38e7] type=MemWrite UC
 818000: board.cache_hierarchy.l2-cache-0: sendWriteQueuePacket: write WriteReq [38e0:38e7] type=MemWrite UC
 778000: board.processor.cores.core: 0x1098e    : c_sd a1, 8(a4)             : 
 819000: board.cache_hierarchy.l1d-cache-0: recvTimingResp: Handling response WriteResp [3888:388f] type=MemWrite UC
 819000: board.cache_hierarchy.l2-cache-0: recvTimingResp: Handling response WriteResp [3890:3897] type=MemWrite UC
 819000: board.cache_hierarchy.l1d-cache-0: sendWriteQueuePacket: write WriteReq [3910:3917] type=MemWrite UC
 819000: board.cache_hierarchy.l2-cache-0: access for WriteReq [3910:3917] type=MemWrite UC
 819000: board.cache_hierarchy.l1d-cache-0: Unblocking for cause 1, mask=0
 819000: board.processor.cores.core.workload: Translating: 0x13970->0x3970
 819001: board.cache_hierarchy.l1d-cache-0: sendWriteQueuePacket: write WriteReq [3918:391f] type=MemWrite UC
 819001: board.cache_hierarchy.l1d-cache-0: access for WriteReq [3950:3957] type=MemWrite UC
 819001: board.cache_hierarchy.l1d-cache-0: Blocking for cause 1, mask=2
 820000: board.cache_hierarchy.l2-cache-0: sendWriteQueuePacket: write WriteReq [38e8:38ef] type=MemWrite UC
 820000: board.cache_hierarchy.l2-cache-0: sendWriteQueuePacket: write WriteReq [38e8:38ef] type=MemWrite UC
 820000: board.processor.cores.core.workload: Translating: 0x13978->0x3978
 781000: board.processor.cores.core: 0x10990    : c_addi a4, 16              : 
 821000: board.cache_hierarchy.l1d-cache-0: recvTimingResp: Handling response WriteResp [3890:3897] type=MemWrite UC
 821000: board.cache_hierarchy.l1d-cache-0: sendWriteQueuePacket: write WriteReq [3918:391f] type=MemWrite UC
 821000: board.cache_hierarchy.l2-cache-0: access for WriteReq [3918:391f] type=MemWrite UC
 821000: board.cache_hierarchy.l1d-cache-0: Unblocking for cause 1, mask=0
 821000: board.cache_hierarchy.l2-cache-0: recvTimingResp: Handling response WriteResp [3898:389f] type=MemWrite UC
 781000: board.processor.cores.core: 0x10992    : bltu a4, a3, -6            : 
 782000: board.processor.cores.core: 0x1098c    : c_sd a1, 0(a4)             : 
 821001: board.cache_hierarchy.l1d-cache-0: sendWriteQueuePacket: write WriteReq [3920:3927] type=MemWrite UC
 821001: board.cache_hierarchy.l1d-cache-0: access for WriteReq [3958:395f] type=MemWrite UC
 821001: board.cache_hierarchy.l1d-cache-0: Blocking for cause 1, mask=2
 822000: board.cache_hierarchy.l2-cache-0: sendWriteQueuePacket: write WriteReq [38f0:38f7] type=MemWrite UC
 822000: board.cache_hierarchy.l2-cache-0: sendWriteQueuePacket: write WriteReq [38f0:38f7] type=MemWrite UC
 782000: board.processor.cores.core: 0x1098e    : c_sd a1, 8(a4)             : 
 823000: board.cache_hierarchy.l1d-cache-0: recvTimingResp: Handling response WriteResp [3898:389f] type=MemWrite UC
 823000: board.cache_hierarchy.l2-cache-0: recvTimingResp: Handling response WriteResp [38a0:38a7] type=MemWrite UC
 823000: board.cache_hierarchy.l1d-cache-0: sendWriteQueuePacket: write WriteReq [3920:3927] type=MemWrite UC
 823000: board.cache_hierarchy.l2-cache-0: access for WriteReq [3920:3927] type=MemWrite UC
 823000: board.cache_hierarchy.l1d-cache-0: Unblocking for cause 1, mask=0
 823000: board.processor.cores.core.workload: Translating: 0x13980->0x3980
 823001: board.cache_hierarchy.l1d-cache-0: sendWriteQueuePacket: write WriteReq [3928:392f] type=MemWrite UC
 823001: board.cache_hierarchy.l1d-cache-0: access for WriteReq [3960:3967] type=MemWrite UC
 823001: board.cache_hierarchy.l1d-cache-0: Blocking for cause 1, mask=2
 824000: board.cache_hierarchy.l2-cache-0: sendWriteQueuePacket: write WriteReq [38f8:38ff] type=MemWrite UC
 824000: board.cache_hierarchy.l2-cache-0: sendWriteQueuePacket: write WriteReq [38f8:38ff] type=MemWrite UC
 824000: board.processor.cores.core.workload: Translating: 0x13988->0x3988
 785000: board.processor.cores.core: 0x10990    : c_addi a4, 16              : 
 825000: board.cache_hierarchy.l1d-cache-0: recvTimingResp: Handling response WriteResp [38a0:38a7] type=MemWrite UC
 825000: board.cache_hierarchy.l1d-cache-0: sendWriteQueuePacket: write WriteReq [3928:392f] type=MemWrite UC
 825000: board.cache_hierarchy.l2-cache-0: access for WriteReq [3928:392f] type=MemWrite UC
 825000: board.cache_hierarchy.l1d-cache-0: Unblocking for cause 1, mask=0
 825000: board.cache_hierarchy.l2-cache-0: recvTimingResp: Handling response WriteResp [38a8:38af] type=MemWrite UC
 785000: board.processor.cores.core: 0x10992    : bltu a4, a3, -6            : 
 786000: board.processor.cores.core: 0x1098c    : c_sd a1, 0(a4)             : 
 825001: board.cache_hierarchy.l1d-cache-0: sendWriteQueuePacket: write WriteReq [3930:3937] type=MemWrite UC
 825001: board.cache_hierarchy.l1d-cache-0: access for WriteReq [3968:396f] type=MemWrite UC
 825001: board.cache_hierarchy.l1d-cache-0: Blocking for cause 1, mask=2
 826000: board.cache_hierarchy.l2-cache-0: sendWriteQueuePacket: write WriteReq [3900:3907] type=MemWrite UC
 826000: board.cache_hierarchy.l2-cache-0: sendWriteQueuePacket: write WriteReq [3900:3907] type=MemWrite UC
 786000: board.processor.cores.core: 0x1098e    : c_sd a1, 8(a4)             : 
 827000: board.cache_hierarchy.l1d-cache-0: recvTimingResp: Handling response WriteResp [38a8:38af] type=MemWrite UC
 827000: board.cache_hierarchy.l2-cache-0: recvTimingResp: Handling response WriteResp [38b0:38b7] type=MemWrite UC
 827000: board.cache_hierarchy.l1d-cache-0: sendWriteQueuePacket: write WriteReq [3930:3937] type=MemWrite UC
 827000: board.cache_hierarchy.l2-cache-0: access for WriteReq [3930:3937] type=MemWrite UC
 827000: board.cache_hierarchy.l1d-cache-0: Unblocking for cause 1, mask=0
 827000: board.processor.cores.core.workload: Translating: 0x13990->0x3990
 827001: board.cache_hierarchy.l1d-cache-0: sendWriteQueuePacket: write WriteReq [3938:393f] type=MemWrite UC
 827001: board.cache_hierarchy.l1d-cache-0: access for WriteReq [3970:3977] type=MemWrite UC
 827001: board.cache_hierarchy.l1d-cache-0: Blocking for cause 1, mask=2
 828000: board.cache_hierarchy.l2-cache-0: sendWriteQueuePacket: write WriteReq [3908:390f] type=MemWrite UC
 828000: board.cache_hierarchy.l2-cache-0: sendWriteQueuePacket: write WriteReq [3908:390f] type=MemWrite UC
 828000: board.processor.cores.core.workload: Translating: 0x13998->0x3998
 789000: board.processor.cores.core: 0x10990    : c_addi a4, 16              : 
 829000: board.cache_hierarchy.l1d-cache-0: recvTimingResp: Handling response WriteResp [38b0:38b7] type=MemWrite UC
 829000: board.cache_hierarchy.l1d-cache-0: sendWriteQueuePacket: write WriteReq [3938:393f] type=MemWrite UC
 829000: board.cache_hierarchy.l2-cache-0: access for WriteReq [3938:393f] type=MemWrite UC
 829000: board.cache_hierarchy.l1d-cache-0: Unblocking for cause 1, mask=0
 829000: board.cache_hierarchy.l2-cache-0: recvTimingResp: Handling response WriteResp [38b8:38bf] type=MemWrite UC
 789000: board.processor.cores.core: 0x10992    : bltu a4, a3, -6            : 
 790000: board.processor.cores.core: 0x1098c    : c_sd a1, 0(a4)             : 
 829001: board.cache_hierarchy.l1d-cache-0: sendWriteQueuePacket: write WriteReq [3940:3947] type=MemWrite UC
 829001: board.cache_hierarchy.l1d-cache-0: access for WriteReq [3978:397f] type=MemWrite UC
 829001: board.cache_hierarchy.l1d-cache-0: Blocking for cause 1, mask=2
 830000: board.cache_hierarchy.l2-cache-0: sendWriteQueuePacket: write WriteReq [3910:3917] type=MemWrite UC
 830000: board.cache_hierarchy.l2-cache-0: sendWriteQueuePacket: write WriteReq [3910:3917] type=MemWrite UC
 790000: board.processor.cores.core: 0x1098e    : c_sd a1, 8(a4)             : 
 831000: board.cache_hierarchy.l1d-cache-0: recvTimingResp: Handling response WriteResp [38b8:38bf] type=MemWrite UC
 831000: board.cache_hierarchy.l2-cache-0: recvTimingResp: Handling response WriteResp [38c0:38c7] type=MemWrite UC
 831000: board.cache_hierarchy.l1d-cache-0: sendWriteQueuePacket: write WriteReq [3940:3947] type=MemWrite UC
 831000: board.cache_hierarchy.l2-cache-0: access for WriteReq [3940:3947] type=MemWrite UC
 831000: board.cache_hierarchy.l1d-cache-0: Unblocking for cause 1, mask=0
 831000: board.processor.cores.core.workload: Translating: 0x139a0->0x39a0
 831001: board.cache_hierarchy.l1d-cache-0: sendWriteQueuePacket: write WriteReq [3948:394f] type=MemWrite UC
 831001: board.cache_hierarchy.l1d-cache-0: access for WriteReq [3980:3987] type=MemWrite UC
 831001: board.cache_hierarchy.l1d-cache-0: Blocking for cause 1, mask=2
 832000: board.cache_hierarchy.l2-cache-0: sendWriteQueuePacket: write WriteReq [3918:391f] type=MemWrite UC
 832000: board.cache_hierarchy.l2-cache-0: sendWriteQueuePacket: write WriteReq [3918:391f] type=MemWrite UC
 832000: board.processor.cores.core.workload: Translating: 0x139a8->0x39a8
 793000: board.processor.cores.core: 0x10990    : c_addi a4, 16              : 
 833000: board.cache_hierarchy.l1d-cache-0: recvTimingResp: Handling response WriteResp [38c0:38c7] type=MemWrite UC
 833000: board.cache_hierarchy.l1d-cache-0: sendWriteQueuePacket: write WriteReq [3948:394f] type=MemWrite UC
 833000: board.cache_hierarchy.l2-cache-0: access for WriteReq [3948:394f] type=MemWrite UC
 833000: board.cache_hierarchy.l1d-cache-0: Unblocking for cause 1, mask=0
 833000: board.cache_hierarchy.l2-cache-0: recvTimingResp: Handling response WriteResp [38c8:38cf] type=MemWrite UC
 793000: board.processor.cores.core: 0x10992    : bltu a4, a3, -6            : 
 794000: board.processor.cores.core: 0x1098c    : c_sd a1, 0(a4)             : 
 833001: board.cache_hierarchy.l1d-cache-0: sendWriteQueuePacket: write WriteReq [3950:3957] type=MemWrite UC
 833001: board.cache_hierarchy.l1d-cache-0: access for WriteReq [3988:398f] type=MemWrite UC
 833001: board.cache_hierarchy.l1d-cache-0: Blocking for cause 1, mask=2
 834000: board.cache_hierarchy.l2-cache-0: sendWriteQueuePacket: write WriteReq [3920:3927] type=MemWrite UC
 834000: board.cache_hierarchy.l2-cache-0: sendWriteQueuePacket: write WriteReq [3920:3927] type=MemWrite UC
 794000: board.processor.cores.core: 0x1098e    : c_sd a1, 8(a4)             : 
 835000: board.cache_hierarchy.l1d-cache-0: recvTimingResp: Handling response WriteResp [38c8:38cf] type=MemWrite UC
 835000: board.cache_hierarchy.l2-cache-0: recvTimingResp: Handling response WriteResp [38d0:38d7] type=MemWrite UC
 835000: board.cache_hierarchy.l1d-cache-0: sendWriteQueuePacket: write WriteReq [3950:3957] type=MemWrite UC
 835000: board.cache_hierarchy.l2-cache-0: access for WriteReq [3950:3957] type=MemWrite UC
 835000: board.cache_hierarchy.l1d-cache-0: Unblocking for cause 1, mask=0
 835000: board.processor.cores.core.workload: Translating: 0x139b0->0x39b0
 835001: board.cache_hierarchy.l1d-cache-0: sendWriteQueuePacket: write WriteReq [3958:395f] type=MemWrite UC
 835001: board.cache_hierarchy.l1d-cache-0: access for WriteReq [3990:3997] type=MemWrite UC
 835001: board.cache_hierarchy.l1d-cache-0: Blocking for cause 1, mask=2
 836000: board.cache_hierarchy.l2-cache-0: sendWriteQueuePacket: write WriteReq [3928:392f] type=MemWrite UC
 836000: board.cache_hierarchy.l2-cache-0: sendWriteQueuePacket: write WriteReq [3928:392f] type=MemWrite UC
 836000: board.processor.cores.core.workload: Translating: 0x139b8->0x39b8
 797000: board.processor.cores.core: 0x10990    : c_addi a4, 16              : 
 837000: board.cache_hierarchy.l1d-cache-0: recvTimingResp: Handling response WriteResp [38d0:38d7] type=MemWrite UC
 837000: board.cache_hierarchy.l1d-cache-0: sendWriteQueuePacket: write WriteReq [3958:395f] type=MemWrite UC
 837000: board.cache_hierarchy.l2-cache-0: access for WriteReq [3958:395f] type=MemWrite UC
 837000: board.cache_hierarchy.l1d-cache-0: Unblocking for cause 1, mask=0
 837000: board.cache_hierarchy.l2-cache-0: recvTimingResp: Handling response WriteResp [38d8:38df] type=MemWrite UC
 797000: board.processor.cores.core: 0x10992    : bltu a4, a3, -6            : 
 798000: board.processor.cores.core: 0x1098c    : c_sd a1, 0(a4)             : 
 837001: board.cache_hierarchy.l1d-cache-0: sendWriteQueuePacket: write WriteReq [3960:3967] type=MemWrite UC
 837001: board.cache_hierarchy.l1d-cache-0: access for WriteReq [3998:399f] type=MemWrite UC
 837001: board.cache_hierarchy.l1d-cache-0: Blocking for cause 1, mask=2
 838000: board.cache_hierarchy.l2-cache-0: sendWriteQueuePacket: write WriteReq [3930:3937] type=MemWrite UC
 838000: board.cache_hierarchy.l2-cache-0: sendWriteQueuePacket: write WriteReq [3930:3937] type=MemWrite UC
 798000: board.processor.cores.core: 0x1098e    : c_sd a1, 8(a4)             : 
 839000: board.cache_hierarchy.l1d-cache-0: recvTimingResp: Handling response WriteResp [38d8:38df] type=MemWrite UC
 839000: board.cache_hierarchy.l2-cache-0: recvTimingResp: Handling response WriteResp [38e0:38e7] type=MemWrite UC
 839000: board.cache_hierarchy.l1d-cache-0: sendWriteQueuePacket: write WriteReq [3960:3967] type=MemWrite UC
 839000: board.cache_hierarchy.l2-cache-0: access for WriteReq [3960:3967] type=MemWrite UC
 839000: board.cache_hierarchy.l1d-cache-0: Unblocking for cause 1, mask=0
 839000: board.processor.cores.core.workload: Translating: 0x139c0->0x39c0
 839001: board.cache_hierarchy.l1d-cache-0: sendWriteQueuePacket: write WriteReq [3968:396f] type=MemWrite UC
 839001: board.cache_hierarchy.l1d-cache-0: access for WriteReq [39a0:39a7] type=MemWrite UC
 839001: board.cache_hierarchy.l1d-cache-0: Blocking for cause 1, mask=2
 840000: board.cache_hierarchy.l2-cache-0: sendWriteQueuePacket: write WriteReq [3938:393f] type=MemWrite UC
 840000: board.cache_hierarchy.l2-cache-0: sendWriteQueuePacket: write WriteReq [3938:393f] type=MemWrite UC
 840000: board.processor.cores.core.workload: Translating: 0x139c8->0x39c8
 841000: board.cache_hierarchy.l1d-cache-0: recvTimingResp: Handling response WriteResp [38e0:38e7] type=MemWrite UC
 841000: board.cache_hierarchy.l1d-cache-0: sendWriteQueuePacket: write WriteReq [3968:396f] type=MemWrite UC
 841000: board.cache_hierarchy.l2-cache-0: access for WriteReq [3968:396f] type=MemWrite UC
 841000: board.cache_hierarchy.l1d-cache-0: Unblocking for cause 1, mask=0
 841000: board.cache_hierarchy.l2-cache-0: recvTimingResp: Handling response WriteResp [38e8:38ef] type=MemWrite UC
 801000: board.processor.cores.core: 0x10990    : c_addi a4, 16              : 
 801000: board.processor.cores.core: 0x10992    : bltu a4, a3, -6            : 
 841001: board.cache_hierarchy.l1d-cache-0: sendWriteQueuePacket: write WriteReq [3970:3977] type=MemWrite UC
 841001: board.cache_hierarchy.l1d-cache-0: access for WriteReq [39a8:39af] type=MemWrite UC
 841001: board.cache_hierarchy.l1d-cache-0: Blocking for cause 1, mask=2
 842000: board.cache_hierarchy.l2-cache-0: sendWriteQueuePacket: write WriteReq [3940:3947] type=MemWrite UC
 842000: board.cache_hierarchy.l2-cache-0: sendWriteQueuePacket: write WriteReq [3940:3947] type=MemWrite UC
 842000: board.processor.cores.core.workload: Translating: 0x10140->0x140
 842000: board.cache_hierarchy.l1i-cache-0: access for ReadReq [140:17f] IF hit state: 6 (E) writable: 1 readable: 1 dirty: 0 prefetched: 0 | tag: 0 secure: 0 valid: 1 | set: 0x5 way: 0
 843000: board.cache_hierarchy.l1d-cache-0: recvTimingResp: Handling response WriteResp [38e8:38ef] type=MemWrite UC
 843000: board.cache_hierarchy.l2-cache-0: recvTimingResp: Handling response WriteResp [38f0:38f7] type=MemWrite UC
 843000: board.cache_hierarchy.l1d-cache-0: sendWriteQueuePacket: write WriteReq [3970:3977] type=MemWrite UC
 843000: board.cache_hierarchy.l2-cache-0: access for WriteReq [3970:3977] type=MemWrite UC
 843000: board.cache_hierarchy.l1d-cache-0: Unblocking for cause 1, mask=0
 843001: board.cache_hierarchy.l1d-cache-0: sendWriteQueuePacket: write WriteReq [3978:397f] type=MemWrite UC
 843001: board.cache_hierarchy.l1d-cache-0: access for WriteReq [39b0:39b7] type=MemWrite UC
 843001: board.cache_hierarchy.l1d-cache-0: Blocking for cause 1, mask=2
 844000: board.cache_hierarchy.l2-cache-0: sendWriteQueuePacket: write WriteReq [3948:394f] type=MemWrite UC
 844000: board.cache_hierarchy.l2-cache-0: sendWriteQueuePacket: write WriteReq [3948:394f] type=MemWrite UC
 845000: board.cache_hierarchy.l1d-cache-0: recvTimingResp: Handling response WriteResp [38f0:38f7] type=MemWrite UC
 845000: board.cache_hierarchy.l1d-cache-0: sendWriteQueuePacket: write WriteReq [3978:397f] type=MemWrite UC
 845000: board.cache_hierarchy.l2-cache-0: access for WriteReq [3978:397f] type=MemWrite UC
 845000: board.cache_hierarchy.l1d-cache-0: Unblocking for cause 1, mask=0
 845000: board.cache_hierarchy.l2-cache-0: recvTimingResp: Handling response WriteResp [38f8:38ff] type=MemWrite UC
 845000: board.processor.cores.core.workload: Translating: 0x10180->0x180
 845000: board.cache_hierarchy.l1i-cache-0: access for ReadReq [180:1bf] IF hit state: 6 (E) writable: 1 readable: 1 dirty: 0 prefetched: 0 | tag: 0 secure: 0 valid: 1 | set: 0x6 way: 0
 845001: board.cache_hierarchy.l1d-cache-0: sendWriteQueuePacket: write WriteReq [3980:3987] type=MemWrite UC
 845001: board.cache_hierarchy.l1d-cache-0: access for WriteReq [39b8:39bf] type=MemWrite UC
 845001: board.cache_hierarchy.l1d-cache-0: Blocking for cause 1, mask=2
 846000: board.cache_hierarchy.l2-cache-0: sendWriteQueuePacket: write WriteReq [3950:3957] type=MemWrite UC
 846000: board.cache_hierarchy.l2-cache-0: sendWriteQueuePacket: write WriteReq [3950:3957] type=MemWrite UC
 846000: board.processor.cores.core.workload: Translating: 0x10ac0->0xac0
 846000: board.cache_hierarchy.l1i-cache-0: access for ReadReq [ac0:aff] IF hit state: 6 (E) writable: 1 readable: 1 dirty: 0 prefetched: 0 | tag: 0 secure: 0 valid: 1 | set: 0x2b way: 0
 847000: board.cache_hierarchy.l1d-cache-0: recvTimingResp: Handling response WriteResp [38f8:38ff] type=MemWrite UC
 847000: board.cache_hierarchy.l2-cache-0: recvTimingResp: Handling response WriteResp [3900:3907] type=MemWrite UC
 847000: board.cache_hierarchy.l1d-cache-0: sendWriteQueuePacket: write WriteReq [3980:3987] type=MemWrite UC
 847000: board.cache_hierarchy.l2-cache-0: access for WriteReq [3980:3987] type=MemWrite UC
 847000: board.cache_hierarchy.l1d-cache-0: Unblocking for cause 1, mask=0
 847001: board.cache_hierarchy.l1d-cache-0: sendWriteQueuePacket: write WriteReq [3988:398f] type=MemWrite UC
 848000: board.cache_hierarchy.l2-cache-0: sendWriteQueuePacket: write WriteReq [3958:395f] type=MemWrite UC
 848000: board.cache_hierarchy.l2-cache-0: sendWriteQueuePacket: write WriteReq [3958:395f] type=MemWrite UC
 849000: board.cache_hierarchy.l1d-cache-0: recvTimingResp: Handling response WriteResp [3900:3907] type=MemWrite UC
 849000: board.cache_hierarchy.l1d-cache-0: sendWriteQueuePacket: write WriteReq [3988:398f] type=MemWrite UC
 849000: board.cache_hierarchy.l2-cache-0: access for WriteReq [3988:398f] type=MemWrite UC
 849000: board.cache_hierarchy.l2-cache-0: recvTimingResp: Handling response WriteResp [3908:390f] type=MemWrite UC
 849001: board.cache_hierarchy.l1d-cache-0: sendWriteQueuePacket: write WriteReq [3990:3997] type=MemWrite UC
 850000: board.cache_hierarchy.l2-cache-0: sendWriteQueuePacket: write WriteReq [3960:3967] type=MemWrite UC
 850000: board.cache_hierarchy.l2-cache-0: sendWriteQueuePacket: write WriteReq [3960:3967] type=MemWrite UC
 850000: board.processor.cores.core.workload: Translating: 0x10980->0x980
 850000: board.cache_hierarchy.l1i-cache-0: access for ReadReq [980:9bf] IF hit state: 6 (E) writable: 1 readable: 1 dirty: 0 prefetched: 0 | tag: 0 secure: 0 valid: 1 | set: 0x26 way: 0
 851000: board.cache_hierarchy.l1d-cache-0: recvTimingResp: Handling response WriteResp [3908:390f] type=MemWrite UC
 851000: board.cache_hierarchy.l2-cache-0: recvTimingResp: Handling response WriteResp [3910:3917] type=MemWrite UC
 851000: board.cache_hierarchy.l1d-cache-0: sendWriteQueuePacket: write WriteReq [3990:3997] type=MemWrite UC
 851000: board.cache_hierarchy.l2-cache-0: access for WriteReq [3990:3997] type=MemWrite UC
 842000: board.processor.cores.core: 0x10996    : c_bnez a2, 4               : 
 851001: board.cache_hierarchy.l1d-cache-0: sendWriteQueuePacket: write WriteReq [3998:399f] type=MemWrite UC
 852000: board.cache_hierarchy.l2-cache-0: sendWriteQueuePacket: write WriteReq [3968:396f] type=MemWrite UC
 852000: board.cache_hierarchy.l2-cache-0: sendWriteQueuePacket: write WriteReq [3968:396f] type=MemWrite UC
 853000: board.cache_hierarchy.l1d-cache-0: recvTimingResp: Handling response WriteResp [3910:3917] type=MemWrite UC
 853000: board.cache_hierarchy.l1d-cache-0: sendWriteQueuePacket: write WriteReq [3998:399f] type=MemWrite UC
 853000: board.cache_hierarchy.l2-cache-0: access for WriteReq [3998:399f] type=MemWrite UC
 853000: board.cache_hierarchy.l2-cache-0: recvTimingResp: Handling response WriteResp [3918:391f] type=MemWrite UC
 853001: board.cache_hierarchy.l1d-cache-0: sendWriteQueuePacket: write WriteReq [39a0:39a7] type=MemWrite UC
 854000: board.cache_hierarchy.l2-cache-0: sendWriteQueuePacket: write WriteReq [3970:3977] type=MemWrite UC
 854000: board.cache_hierarchy.l2-cache-0: sendWriteQueuePacket: write WriteReq [3970:3977] type=MemWrite UC
 855000: board.cache_hierarchy.l1d-cache-0: recvTimingResp: Handling response WriteResp [3918:391f] type=MemWrite UC
 855000: board.cache_hierarchy.l2-cache-0: recvTimingResp: Handling response WriteResp [3920:3927] type=MemWrite UC
 855000: board.cache_hierarchy.l1d-cache-0: sendWriteQueuePacket: write WriteReq [39a0:39a7] type=MemWrite UC
 855000: board.cache_hierarchy.l2-cache-0: access for WriteReq [39a0:39a7] type=MemWrite UC
 855001: board.cache_hierarchy.l1d-cache-0: sendWriteQueuePacket: write WriteReq [39a8:39af] type=MemWrite UC
 856000: board.cache_hierarchy.l2-cache-0: sendWriteQueuePacket: write WriteReq [3978:397f] type=MemWrite UC
 856000: board.cache_hierarchy.l2-cache-0: sendWriteQueuePacket: write WriteReq [3978:397f] type=MemWrite UC
 856000: board.processor.cores.core.workload: Translating: 0x109c0->0x9c0
 856000: board.cache_hierarchy.l1i-cache-0: access for ReadReq [9c0:9ff] IF hit state: 6 (E) writable: 1 readable: 1 dirty: 0 prefetched: 0 | tag: 0 secure: 0 valid: 1 | set: 0x27 way: 0
 857000: board.cache_hierarchy.l1d-cache-0: recvTimingResp: Handling response WriteResp [3920:3927] type=MemWrite UC
 857000: board.cache_hierarchy.l1d-cache-0: sendWriteQueuePacket: write WriteReq [39a8:39af] type=MemWrite UC
 857000: board.cache_hierarchy.l2-cache-0: access for WriteReq [39a8:39af] type=MemWrite UC
 857000: board.cache_hierarchy.l2-cache-0: recvTimingResp: Handling response WriteResp [3928:392f] type=MemWrite UC
 857001: board.cache_hierarchy.l1d-cache-0: sendWriteQueuePacket: write WriteReq [39b0:39b7] type=MemWrite UC
 858000: board.cache_hierarchy.l2-cache-0: sendWriteQueuePacket: write WriteReq [3980:3987] type=MemWrite UC
 858000: board.cache_hierarchy.l2-cache-0: sendWriteQueuePacket: write WriteReq [3980:3987] type=MemWrite UC
 859000: board.cache_hierarchy.l1d-cache-0: recvTimingResp: Handling response WriteResp [3928:392f] type=MemWrite UC
 859000: board.cache_hierarchy.l2-cache-0: recvTimingResp: Handling response WriteResp [3930:3937] type=MemWrite UC
 859000: board.cache_hierarchy.l1d-cache-0: sendWriteQueuePacket: write WriteReq [39b0:39b7] type=MemWrite UC
 859000: board.cache_hierarchy.l2-cache-0: access for WriteReq [39b0:39b7] type=MemWrite UC
 859001: board.cache_hierarchy.l1d-cache-0: sendWriteQueuePacket: write WriteReq [39b8:39bf] type=MemWrite UC
 860000: board.cache_hierarchy.l2-cache-0: sendWriteQueuePacket: write WriteReq [3988:398f] type=MemWrite UC
 860000: board.cache_hierarchy.l2-cache-0: sendWriteQueuePacket: write WriteReq [3988:398f] type=MemWrite UC
 851000: board.processor.cores.core: 0x1099a    : sub a3, t1, a2             : 
 861000: board.cache_hierarchy.l1d-cache-0: recvTimingResp: Handling response WriteResp [3930:3937] type=MemWrite UC
 861000: board.cache_hierarchy.l1d-cache-0: sendWriteQueuePacket: write WriteReq [39b8:39bf] type=MemWrite UC
 861000: board.cache_hierarchy.l2-cache-0: access for WriteReq [39b8:39bf] type=MemWrite UC
 861000: board.cache_hierarchy.l2-cache-0: recvTimingResp: Handling response WriteResp [3938:393f] type=MemWrite UC
 861000: board.processor.cores.core.workload: Translating: 0x139ce->0x39ce
 851000: board.processor.cores.core: 0x1099e    : c_slli a3, 2               : 
 852000: board.processor.cores.core: 0x109a0    : auipc t0, 0                : 
 862000: board.cache_hierarchy.l2-cache-0: sendWriteQueuePacket: write WriteReq [3990:3997] type=MemWrite UC
 862000: board.cache_hierarchy.l2-cache-0: sendWriteQueuePacket: write WriteReq [3990:3997] type=MemWrite UC
 862000: board.processor.cores.core.workload: Translating: 0x10140->0x140
 862000: board.cache_hierarchy.l1i-cache-0: access for ReadReq [140:17f] IF hit state: 6 (E) writable: 1 readable: 1 dirty: 0 prefetched: 0 | tag: 0 secure: 0 valid: 1 | set: 0x5 way: 0
 862000: board.processor.cores.core.workload: Translating: 0x139cd->0x39cd
 862000: board.processor.cores.core.workload: Translating: 0x139cc->0x39cc
 863000: board.cache_hierarchy.l1d-cache-0: recvTimingResp: Handling response WriteResp [3938:393f] type=MemWrite UC
 863000: board.cache_hierarchy.l2-cache-0: recvTimingResp: Handling response WriteResp [3940:3947] type=MemWrite UC
 864000: board.cache_hierarchy.l2-cache-0: sendWriteQueuePacket: write WriteReq [3998:399f] type=MemWrite UC
 864000: board.cache_hierarchy.l2-cache-0: sendWriteQueuePacket: write WriteReq [3998:399f] type=MemWrite UC
 864000: board.processor.cores.core.workload: Translating: 0x109c0->0x9c0
 864000: board.cache_hierarchy.l1i-cache-0: access for ReadReq [9c0:9ff] IF hit state: 6 (E) writable: 1 readable: 1 dirty: 0 prefetched: 0 | tag: 0 secure: 0 valid: 1 | set: 0x27 way: 0
 865000: board.cache_hierarchy.l1d-cache-0: recvTimingResp: Handling response WriteResp [3940:3947] type=MemWrite UC
 865000: board.cache_hierarchy.l2-cache-0: recvTimingResp: Handling response WriteResp [3948:394f] type=MemWrite UC
 852000: board.processor.cores.core: 0x109a4    : c_add a3, t0               : 
 853000: board.processor.cores.core: 0x109a6    : jalr zero, 10(a3)          : 
 866000: board.cache_hierarchy.l2-cache-0: sendWriteQueuePacket: write WriteReq [39a0:39a7] type=MemWrite UC
 866000: board.cache_hierarchy.l2-cache-0: sendWriteQueuePacket: write WriteReq [39a0:39a7] type=MemWrite UC
 867000: board.cache_hierarchy.l1d-cache-0: recvTimingResp: Handling response WriteResp [3948:394f] type=MemWrite UC
 867000: board.cache_hierarchy.l2-cache-0: recvTimingResp: Handling response WriteResp [3950:3957] type=MemWrite UC
 868000: board.cache_hierarchy.l2-cache-0: sendWriteQueuePacket: write WriteReq [39a8:39af] type=MemWrite UC
 868000: board.cache_hierarchy.l2-cache-0: sendWriteQueuePacket: write WriteReq [39a8:39af] type=MemWrite UC
 869000: board.cache_hierarchy.l1d-cache-0: recvTimingResp: Handling response WriteResp [3950:3957] type=MemWrite UC
 869000: board.cache_hierarchy.l2-cache-0: recvTimingResp: Handling response WriteResp [3958:395f] type=MemWrite UC
 869000: board.processor.cores.core.workload: Translating: 0x10140->0x140
 869000: board.cache_hierarchy.l1i-cache-0: access for ReadReq [140:17f] IF hit state: 6 (E) writable: 1 readable: 1 dirty: 0 prefetched: 0 | tag: 0 secure: 0 valid: 1 | set: 0x5 way: 0
 870000: board.cache_hierarchy.l2-cache-0: sendWriteQueuePacket: write WriteReq [39b0:39b7] type=MemWrite UC
 870000: board.cache_hierarchy.l2-cache-0: sendWriteQueuePacket: write WriteReq [39b0:39b7] type=MemWrite UC
 871000: board.cache_hierarchy.l1d-cache-0: recvTimingResp: Handling response WriteResp [3958:395f] type=MemWrite UC
 871000: board.cache_hierarchy.l2-cache-0: recvTimingResp: Handling response WriteResp [3960:3967] type=MemWrite UC
 872000: board.cache_hierarchy.l2-cache-0: sendWriteQueuePacket: write WriteReq [39b8:39bf] type=MemWrite UC
 872000: board.cache_hierarchy.l2-cache-0: sendWriteQueuePacket: write WriteReq [39b8:39bf] type=MemWrite UC
 872000: board.processor.cores.core.workload: Translating: 0x10180->0x180
 872000: board.cache_hierarchy.l1i-cache-0: access for ReadReq [180:1bf] IF hit state: 6 (E) writable: 1 readable: 1 dirty: 0 prefetched: 0 | tag: 0 secure: 0 valid: 1 | set: 0x6 way: 0
 872000: board.processor.cores.core.workload: Translating: 0x139c7->0x39c7
 872000: board.processor.cores.core.workload: Translating: 0x139c6->0x39c6
 873000: board.cache_hierarchy.l1d-cache-0: recvTimingResp: Handling response WriteResp [3960:3967] type=MemWrite UC
 873000: board.cache_hierarchy.l2-cache-0: recvTimingResp: Handling response WriteResp [3968:396f] type=MemWrite UC
 873000: board.processor.cores.core.workload: Translating: 0x10ac0->0xac0
 873000: board.cache_hierarchy.l1i-cache-0: access for ReadReq [ac0:aff] IF hit state: 6 (E) writable: 1 readable: 1 dirty: 0 prefetched: 0 | tag: 0 secure: 0 valid: 1 | set: 0x2b way: 0
 873000: board.processor.cores.core.workload: Translating: 0x139c5->0x39c5
 873000: board.processor.cores.core.workload: Translating: 0x139c4->0x39c4
 865000: board.processor.cores.core: 0x109c6    : sb a1, 7(a4)               : 
 865000: board.processor.cores.core: 0x109ca    : sb a1, 6(a4)               : 
 875000: board.cache_hierarchy.l1d-cache-0: recvTimingResp: Handling response WriteResp [3968:396f] type=MemWrite UC
 875000: board.cache_hierarchy.l2-cache-0: recvTimingResp: Handling response WriteResp [3970:3977] type=MemWrite UC
 875000: board.processor.cores.core.workload: Translating: 0x139c3->0x39c3
 875000: board.processor.cores.core.workload: Translating: 0x139c2->0x39c2
 866000: board.processor.cores.core: 0x109ce    : sb a1, 5(a4)               : 
 866000: board.processor.cores.core: 0x109d2    : sb a1, 4(a4)               : 
 876000: board.processor.cores.core.workload: Translating: 0x139c1->0x39c1
 876000: board.processor.cores.core.workload: Translating: 0x139c0->0x39c0
 876000: board.cache_hierarchy.l1d-cache-0: access for WriteReq [39c7:39c7] type=MemWrite UC
 876000: board.cache_hierarchy.l1d-cache-0: access for WriteReq [39c6:39c6] type=MemWrite UC
 877000: board.cache_hierarchy.l1d-cache-0: sendWriteQueuePacket: write WriteReq [39c7:39c7] type=MemWrite UC
 877000: board.cache_hierarchy.l2-cache-0: access for WriteReq [39c7:39c7] type=MemWrite UC
 877000: board.cache_hierarchy.l1d-cache-0: recvTimingResp: Handling response WriteResp [3970:3977] type=MemWrite UC
 877000: board.cache_hierarchy.l2-cache-0: recvTimingResp: Handling response WriteResp [3978:397f] type=MemWrite UC
 877000: board.processor.cores.core.workload: Translating: 0x10b00->0xb00
 877000: board.cache_hierarchy.l1i-cache-0: access for ReadReq [b00:b3f] IF miss
 877000: board.cache_hierarchy.l1d-cache-0: access for WriteReq [39c5:39c5] type=MemWrite UC
 877000: board.cache_hierarchy.l1d-cache-0: access for WriteReq [39c4:39c4] type=MemWrite UC
 867000: board.processor.cores.core: 0x109d6    : sb a1, 3(a4)               : 
 867000: board.processor.cores.core: 0x109da    : sb a1, 2(a4)               : 
 877001: board.cache_hierarchy.l1d-cache-0: sendWriteQueuePacket: write WriteReq [39c6:39c6] type=MemWrite UC
 878000: board.cache_hierarchy.l1i-cache-0: sendMSHRQueuePacket: MSHR ReadReq [b00:b3f] IF
 878000: board.cache_hierarchy.l1i-cache-0: createMissPacket: created ReadSharedReq [b00:b3f] IF from ReadReq [b00:b3f] IF
 868000: board.processor.cores.core: 0x109de    : sb a1, 1(a4)               : 
 868000: board.processor.cores.core: 0x109e2    : sb a1, 0(a4)               : 
 879000: board.cache_hierarchy.l1d-cache-0: recvTimingResp: Handling response WriteResp [3978:397f] type=MemWrite UC
 879000: board.cache_hierarchy.l2-cache-0: recvTimingResp: Handling response WriteResp [3980:3987] type=MemWrite UC
 879000: board.cache_hierarchy.l1d-cache-0: sendWriteQueuePacket: write WriteReq [39c6:39c6] type=MemWrite UC
 879000: board.cache_hierarchy.l2-cache-0: access for WriteReq [39c6:39c6] type=MemWrite UC
 879000: board.cache_hierarchy.l1d-cache-0: access for WriteReq [39c3:39c3] type=MemWrite UC
 879000: board.cache_hierarchy.l1d-cache-0: access for WriteReq [39c2:39c2] type=MemWrite UC
 869000: board.processor.cores.core: 0x109e6    : c_jr ra                    : 
 870000: board.processor.cores.core: 0x1016e    : auipc a0, 1                : 
 879001: board.cache_hierarchy.l1d-cache-0: sendWriteQueuePacket: write WriteReq [39c5:39c5] type=MemWrite UC
 880000: board.processor.cores.core.workload: Translating: 0x11780->0x1780
 880000: board.cache_hierarchy.l1i-cache-0: access for ReadReq [1780:17bf] IF miss
 880000: board.cache_hierarchy.l1d-cache-0: access for WriteReq [39c1:39c1] type=MemWrite UC
 880000: board.cache_hierarchy.l1d-cache-0: access for WriteReq [39c0:39c0] type=MemWrite UC
 870000: board.processor.cores.core: 0x10172    : addi a0, a0, -1662         : 
 881000: board.cache_hierarchy.l1d-cache-0: recvTimingResp: Handling response WriteResp [3980:3987] type=MemWrite UC
 881000: board.cache_hierarchy.l1i-cache-0: sendMSHRQueuePacket: MSHR ReadReq [b00:b3f] IF
 881000: board.cache_hierarchy.l1i-cache-0: createMissPacket: created ReadSharedReq [b00:b3f] IF from ReadReq [b00:b3f] IF
 881000: board.cache_hierarchy.l2-cache-0: access for ReadSharedReq [b00:b3f] IF miss
 881000: board.cache_hierarchy.l2-cache-0: recvTimingResp: Handling response WriteResp [3988:398f] type=MemWrite UC
 871000: board.processor.cores.core: 0x10176    : c_beqz a0, 14              : 
 871000: board.processor.cores.core: 0x10178    : auipc a0, 1                : 
 881001: board.cache_hierarchy.l1i-cache-0: sendMSHRQueuePacket: MSHR ReadReq [1780:17bf] IF
 881001: board.cache_hierarchy.l1i-cache-0: createMissPacket: created ReadSharedReq [1780:17bf] IF from ReadReq [1780:17bf] IF
 882000: board.cache_hierarchy.l1d-cache-0: sendWriteQueuePacket: write WriteReq [39c5:39c5] type=MemWrite UC
 882000: board.cache_hierarchy.l2-cache-0: access for WriteReq [39c5:39c5] type=MemWrite UC
 872000: board.processor.cores.core: 0x1017c    : addi a0, a0, 1554          : 
 873000: board.processor.cores.core: 0x10180    : jal ra, 2416               : 
 882001: board.cache_hierarchy.l1d-cache-0: sendWriteQueuePacket: write WriteReq [39c4:39c4] type=MemWrite UC
 883000: board.cache_hierarchy.l1d-cache-0: recvTimingResp: Handling response WriteResp [3988:398f] type=MemWrite UC
 883000: board.cache_hierarchy.l2-cache-0: recvTimingResp: Handling response WriteResp [3990:3997] type=MemWrite UC
 874000: board.processor.cores.core: 0x10af0    : c_mv a1, a0                : 
 874000: board.processor.cores.core: 0x10af2    : c_li a3, 0                 : 
 884000: board.cache_hierarchy.l1i-cache-0: sendMSHRQueuePacket: MSHR ReadReq [1780:17bf] IF
 884000: board.cache_hierarchy.l1i-cache-0: createMissPacket: created ReadSharedReq [1780:17bf] IF from ReadReq [1780:17bf] IF
 884000: board.cache_hierarchy.l2-cache-0: access for ReadSharedReq [1780:17bf] IF miss
 875000: board.processor.cores.core: 0x10af4    : c_li a2, 0                 : 
 875000: board.processor.cores.core: 0x10af6    : c_li a0, 0                 : 
 885000: board.cache_hierarchy.l1d-cache-0: sendWriteQueuePacket: write WriteReq [39c4:39c4] type=MemWrite UC
 885000: board.cache_hierarchy.l2-cache-0: access for WriteReq [39c4:39c4] type=MemWrite UC
 885000: board.cache_hierarchy.l1d-cache-0: recvTimingResp: Handling response WriteResp [3990:3997] type=MemWrite UC
 885000: board.cache_hierarchy.l2-cache-0: recvTimingResp: Handling response WriteResp [3998:399f] type=MemWrite UC
 876000: board.processor.cores.core: 0x10af8    : jal zero, 3270             : 
 885001: board.cache_hierarchy.l1d-cache-0: sendWriteQueuePacket: write WriteReq [39c3:39c3] type=MemWrite UC
 887000: board.cache_hierarchy.l1d-cache-0: recvTimingResp: Handling response WriteResp [3998:399f] type=MemWrite UC
 887000: board.cache_hierarchy.l2-cache-0: recvTimingResp: Handling response WriteResp [39a0:39a7] type=MemWrite UC
 887000: board.cache_hierarchy.l1d-cache-0: sendWriteQueuePacket: write WriteReq [39c3:39c3] type=MemWrite UC
 887000: board.cache_hierarchy.l2-cache-0: access for WriteReq [39c3:39c3] type=MemWrite UC
 887001: board.cache_hierarchy.l1d-cache-0: sendWriteQueuePacket: write WriteReq [39c2:39c2] type=MemWrite UC
 888000: board.cache_hierarchy.l2-cache-0: sendWriteQueuePacket: write WriteReq [39c7:39c7] type=MemWrite UC
 889000: board.cache_hierarchy.l1d-cache-0: recvTimingResp: Handling response WriteResp [39a0:39a7] type=MemWrite UC
 889000: board.cache_hierarchy.l1d-cache-0: sendWriteQueuePacket: write WriteReq [39c2:39c2] type=MemWrite UC
 889000: board.cache_hierarchy.l2-cache-0: access for WriteReq [39c2:39c2] type=MemWrite UC
 889000: board.cache_hierarchy.l2-cache-0: recvTimingResp: Handling response WriteResp [39a8:39af] type=MemWrite UC
 889001: board.cache_hierarchy.l1d-cache-0: sendWriteQueuePacket: write WriteReq [39c1:39c1] type=MemWrite UC
 890000: board.cache_hierarchy.l2-cache-0: sendWriteQueuePacket: write WriteReq [39c6:39c6] type=MemWrite UC
 890000: board.cache_hierarchy.l2-cache-0: sendWriteQueuePacket: write WriteReq [39c6:39c6] type=MemWrite UC
 891000: board.cache_hierarchy.l1d-cache-0: recvTimingResp: Handling response WriteResp [39a8:39af] type=MemWrite UC
 891000: board.cache_hierarchy.l2-cache-0: recvTimingResp: Handling response WriteResp [39b0:39b7] type=MemWrite UC
 891000: board.cache_hierarchy.l1d-cache-0: sendWriteQueuePacket: write WriteReq [39c1:39c1] type=MemWrite UC
 891000: board.cache_hierarchy.l2-cache-0: access for WriteReq [39c1:39c1] type=MemWrite UC
 891001: board.cache_hierarchy.l1d-cache-0: sendWriteQueuePacket: write WriteReq [39c0:39c0] type=MemWrite UC
 892000: board.cache_hierarchy.l2-cache-0: sendMSHRQueuePacket: MSHR ReadSharedReq [b00:b3f] IF
 892000: board.cache_hierarchy.l2-cache-0: createMissPacket: created ReadSharedReq [b00:b3f] IF from ReadSharedReq [b00:b3f] IF
 892000: board.cache_hierarchy.l2-cache-0: sendMSHRQueuePacket: MSHR ReadSharedReq [b00:b3f] IF
 892000: board.cache_hierarchy.l2-cache-0: createMissPacket: created ReadSharedReq [b00:b3f] IF from ReadSharedReq [b00:b3f] IF
 893000: board.cache_hierarchy.l2-cache-0: sendWriteQueuePacket: write WriteReq [39c5:39c5] type=MemWrite UC
 893000: board.cache_hierarchy.l2-cache-0: sendWriteQueuePacket: write WriteReq [39c5:39c5] type=MemWrite UC
 893000: board.cache_hierarchy.l1d-cache-0: recvTimingResp: Handling response WriteResp [39b0:39b7] type=MemWrite UC
 893000: board.cache_hierarchy.l1d-cache-0: sendWriteQueuePacket: write WriteReq [39c0:39c0] type=MemWrite UC
 893000: board.cache_hierarchy.l2-cache-0: access for WriteReq [39c0:39c0] type=MemWrite UC
 893000: board.cache_hierarchy.l2-cache-0: recvTimingResp: Handling response WriteResp [39b8:39bf] type=MemWrite UC
 895000: board.cache_hierarchy.l1d-cache-0: recvTimingResp: Handling response WriteResp [39b8:39bf] type=MemWrite UC
 895000: board.cache_hierarchy.l2-cache-0: sendMSHRQueuePacket: MSHR ReadSharedReq [1780:17bf] IF
 895000: board.cache_hierarchy.l2-cache-0: createMissPacket: created ReadSharedReq [1780:17bf] IF from ReadSharedReq [1780:17bf] IF
 895000: board.cache_hierarchy.l2-cache-0: sendMSHRQueuePacket: MSHR ReadSharedReq [1780:17bf] IF
 895000: board.cache_hierarchy.l2-cache-0: createMissPacket: created ReadSharedReq [1780:17bf] IF from ReadSharedReq [1780:17bf] IF
 896000: board.cache_hierarchy.l2-cache-0: sendWriteQueuePacket: write WriteReq [39c4:39c4] type=MemWrite UC
 896000: board.cache_hierarchy.l2-cache-0: sendWriteQueuePacket: write WriteReq [39c4:39c4] type=MemWrite UC
 898000: board.cache_hierarchy.l2-cache-0: sendWriteQueuePacket: write WriteReq [39c3:39c3] type=MemWrite UC
 898000: board.cache_hierarchy.l2-cache-0: sendWriteQueuePacket: write WriteReq [39c3:39c3] type=MemWrite UC
 900000: board.cache_hierarchy.l2-cache-0: sendWriteQueuePacket: write WriteReq [39c2:39c2] type=MemWrite UC
 900000: board.cache_hierarchy.l2-cache-0: sendWriteQueuePacket: write WriteReq [39c2:39c2] type=MemWrite UC
 902000: board.cache_hierarchy.l2-cache-0: sendWriteQueuePacket: write WriteReq [39c1:39c1] type=MemWrite UC
 902000: board.cache_hierarchy.l2-cache-0: sendWriteQueuePacket: write WriteReq [39c1:39c1] type=MemWrite UC
 904000: board.cache_hierarchy.l2-cache-0: sendWriteQueuePacket: write WriteReq [39c0:39c0] type=MemWrite UC
 904000: board.cache_hierarchy.l2-cache-0: sendWriteQueuePacket: write WriteReq [39c0:39c0] type=MemWrite UC
 909000: board.cache_hierarchy.l2-cache-0: recvTimingResp: Handling response WriteResp [39c7:39c7] type=MemWrite UC
 911000: board.cache_hierarchy.l1d-cache-0: recvTimingResp: Handling response WriteResp [39c7:39c7] type=MemWrite UC
 911000: board.cache_hierarchy.l2-cache-0: recvTimingResp: Handling response WriteResp [39c6:39c6] type=MemWrite UC
 913000: board.cache_hierarchy.l1d-cache-0: recvTimingResp: Handling response WriteResp [39c6:39c6] type=MemWrite UC
 914000: board.cache_hierarchy.l2-cache-0: recvTimingResp: Handling response WriteResp [39c5:39c5] type=MemWrite UC
 916000: board.cache_hierarchy.l1d-cache-0: recvTimingResp: Handling response WriteResp [39c5:39c5] type=MemWrite UC
 917000: board.cache_hierarchy.l2-cache-0: recvTimingResp: Handling response WriteResp [39c4:39c4] type=MemWrite UC
 919000: board.cache_hierarchy.l1d-cache-0: recvTimingResp: Handling response WriteResp [39c4:39c4] type=MemWrite UC
 919000: board.cache_hierarchy.l2-cache-0: recvTimingResp: Handling response WriteResp [39c3:39c3] type=MemWrite UC
 921000: board.cache_hierarchy.l1d-cache-0: recvTimingResp: Handling response WriteResp [39c3:39c3] type=MemWrite UC
 921000: board.cache_hierarchy.l2-cache-0: recvTimingResp: Handling response WriteResp [39c2:39c2] type=MemWrite UC
 923000: board.cache_hierarchy.l1d-cache-0: recvTimingResp: Handling response WriteResp [39c2:39c2] type=MemWrite UC
 923000: board.cache_hierarchy.l2-cache-0: recvTimingResp: Handling response WriteResp [39c1:39c1] type=MemWrite UC
 925000: board.cache_hierarchy.l1d-cache-0: recvTimingResp: Handling response WriteResp [39c1:39c1] type=MemWrite UC
 925000: board.cache_hierarchy.l2-cache-0: recvTimingResp: Handling response WriteResp [39c0:39c0] type=MemWrite UC
 927000: board.cache_hierarchy.l1d-cache-0: recvTimingResp: Handling response WriteResp [39c0:39c0] type=MemWrite UC
 940000: board.cache_hierarchy.l2-cache-0: recvTimingResp: Handling response ReadResp [b00:b3f] IF
 940000: board.cache_hierarchy.l2-cache-0: Block for addr 0xb00 being updated in Cache
 940000: board.cache_hierarchy.l2-cache-0: Block addr 0xb00 (ns) moving from  to state: 6 (E) writable: 1 readable: 1 dirty: 0 prefetched: 0 | tag: 0 secure: 0 valid: 1 | set: 0x2c way: 0
 940000: board.cache_hierarchy.l2-cache-0: recvTimingResp: Leaving with ReadResp [b00:b3f] IF
 942000: board.cache_hierarchy.l1i-cache-0: recvTimingResp: Handling response ReadResp [b00:b3f] IF
 942000: board.cache_hierarchy.l1i-cache-0: Block for addr 0xb00 being updated in Cache
 942000: board.cache_hierarchy.l1i-cache-0: Block addr 0xb00 (ns) moving from  to state: 6 (E) writable: 1 readable: 1 dirty: 0 prefetched: 0 | tag: 0 secure: 0 valid: 1 | set: 0x2c way: 0
 942000: board.cache_hierarchy.l1i-cache-0: recvTimingResp: Leaving with ReadResp [b00:b3f] IF
 945000: board.cache_hierarchy.l2-cache-0: recvTimingResp: Handling response ReadResp [1780:17bf] IF
 945000: board.cache_hierarchy.l2-cache-0: Block for addr 0x1780 being updated in Cache
 945000: board.cache_hierarchy.l2-cache-0: Block addr 0x1780 (ns) moving from  to state: 6 (E) writable: 1 readable: 1 dirty: 0 prefetched: 0 | tag: 0 secure: 0 valid: 1 | set: 0x5e way: 0
 945000: board.cache_hierarchy.l2-cache-0: recvTimingResp: Leaving with ReadResp [1780:17bf] IF
 947000: board.cache_hierarchy.l1i-cache-0: recvTimingResp: Handling response ReadResp [1780:17bf] IF
 947000: board.cache_hierarchy.l1i-cache-0: Block for addr 0x1780 being updated in Cache
 947000: board.cache_hierarchy.l1i-cache-0: Block addr 0x1780 (ns) moving from  to state: 6 (E) writable: 1 readable: 1 dirty: 0 prefetched: 0 | tag: 0x1 secure: 0 valid: 1 | set: 0x1e way: 0
 947000: board.cache_hierarchy.l1i-cache-0: recvTimingResp: Leaving with ReadResp [1780:17bf] IF
 948000: board.processor.cores.core.workload: Translating: 0x117c0->0x17c0
 948000: board.cache_hierarchy.l1i-cache-0: access for ReadReq [17c0:17ff] IF miss
 949000: board.cache_hierarchy.l1i-cache-0: sendMSHRQueuePacket: MSHR ReadReq [17c0:17ff] IF
 949000: board.cache_hierarchy.l1i-cache-0: createMissPacket: created ReadSharedReq [17c0:17ff] IF from ReadReq [17c0:17ff] IF
 949000: board.cache_hierarchy.l2-cache-0: access for ReadSharedReq [17c0:17ff] IF miss
 960000: board.cache_hierarchy.l2-cache-0: sendMSHRQueuePacket: MSHR ReadSharedReq [17c0:17ff] IF
 960000: board.cache_hierarchy.l2-cache-0: createMissPacket: created ReadSharedReq [17c0:17ff] IF from ReadSharedReq [17c0:17ff] IF
1008000: board.cache_hierarchy.l2-cache-0: recvTimingResp: Handling response ReadResp [17c0:17ff] IF
1008000: board.cache_hierarchy.l2-cache-0: Block for addr 0x17c0 being updated in Cache
1008000: board.cache_hierarchy.l2-cache-0: Block addr 0x17c0 (ns) moving from  to state: 6 (E) writable: 1 readable: 1 dirty: 0 prefetched: 0 | tag: 0 secure: 0 valid: 1 | set: 0x5f way: 0
1008000: board.cache_hierarchy.l2-cache-0: recvTimingResp: Leaving with ReadResp [17c0:17ff] IF
1010000: board.cache_hierarchy.l1i-cache-0: recvTimingResp: Handling response ReadResp [17c0:17ff] IF
1010000: board.cache_hierarchy.l1i-cache-0: Block for addr 0x17c0 being updated in Cache
1010000: board.cache_hierarchy.l1i-cache-0: Block addr 0x17c0 (ns) moving from  to state: 6 (E) writable: 1 readable: 1 dirty: 0 prefetched: 0 | tag: 0x1 secure: 0 valid: 1 | set: 0x1f way: 0
1010000: board.cache_hierarchy.l1i-cache-0: recvTimingResp: Leaving with ReadResp [17c0:17ff] IF
1016000: board.processor.cores.core.workload: Translating: 0x133d8->0x33d8
1016000: board.cache_hierarchy.l1d-cache-0: access for ReadReq [33d8:33df] type=MemRead UC
1017000: board.cache_hierarchy.l1d-cache-0: sendMSHRQueuePacket: MSHR ReadReq [33d8:33df] type=MemRead UC
1017000: board.cache_hierarchy.l2-cache-0: access for ReadReq [33d8:33df] type=MemRead UC
1023000: board.processor.cores.core.workload: Translating: 0x11800->0x1800
1023000: board.cache_hierarchy.l1i-cache-0: access for ReadReq [1800:183f] IF miss
1024000: board.cache_hierarchy.l1i-cache-0: sendMSHRQueuePacket: MSHR ReadReq [1800:183f] IF
1024000: board.cache_hierarchy.l1i-cache-0: createMissPacket: created ReadSharedReq [1800:183f] IF from ReadReq [1800:183f] IF
1024000: board.cache_hierarchy.l2-cache-0: access for ReadSharedReq [1800:183f] IF miss
1028000: board.cache_hierarchy.l2-cache-0: sendMSHRQueuePacket: MSHR ReadReq [33d8:33df] type=MemRead UC
1035000: board.cache_hierarchy.l2-cache-0: sendMSHRQueuePacket: MSHR ReadSharedReq [1800:183f] IF
1035000: board.cache_hierarchy.l2-cache-0: createMissPacket: created ReadSharedReq [1800:183f] IF from ReadSharedReq [1800:183f] IF
1090000: board.cache_hierarchy.l2-cache-0: recvTimingResp: Handling response ReadResp [33d8:33df] type=MemRead UC
1090000: board.cache_hierarchy.l2-cache-0: recvTimingResp: Leaving with ReadResp [33d8:33df] type=MemRead UC
1093000: board.cache_hierarchy.l1d-cache-0: recvTimingResp: Handling response ReadResp [33d8:33df] type=MemRead UC
1093000: board.cache_hierarchy.l1d-cache-0: recvTimingResp: Leaving with ReadResp [33d8:33df] type=MemRead UC
1093000: board.cache_hierarchy.l2-cache-0: recvTimingResp: Handling response ReadResp [1800:183f] IF
1093000: board.cache_hierarchy.l2-cache-0: Block for addr 0x1800 being updated in Cache
1093000: board.cache_hierarchy.l2-cache-0: Block addr 0x1800 (ns) moving from  to state: 6 (E) writable: 1 readable: 1 dirty: 0 prefetched: 0 | tag: 0 secure: 0 valid: 1 | set: 0x60 way: 0
1093000: board.cache_hierarchy.l2-cache-0: recvTimingResp: Leaving with ReadResp [1800:183f] IF
1095000: board.cache_hierarchy.l1i-cache-0: recvTimingResp: Handling response ReadResp [1800:183f] IF
1095000: board.cache_hierarchy.l1i-cache-0: Block for addr 0x1800 being updated in Cache
1095000: board.cache_hierarchy.l1i-cache-0: Block addr 0x1800 (ns) moving from  to state: 6 (E) writable: 1 readable: 1 dirty: 0 prefetched: 0 | tag: 0x1 secure: 0 valid: 1 | set: 0x20 way: 0
1095000: board.cache_hierarchy.l1i-cache-0: recvTimingResp: Leaving with ReadResp [1800:183f] IF
1096000: board.processor.cores.core.workload: Translating: 0x10180->0x180
1096000: board.cache_hierarchy.l1i-cache-0: access for ReadReq [180:1bf] IF hit state: 6 (E) writable: 1 readable: 1 dirty: 0 prefetched: 0 | tag: 0 secure: 0 valid: 1 | set: 0x6 way: 0
1096000: board.processor.cores.core.workload: Couldn't Translate: 0x8
1099000: board.processor.cores.core.workload: Translating: 0x11800->0x1800
1099000: board.cache_hierarchy.l1i-cache-0: access for ReadReq [1800:183f] IF hit state: 6 (E) writable: 1 readable: 1 dirty: 0 prefetched: 0 | tag: 0x1 secure: 0 valid: 1 | set: 0x20 way: 0
1011000: board.processor.cores.core: 0x117be    : ld a5, 528(gp)             : 
1011000: board.processor.cores.core: 0x117c2    : c_beqz a5, 66              : 
1106000: board.processor.cores.core.workload: Translating: 0x10180->0x180
1106000: board.cache_hierarchy.l1i-cache-0: access for ReadReq [180:1bf] IF hit state: 6 (E) writable: 1 readable: 1 dirty: 0 prefetched: 0 | tag: 0 secure: 0 valid: 1 | set: 0x6 way: 0
1110000: board.processor.cores.core.workload: Translating: 0x117c0->0x17c0
1110000: board.cache_hierarchy.l1i-cache-0: access for ReadReq [17c0:17ff] IF hit state: 6 (E) writable: 1 readable: 1 dirty: 0 prefetched: 0 | tag: 0x1 secure: 0 valid: 1 | set: 0x1f way: 0
1113000: board.processor.cores.core.workload: Translating: 0x133d8->0x33d8
1100000: board.processor.cores.core: 0x11804    : c_lui a5, 19               : 
1100000: board.processor.cores.core: 0x11806    : addi a5, a5, 1712          : 
1115000: board.processor.cores.core.workload: Translating: 0x11800->0x1800
1115000: board.cache_hierarchy.l1i-cache-0: access for ReadReq [1800:183f] IF hit state: 6 (E) writable: 1 readable: 1 dirty: 0 prefetched: 0 | tag: 0x1 secure: 0 valid: 1 | set: 0x20 way: 0
1101000: board.processor.cores.core: 0x1180a    : sd a5, 528(gp)             : 
1101000: board.processor.cores.core: 0x1180e    : c_j -74                    : 
1116000: board.processor.cores.core.workload: Translating: 0x10180->0x180
1116000: board.cache_hierarchy.l1i-cache-0: access for ReadReq [180:1bf] IF hit state: 6 (E) writable: 1 readable: 1 dirty: 0 prefetched: 0 | tag: 0 secure: 0 valid: 1 | set: 0x6 way: 0
1116000: board.processor.cores.core.workload: Translating: 0x136b8->0x36b8
1116000: board.cache_hierarchy.l1d-cache-0: access for ReadReq [36b8:36bb] type=MemRead UC
1117000: board.cache_hierarchy.l1d-cache-0: sendMSHRQueuePacket: MSHR ReadReq [36b8:36bb] type=MemRead UC
1117000: board.cache_hierarchy.l2-cache-0: access for ReadReq [36b8:36bb] type=MemRead UC
1117000: board.cache_hierarchy.l1d-cache-0: access for WriteReq [33d8:33df] type=MemWrite UC
1118000: board.cache_hierarchy.l1d-cache-0: sendWriteQueuePacket: write WriteReq [33d8:33df] type=MemWrite UC
1118000: board.cache_hierarchy.l1d-cache-0: sendWriteQueuePacket: write WriteReq [33d8:33df] type=MemWrite UC
1118000: board.cache_hierarchy.l2-cache-0: access for WriteReq [33d8:33df] type=MemWrite UC
1120000: board.processor.cores.core.workload: Translating: 0x10900->0x900
1120000: board.cache_hierarchy.l1i-cache-0: access for ReadReq [900:93f] IF miss
1121000: board.cache_hierarchy.l1i-cache-0: sendMSHRQueuePacket: MSHR ReadReq [900:93f] IF
1121000: board.cache_hierarchy.l1i-cache-0: createMissPacket: created ReadSharedReq [900:93f] IF from ReadReq [900:93f] IF
1121000: board.cache_hierarchy.l2-cache-0: access for ReadSharedReq [900:93f] IF miss
1128000: board.cache_hierarchy.l2-cache-0: sendMSHRQueuePacket: MSHR ReadReq [36b8:36bb] type=MemRead UC
1129000: board.cache_hierarchy.l2-cache-0: sendWriteQueuePacket: write WriteReq [33d8:33df] type=MemWrite UC
1129000: board.cache_hierarchy.l2-cache-0: sendWriteQueuePacket: write WriteReq [33d8:33df] type=MemWrite UC
1132000: board.cache_hierarchy.l2-cache-0: sendMSHRQueuePacket: MSHR ReadSharedReq [900:93f] IF
1132000: board.cache_hierarchy.l2-cache-0: createMissPacket: created ReadSharedReq [900:93f] IF from ReadSharedReq [900:93f] IF
1150000: board.cache_hierarchy.l2-cache-0: recvTimingResp: Handling response WriteResp [33d8:33df] type=MemWrite UC
1152000: board.cache_hierarchy.l1d-cache-0: recvTimingResp: Handling response WriteResp [33d8:33df] type=MemWrite UC
1176000: board.cache_hierarchy.l2-cache-0: recvTimingResp: Handling response ReadResp [36b8:36bb] type=MemRead UC
1176000: board.cache_hierarchy.l2-cache-0: recvTimingResp: Leaving with ReadResp [36b8:36bb] type=MemRead UC
1179000: board.cache_hierarchy.l1d-cache-0: recvTimingResp: Handling response ReadResp [36b8:36bb] type=MemRead UC
1179000: board.cache_hierarchy.l1d-cache-0: recvTimingResp: Leaving with ReadResp [36b8:36bb] type=MemRead UC
1180000: board.cache_hierarchy.l2-cache-0: recvTimingResp: Handling response ReadResp [900:93f] IF
1180000: board.cache_hierarchy.l2-cache-0: Block for addr 0x900 being updated in Cache
1180000: board.cache_hierarchy.l2-cache-0: Block addr 0x900 (ns) moving from  to state: 6 (E) writable: 1 readable: 1 dirty: 0 prefetched: 0 | tag: 0 secure: 0 valid: 1 | set: 0x24 way: 0
1180000: board.cache_hierarchy.l2-cache-0: recvTimingResp: Leaving with ReadResp [900:93f] IF
1182000: board.cache_hierarchy.l1i-cache-0: recvTimingResp: Handling response ReadResp [900:93f] IF
1182000: board.cache_hierarchy.l1i-cache-0: Block for addr 0x900 being updated in Cache
1182000: board.cache_hierarchy.l1i-cache-0: Block addr 0x900 (ns) moving from  to state: 6 (E) writable: 1 readable: 1 dirty: 0 prefetched: 0 | tag: 0 secure: 0 valid: 1 | set: 0x24 way: 0
1182000: board.cache_hierarchy.l1i-cache-0: recvTimingResp: Leaving with ReadResp [900:93f] IF
1183000: board.processor.cores.core.workload: Translating: 0x136b8->0x36b8
1111000: board.processor.cores.core: 0x117c4    : c_lw a4, 8(a5)             : 
1111000: board.processor.cores.core: 0x117c6    : c_li a6, 31                : 
1112000: board.processor.cores.core: 0x117c8    : blt a6, a4, 98             : 
1112000: board.processor.cores.core: 0x117cc    : c_beqz a0, 40              : 
1185000: board.processor.cores.core.workload: Translating: 0x136c0->0x36c0
1113000: board.processor.cores.core: 0x117f4    : addiw a3, a4, 1            : 
1113000: board.processor.cores.core: 0x117f8    : c_slli a4, 3               : 
1114000: board.processor.cores.core: 0x117fa    : c_sw a3, 8(a5)             : 
1114000: board.processor.cores.core: 0x117fc    : c_add a5, a4               : 
1115000: board.processor.cores.core: 0x117fe    : c_sd a1, 16(a5)            : 
1116000: board.processor.cores.core: 0x11800    : c_li a0, 0                 : 
1188000: board.cache_hierarchy.l1d-cache-0: access for WriteReq [36b8:36bb] type=MemWrite UC
1116000: board.processor.cores.core: 0x11802    : c_jr ra                    : 
1117000: board.processor.cores.core: 0x10184    : jal ra, 1934               : 
1189000: board.cache_hierarchy.l1d-cache-0: sendWriteQueuePacket: write WriteReq [36b8:36bb] type=MemWrite UC
1189000: board.cache_hierarchy.l2-cache-0: access for WriteReq [36b8:36bb] type=MemWrite UC
1189000: board.processor.cores.core.workload: Translating: 0x7fffffffffffff00->0x4f00
1189000: board.processor.cores.core.workload: Translating: 0x7ffffffffffffef0->0x4ef0
1189000: board.cache_hierarchy.l1d-cache-0: access for WriteReq [36c0:36c7] type=MemWrite UC
1190000: board.cache_hierarchy.l1d-cache-0: sendWriteQueuePacket: write WriteReq [36c0:36c7] type=MemWrite UC
1183000: board.processor.cores.core: 0x10912    : c_addi sp, -32             : 
1191000: board.cache_hierarchy.l1d-cache-0: sendWriteQueuePacket: write WriteReq [36c0:36c7] type=MemWrite UC
1191000: board.cache_hierarchy.l2-cache-0: access for WriteReq [36c0:36c7] type=MemWrite UC
1191000: board.processor.cores.core.workload: Translating: 0x10940->0x940
1191000: board.cache_hierarchy.l1i-cache-0: access for ReadReq [940:97f] IF hit state: 6 (E) writable: 1 readable: 1 dirty: 0 prefetched: 0 | tag: 0 secure: 0 valid: 1 | set: 0x25 way: 0
1191000: board.processor.cores.core.workload: Translating: 0x7fffffffffffff08->0x4f08
1191000: board.processor.cores.core.workload: Translating: 0x7ffffffffffffef8->0x4ef8
1183000: board.processor.cores.core: 0x10914    : c_sdsp s0, 16(sp)          : 
1184000: board.processor.cores.core: 0x10916    : c_sdsp s2, 0(sp)           : 
1184000: board.processor.cores.core: 0x10918    : c_lui s0, 19               : 
1185000: board.processor.cores.core: 0x1091a    : c_lui s2, 19               : 
1193000: board.cache_hierarchy.l1d-cache-0: access for WriteReq [4f00:4f07] type=MemWrite UC
1193000: board.cache_hierarchy.l1d-cache-0: access for WriteReq [4ef0:4ef7] type=MemWrite UC
1185000: board.processor.cores.core: 0x1091c    : c_sdsp ra, 24(sp)          : 
1186000: board.processor.cores.core: 0x1091e    : c_sdsp s1, 8(sp)           : 
1194000: board.cache_hierarchy.l1d-cache-0: sendWriteQueuePacket: write WriteReq [4f00:4f07] type=MemWrite UC
1194000: board.cache_hierarchy.l2-cache-0: access for WriteReq [4f00:4f07] type=MemWrite UC
1194001: board.cache_hierarchy.l1d-cache-0: sendWriteQueuePacket: write WriteReq [4ef0:4ef7] type=MemWrite UC
1195000: board.cache_hierarchy.l1d-cache-0: access for WriteReq [4f08:4f0f] type=MemWrite UC
1195000: board.cache_hierarchy.l1d-cache-0: access for WriteReq [4ef8:4eff] type=MemWrite UC
1196000: board.cache_hierarchy.l1d-cache-0: sendWriteQueuePacket: write WriteReq [4ef0:4ef7] type=MemWrite UC
1196000: board.cache_hierarchy.l2-cache-0: access for WriteReq [4ef0:4ef7] type=MemWrite UC
1196001: board.cache_hierarchy.l1d-cache-0: sendWriteQueuePacket: write WriteReq [4f08:4f0f] type=MemWrite UC
1186000: board.processor.cores.core: 0x10920    : addi s2, s2, -1676         : 
1187000: board.processor.cores.core: 0x10924    : addi s0, s0, -1676         : 
1198000: board.cache_hierarchy.l1d-cache-0: sendWriteQueuePacket: write WriteReq [4f08:4f0f] type=MemWrite UC
1198000: board.cache_hierarchy.l2-cache-0: access for WriteReq [4f08:4f0f] type=MemWrite UC
1187000: board.processor.cores.core: 0x10928    : beq s2, s0, 26             : 
1198001: board.cache_hierarchy.l1d-cache-0: sendWriteQueuePacket: write WriteReq [4ef8:4eff] type=MemWrite UC
1200000: board.cache_hierarchy.l1d-cache-0: sendWriteQueuePacket: write WriteReq [4ef8:4eff] type=MemWrite UC
1200000: board.cache_hierarchy.l2-cache-0: access for WriteReq [4ef8:4eff] type=MemWrite UC
1200000: board.cache_hierarchy.l2-cache-0: sendWriteQueuePacket: write WriteReq [36b8:36bb] type=MemWrite UC
1202000: board.cache_hierarchy.l2-cache-0: sendWriteQueuePacket: write WriteReq [36c0:36c7] type=MemWrite UC
1202000: board.cache_hierarchy.l2-cache-0: sendWriteQueuePacket: write WriteReq [36c0:36c7] type=MemWrite UC
1196000: board.processor.cores.core: 0x10942    : c_lui s2, 19               : 
1196000: board.processor.cores.core: 0x10944    : c_lui s0, 19               : 
1205000: board.cache_hierarchy.l2-cache-0: sendWriteQueuePacket: write WriteReq [4f00:4f07] type=MemWrite UC
1197000: board.processor.cores.core: 0x10946    : addi s2, s2, -1656         : 
1197000: board.processor.cores.core: 0x1094a    : addi s0, s0, -1672         : 
1207000: board.cache_hierarchy.l2-cache-0: sendWriteQueuePacket: write WriteReq [4ef0:4ef7] type=MemWrite UC
1207000: board.cache_hierarchy.l2-cache-0: sendWriteQueuePacket: write WriteReq [4ef0:4ef7] type=MemWrite UC
1198000: board.processor.cores.core: 0x1094e    : beq s2, s0, 26             : 
1198000: board.processor.cores.core: 0x10952    : sub s2, s2, s0             : 
1208000: board.processor.cores.core.workload: Translating: 0x12978->0x2978
1208000: board.cache_hierarchy.l1d-cache-0: access for ReadReq [2978:297f] type=MemRead UC
1209000: board.cache_hierarchy.l1d-cache-0: sendMSHRQueuePacket: MSHR ReadReq [2978:297f] type=MemRead UC
1209000: board.cache_hierarchy.l2-cache-0: access for ReadReq [2978:297f] type=MemRead UC
1209000: board.cache_hierarchy.l2-cache-0: sendWriteQueuePacket: write WriteReq [4f08:4f0f] type=MemWrite UC
1209000: board.cache_hierarchy.l2-cache-0: sendWriteQueuePacket: write WriteReq [4f08:4f0f] type=MemWrite UC
1209000: board.processor.cores.core.workload: Translating: 0x10180->0x180
1209000: board.cache_hierarchy.l1i-cache-0: access for ReadReq [180:1bf] IF hit state: 6 (E) writable: 1 readable: 1 dirty: 0 prefetched: 0 | tag: 0 secure: 0 valid: 1 | set: 0x6 way: 0
1199000: board.processor.cores.core: 0x10956    : srai s2, s2, 3             : 
1199000: board.processor.cores.core: 0x1095a    : c_li s1, 0                 : 
1210000: board.processor.cores.core.workload: Translating: 0x7fffffffffffff08->0x4f08
1210000: board.cache_hierarchy.l1d-cache-0: access for ReadReq [4f08:4f0f] type=MemRead UC
1211000: board.cache_hierarchy.l1d-cache-0: sendMSHRQueuePacket: MSHR ReadReq [4f08:4f0f] type=MemRead UC
1211000: board.cache_hierarchy.l2-cache-0: access for ReadReq [4f08:4f0f] type=MemRead UC
1211000: board.cache_hierarchy.l2-cache-0: sendWriteQueuePacket: write WriteReq [4ef8:4eff] type=MemWrite UC
1211000: board.cache_hierarchy.l2-cache-0: sendWriteQueuePacket: write WriteReq [4ef8:4eff] type=MemWrite UC
1211000: board.processor.cores.core.workload: Translating: 0x7fffffffffffff00->0x4f00
1211000: board.cache_hierarchy.l1d-cache-0: access for ReadReq [4f00:4f07] type=MemRead UC
1211000: board.processor.cores.core.workload: Translating: 0x7ffffffffffffef8->0x4ef8
1211000: board.cache_hierarchy.l1d-cache-0: access for ReadReq [4ef8:4eff] type=MemRead UC
1212000: board.cache_hierarchy.l1d-cache-0: sendMSHRQueuePacket: MSHR ReadReq [4f00:4f07] type=MemRead UC
1212000: board.cache_hierarchy.l1d-cache-0: sendMSHRQueuePacket: MSHR ReadReq [4f00:4f07] type=MemRead UC
1212000: board.cache_hierarchy.l2-cache-0: access for ReadReq [4f00:4f07] type=MemRead UC
1212001: board.cache_hierarchy.l1d-cache-0: sendMSHRQueuePacket: MSHR ReadReq [4ef8:4eff] type=MemRead UC
1213000: board.cache_hierarchy.l1d-cache-0: sendMSHRQueuePacket: MSHR ReadReq [4ef8:4eff] type=MemRead UC
1213000: board.cache_hierarchy.l2-cache-0: access for ReadReq [4ef8:4eff] type=MemRead UC
1213000: board.processor.cores.core.workload: Translating: 0x10940->0x940
1213000: board.cache_hierarchy.l1i-cache-0: access for ReadReq [940:97f] IF hit state: 6 (E) writable: 1 readable: 1 dirty: 0 prefetched: 0 | tag: 0 secure: 0 valid: 1 | set: 0x25 way: 0
1220000: board.cache_hierarchy.l2-cache-0: sendMSHRQueuePacket: MSHR ReadReq [2978:297f] type=MemRead UC
1221000: board.cache_hierarchy.l2-cache-0: recvTimingResp: Handling response WriteResp [36b8:36bb] type=MemWrite UC
1221000: board.processor.cores.core.workload: Translating: 0x12980->0x2980
1221000: board.cache_hierarchy.l1d-cache-0: access for ReadReq [2980:2987] type=MemRead UC
1222000: board.cache_hierarchy.l1d-cache-0: sendMSHRQueuePacket: MSHR ReadReq [2980:2987] type=MemRead UC
1222000: board.cache_hierarchy.l2-cache-0: access for ReadReq [2980:2987] type=MemRead UC
1222000: board.cache_hierarchy.l2-cache-0: sendMSHRQueuePacket: MSHR ReadReq [4f08:4f0f] type=MemRead UC
1223000: board.cache_hierarchy.l2-cache-0: sendMSHRQueuePacket: MSHR ReadReq [4f00:4f07] type=MemRead UC
1223000: board.cache_hierarchy.l2-cache-0: sendMSHRQueuePacket: MSHR ReadReq [4f00:4f07] type=MemRead UC
1223000: board.cache_hierarchy.l1d-cache-0: recvTimingResp: Handling response WriteResp [36b8:36bb] type=MemWrite UC
1223000: board.cache_hierarchy.l2-cache-0: recvTimingResp: Handling response WriteResp [36c0:36c7] type=MemWrite UC
1224000: board.cache_hierarchy.l2-cache-0: sendMSHRQueuePacket: MSHR ReadReq [4ef8:4eff] type=MemRead UC
1224000: board.cache_hierarchy.l2-cache-0: sendMSHRQueuePacket: MSHR ReadReq [4ef8:4eff] type=MemRead UC
1224000: board.processor.cores.core.workload: Translating: 0x7fffffffffffff08->0x4f08
1224000: board.cache_hierarchy.l1d-cache-0: access for ReadReq [4f08:4f0f] type=MemRead UC
1225000: board.cache_hierarchy.l1d-cache-0: sendMSHRQueuePacket: MSHR ReadReq [4f08:4f0f] type=MemRead UC
1225000: board.cache_hierarchy.l2-cache-0: access for ReadReq [4f08:4f0f] type=MemRead UC
1225000: board.cache_hierarchy.l1d-cache-0: recvTimingResp: Handling response WriteResp [36c0:36c7] type=MemWrite UC
1225000: board.processor.cores.core.workload: Translating: 0x7fffffffffffff00->0x4f00
1225000: board.cache_hierarchy.l1d-cache-0: access for ReadReq [4f00:4f07] type=MemRead UC
1225000: board.processor.cores.core.workload: Translating: 0x7ffffffffffffef8->0x4ef8
1225000: board.cache_hierarchy.l1d-cache-0: access for ReadReq [4ef8:4eff] type=MemRead UC
1226000: board.cache_hierarchy.l1d-cache-0: sendMSHRQueuePacket: MSHR ReadReq [4f00:4f07] type=MemRead UC
1226000: board.cache_hierarchy.l1d-cache-0: sendMSHRQueuePacket: MSHR ReadReq [4f00:4f07] type=MemRead UC
1226000: board.cache_hierarchy.l2-cache-0: access for ReadReq [4f00:4f07] type=MemRead UC
1226000: board.cache_hierarchy.l2-cache-0: recvTimingResp: Handling response WriteResp [4f00:4f07] type=MemWrite UC
1226000: board.processor.cores.core.workload: Translating: 0x7ffffffffffffef0->0x4ef0
1226000: board.cache_hierarchy.l1d-cache-0: access for ReadReq [4ef0:4ef7] type=MemRead UC
1226001: board.cache_hierarchy.l1d-cache-0: sendMSHRQueuePacket: MSHR ReadReq [4ef8:4eff] type=MemRead UC
1227000: board.cache_hierarchy.l1d-cache-0: sendMSHRQueuePacket: MSHR ReadReq [4ef8:4eff] type=MemRead UC
1227000: board.cache_hierarchy.l2-cache-0: access for ReadReq [4ef8:4eff] type=MemRead UC
1227000: board.processor.cores.core.workload: Translating: 0x10180->0x180
1227000: board.cache_hierarchy.l1i-cache-0: access for ReadReq [180:1bf] IF hit state: 6 (E) writable: 1 readable: 1 dirty: 0 prefetched: 0 | tag: 0 secure: 0 valid: 1 | set: 0x6 way: 0
1227001: board.cache_hierarchy.l1d-cache-0: sendMSHRQueuePacket: MSHR ReadReq [4ef0:4ef7] type=MemRead UC
1228000: board.cache_hierarchy.l1d-cache-0: sendMSHRQueuePacket: MSHR ReadReq [4ef0:4ef7] type=MemRead UC
1228000: board.cache_hierarchy.l2-cache-0: access for ReadReq [4ef0:4ef7] type=MemRead UC
1228000: board.cache_hierarchy.l1d-cache-0: recvTimingResp: Handling response WriteResp [4f00:4f07] type=MemWrite UC
1228000: board.cache_hierarchy.l2-cache-0: recvTimingResp: Handling response WriteResp [4ef0:4ef7] type=MemWrite UC
1228000: board.processor.cores.core.workload: Translating: 0x7fffffffffffff28->0x4f28
1228000: board.cache_hierarchy.l1d-cache-0: access for ReadReq [4f28:4f2f] type=MemRead UC
1228000: board.processor.cores.core.workload: Translating: 0x7fffffffffffff20->0x4f20
1228000: board.cache_hierarchy.l1d-cache-0: access for ReadReq [4f20:4f27] type=MemRead UC
1229000: board.cache_hierarchy.l1d-cache-0: sendMSHRQueuePacket: MSHR ReadReq [4f28:4f2f] type=MemRead UC
1229000: board.cache_hierarchy.l1d-cache-0: sendMSHRQueuePacket: MSHR ReadReq [4f28:4f2f] type=MemRead UC
1229000: board.cache_hierarchy.l2-cache-0: access for ReadReq [4f28:4f2f] type=MemRead UC
1229000: board.processor.cores.core.workload: Translating: 0x7fffffffffffff18->0x4f18
1229000: board.cache_hierarchy.l1d-cache-0: access for ReadReq [4f18:4f1f] type=MemRead UC
1229000: board.processor.cores.core.workload: Translating: 0x7fffffffffffff10->0x4f10
1229000: board.cache_hierarchy.l1d-cache-0: access for ReadReq [4f10:4f17] type=MemRead UC
1229001: board.cache_hierarchy.l1d-cache-0: sendMSHRQueuePacket: MSHR ReadReq [4f20:4f27] type=MemRead UC
1230000: board.cache_hierarchy.l1d-cache-0: sendMSHRQueuePacket: MSHR ReadReq [4f20:4f27] type=MemRead UC
1230000: board.cache_hierarchy.l2-cache-0: access for ReadReq [4f20:4f27] type=MemRead UC
1230000: board.cache_hierarchy.l1d-cache-0: recvTimingResp: Handling response WriteResp [4ef0:4ef7] type=MemWrite UC
1230000: board.cache_hierarchy.l2-cache-0: recvTimingResp: Handling response WriteResp [4f08:4f0f] type=MemWrite UC
1230001: board.cache_hierarchy.l1d-cache-0: sendMSHRQueuePacket: MSHR ReadReq [4f18:4f1f] type=MemRead UC
1231000: board.cache_hierarchy.l1d-cache-0: sendMSHRQueuePacket: MSHR ReadReq [4f18:4f1f] type=MemRead UC
1231000: board.cache_hierarchy.l2-cache-0: access for ReadReq [4f18:4f1f] type=MemRead UC
1231000: board.processor.cores.core.workload: Translating: 0x7fffffffffffff48->0x4f48
1231000: board.cache_hierarchy.l1d-cache-0: access for ReadReq [4f48:4f4f] type=MemRead UC
1231001: board.cache_hierarchy.l1d-cache-0: sendMSHRQueuePacket: MSHR ReadReq [4f10:4f17] type=MemRead UC
1232000: board.cache_hierarchy.l1d-cache-0: sendMSHRQueuePacket: MSHR ReadReq [4f10:4f17] type=MemRead UC
1232000: board.cache_hierarchy.l2-cache-0: access for ReadReq [4f10:4f17] type=MemRead UC
1232000: board.cache_hierarchy.l1d-cache-0: recvTimingResp: Handling response WriteResp [4f08:4f0f] type=MemWrite UC
1232000: board.cache_hierarchy.l2-cache-0: recvTimingResp: Handling response WriteResp [4ef8:4eff] type=MemWrite UC
1232000: board.processor.cores.core.workload: Translating: 0x7fffffffffffff40->0x4f40
1232000: board.cache_hierarchy.l1d-cache-0: access for ReadReq [4f40:4f47] type=MemRead UC
1232000: board.processor.cores.core.workload: Translating: 0x7fffffffffffff38->0x4f38
1232000: board.cache_hierarchy.l1d-cache-0: access for ReadReq [4f38:4f3f] type=MemRead UC
1232000: board.cache_hierarchy.l1d-cache-0: Blocking for cause 0, mask=1
1232001: board.cache_hierarchy.l1d-cache-0: sendMSHRQueuePacket: MSHR ReadReq [4f48:4f4f] type=MemRead UC
1233000: board.cache_hierarchy.l1d-cache-0: sendMSHRQueuePacket: MSHR ReadReq [4f48:4f4f] type=MemRead UC
1233000: board.cache_hierarchy.l2-cache-0: access for ReadReq [4f48:4f4f] type=MemRead UC
1233000: board.cache_hierarchy.l2-cache-0: sendMSHRQueuePacket: MSHR ReadReq [2980:2987] type=MemRead UC
1233000: board.processor.cores.core.workload: Translating: 0x7fffffffffffff30->0x4f30
1233001: board.cache_hierarchy.l1d-cache-0: sendMSHRQueuePacket: MSHR ReadReq [4f40:4f47] type=MemRead UC
1234000: board.cache_hierarchy.l1d-cache-0: sendMSHRQueuePacket: MSHR ReadReq [4f40:4f47] type=MemRead UC
1234000: board.cache_hierarchy.l2-cache-0: access for ReadReq [4f40:4f47] type=MemRead UC
1234000: board.cache_hierarchy.l1d-cache-0: recvTimingResp: Handling response WriteResp [4ef8:4eff] type=MemWrite UC
1234000: board.processor.cores.core.workload: Translating: 0x101c0->0x1c0
1234000: board.cache_hierarchy.l1i-cache-0: access for ReadReq [1c0:1ff] IF miss
1234000: board.processor.cores.core.workload: Translating: 0x7fffffffffffff50->0x4f50
1234001: board.cache_hierarchy.l1d-cache-0: sendMSHRQueuePacket: MSHR ReadReq [4f38:4f3f] type=MemRead UC
1235000: board.cache_hierarchy.l1i-cache-0: sendMSHRQueuePacket: MSHR ReadReq [1c0:1ff] IF
1235000: board.cache_hierarchy.l1i-cache-0: createMissPacket: created ReadSharedReq [1c0:1ff] IF from ReadReq [1c0:1ff] IF
1235000: board.cache_hierarchy.l1d-cache-0: sendMSHRQueuePacket: MSHR ReadReq [4f38:4f3f] type=MemRead UC
1235000: board.cache_hierarchy.l2-cache-0: access for ReadReq [4f38:4f3f] type=MemRead UC
1236000: board.cache_hierarchy.l1i-cache-0: sendMSHRQueuePacket: MSHR ReadReq [1c0:1ff] IF
1236000: board.cache_hierarchy.l1i-cache-0: createMissPacket: created ReadSharedReq [1c0:1ff] IF from ReadReq [1c0:1ff] IF
1236000: board.cache_hierarchy.l2-cache-0: access for ReadSharedReq [1c0:1ff] IF miss
1236000: board.cache_hierarchy.l2-cache-0: sendMSHRQueuePacket: MSHR ReadReq [4f08:4f0f] type=MemRead UC
1237000: board.cache_hierarchy.l2-cache-0: sendMSHRQueuePacket: MSHR ReadReq [4f00:4f07] type=MemRead UC
1237000: board.cache_hierarchy.l2-cache-0: sendMSHRQueuePacket: MSHR ReadReq [4f00:4f07] type=MemRead UC
1238000: board.cache_hierarchy.l2-cache-0: sendMSHRQueuePacket: MSHR ReadReq [4ef8:4eff] type=MemRead UC
1238000: board.cache_hierarchy.l2-cache-0: sendMSHRQueuePacket: MSHR ReadReq [4ef8:4eff] type=MemRead UC
1239000: board.cache_hierarchy.l2-cache-0: sendMSHRQueuePacket: MSHR ReadReq [4ef0:4ef7] type=MemRead UC
1239000: board.cache_hierarchy.l2-cache-0: sendMSHRQueuePacket: MSHR ReadReq [4ef0:4ef7] type=MemRead UC
1240000: board.cache_hierarchy.l2-cache-0: sendMSHRQueuePacket: MSHR ReadReq [4f28:4f2f] type=MemRead UC
1240000: board.cache_hierarchy.l2-cache-0: sendMSHRQueuePacket: MSHR ReadReq [4f28:4f2f] type=MemRead UC
1241000: board.cache_hierarchy.l2-cache-0: sendMSHRQueuePacket: MSHR ReadReq [4f20:4f27] type=MemRead UC
1241000: board.cache_hierarchy.l2-cache-0: sendMSHRQueuePacket: MSHR ReadReq [4f20:4f27] type=MemRead UC
1242000: board.cache_hierarchy.l2-cache-0: sendMSHRQueuePacket: MSHR ReadReq [4f18:4f1f] type=MemRead UC
1242000: board.cache_hierarchy.l2-cache-0: sendMSHRQueuePacket: MSHR ReadReq [4f18:4f1f] type=MemRead UC
1243000: board.cache_hierarchy.l2-cache-0: sendMSHRQueuePacket: MSHR ReadReq [4f10:4f17] type=MemRead UC
1243000: board.cache_hierarchy.l2-cache-0: sendMSHRQueuePacket: MSHR ReadReq [4f10:4f17] type=MemRead UC
1243000: board.cache_hierarchy.l2-cache-0: recvTimingResp: Handling response ReadResp [4f00:4f07] type=MemRead UC
1243000: board.cache_hierarchy.l2-cache-0: recvTimingResp: Leaving with ReadResp [4f00:4f07] type=MemRead UC
1244000: board.cache_hierarchy.l2-cache-0: sendMSHRQueuePacket: MSHR ReadReq [4f48:4f4f] type=MemRead UC
1244000: board.cache_hierarchy.l2-cache-0: sendMSHRQueuePacket: MSHR ReadReq [4f48:4f4f] type=MemRead UC
1245000: board.cache_hierarchy.l2-cache-0: sendMSHRQueuePacket: MSHR ReadReq [4f40:4f47] type=MemRead UC
1245000: board.cache_hierarchy.l2-cache-0: sendMSHRQueuePacket: MSHR ReadReq [4f40:4f47] type=MemRead UC
1246000: board.cache_hierarchy.l1d-cache-0: recvTimingResp: Handling response ReadResp [4f00:4f07] type=MemRead UC
1246000: board.cache_hierarchy.l1d-cache-0: Unblocking for cause 0, mask=0
1246000: board.cache_hierarchy.l1d-cache-0: recvTimingResp: Leaving with ReadResp [4f00:4f07] type=MemRead UC
1246000: board.cache_hierarchy.l2-cache-0: sendMSHRQueuePacket: MSHR ReadReq [4f38:4f3f] type=MemRead UC
1246000: board.cache_hierarchy.l2-cache-0: sendMSHRQueuePacket: MSHR ReadReq [4f38:4f3f] type=MemRead UC
1247000: board.cache_hierarchy.l2-cache-0: sendMSHRQueuePacket: MSHR ReadSharedReq [1c0:1ff] IF
1247000: board.cache_hierarchy.l2-cache-0: createMissPacket: created ReadSharedReq [1c0:1ff] IF from ReadSharedReq [1c0:1ff] IF
1247000: board.cache_hierarchy.l2-cache-0: sendMSHRQueuePacket: MSHR ReadSharedReq [1c0:1ff] IF
1247000: board.cache_hierarchy.l2-cache-0: createMissPacket: created ReadSharedReq [1c0:1ff] IF from ReadSharedReq [1c0:1ff] IF
1248000: board.cache_hierarchy.l1d-cache-0: access for ReadReq [4f30:4f37] type=MemRead UC
1248000: board.cache_hierarchy.l1d-cache-0: Blocking for cause 0, mask=1
1249000: board.cache_hierarchy.l1d-cache-0: sendMSHRQueuePacket: MSHR ReadReq [4f30:4f37] type=MemRead UC
1249000: board.cache_hierarchy.l2-cache-0: access for ReadReq [4f30:4f37] type=MemRead UC
1257000: board.cache_hierarchy.l2-cache-0: recvTimingResp: Handling response ReadResp [4f00:4f07] type=MemRead UC
1257000: board.cache_hierarchy.l2-cache-0: recvTimingResp: Leaving with ReadResp [4f00:4f07] type=MemRead UC
1259000: board.cache_hierarchy.l2-cache-0: recvTimingResp: Handling response ReadResp [4ef0:4ef7] type=MemRead UC
1259000: board.cache_hierarchy.l2-cache-0: recvTimingResp: Leaving with ReadResp [4ef0:4ef7] type=MemRead UC
1260000: board.cache_hierarchy.l1d-cache-0: recvTimingResp: Handling response ReadResp [4f00:4f07] type=MemRead UC
1260000: board.cache_hierarchy.l1d-cache-0: Unblocking for cause 0, mask=0
1260000: board.cache_hierarchy.l1d-cache-0: recvTimingResp: Leaving with ReadResp [4f00:4f07] type=MemRead UC
1260000: board.cache_hierarchy.l2-cache-0: sendMSHRQueuePacket: MSHR ReadReq [4f30:4f37] type=MemRead UC
1262000: board.cache_hierarchy.l1d-cache-0: recvTimingResp: Handling response ReadResp [4ef0:4ef7] type=MemRead UC
1262000: board.cache_hierarchy.l1d-cache-0: recvTimingResp: Leaving with ReadResp [4ef0:4ef7] type=MemRead UC
1262000: board.cache_hierarchy.l1d-cache-0: access for ReadReq [4f50:4f53] type=MemRead UC
1263000: board.cache_hierarchy.l1d-cache-0: sendMSHRQueuePacket: MSHR ReadReq [4f50:4f53] type=MemRead UC
1263000: board.cache_hierarchy.l2-cache-0: access for ReadReq [4f50:4f53] type=MemRead UC
1268000: board.cache_hierarchy.l2-cache-0: recvTimingResp: Handling response ReadResp [2978:297f] type=MemRead UC
1268000: board.cache_hierarchy.l2-cache-0: recvTimingResp: Leaving with ReadResp [2978:297f] type=MemRead UC
1271000: board.cache_hierarchy.l1d-cache-0: recvTimingResp: Handling response ReadResp [2978:297f] type=MemRead UC
1271000: board.cache_hierarchy.l1d-cache-0: recvTimingResp: Leaving with ReadResp [2978:297f] type=MemRead UC
1274000: board.cache_hierarchy.l2-cache-0: sendMSHRQueuePacket: MSHR ReadReq [4f50:4f53] type=MemRead UC
1277000: board.processor.cores.core.workload: Translating: 0x10100->0x100
1277000: board.cache_hierarchy.l1i-cache-0: access for ReadReq [100:13f] IF miss
1278000: board.cache_hierarchy.l1i-cache-0: sendMSHRQueuePacket: MSHR ReadReq [100:13f] IF
1278000: board.cache_hierarchy.l1i-cache-0: createMissPacket: created ReadSharedReq [100:13f] IF from ReadReq [100:13f] IF
1278000: board.cache_hierarchy.l2-cache-0: access for ReadSharedReq [100:13f] IF miss
1284000: board.cache_hierarchy.l2-cache-0: recvTimingResp: Handling response ReadResp [4f08:4f0f] type=MemRead UC
1284000: board.cache_hierarchy.l2-cache-0: recvTimingResp: Leaving with ReadResp [4f08:4f0f] type=MemRead UC
1287000: board.cache_hierarchy.l1d-cache-0: recvTimingResp: Handling response ReadResp [4f08:4f0f] type=MemRead UC
1287000: board.cache_hierarchy.l1d-cache-0: recvTimingResp: Leaving with ReadResp [4f08:4f0f] type=MemRead UC
1289000: board.cache_hierarchy.l2-cache-0: recvTimingResp: Handling response ReadResp [4ef8:4eff] type=MemRead UC
1289000: board.cache_hierarchy.l2-cache-0: recvTimingResp: Leaving with ReadResp [4ef8:4eff] type=MemRead UC
1289000: board.cache_hierarchy.l2-cache-0: sendMSHRQueuePacket: MSHR ReadSharedReq [100:13f] IF
1289000: board.cache_hierarchy.l2-cache-0: createMissPacket: created ReadSharedReq [100:13f] IF from ReadSharedReq [100:13f] IF
1292000: board.cache_hierarchy.l1d-cache-0: recvTimingResp: Handling response ReadResp [4ef8:4eff] type=MemRead UC
1292000: board.cache_hierarchy.l1d-cache-0: recvTimingResp: Leaving with ReadResp [4ef8:4eff] type=MemRead UC
1292000: board.cache_hierarchy.l2-cache-0: recvTimingResp: Handling response ReadResp [2980:2987] type=MemRead UC
1292000: board.cache_hierarchy.l2-cache-0: recvTimingResp: Leaving with ReadResp [2980:2987] type=MemRead UC
1200000: board.processor.cores.core: 0x1095c    : c_ld a5, 0(s0)             : 
1200000: board.processor.cores.core: 0x1095e    : c_addi s1, 1               : 
1201000: board.processor.cores.core: 0x10960    : c_addi s0, 8               : 
1201000: board.processor.cores.core: 0x10962    : c_jalr a5                  : 
1295000: board.cache_hierarchy.l1d-cache-0: recvTimingResp: Handling response ReadResp [2980:2987] type=MemRead UC
1295000: board.cache_hierarchy.l1d-cache-0: recvTimingResp: Leaving with ReadResp [2980:2987] type=MemRead UC
1296000: board.cache_hierarchy.l2-cache-0: recvTimingResp: Handling response ReadResp [4f08:4f0f] type=MemRead UC
1296000: board.cache_hierarchy.l2-cache-0: recvTimingResp: Leaving with ReadResp [4f08:4f0f] type=MemRead UC
1299000: board.cache_hierarchy.l1d-cache-0: recvTimingResp: Handling response ReadResp [4f08:4f0f] type=MemRead UC
1299000: board.cache_hierarchy.l1d-cache-0: recvTimingResp: Leaving with ReadResp [4f08:4f0f] type=MemRead UC
1301000: board.cache_hierarchy.l2-cache-0: recvTimingResp: Handling response ReadResp [4ef8:4eff] type=MemRead UC
1301000: board.cache_hierarchy.l2-cache-0: recvTimingResp: Leaving with ReadResp [4ef8:4eff] type=MemRead UC
1304000: board.cache_hierarchy.l1d-cache-0: recvTimingResp: Handling response ReadResp [4ef8:4eff] type=MemRead UC
1304000: board.cache_hierarchy.l1d-cache-0: recvTimingResp: Leaving with ReadResp [4ef8:4eff] type=MemRead UC
1306000: board.cache_hierarchy.l2-cache-0: recvTimingResp: Handling response ReadResp [4f28:4f2f] type=MemRead UC
1306000: board.cache_hierarchy.l2-cache-0: recvTimingResp: Leaving with ReadResp [4f28:4f2f] type=MemRead UC
1309000: board.cache_hierarchy.l1d-cache-0: recvTimingResp: Handling response ReadResp [4f28:4f2f] type=MemRead UC
1309000: board.cache_hierarchy.l1d-cache-0: recvTimingResp: Leaving with ReadResp [4f28:4f2f] type=MemRead UC
1311000: board.cache_hierarchy.l2-cache-0: recvTimingResp: Handling response ReadResp [4f20:4f27] type=MemRead UC
1311000: board.cache_hierarchy.l2-cache-0: recvTimingResp: Leaving with ReadResp [4f20:4f27] type=MemRead UC
1314000: board.cache_hierarchy.l1d-cache-0: recvTimingResp: Handling response ReadResp [4f20:4f27] type=MemRead UC
1314000: board.cache_hierarchy.l1d-cache-0: recvTimingResp: Leaving with ReadResp [4f20:4f27] type=MemRead UC
1316000: board.cache_hierarchy.l2-cache-0: recvTimingResp: Handling response ReadResp [4f18:4f1f] type=MemRead UC
1316000: board.cache_hierarchy.l2-cache-0: recvTimingResp: Leaving with ReadResp [4f18:4f1f] type=MemRead UC
1319000: board.cache_hierarchy.l1d-cache-0: recvTimingResp: Handling response ReadResp [4f18:4f1f] type=MemRead UC
1319000: board.cache_hierarchy.l1d-cache-0: recvTimingResp: Leaving with ReadResp [4f18:4f1f] type=MemRead UC
1321000: board.cache_hierarchy.l2-cache-0: recvTimingResp: Handling response ReadResp [4f10:4f17] type=MemRead UC
1321000: board.cache_hierarchy.l2-cache-0: recvTimingResp: Leaving with ReadResp [4f10:4f17] type=MemRead UC
1324000: board.cache_hierarchy.l1d-cache-0: recvTimingResp: Handling response ReadResp [4f10:4f17] type=MemRead UC
1324000: board.cache_hierarchy.l1d-cache-0: recvTimingResp: Leaving with ReadResp [4f10:4f17] type=MemRead UC
1324000: board.cache_hierarchy.l2-cache-0: recvTimingResp: Handling response ReadResp [1c0:1ff] IF
1324000: board.cache_hierarchy.l2-cache-0: Block for addr 0x1c0 being updated in Cache
1324000: board.cache_hierarchy.l2-cache-0: Block addr 0x1c0 (ns) moving from  to state: 6 (E) writable: 1 readable: 1 dirty: 0 prefetched: 0 | tag: 0 secure: 0 valid: 1 | set: 0x7 way: 0
1324000: board.cache_hierarchy.l2-cache-0: recvTimingResp: Leaving with ReadResp [1c0:1ff] IF
1326000: board.cache_hierarchy.l1i-cache-0: recvTimingResp: Handling response ReadResp [1c0:1ff] IF
1326000: board.cache_hierarchy.l1i-cache-0: Block for addr 0x1c0 being updated in Cache
1326000: board.cache_hierarchy.l1i-cache-0: Block addr 0x1c0 (ns) moving from  to state: 6 (E) writable: 1 readable: 1 dirty: 0 prefetched: 0 | tag: 0 secure: 0 valid: 1 | set: 0x7 way: 0
1326000: board.cache_hierarchy.l1i-cache-0: recvTimingResp: Leaving with ReadResp [1c0:1ff] IF
1327000: board.cache_hierarchy.l2-cache-0: recvTimingResp: Handling response ReadResp [4f48:4f4f] type=MemRead UC
1327000: board.cache_hierarchy.l2-cache-0: recvTimingResp: Leaving with ReadResp [4f48:4f4f] type=MemRead UC
1330000: board.cache_hierarchy.l1d-cache-0: recvTimingResp: Handling response ReadResp [4f48:4f4f] type=MemRead UC
1330000: board.cache_hierarchy.l1d-cache-0: recvTimingResp: Leaving with ReadResp [4f48:4f4f] type=MemRead UC
1332000: board.cache_hierarchy.l2-cache-0: recvTimingResp: Handling response ReadResp [4f40:4f47] type=MemRead UC
1332000: board.cache_hierarchy.l2-cache-0: recvTimingResp: Leaving with ReadResp [4f40:4f47] type=MemRead UC
1335000: board.cache_hierarchy.l1d-cache-0: recvTimingResp: Handling response ReadResp [4f40:4f47] type=MemRead UC
1335000: board.cache_hierarchy.l1d-cache-0: recvTimingResp: Leaving with ReadResp [4f40:4f47] type=MemRead UC
1337000: board.cache_hierarchy.l2-cache-0: recvTimingResp: Handling response ReadResp [4f38:4f3f] type=MemRead UC
1337000: board.cache_hierarchy.l2-cache-0: recvTimingResp: Leaving with ReadResp [4f38:4f3f] type=MemRead UC
1340000: board.cache_hierarchy.l1d-cache-0: recvTimingResp: Handling response ReadResp [4f38:4f3f] type=MemRead UC
1340000: board.cache_hierarchy.l1d-cache-0: recvTimingResp: Leaving with ReadResp [4f38:4f3f] type=MemRead UC
1342000: board.cache_hierarchy.l2-cache-0: recvTimingResp: Handling response ReadResp [4f30:4f37] type=MemRead UC
1342000: board.cache_hierarchy.l2-cache-0: recvTimingResp: Leaving with ReadResp [4f30:4f37] type=MemRead UC
1345000: board.cache_hierarchy.l1d-cache-0: recvTimingResp: Handling response ReadResp [4f30:4f37] type=MemRead UC
1345000: board.cache_hierarchy.l1d-cache-0: recvTimingResp: Leaving with ReadResp [4f30:4f37] type=MemRead UC
1347000: board.cache_hierarchy.l2-cache-0: recvTimingResp: Handling response ReadResp [4f50:4f53] type=MemRead UC
1347000: board.cache_hierarchy.l2-cache-0: recvTimingResp: Leaving with ReadResp [4f50:4f53] type=MemRead UC
1350000: board.cache_hierarchy.l1d-cache-0: recvTimingResp: Handling response ReadResp [4f50:4f53] type=MemRead UC
1350000: board.cache_hierarchy.l1d-cache-0: recvTimingResp: Leaving with ReadResp [4f50:4f53] type=MemRead UC
1351000: board.cache_hierarchy.l2-cache-0: recvTimingResp: Handling response ReadResp [100:13f] IF
1351000: board.cache_hierarchy.l2-cache-0: Block for addr 0x100 being updated in Cache
1351000: board.cache_hierarchy.l2-cache-0: Block addr 0x100 (ns) moving from  to state: 6 (E) writable: 1 readable: 1 dirty: 0 prefetched: 0 | tag: 0 secure: 0 valid: 1 | set: 0x4 way: 0
1351000: board.cache_hierarchy.l2-cache-0: recvTimingResp: Leaving with ReadResp [100:13f] IF
1353000: board.cache_hierarchy.l1i-cache-0: recvTimingResp: Handling response ReadResp [100:13f] IF
1353000: board.cache_hierarchy.l1i-cache-0: Block for addr 0x100 being updated in Cache
1353000: board.cache_hierarchy.l1i-cache-0: Block addr 0x100 (ns) moving from  to state: 6 (E) writable: 1 readable: 1 dirty: 0 prefetched: 0 | tag: 0 secure: 0 valid: 1 | set: 0x4 way: 0
1353000: board.cache_hierarchy.l1i-cache-0: recvTimingResp: Leaving with ReadResp [100:13f] IF
1354000: board.processor.cores.core.workload: Translating: 0x10140->0x140
1354000: board.cache_hierarchy.l1i-cache-0: access for ReadReq [140:17f] IF hit state: 6 (E) writable: 1 readable: 1 dirty: 0 prefetched: 0 | tag: 0 secure: 0 valid: 1 | set: 0x5 way: 0
1357000: board.processor.cores.core.workload: Translating: 0x10940->0x940
1357000: board.cache_hierarchy.l1i-cache-0: access for ReadReq [940:97f] IF hit state: 6 (E) writable: 1 readable: 1 dirty: 0 prefetched: 0 | tag: 0 secure: 0 valid: 1 | set: 0x25 way: 0
1359000: board.processor.cores.core.workload: Translating: 0x10ac0->0xac0
1359000: board.cache_hierarchy.l1i-cache-0: access for ReadReq [ac0:aff] IF hit state: 6 (E) writable: 1 readable: 1 dirty: 0 prefetched: 0 | tag: 0 secure: 0 valid: 1 | set: 0x2b way: 0
1363000: board.processor.cores.core.workload: Translating: 0x10140->0x140
1363000: board.cache_hierarchy.l1i-cache-0: access for ReadReq [140:17f] IF hit state: 6 (E) writable: 1 readable: 1 dirty: 0 prefetched: 0 | tag: 0 secure: 0 valid: 1 | set: 0x5 way: 0
1354000: board.processor.cores.core: 0x1013c    : addi a5, zero, 0           : 
1355000: board.processor.cores.core: 0x10140    : c_beqz a5, 12              : 
1364000: board.processor.cores.core.workload: Translating: 0x10940->0x940
1364000: board.cache_hierarchy.l1i-cache-0: access for ReadReq [940:97f] IF hit state: 6 (E) writable: 1 readable: 1 dirty: 0 prefetched: 0 | tag: 0 secure: 0 valid: 1 | set: 0x25 way: 0
1364000: board.processor.cores.core: 0x1014c    : c_jr ra                    : 
1373000: board.processor.cores.core.workload: Translating: 0x12980->0x2980
1373000: board.cache_hierarchy.l1d-cache-0: access for ReadReq [2980:2987] type=MemRead UC
1365000: board.processor.cores.core: 0x10964    : bltu s1, s2, -8            : 
1374000: board.cache_hierarchy.l1d-cache-0: sendMSHRQueuePacket: MSHR ReadReq [2980:2987] type=MemRead UC
1374000: board.cache_hierarchy.l2-cache-0: access for ReadReq [2980:2987] type=MemRead UC
1375000: board.processor.cores.core.workload: Translating: 0x10180->0x180
1375000: board.cache_hierarchy.l1i-cache-0: access for ReadReq [180:1bf] IF hit state: 6 (E) writable: 1 readable: 1 dirty: 0 prefetched: 0 | tag: 0 secure: 0 valid: 1 | set: 0x6 way: 0
1375000: board.processor.cores.core.workload: Translating: 0x7fffffffffffff08->0x4f08
1375000: board.cache_hierarchy.l1d-cache-0: access for ReadReq [4f08:4f0f] type=MemRead UC
1376000: board.cache_hierarchy.l1d-cache-0: sendMSHRQueuePacket: MSHR ReadReq [4f08:4f0f] type=MemRead UC
1376000: board.cache_hierarchy.l2-cache-0: access for ReadReq [4f08:4f0f] type=MemRead UC
1376000: board.processor.cores.core.workload: Translating: 0x7fffffffffffff00->0x4f00
1376000: board.cache_hierarchy.l1d-cache-0: access for ReadReq [4f00:4f07] type=MemRead UC
1376000: board.processor.cores.core.workload: Translating: 0x7ffffffffffffef8->0x4ef8
1376000: board.cache_hierarchy.l1d-cache-0: access for ReadReq [4ef8:4eff] type=MemRead UC
1377000: board.cache_hierarchy.l1d-cache-0: sendMSHRQueuePacket: MSHR ReadReq [4f00:4f07] type=MemRead UC
1377000: board.cache_hierarchy.l1d-cache-0: sendMSHRQueuePacket: MSHR ReadReq [4f00:4f07] type=MemRead UC
1377000: board.cache_hierarchy.l2-cache-0: access for ReadReq [4f00:4f07] type=MemRead UC
1377000: board.processor.cores.core.workload: Translating: 0x101c0->0x1c0
1377000: board.cache_hierarchy.l1i-cache-0: access for ReadReq [1c0:1ff] IF hit state: 6 (E) writable: 1 readable: 1 dirty: 0 prefetched: 0 | tag: 0 secure: 0 valid: 1 | set: 0x7 way: 0
1377000: board.processor.cores.core.workload: Translating: 0x7ffffffffffffef0->0x4ef0
1377000: board.cache_hierarchy.l1d-cache-0: access for ReadReq [4ef0:4ef7] type=MemRead UC
1377001: board.cache_hierarchy.l1d-cache-0: sendMSHRQueuePacket: MSHR ReadReq [4ef8:4eff] type=MemRead UC
1378000: board.cache_hierarchy.l1d-cache-0: sendMSHRQueuePacket: MSHR ReadReq [4ef8:4eff] type=MemRead UC
1378000: board.cache_hierarchy.l2-cache-0: access for ReadReq [4ef8:4eff] type=MemRead UC
1378001: board.cache_hierarchy.l1d-cache-0: sendMSHRQueuePacket: MSHR ReadReq [4ef0:4ef7] type=MemRead UC
1379000: board.cache_hierarchy.l1d-cache-0: sendMSHRQueuePacket: MSHR ReadReq [4ef0:4ef7] type=MemRead UC
1379000: board.cache_hierarchy.l2-cache-0: access for ReadReq [4ef0:4ef7] type=MemRead UC
1379000: board.processor.cores.core.workload: Translating: 0x7fffffffffffff28->0x4f28
1379000: board.cache_hierarchy.l1d-cache-0: access for ReadReq [4f28:4f2f] type=MemRead UC
1379000: board.processor.cores.core.workload: Translating: 0x7fffffffffffff20->0x4f20
1379000: board.cache_hierarchy.l1d-cache-0: access for ReadReq [4f20:4f27] type=MemRead UC
1380000: board.cache_hierarchy.l1d-cache-0: sendMSHRQueuePacket: MSHR ReadReq [4f28:4f2f] type=MemRead UC
1380000: board.cache_hierarchy.l1d-cache-0: sendMSHRQueuePacket: MSHR ReadReq [4f28:4f2f] type=MemRead UC
1380000: board.cache_hierarchy.l2-cache-0: access for ReadReq [4f28:4f2f] type=MemRead UC
1380000: board.processor.cores.core.workload: Translating: 0x7fffffffffffff18->0x4f18
1380000: board.cache_hierarchy.l1d-cache-0: access for ReadReq [4f18:4f1f] type=MemRead UC
1380000: board.processor.cores.core.workload: Translating: 0x7fffffffffffff10->0x4f10
1380000: board.cache_hierarchy.l1d-cache-0: access for ReadReq [4f10:4f17] type=MemRead UC
1380001: board.cache_hierarchy.l1d-cache-0: sendMSHRQueuePacket: MSHR ReadReq [4f20:4f27] type=MemRead UC
1381000: board.cache_hierarchy.l1d-cache-0: sendMSHRQueuePacket: MSHR ReadReq [4f20:4f27] type=MemRead UC
1381000: board.cache_hierarchy.l2-cache-0: access for ReadReq [4f20:4f27] type=MemRead UC
1381001: board.cache_hierarchy.l1d-cache-0: sendMSHRQueuePacket: MSHR ReadReq [4f18:4f1f] type=MemRead UC
1382000: board.cache_hierarchy.l1d-cache-0: sendMSHRQueuePacket: MSHR ReadReq [4f18:4f1f] type=MemRead UC
1382000: board.cache_hierarchy.l2-cache-0: access for ReadReq [4f18:4f1f] type=MemRead UC
1382000: board.processor.cores.core.workload: Translating: 0x7fffffffffffff30->0x4f30
1382000: board.cache_hierarchy.l1d-cache-0: access for ReadReq [4f30:4f33] type=MemRead UC
1382001: board.cache_hierarchy.l1d-cache-0: sendMSHRQueuePacket: MSHR ReadReq [4f10:4f17] type=MemRead UC
1383000: board.cache_hierarchy.l1d-cache-0: sendMSHRQueuePacket: MSHR ReadReq [4f10:4f17] type=MemRead UC
1383000: board.cache_hierarchy.l2-cache-0: access for ReadReq [4f10:4f17] type=MemRead UC
1383000: board.processor.cores.core.workload: Translating: 0x10200->0x200
1383000: board.cache_hierarchy.l1i-cache-0: access for ReadReq [200:23f] IF miss
1383001: board.cache_hierarchy.l1d-cache-0: sendMSHRQueuePacket: MSHR ReadReq [4f30:4f33] type=MemRead UC
1384000: board.cache_hierarchy.l1i-cache-0: sendMSHRQueuePacket: MSHR ReadReq [200:23f] IF
1384000: board.cache_hierarchy.l1i-cache-0: createMissPacket: created ReadSharedReq [200:23f] IF from ReadReq [200:23f] IF
1384000: board.cache_hierarchy.l1d-cache-0: sendMSHRQueuePacket: MSHR ReadReq [4f30:4f33] type=MemRead UC
1384000: board.cache_hierarchy.l2-cache-0: access for ReadReq [4f30:4f33] type=MemRead UC
1385000: board.cache_hierarchy.l1i-cache-0: sendMSHRQueuePacket: MSHR ReadReq [200:23f] IF
1385000: board.cache_hierarchy.l1i-cache-0: createMissPacket: created ReadSharedReq [200:23f] IF from ReadReq [200:23f] IF
1385000: board.cache_hierarchy.l2-cache-0: access for ReadSharedReq [200:23f] IF miss
1385000: board.cache_hierarchy.l2-cache-0: sendMSHRQueuePacket: MSHR ReadReq [2980:2987] type=MemRead UC
1385000: board.processor.cores.core.workload: Translating: 0x101c0->0x1c0
1385000: board.cache_hierarchy.l1i-cache-0: access for ReadReq [1c0:1ff] IF hit state: 6 (E) writable: 1 readable: 1 dirty: 0 prefetched: 0 | tag: 0 secure: 0 valid: 1 | set: 0x7 way: 0
1385000: board.processor.cores.core.workload: Translating: 0x7fffffffffffff28->0x4f28
1387000: board.cache_hierarchy.l2-cache-0: sendMSHRQueuePacket: MSHR ReadReq [4f08:4f0f] type=MemRead UC
1387000: board.processor.cores.core.workload: Translating: 0x10200->0x200
1387000: board.cache_hierarchy.l1i-cache-0: access for ReadReq [200:23f] IF miss
1387000: board.cache_hierarchy.l1i-cache-0: handleTimingReqMiss coalescing MSHR for ReadReq [200:23f] IF
1388000: board.cache_hierarchy.l2-cache-0: sendMSHRQueuePacket: MSHR ReadReq [4f00:4f07] type=MemRead UC
1388000: board.cache_hierarchy.l2-cache-0: sendMSHRQueuePacket: MSHR ReadReq [4f00:4f07] type=MemRead UC
1389000: board.cache_hierarchy.l2-cache-0: sendMSHRQueuePacket: MSHR ReadReq [4ef8:4eff] type=MemRead UC
1389000: board.cache_hierarchy.l2-cache-0: sendMSHRQueuePacket: MSHR ReadReq [4ef8:4eff] type=MemRead UC
1390000: board.cache_hierarchy.l2-cache-0: sendMSHRQueuePacket: MSHR ReadReq [4ef0:4ef7] type=MemRead UC
1390000: board.cache_hierarchy.l2-cache-0: sendMSHRQueuePacket: MSHR ReadReq [4ef0:4ef7] type=MemRead UC
1391000: board.cache_hierarchy.l2-cache-0: sendMSHRQueuePacket: MSHR ReadReq [4f28:4f2f] type=MemRead UC
1391000: board.cache_hierarchy.l2-cache-0: sendMSHRQueuePacket: MSHR ReadReq [4f28:4f2f] type=MemRead UC
1392000: board.cache_hierarchy.l2-cache-0: sendMSHRQueuePacket: MSHR ReadReq [4f20:4f27] type=MemRead UC
1392000: board.cache_hierarchy.l2-cache-0: sendMSHRQueuePacket: MSHR ReadReq [4f20:4f27] type=MemRead UC
1393000: board.cache_hierarchy.l2-cache-0: sendMSHRQueuePacket: MSHR ReadReq [4f18:4f1f] type=MemRead UC
1393000: board.cache_hierarchy.l2-cache-0: sendMSHRQueuePacket: MSHR ReadReq [4f18:4f1f] type=MemRead UC
1394000: board.cache_hierarchy.l2-cache-0: sendMSHRQueuePacket: MSHR ReadReq [4f10:4f17] type=MemRead UC
1394000: board.cache_hierarchy.l2-cache-0: sendMSHRQueuePacket: MSHR ReadReq [4f10:4f17] type=MemRead UC
1395000: board.cache_hierarchy.l2-cache-0: sendMSHRQueuePacket: MSHR ReadReq [4f30:4f33] type=MemRead UC
1395000: board.cache_hierarchy.l2-cache-0: sendMSHRQueuePacket: MSHR ReadReq [4f30:4f33] type=MemRead UC
1396000: board.cache_hierarchy.l2-cache-0: sendMSHRQueuePacket: MSHR ReadSharedReq [200:23f] IF
1396000: board.cache_hierarchy.l2-cache-0: createMissPacket: created ReadSharedReq [200:23f] IF from ReadSharedReq [200:23f] IF
1396000: board.cache_hierarchy.l2-cache-0: sendMSHRQueuePacket: MSHR ReadSharedReq [200:23f] IF
1396000: board.cache_hierarchy.l2-cache-0: createMissPacket: created ReadSharedReq [200:23f] IF from ReadSharedReq [200:23f] IF
1408000: board.cache_hierarchy.l2-cache-0: recvTimingResp: Handling response ReadResp [4f00:4f07] type=MemRead UC
1408000: board.cache_hierarchy.l2-cache-0: recvTimingResp: Leaving with ReadResp [4f00:4f07] type=MemRead UC
1410000: board.cache_hierarchy.l2-cache-0: recvTimingResp: Handling response ReadResp [4ef0:4ef7] type=MemRead UC
1410000: board.cache_hierarchy.l2-cache-0: recvTimingResp: Leaving with ReadResp [4ef0:4ef7] type=MemRead UC
1411000: board.cache_hierarchy.l1d-cache-0: recvTimingResp: Handling response ReadResp [4f00:4f07] type=MemRead UC
1411000: board.cache_hierarchy.l1d-cache-0: recvTimingResp: Leaving with ReadResp [4f00:4f07] type=MemRead UC
1413000: board.cache_hierarchy.l1d-cache-0: recvTimingResp: Handling response ReadResp [4ef0:4ef7] type=MemRead UC
1413000: board.cache_hierarchy.l1d-cache-0: recvTimingResp: Leaving with ReadResp [4ef0:4ef7] type=MemRead UC
1433000: board.cache_hierarchy.l2-cache-0: recvTimingResp: Handling response ReadResp [2980:2987] type=MemRead UC
1433000: board.cache_hierarchy.l2-cache-0: recvTimingResp: Leaving with ReadResp [2980:2987] type=MemRead UC
1436000: board.cache_hierarchy.l1d-cache-0: recvTimingResp: Handling response ReadResp [2980:2987] type=MemRead UC
1436000: board.cache_hierarchy.l1d-cache-0: recvTimingResp: Leaving with ReadResp [2980:2987] type=MemRead UC
1436000: board.cache_hierarchy.l2-cache-0: recvTimingResp: Handling response ReadResp [4f08:4f0f] type=MemRead UC
1436000: board.cache_hierarchy.l2-cache-0: recvTimingResp: Leaving with ReadResp [4f08:4f0f] type=MemRead UC
1439000: board.cache_hierarchy.l1d-cache-0: recvTimingResp: Handling response ReadResp [4f08:4f0f] type=MemRead UC
1439000: board.cache_hierarchy.l1d-cache-0: recvTimingResp: Leaving with ReadResp [4f08:4f0f] type=MemRead UC
1441000: board.cache_hierarchy.l2-cache-0: recvTimingResp: Handling response ReadResp [4ef8:4eff] type=MemRead UC
1441000: board.cache_hierarchy.l2-cache-0: recvTimingResp: Leaving with ReadResp [4ef8:4eff] type=MemRead UC
1442000: board.processor.cores.core.workload: Translating: 0x101c0->0x1c0
1442000: board.cache_hierarchy.l1i-cache-0: access for ReadReq [1c0:1ff] IF hit state: 6 (E) writable: 1 readable: 1 dirty: 0 prefetched: 0 | tag: 0 secure: 0 valid: 1 | set: 0x7 way: 0
1444000: board.cache_hierarchy.l1d-cache-0: recvTimingResp: Handling response ReadResp [4ef8:4eff] type=MemRead UC
1444000: board.cache_hierarchy.l1d-cache-0: recvTimingResp: Leaving with ReadResp [4ef8:4eff] type=MemRead UC
1446000: board.cache_hierarchy.l2-cache-0: recvTimingResp: Handling response ReadResp [4f28:4f2f] type=MemRead UC
1446000: board.cache_hierarchy.l2-cache-0: recvTimingResp: Leaving with ReadResp [4f28:4f2f] type=MemRead UC
1446000: board.processor.cores.core.workload: Translating: 0x10940->0x940
1446000: board.cache_hierarchy.l1i-cache-0: access for ReadReq [940:97f] IF hit state: 6 (E) writable: 1 readable: 1 dirty: 0 prefetched: 0 | tag: 0 secure: 0 valid: 1 | set: 0x25 way: 0
1449000: board.cache_hierarchy.l1d-cache-0: recvTimingResp: Handling response ReadResp [4f28:4f2f] type=MemRead UC
1449000: board.cache_hierarchy.l1d-cache-0: recvTimingResp: Leaving with ReadResp [4f28:4f2f] type=MemRead UC
1450000: board.processor.cores.core.workload: Translating: 0x10180->0x180
1450000: board.cache_hierarchy.l1i-cache-0: access for ReadReq [180:1bf] IF hit state: 6 (E) writable: 1 readable: 1 dirty: 0 prefetched: 0 | tag: 0 secure: 0 valid: 1 | set: 0x6 way: 0
1452000: board.processor.cores.core.workload: Translating: 0x101c0->0x1c0
1452000: board.cache_hierarchy.l1i-cache-0: access for ReadReq [1c0:1ff] IF hit state: 6 (E) writable: 1 readable: 1 dirty: 0 prefetched: 0 | tag: 0 secure: 0 valid: 1 | set: 0x7 way: 0
1366000: board.processor.cores.core: 0x1095c    : c_ld a5, 0(s0)             : 
1366000: board.processor.cores.core: 0x1095e    : c_addi s1, 1               : 
1367000: board.processor.cores.core: 0x10960    : c_addi s0, 8               : 
1367000: board.processor.cores.core: 0x10962    : c_jalr a5                  : 
1458000: board.processor.cores.core.workload: Translating: 0x10200->0x200
1458000: board.cache_hierarchy.l1i-cache-0: access for ReadReq [200:23f] IF miss
1458000: board.cache_hierarchy.l1i-cache-0: handleTimingReqMiss coalescing MSHR for ReadReq [200:23f] IF
1463000: board.processor.cores.core.workload: Translating: 0x101c0->0x1c0
1463000: board.cache_hierarchy.l1i-cache-0: access for ReadReq [1c0:1ff] IF hit state: 6 (E) writable: 1 readable: 1 dirty: 0 prefetched: 0 | tag: 0 secure: 0 valid: 1 | set: 0x7 way: 0
1443000: board.processor.cores.core: 0x101c2    : addi a5, zero, 0           : 
1443000: board.processor.cores.core: 0x101c6    : c_beqz a5, 20              : 
1464000: board.processor.cores.core.workload: Translating: 0x10940->0x940
1464000: board.cache_hierarchy.l1i-cache-0: access for ReadReq [940:97f] IF hit state: 6 (E) writable: 1 readable: 1 dirty: 0 prefetched: 0 | tag: 0 secure: 0 valid: 1 | set: 0x25 way: 0
1468000: board.processor.cores.core.workload: Translating: 0x10180->0x180
1468000: board.cache_hierarchy.l1i-cache-0: access for ReadReq [180:1bf] IF hit state: 6 (E) writable: 1 readable: 1 dirty: 0 prefetched: 0 | tag: 0 secure: 0 valid: 1 | set: 0x6 way: 0
1470000: board.processor.cores.core.workload: Translating: 0x101c0->0x1c0
1470000: board.cache_hierarchy.l1i-cache-0: access for ReadReq [1c0:1ff] IF hit state: 6 (E) writable: 1 readable: 1 dirty: 0 prefetched: 0 | tag: 0 secure: 0 valid: 1 | set: 0x7 way: 0
1471000: board.processor.cores.core.workload: Translating: 0x7fffffffffffff08->0x4f08
1471000: board.cache_hierarchy.l1d-cache-0: access for ReadReq [4f08:4f0f] type=MemRead UC
1472000: board.cache_hierarchy.l1d-cache-0: sendMSHRQueuePacket: MSHR ReadReq [4f08:4f0f] type=MemRead UC
1472000: board.cache_hierarchy.l2-cache-0: access for ReadReq [4f08:4f0f] type=MemRead UC
1464000: board.processor.cores.core: 0x101da    : c_jr ra                    : 
1473000: board.processor.cores.core.workload: Translating: 0x7fffffffffffff00->0x4f00
1473000: board.cache_hierarchy.l1d-cache-0: access for ReadReq [4f00:4f07] type=MemRead UC
1473000: board.processor.cores.core.workload: Translating: 0x7ffffffffffffef8->0x4ef8
1473000: board.cache_hierarchy.l1d-cache-0: access for ReadReq [4ef8:4eff] type=MemRead UC
1465000: board.processor.cores.core: 0x10964    : bltu s1, s2, -8            : 
1474000: board.cache_hierarchy.l1d-cache-0: sendMSHRQueuePacket: MSHR ReadReq [4f00:4f07] type=MemRead UC
1474000: board.cache_hierarchy.l2-cache-0: access for ReadReq [4f00:4f07] type=MemRead UC
1474000: board.processor.cores.core.workload: Translating: 0x7ffffffffffffef0->0x4ef0
1474000: board.cache_hierarchy.l1d-cache-0: access for ReadReq [4ef0:4ef7] type=MemRead UC
1474001: board.cache_hierarchy.l1d-cache-0: sendMSHRQueuePacket: MSHR ReadReq [4ef8:4eff] type=MemRead UC
1475000: board.cache_hierarchy.l1d-cache-0: sendMSHRQueuePacket: MSHR ReadReq [4ef8:4eff] type=MemRead UC
1475000: board.cache_hierarchy.l2-cache-0: access for ReadReq [4ef8:4eff] type=MemRead UC
1475000: board.processor.cores.core.workload: Translating: 0x7fffffffffffff10->0x4f10
1475000: board.cache_hierarchy.l1d-cache-0: access for ReadReq [4f10:4f13] type=MemRead UC
1475001: board.cache_hierarchy.l1d-cache-0: sendMSHRQueuePacket: MSHR ReadReq [4ef0:4ef7] type=MemRead UC
1476000: board.cache_hierarchy.l1d-cache-0: sendMSHRQueuePacket: MSHR ReadReq [4ef0:4ef7] type=MemRead UC
1476000: board.cache_hierarchy.l2-cache-0: access for ReadReq [4ef0:4ef7] type=MemRead UC
1476000: board.processor.cores.core.workload: Translating: 0x10200->0x200
1476000: board.cache_hierarchy.l1i-cache-0: access for ReadReq [200:23f] IF miss
1476000: board.cache_hierarchy.l1i-cache-0: handleTimingReqMiss coalescing MSHR for ReadReq [200:23f] IF
1476001: board.cache_hierarchy.l1d-cache-0: sendMSHRQueuePacket: MSHR ReadReq [4f10:4f13] type=MemRead UC
1477000: board.cache_hierarchy.l1d-cache-0: sendMSHRQueuePacket: MSHR ReadReq [4f10:4f13] type=MemRead UC
1477000: board.cache_hierarchy.l2-cache-0: access for ReadReq [4f10:4f13] type=MemRead UC
1478000: board.processor.cores.core.workload: Translating: 0x7fffffffffffff08->0x4f08
1482000: board.cache_hierarchy.l2-cache-0: recvTimingResp: Handling response ReadResp [4f20:4f27] type=MemRead UC
1482000: board.cache_hierarchy.l2-cache-0: recvTimingResp: Leaving with ReadResp [4f20:4f27] type=MemRead UC
1483000: board.cache_hierarchy.l2-cache-0: sendMSHRQueuePacket: MSHR ReadReq [4f08:4f0f] type=MemRead UC
1485000: board.cache_hierarchy.l1d-cache-0: recvTimingResp: Handling response ReadResp [4f20:4f27] type=MemRead UC
1485000: board.cache_hierarchy.l1d-cache-0: recvTimingResp: Leaving with ReadResp [4f20:4f27] type=MemRead UC
1485000: board.cache_hierarchy.l2-cache-0: sendMSHRQueuePacket: MSHR ReadReq [4f00:4f07] type=MemRead UC
1485000: board.cache_hierarchy.l2-cache-0: recvTimingResp: Handling response ReadResp [200:23f] IF
1485000: board.cache_hierarchy.l2-cache-0: Block for addr 0x200 being updated in Cache
1485000: board.cache_hierarchy.l2-cache-0: Block addr 0x200 (ns) moving from  to state: 6 (E) writable: 1 readable: 1 dirty: 0 prefetched: 0 | tag: 0 secure: 0 valid: 1 | set: 0x8 way: 0
1485000: board.cache_hierarchy.l2-cache-0: recvTimingResp: Leaving with ReadResp [200:23f] IF
1486000: board.cache_hierarchy.l2-cache-0: sendMSHRQueuePacket: MSHR ReadReq [4ef8:4eff] type=MemRead UC
1486000: board.cache_hierarchy.l2-cache-0: sendMSHRQueuePacket: MSHR ReadReq [4ef8:4eff] type=MemRead UC
1487000: board.cache_hierarchy.l2-cache-0: sendMSHRQueuePacket: MSHR ReadReq [4ef0:4ef7] type=MemRead UC
1487000: board.cache_hierarchy.l2-cache-0: sendMSHRQueuePacket: MSHR ReadReq [4ef0:4ef7] type=MemRead UC
1487000: board.cache_hierarchy.l1i-cache-0: recvTimingResp: Handling response ReadResp [200:23f] IF
1487000: board.cache_hierarchy.l1i-cache-0: Block for addr 0x200 being updated in Cache
1487000: board.cache_hierarchy.l1i-cache-0: Block addr 0x200 (ns) moving from  to state: 6 (E) writable: 1 readable: 1 dirty: 0 prefetched: 0 | tag: 0 secure: 0 valid: 1 | set: 0x8 way: 0
1487000: board.cache_hierarchy.l1i-cache-0: recvTimingResp: Leaving with ReadResp [200:23f] IF
1488000: board.cache_hierarchy.l2-cache-0: sendMSHRQueuePacket: MSHR ReadReq [4f10:4f13] type=MemRead UC
1488000: board.cache_hierarchy.l2-cache-0: sendMSHRQueuePacket: MSHR ReadReq [4f10:4f13] type=MemRead UC
1489000: board.cache_hierarchy.l2-cache-0: recvTimingResp: Handling response ReadResp [4f18:4f1f] type=MemRead UC
1489000: board.cache_hierarchy.l2-cache-0: recvTimingResp: Leaving with ReadResp [4f18:4f1f] type=MemRead UC
1492000: board.cache_hierarchy.l1d-cache-0: recvTimingResp: Handling response ReadResp [4f18:4f1f] type=MemRead UC
1492000: board.cache_hierarchy.l1d-cache-0: recvTimingResp: Leaving with ReadResp [4f18:4f1f] type=MemRead UC
1494000: board.cache_hierarchy.l2-cache-0: recvTimingResp: Handling response ReadResp [4f10:4f17] type=MemRead UC
1494000: board.cache_hierarchy.l2-cache-0: recvTimingResp: Leaving with ReadResp [4f10:4f17] type=MemRead UC
1497000: board.cache_hierarchy.l1d-cache-0: recvTimingResp: Handling response ReadResp [4f10:4f17] type=MemRead UC
1497000: board.cache_hierarchy.l1d-cache-0: recvTimingResp: Leaving with ReadResp [4f10:4f17] type=MemRead UC
1499000: board.cache_hierarchy.l2-cache-0: recvTimingResp: Handling response ReadResp [4f30:4f33] type=MemRead UC
1499000: board.cache_hierarchy.l2-cache-0: recvTimingResp: Leaving with ReadResp [4f30:4f33] type=MemRead UC
1501000: board.processor.cores.core.workload: Translating: 0x10240->0x240
1501000: board.cache_hierarchy.l1i-cache-0: access for ReadReq [240:27f] IF miss
1502000: board.cache_hierarchy.l1i-cache-0: sendMSHRQueuePacket: MSHR ReadReq [240:27f] IF
1502000: board.cache_hierarchy.l1i-cache-0: createMissPacket: created ReadSharedReq [240:27f] IF from ReadReq [240:27f] IF
1502000: board.cache_hierarchy.l2-cache-0: access for ReadSharedReq [240:27f] IF miss
1502000: board.cache_hierarchy.l1d-cache-0: recvTimingResp: Handling response ReadResp [4f30:4f33] type=MemRead UC
1502000: board.cache_hierarchy.l1d-cache-0: recvTimingResp: Leaving with ReadResp [4f30:4f33] type=MemRead UC
1505000: board.cache_hierarchy.l2-cache-0: recvTimingResp: Handling response ReadResp [4f00:4f07] type=MemRead UC
1505000: board.cache_hierarchy.l2-cache-0: recvTimingResp: Leaving with ReadResp [4f00:4f07] type=MemRead UC
1507000: board.cache_hierarchy.l2-cache-0: recvTimingResp: Handling response ReadResp [4ef0:4ef7] type=MemRead UC
1507000: board.cache_hierarchy.l2-cache-0: recvTimingResp: Leaving with ReadResp [4ef0:4ef7] type=MemRead UC
1508000: board.cache_hierarchy.l1d-cache-0: recvTimingResp: Handling response ReadResp [4f00:4f07] type=MemRead UC
1508000: board.cache_hierarchy.l1d-cache-0: recvTimingResp: Leaving with ReadResp [4f00:4f07] type=MemRead UC
1510000: board.cache_hierarchy.l1d-cache-0: recvTimingResp: Handling response ReadResp [4ef0:4ef7] type=MemRead UC
1510000: board.cache_hierarchy.l1d-cache-0: recvTimingResp: Leaving with ReadResp [4ef0:4ef7] type=MemRead UC
1511000: board.processor.cores.core.workload: Translating: 0x7fffffffffffff00->0x4f00
1513000: board.cache_hierarchy.l2-cache-0: sendMSHRQueuePacket: MSHR ReadSharedReq [240:27f] IF
1513000: board.cache_hierarchy.l2-cache-0: createMissPacket: created ReadSharedReq [240:27f] IF from ReadSharedReq [240:27f] IF
1531000: board.cache_hierarchy.l2-cache-0: recvTimingResp: Handling response ReadResp [4f08:4f0f] type=MemRead UC
1531000: board.cache_hierarchy.l2-cache-0: recvTimingResp: Leaving with ReadResp [4f08:4f0f] type=MemRead UC
1534000: board.cache_hierarchy.l1d-cache-0: recvTimingResp: Handling response ReadResp [4f08:4f0f] type=MemRead UC
1534000: board.cache_hierarchy.l1d-cache-0: recvTimingResp: Leaving with ReadResp [4f08:4f0f] type=MemRead UC
1536000: board.cache_hierarchy.l2-cache-0: recvTimingResp: Handling response ReadResp [4ef8:4eff] type=MemRead UC
1536000: board.cache_hierarchy.l2-cache-0: recvTimingResp: Leaving with ReadResp [4ef8:4eff] type=MemRead UC
1465000: board.processor.cores.core: 0x10968    : c_ldsp ra, 24(sp)          : 
1466000: board.processor.cores.core: 0x1096a    : c_ldsp s0, 16(sp)          : 
1539000: board.cache_hierarchy.l1d-cache-0: recvTimingResp: Handling response ReadResp [4ef8:4eff] type=MemRead UC
1539000: board.cache_hierarchy.l1d-cache-0: recvTimingResp: Leaving with ReadResp [4ef8:4eff] type=MemRead UC
1541000: board.cache_hierarchy.l2-cache-0: recvTimingResp: Handling response ReadResp [4f10:4f13] type=MemRead UC
1541000: board.cache_hierarchy.l2-cache-0: recvTimingResp: Leaving with ReadResp [4f10:4f13] type=MemRead UC
1466000: board.processor.cores.core: 0x1096c    : c_ldsp s1, 8(sp)           : 
1467000: board.processor.cores.core: 0x1096e    : c_ldsp s2, 0(sp)           : 
1544000: board.cache_hierarchy.l1d-cache-0: recvTimingResp: Handling response ReadResp [4f10:4f13] type=MemRead UC
1544000: board.cache_hierarchy.l1d-cache-0: recvTimingResp: Leaving with ReadResp [4f10:4f13] type=MemRead UC
1467000: board.processor.cores.core: 0x10970    : c_addi16sp sp, 32          : 
1468000: board.processor.cores.core: 0x10972    : c_jr ra                    : 
1469000: board.processor.cores.core: 0x10188    : c_lwsp a0, 0(sp)           : 
1469000: board.processor.cores.core: 0x1018a    : c_addi4spn a1, sp, 8       : 
1470000: board.processor.cores.core: 0x1018c    : c_li a2, 0                 : 
1470000: board.processor.cores.core: 0x1018e    : jal ra, 78                 : 
1471000: board.processor.cores.core: 0x101dc    : c_addi sp, -32             : 
1471000: board.processor.cores.core: 0x101de    : c_sdsp ra, 24(sp)          : 
1472000: board.processor.cores.core: 0x101e0    : c_sdsp s0, 16(sp)          : 
1472000: board.processor.cores.core: 0x101e2    : c_addi4spn s0, sp, 32      : 
1552000: board.cache_hierarchy.l1d-cache-0: access for WriteReq [4f08:4f0f] type=MemWrite UC
1553000: board.cache_hierarchy.l1d-cache-0: sendWriteQueuePacket: write WriteReq [4f08:4f0f] type=MemWrite UC
1553000: board.cache_hierarchy.l2-cache-0: access for WriteReq [4f08:4f0f] type=MemWrite UC
1553000: board.cache_hierarchy.l1d-cache-0: access for WriteReq [4f00:4f07] type=MemWrite UC
1554000: board.cache_hierarchy.l1d-cache-0: sendWriteQueuePacket: write WriteReq [4f00:4f07] type=MemWrite UC
1555000: board.cache_hierarchy.l1d-cache-0: sendWriteQueuePacket: write WriteReq [4f00:4f07] type=MemWrite UC
1555000: board.cache_hierarchy.l2-cache-0: access for WriteReq [4f00:4f07] type=MemWrite UC
1561000: board.cache_hierarchy.l2-cache-0: recvTimingResp: Handling response ReadResp [240:27f] IF
1561000: board.cache_hierarchy.l2-cache-0: Block for addr 0x240 being updated in Cache
1561000: board.cache_hierarchy.l2-cache-0: Block addr 0x240 (ns) moving from  to state: 6 (E) writable: 1 readable: 1 dirty: 0 prefetched: 0 | tag: 0 secure: 0 valid: 1 | set: 0x9 way: 0
1561000: board.cache_hierarchy.l2-cache-0: recvTimingResp: Leaving with ReadResp [240:27f] IF
1563000: board.cache_hierarchy.l1i-cache-0: recvTimingResp: Handling response ReadResp [240:27f] IF
1563000: board.cache_hierarchy.l1i-cache-0: Block for addr 0x240 being updated in Cache
1563000: board.cache_hierarchy.l1i-cache-0: Block addr 0x240 (ns) moving from  to state: 6 (E) writable: 1 readable: 1 dirty: 0 prefetched: 0 | tag: 0 secure: 0 valid: 1 | set: 0x9 way: 0
1563000: board.cache_hierarchy.l1i-cache-0: recvTimingResp: Leaving with ReadResp [240:27f] IF
1564000: board.cache_hierarchy.l2-cache-0: sendWriteQueuePacket: write WriteReq [4f08:4f0f] type=MemWrite UC
1566000: board.cache_hierarchy.l2-cache-0: sendWriteQueuePacket: write WriteReq [4f00:4f07] type=MemWrite UC
1566000: board.cache_hierarchy.l2-cache-0: sendWriteQueuePacket: write WriteReq [4f00:4f07] type=MemWrite UC
1585000: board.cache_hierarchy.l2-cache-0: recvTimingResp: Handling response WriteResp [4f08:4f0f] type=MemWrite UC
1587000: board.cache_hierarchy.l1d-cache-0: recvTimingResp: Handling response WriteResp [4f08:4f0f] type=MemWrite UC
1587000: board.cache_hierarchy.l2-cache-0: recvTimingResp: Handling response WriteResp [4f00:4f07] type=MemWrite UC
1589000: board.cache_hierarchy.l1d-cache-0: recvTimingResp: Handling response WriteResp [4f00:4f07] type=MemWrite UC
1473000: board.processor.cores.core: 0x101e4    : csrrs t0, VLENB, zero      : 
1601000: board.processor.cores.core.workload: Translating: 0x7ffffffffffffef8->0x4ef8
1473000: board.processor.cores.core: 0x101e8    : slli t1, t0, 1             : 
1474000: board.processor.cores.core: 0x101ec    : sub sp, sp, t1             : 
1474000: board.processor.cores.core: 0x101f0    : vsetivli a5, 4, e8, mf8, ta, ma : 
1475000: board.processor.cores.core: 0x101f4    : sd a5, -24(s0)             : 
1605000: board.cache_hierarchy.l1d-cache-0: access for WriteReq [4ef8:4eff] type=MemWrite UC
1606000: board.cache_hierarchy.l1d-cache-0: sendWriteQueuePacket: write WriteReq [4ef8:4eff] type=MemWrite UC
1606000: board.cache_hierarchy.l2-cache-0: access for WriteReq [4ef8:4eff] type=MemWrite UC
1617000: board.cache_hierarchy.l2-cache-0: sendWriteQueuePacket: write WriteReq [4ef8:4eff] type=MemWrite UC
1638000: board.cache_hierarchy.l2-cache-0: recvTimingResp: Handling response WriteResp [4ef8:4eff] type=MemWrite UC
1640000: board.cache_hierarchy.l1d-cache-0: recvTimingResp: Handling response WriteResp [4ef8:4eff] type=MemWrite UC
1475000: board.processor.cores.core: 0x101f8    : csrrs a5, VLENB, zero      : 
1476000: board.processor.cores.core: 0x101fc    : sub a5, zero, a5           : 
1489000: board.processor.cores.core: 0x10200    : c_addi a5, -16             : 
1655000: board.processor.cores.core.workload: Translating: 0x10280->0x280
1655000: board.cache_hierarchy.l1i-cache-0: access for ReadReq [280:2bf] IF miss
1489000: board.processor.cores.core: 0x10202    : c_addi a5, -16             : 
1656000: board.cache_hierarchy.l1i-cache-0: sendMSHRQueuePacket: MSHR ReadReq [280:2bf] IF
1656000: board.cache_hierarchy.l1i-cache-0: createMissPacket: created ReadSharedReq [280:2bf] IF from ReadReq [280:2bf] IF
1656000: board.cache_hierarchy.l2-cache-0: access for ReadSharedReq [280:2bf] IF miss
1656000: board.processor.cores.core.workload: Translating: 0x7ffffffffffffef8->0x4ef8
1656000: board.cache_hierarchy.l1d-cache-0: access for ReadReq [4ef8:4eff] type=MemRead UC
1490000: board.processor.cores.core: 0x10204    : c_add a5, s0               : 
1490000: board.processor.cores.core: 0x10206    : c_lui a4, 19               : 
1657000: board.cache_hierarchy.l1d-cache-0: sendMSHRQueuePacket: MSHR ReadReq [4ef8:4eff] type=MemRead UC
1657000: board.cache_hierarchy.l1d-cache-0: sendMSHRQueuePacket: MSHR ReadReq [4ef8:4eff] type=MemRead UC
1657000: board.cache_hierarchy.l2-cache-0: access for ReadReq [4ef8:4eff] type=MemRead UC
1491000: board.processor.cores.core: 0x10208    : addi a4, a4, -1640         : 
1491000: board.processor.cores.core: 0x1020c    : c_li a3, 24                : 
1662000: board.processor.cores.core.workload: Translating: 0x12998->0x2998
1662000: board.cache_hierarchy.l1d-cache-0: access for ReadReq [2998:299f] type=SimdStridedLoad rs2=24 miss
1663000: board.cache_hierarchy.l1d-cache-0: sendMSHRQueuePacket: MSHR ReadReq [2998:299f] type=SimdStridedLoad rs2=24
1663000: board.cache_hierarchy.l1d-cache-0: createMissPacket: created ReadSharedReq [2980:29bf] type=SimdStridedLoad rs2=24 from ReadReq [2998:299f] type=SimdStridedLoad rs2=24
1663000: board.cache_hierarchy.l2-cache-0: access for ReadSharedReq [2980:29bf] type=SimdStridedLoad rs2=24 miss
1663000: board.processor.cores.core.workload: Translating: 0x129c8->0x29c8
1663000: board.cache_hierarchy.l1d-cache-0: access for ReadReq [29c8:29cf] type=SimdStridedLoad rs2=24 miss
1663000: board.processor.cores.core.workload: Translating: 0x129b0->0x29b0
1663000: board.cache_hierarchy.l1d-cache-0: access for ReadReq [29b0:29b7] type=SimdStridedLoad rs2=24 miss
1663000: board.cache_hierarchy.l1d-cache-0: handleTimingReqMiss coalescing MSHR for ReadReq [29b0:29b7] type=SimdStridedLoad rs2=24
1664000: board.cache_hierarchy.l1d-cache-0: sendMSHRQueuePacket: MSHR ReadReq [29c8:29cf] type=SimdStridedLoad rs2=24
1664000: board.cache_hierarchy.l1d-cache-0: createMissPacket: created ReadSharedReq [29c0:29ff] type=SimdStridedLoad rs2=24 from ReadReq [29c8:29cf] type=SimdStridedLoad rs2=24
1664000: board.cache_hierarchy.l1d-cache-0: sendMSHRQueuePacket: MSHR ReadReq [29c8:29cf] type=SimdStridedLoad rs2=24
1664000: board.cache_hierarchy.l1d-cache-0: createMissPacket: created ReadSharedReq [29c0:29ff] type=SimdStridedLoad rs2=24 from ReadReq [29c8:29cf] type=SimdStridedLoad rs2=24
1664000: board.cache_hierarchy.l2-cache-0: access for ReadSharedReq [29c0:29ff] type=SimdStridedLoad rs2=24 miss
1664000: board.processor.cores.core.workload: Translating: 0x129e0->0x29e0
1664000: board.cache_hierarchy.l1d-cache-0: access for ReadReq [29e0:29e7] type=SimdStridedLoad rs2=24 miss
1664000: board.cache_hierarchy.l1d-cache-0: handleTimingReqMiss coalescing MSHR for ReadReq [29e0:29e7] type=SimdStridedLoad rs2=24
1667000: board.cache_hierarchy.l2-cache-0: sendMSHRQueuePacket: MSHR ReadSharedReq [280:2bf] IF
1667000: board.cache_hierarchy.l2-cache-0: createMissPacket: created ReadSharedReq [280:2bf] IF from ReadSharedReq [280:2bf] IF
1668000: board.cache_hierarchy.l2-cache-0: sendMSHRQueuePacket: MSHR ReadReq [4ef8:4eff] type=MemRead UC
1668000: board.cache_hierarchy.l2-cache-0: sendMSHRQueuePacket: MSHR ReadReq [4ef8:4eff] type=MemRead UC
1674000: board.cache_hierarchy.l2-cache-0: sendMSHRQueuePacket: MSHR ReadSharedReq [2980:29bf] type=SimdStridedLoad rs2=24
1674000: board.cache_hierarchy.l2-cache-0: createMissPacket: created ReadSharedReq [2980:29bf] type=SimdStridedLoad rs2=24 from ReadSharedReq [2980:29bf] type=SimdStridedLoad rs2=24
1675000: board.cache_hierarchy.l2-cache-0: sendMSHRQueuePacket: MSHR ReadSharedReq [29c0:29ff] type=SimdStridedLoad rs2=24
1675000: board.cache_hierarchy.l2-cache-0: createMissPacket: created ReadSharedReq [29c0:29ff] type=SimdStridedLoad rs2=24 from ReadSharedReq [29c0:29ff] type=SimdStridedLoad rs2=24
1675000: board.cache_hierarchy.l2-cache-0: sendMSHRQueuePacket: MSHR ReadSharedReq [29c0:29ff] type=SimdStridedLoad rs2=24
1675000: board.cache_hierarchy.l2-cache-0: createMissPacket: created ReadSharedReq [29c0:29ff] type=SimdStridedLoad rs2=24 from ReadSharedReq [29c0:29ff] type=SimdStridedLoad rs2=24
1729000: board.cache_hierarchy.l2-cache-0: recvTimingResp: Handling response ReadResp [280:2bf] IF
1729000: board.cache_hierarchy.l2-cache-0: Block for addr 0x280 being updated in Cache
1729000: board.cache_hierarchy.l2-cache-0: Block addr 0x280 (ns) moving from  to state: 6 (E) writable: 1 readable: 1 dirty: 0 prefetched: 0 | tag: 0 secure: 0 valid: 1 | set: 0xa way: 0
1729000: board.cache_hierarchy.l2-cache-0: recvTimingResp: Leaving with ReadResp [280:2bf] IF
1731000: board.cache_hierarchy.l1i-cache-0: recvTimingResp: Handling response ReadResp [280:2bf] IF
1731000: board.cache_hierarchy.l1i-cache-0: Block for addr 0x280 being updated in Cache
1731000: board.cache_hierarchy.l1i-cache-0: Block addr 0x280 (ns) moving from  to state: 6 (E) writable: 1 readable: 1 dirty: 0 prefetched: 0 | tag: 0 secure: 0 valid: 1 | set: 0xa way: 0
1731000: board.cache_hierarchy.l1i-cache-0: recvTimingResp: Leaving with ReadResp [280:2bf] IF
1732000: board.cache_hierarchy.l2-cache-0: recvTimingResp: Handling response ReadResp [4ef8:4eff] type=MemRead UC
1732000: board.cache_hierarchy.l2-cache-0: recvTimingResp: Leaving with ReadResp [4ef8:4eff] type=MemRead UC
1735000: board.cache_hierarchy.l1d-cache-0: recvTimingResp: Handling response ReadResp [4ef8:4eff] type=MemRead UC
1735000: board.cache_hierarchy.l1d-cache-0: recvTimingResp: Leaving with ReadResp [4ef8:4eff] type=MemRead UC
1736000: board.cache_hierarchy.l2-cache-0: recvTimingResp: Handling response ReadResp [2980:29bf] type=SimdStridedLoad rs2=24
1736000: board.cache_hierarchy.l2-cache-0: Block for addr 0x2980 being updated in Cache
1736000: board.cache_hierarchy.l2-cache-0: Block addr 0x2980 (ns) moving from  to state: 6 (E) writable: 1 readable: 1 dirty: 0 prefetched: 0 | tag: 0 secure: 0 valid: 1 | set: 0xa6 way: 0
1736000: board.cache_hierarchy.l2-cache-0: recvTimingResp: Leaving with ReadResp [2980:29bf] type=SimdStridedLoad rs2=24
1738000: board.cache_hierarchy.l1d-cache-0: recvTimingResp: Handling response ReadResp [2980:29bf] type=SimdStridedLoad rs2=24
1738000: board.cache_hierarchy.l1d-cache-0: Block for addr 0x2980 being updated in Cache
1738000: board.cache_hierarchy.l1d-cache-0: Block addr 0x2980 (ns) moving from  to state: 6 (E) writable: 1 readable: 1 dirty: 0 prefetched: 0 | tag: 0x2 secure: 0 valid: 1 | set: 0x26 way: 0
1738000: board.cache_hierarchy.l1d-cache-0: recvTimingResp: Leaving with ReadResp [2980:29bf] type=SimdStridedLoad rs2=24
1741000: board.cache_hierarchy.l2-cache-0: recvTimingResp: Handling response ReadResp [29c0:29ff] type=SimdStridedLoad rs2=24
1741000: board.cache_hierarchy.l2-cache-0: Block for addr 0x29c0 being updated in Cache
1741000: board.cache_hierarchy.l2-cache-0: Block addr 0x29c0 (ns) moving from  to state: 6 (E) writable: 1 readable: 1 dirty: 0 prefetched: 0 | tag: 0 secure: 0 valid: 1 | set: 0xa7 way: 0
1741000: board.cache_hierarchy.l2-cache-0: recvTimingResp: Leaving with ReadResp [29c0:29ff] type=SimdStridedLoad rs2=24
1741000: board.processor.cores.core.workload: Translating: 0x10200->0x200
1741000: board.cache_hierarchy.l1i-cache-0: access for ReadReq [200:23f] IF hit state: 6 (E) writable: 1 readable: 1 dirty: 0 prefetched: 0 | tag: 0 secure: 0 valid: 1 | set: 0x8 way: 0
1743000: board.cache_hierarchy.l1d-cache-0: recvTimingResp: Handling response ReadResp [29c0:29ff] type=SimdStridedLoad rs2=24
1743000: board.cache_hierarchy.l1d-cache-0: Block for addr 0x29c0 being updated in Cache
1743000: board.cache_hierarchy.l1d-cache-0: Block addr 0x29c0 (ns) moving from  to state: 6 (E) writable: 1 readable: 1 dirty: 0 prefetched: 0 | tag: 0x2 secure: 0 valid: 1 | set: 0x27 way: 0
1743000: board.cache_hierarchy.l1d-cache-0: recvTimingResp: Leaving with ReadResp [29c0:29ff] type=SimdStridedLoad rs2=24
1492000: board.processor.cores.core: 0x1020e    : ld a2, -24(s0)             : 
1492000: board.processor.cores.core: 0x10212    : vsetvli zero, a2, e64, m1, ta, ma : 
1750000: board.processor.cores.core.workload: Translating: 0x10240->0x240
1750000: board.cache_hierarchy.l1i-cache-0: access for ReadReq [240:27f] IF hit state: 6 (E) writable: 1 readable: 1 dirty: 0 prefetched: 0 | tag: 0 secure: 0 valid: 1 | set: 0x9 way: 0
1755000: board.processor.cores.core.workload: Translating: 0x12998->0x2998
1755000: board.cache_hierarchy.l1d-cache-0: access for ReadReq [2998:299f] type=SimdStridedLoad rs2=24 hit state: 6 (E) writable: 1 readable: 1 dirty: 0 prefetched: 0 | tag: 0x2 secure: 0 valid: 1 | set: 0x26 way: 0
1756000: board.processor.cores.core.workload: Translating: 0x129c8->0x29c8
1756000: board.cache_hierarchy.l1d-cache-0: access for ReadReq [29c8:29cf] type=SimdStridedLoad rs2=24 hit state: 6 (E) writable: 1 readable: 1 dirty: 0 prefetched: 0 | tag: 0x2 secure: 0 valid: 1 | set: 0x27 way: 0
1756000: board.processor.cores.core.workload: Translating: 0x129b0->0x29b0
1756000: board.cache_hierarchy.l1d-cache-0: access for ReadReq [29b0:29b7] type=SimdStridedLoad rs2=24 hit state: 6 (E) writable: 1 readable: 1 dirty: 0 prefetched: 0 | tag: 0x2 secure: 0 valid: 1 | set: 0x26 way: 0
1742000: board.processor.cores.core: 0x10216    : vlse64_v v1, (a4), a3     
1742000: board.processor.cores.core: 0x10216. 0 : vpinvd_v_micro v1, ~0      : 
1758000: board.processor.cores.core.workload: Translating: 0x129e0->0x29e0
1758000: board.cache_hierarchy.l1d-cache-0: access for ReadReq [29e0:29e7] type=SimdStridedLoad rs2=24 hit state: 6 (E) writable: 1 readable: 1 dirty: 0 prefetched: 0 | tag: 0x2 secure: 0 valid: 1 | set: 0x27 way: 0
1742000: board.processor.cores.core: 0x10216. 1 : vlse64_v_micro v1, (a4), a3 : 
1760000: board.processor.cores.core.workload: Translating: 0x10280->0x280
1760000: board.cache_hierarchy.l1i-cache-0: access for ReadReq [280:2bf] IF hit state: 6 (E) writable: 1 readable: 1 dirty: 0 prefetched: 0 | tag: 0 secure: 0 valid: 1 | set: 0xa way: 0
1743000: board.processor.cores.core: 0x10216. 2 : vlse64_v_micro v1, (a4), a3, zero : 
1743000: board.processor.cores.core: 0x10216. 3 : vlse64_v_micro v1, (a4), a3, zero : 
1744000: board.processor.cores.core: 0x10216. 4 : vlse64_v_micro v1, (a4), a3, zero : 
1776000: board.processor.cores.core.workload: Translating: 0x7ffffffffffffeb0->0x4eb0
1776000: board.processor.cores.core.workload: Translating: 0x7ffffffffffffec0->0x4ec0
1744000: board.processor.cores.core: 0x1021a    : vs1r_v v1, (a5)           
1744000: board.processor.cores.core: 0x1021a. 0 : vs1r_v_micro v1, 0(a5)     : 
1780000: board.cache_hierarchy.l1d-cache-0: access for WriteReq [4eb0:4ebf] type=SimdWholeRegisterStore miss
1780000: board.cache_hierarchy.l1d-cache-0: access for WriteReq [4ec0:4eef] type=SimdWholeRegisterStore miss
1781000: board.cache_hierarchy.l1d-cache-0: sendMSHRQueuePacket: MSHR WriteReq [4eb0:4ebf] type=SimdWholeRegisterStore
1781000: board.cache_hierarchy.l1d-cache-0: createMissPacket: created ReadExReq [4e80:4ebf] type=SimdWholeRegisterStore from WriteReq [4eb0:4ebf] type=SimdWholeRegisterStore
1781000: board.cache_hierarchy.l2-cache-0: access for ReadExReq [4e80:4ebf] type=SimdWholeRegisterStore miss
1781001: board.cache_hierarchy.l1d-cache-0: sendMSHRQueuePacket: MSHR WriteReq [4ec0:4eef] type=SimdWholeRegisterStore
1781001: board.cache_hierarchy.l1d-cache-0: createMissPacket: created ReadExReq [4ec0:4eff] type=SimdWholeRegisterStore from WriteReq [4ec0:4eef] type=SimdWholeRegisterStore
1782000: board.cache_hierarchy.l1d-cache-0: sendMSHRQueuePacket: MSHR WriteReq [4ec0:4eef] type=SimdWholeRegisterStore
1782000: board.cache_hierarchy.l1d-cache-0: createMissPacket: created ReadExReq [4ec0:4eff] type=SimdWholeRegisterStore from WriteReq [4ec0:4eef] type=SimdWholeRegisterStore
1782000: board.cache_hierarchy.l2-cache-0: access for ReadExReq [4ec0:4eff] type=SimdWholeRegisterStore miss
1792000: board.cache_hierarchy.l2-cache-0: sendMSHRQueuePacket: MSHR ReadExReq [4e80:4ebf] type=SimdWholeRegisterStore
1792000: board.cache_hierarchy.l2-cache-0: createMissPacket: created ReadExReq [4e80:4ebf] type=SimdWholeRegisterStore from ReadExReq [4e80:4ebf] type=SimdWholeRegisterStore
1793000: board.cache_hierarchy.l2-cache-0: sendMSHRQueuePacket: MSHR ReadExReq [4ec0:4eff] type=SimdWholeRegisterStore
1793000: board.cache_hierarchy.l2-cache-0: createMissPacket: created ReadExReq [4ec0:4eff] type=SimdWholeRegisterStore from ReadExReq [4ec0:4eff] type=SimdWholeRegisterStore
1793000: board.cache_hierarchy.l2-cache-0: sendMSHRQueuePacket: MSHR ReadExReq [4ec0:4eff] type=SimdWholeRegisterStore
1793000: board.cache_hierarchy.l2-cache-0: createMissPacket: created ReadExReq [4ec0:4eff] type=SimdWholeRegisterStore from ReadExReq [4ec0:4eff] type=SimdWholeRegisterStore
1840000: board.cache_hierarchy.l2-cache-0: recvTimingResp: Handling response ReadExResp [4e80:4ebf] type=SimdWholeRegisterStore
1840000: board.cache_hierarchy.l2-cache-0: Block for addr 0x4e80 being updated in Cache
1840000: board.cache_hierarchy.l2-cache-0: Block addr 0x4e80 (ns) moving from  to state: 6 (E) writable: 1 readable: 1 dirty: 0 prefetched: 0 | tag: 0 secure: 0 valid: 1 | set: 0x13a way: 0
1840000: board.cache_hierarchy.l2-cache-0: recvTimingResp: Leaving with ReadExResp [4e80:4ebf] type=SimdWholeRegisterStore
1842000: board.cache_hierarchy.l1d-cache-0: recvTimingResp: Handling response ReadExResp [4e80:4ebf] type=SimdWholeRegisterStore
1842000: board.cache_hierarchy.l1d-cache-0: Block for addr 0x4e80 being updated in Cache
1842000: board.cache_hierarchy.l1d-cache-0: Block addr 0x4e80 (ns) moving from  to state: 6 (E) writable: 1 readable: 1 dirty: 0 prefetched: 0 | tag: 0x4 secure: 0 valid: 1 | set: 0x3a way: 0
1842000: board.cache_hierarchy.l1d-cache-0: satisfyRequest for WriteReq [4eb0:4ebf] type=SimdWholeRegisterStore (write)
1842000: board.cache_hierarchy.l1d-cache-0: recvTimingResp: Leaving with ReadExResp [4e80:4ebf] type=SimdWholeRegisterStore
1845000: board.cache_hierarchy.l2-cache-0: recvTimingResp: Handling response ReadExResp [4ec0:4eff] type=SimdWholeRegisterStore
1845000: board.cache_hierarchy.l2-cache-0: Block for addr 0x4ec0 being updated in Cache
1845000: board.cache_hierarchy.l2-cache-0: Block addr 0x4ec0 (ns) moving from  to state: 6 (E) writable: 1 readable: 1 dirty: 0 prefetched: 0 | tag: 0 secure: 0 valid: 1 | set: 0x13b way: 0
1845000: board.cache_hierarchy.l2-cache-0: recvTimingResp: Leaving with ReadExResp [4ec0:4eff] type=SimdWholeRegisterStore
1847000: board.cache_hierarchy.l1d-cache-0: recvTimingResp: Handling response ReadExResp [4ec0:4eff] type=SimdWholeRegisterStore
1847000: board.cache_hierarchy.l1d-cache-0: Block for addr 0x4ec0 being updated in Cache
1847000: board.cache_hierarchy.l1d-cache-0: Block addr 0x4ec0 (ns) moving from  to state: 6 (E) writable: 1 readable: 1 dirty: 0 prefetched: 0 | tag: 0x4 secure: 0 valid: 1 | set: 0x3b way: 0
1847000: board.cache_hierarchy.l1d-cache-0: satisfyRequest for WriteReq [4ec0:4eef] type=SimdWholeRegisterStore (write)
1847000: board.cache_hierarchy.l1d-cache-0: recvTimingResp: Leaving with ReadExResp [4ec0:4eff] type=SimdWholeRegisterStore
1745000: board.processor.cores.core: 0x1021e    : csrrs a5, VLENB, zero      : 
1745000: board.processor.cores.core: 0x10222    : c_slli a5, 1               : 
1746000: board.processor.cores.core: 0x10224    : sub a5, zero, a5           : 
1746000: board.processor.cores.core: 0x10228    : c_addi a5, -16             : 
1747000: board.processor.cores.core: 0x1022a    : c_addi a5, -16             : 
1863000: board.processor.cores.core.workload: Translating: 0x7ffffffffffffef8->0x4ef8
1863000: board.cache_hierarchy.l1d-cache-0: access for ReadReq [4ef8:4eff] type=MemRead UC
1863000: board.cache_hierarchy.l1d-cache-0: Create Writeback WritebackDirty [4ec0:4eff] writable: 1, dirty: 1
1747000: board.processor.cores.core: 0x1022c    : c_add a5, s0               : 
1748000: board.processor.cores.core: 0x1022e    : c_lui a4, 19               : 
1864000: board.cache_hierarchy.l1d-cache-0: sendWriteQueuePacket: write WritebackDirty [4ec0:4eff]
1864000: board.cache_hierarchy.l2-cache-0: access for WritebackDirty [4ec0:4eff] hit state: 6 (E) writable: 1 readable: 1 dirty: 0 prefetched: 0 | tag: 0 secure: 0 valid: 1 | set: 0x13b way: 0
1864000: board.cache_hierarchy.l2-cache-0: access new state is state: e (M) writable: 1 readable: 1 dirty: 1 prefetched: 0 | tag: 0 secure: 0 valid: 1 | set: 0x13b way: 0
1864000: board.cache_hierarchy.l2-cache-0: handleTimingReqHit satisfied WritebackDirty [4ec0:4eff], no response needed
1748000: board.processor.cores.core: 0x10230    : addi a4, a4, -1560         : 
1864001: board.cache_hierarchy.l1d-cache-0: sendMSHRQueuePacket: MSHR ReadReq [4ef8:4eff] type=MemRead UC
1867000: board.cache_hierarchy.l1d-cache-0: sendMSHRQueuePacket: MSHR ReadReq [4ef8:4eff] type=MemRead UC
1867000: board.cache_hierarchy.l2-cache-0: access for ReadReq [4ef8:4eff] type=MemRead UC
1867000: board.cache_hierarchy.l2-cache-0: Create Writeback WritebackDirty [4ec0:4eff] writable: 1, dirty: 1
1869000: board.processor.cores.core.workload: Translating: 0x129e8->0x29e8
1869000: board.processor.cores.core.workload: Translating: 0x12a00->0x2a00
1869000: board.cache_hierarchy.l1d-cache-0: access for ReadReq [29e8:29ff] type=SimdUnitStrideLoad hit state: 6 (E) writable: 1 readable: 1 dirty: 0 prefetched: 0 | tag: 0x2 secure: 0 valid: 1 | set: 0x27 way: 0
1869000: board.cache_hierarchy.l1d-cache-0: access for ReadReq [2a00:2a07] type=SimdUnitStrideLoad miss
1870000: board.cache_hierarchy.l1d-cache-0: sendMSHRQueuePacket: MSHR ReadReq [2a00:2a07] type=SimdUnitStrideLoad
1870000: board.cache_hierarchy.l1d-cache-0: createMissPacket: created ReadSharedReq [2a00:2a3f] type=SimdUnitStrideLoad from ReadReq [2a00:2a07] type=SimdUnitStrideLoad
1870000: board.cache_hierarchy.l2-cache-0: access for ReadSharedReq [2a00:2a3f] type=SimdUnitStrideLoad miss
1878000: board.cache_hierarchy.l2-cache-0: sendWriteQueuePacket: write WritebackDirty [4ec0:4eff]
1878001: board.cache_hierarchy.l2-cache-0: sendMSHRQueuePacket: MSHR ReadReq [4ef8:4eff] type=MemRead UC
1880000: board.cache_hierarchy.l2-cache-0: sendMSHRQueuePacket: MSHR ReadReq [4ef8:4eff] type=MemRead UC
1881000: board.cache_hierarchy.l2-cache-0: sendMSHRQueuePacket: MSHR ReadSharedReq [2a00:2a3f] type=SimdUnitStrideLoad
1881000: board.cache_hierarchy.l2-cache-0: createMissPacket: created ReadSharedReq [2a00:2a3f] type=SimdUnitStrideLoad from ReadSharedReq [2a00:2a3f] type=SimdUnitStrideLoad
1881000: board.cache_hierarchy.l2-cache-0: sendMSHRQueuePacket: MSHR ReadSharedReq [2a00:2a3f] type=SimdUnitStrideLoad
1881000: board.cache_hierarchy.l2-cache-0: createMissPacket: created ReadSharedReq [2a00:2a3f] type=SimdUnitStrideLoad from ReadSharedReq [2a00:2a3f] type=SimdUnitStrideLoad
1928000: board.cache_hierarchy.l2-cache-0: recvTimingResp: Handling response ReadResp [4ef8:4eff] type=MemRead UC
1928000: board.cache_hierarchy.l2-cache-0: recvTimingResp: Leaving with ReadResp [4ef8:4eff] type=MemRead UC
1931000: board.cache_hierarchy.l1d-cache-0: recvTimingResp: Handling response ReadResp [4ef8:4eff] type=MemRead UC
1931000: board.cache_hierarchy.l1d-cache-0: recvTimingResp: Leaving with ReadResp [4ef8:4eff] type=MemRead UC
1931000: board.cache_hierarchy.l2-cache-0: recvTimingResp: Handling response ReadResp [2a00:2a3f] type=SimdUnitStrideLoad
1931000: board.cache_hierarchy.l2-cache-0: Block for addr 0x2a00 being updated in Cache
1931000: board.cache_hierarchy.l2-cache-0: Block addr 0x2a00 (ns) moving from  to state: 6 (E) writable: 1 readable: 1 dirty: 0 prefetched: 0 | tag: 0 secure: 0 valid: 1 | set: 0xa8 way: 0
1931000: board.cache_hierarchy.l2-cache-0: recvTimingResp: Leaving with ReadResp [2a00:2a3f] type=SimdUnitStrideLoad
1933000: board.cache_hierarchy.l1d-cache-0: recvTimingResp: Handling response ReadResp [2a00:2a3f] type=SimdUnitStrideLoad
1933000: board.cache_hierarchy.l1d-cache-0: Block for addr 0x2a00 being updated in Cache
1933000: board.cache_hierarchy.l1d-cache-0: Block addr 0x2a00 (ns) moving from  to state: 6 (E) writable: 1 readable: 1 dirty: 0 prefetched: 0 | tag: 0x2 secure: 0 valid: 1 | set: 0x28 way: 0
1933000: board.cache_hierarchy.l1d-cache-0: recvTimingResp: Leaving with ReadResp [2a00:2a3f] type=SimdUnitStrideLoad
1937000: board.processor.cores.core.workload: Translating: 0x10200->0x200
1937000: board.cache_hierarchy.l1i-cache-0: access for ReadReq [200:23f] IF hit state: 6 (E) writable: 1 readable: 1 dirty: 0 prefetched: 0 | tag: 0 secure: 0 valid: 1 | set: 0x8 way: 0
1749000: board.processor.cores.core: 0x10234    : ld a3, -24(s0)             : 
1749000: board.processor.cores.core: 0x10238    : vsetvli zero, a3, e64, m1, ta, ma : 
1938000: board.processor.cores.core.workload: Translating: 0x10240->0x240
1938000: board.cache_hierarchy.l1i-cache-0: access for ReadReq [240:27f] IF hit state: 6 (E) writable: 1 readable: 1 dirty: 0 prefetched: 0 | tag: 0 secure: 0 valid: 1 | set: 0x9 way: 0
1948000: board.processor.cores.core.workload: Translating: 0x10280->0x280
1948000: board.cache_hierarchy.l1i-cache-0: access for ReadReq [280:2bf] IF hit state: 6 (E) writable: 1 readable: 1 dirty: 0 prefetched: 0 | tag: 0 secure: 0 valid: 1 | set: 0xa way: 0
1949000: board.processor.cores.core.workload: Translating: 0x129e8->0x29e8
1949000: board.processor.cores.core.workload: Translating: 0x12a00->0x2a00
1949000: board.cache_hierarchy.l1d-cache-0: access for ReadReq [29e8:29ff] type=SimdUnitStrideLoad hit state: 6 (E) writable: 1 readable: 1 dirty: 0 prefetched: 0 | tag: 0x2 secure: 0 valid: 1 | set: 0x27 way: 0
1949000: board.cache_hierarchy.l1d-cache-0: access for ReadReq [2a00:2a07] type=SimdUnitStrideLoad hit state: 6 (E) writable: 1 readable: 1 dirty: 0 prefetched: 0 | tag: 0x2 secure: 0 valid: 1 | set: 0x28 way: 0
1938000: board.processor.cores.core: 0x1023c    : vle64_v v1, (a4)          
1938000: board.processor.cores.core: 0x1023c. 0 : vle64_v_micro v1, 0(a4), zero : 
1968000: board.processor.cores.core.workload: Translating: 0x7ffffffffffffe70->0x4e70
1968000: board.processor.cores.core.workload: Translating: 0x7ffffffffffffe80->0x4e80
1939000: board.processor.cores.core: 0x10240    : vs1r_v v1, (a5)           
1939000: board.processor.cores.core: 0x10240. 0 : vs1r_v_micro v1, 0(a5)     : 
1972000: board.cache_hierarchy.l1d-cache-0: access for WriteReq [4e70:4e7f] type=SimdWholeRegisterStore miss
1972000: board.cache_hierarchy.l1d-cache-0: access for WriteReq [4e80:4eaf] type=SimdWholeRegisterStore hit state: e (M) writable: 1 readable: 1 dirty: 1 prefetched: 0 | tag: 0x4 secure: 0 valid: 1 | set: 0x3a way: 0
1972000: board.cache_hierarchy.l1d-cache-0: satisfyRequest for WriteReq [4e80:4eaf] type=SimdWholeRegisterStore (write)
1973000: board.cache_hierarchy.l1d-cache-0: sendMSHRQueuePacket: MSHR WriteReq [4e70:4e7f] type=SimdWholeRegisterStore
1973000: board.cache_hierarchy.l1d-cache-0: createMissPacket: created ReadExReq [4e40:4e7f] type=SimdWholeRegisterStore from WriteReq [4e70:4e7f] type=SimdWholeRegisterStore
1973000: board.cache_hierarchy.l2-cache-0: access for ReadExReq [4e40:4e7f] type=SimdWholeRegisterStore miss
1984000: board.cache_hierarchy.l2-cache-0: sendMSHRQueuePacket: MSHR ReadExReq [4e40:4e7f] type=SimdWholeRegisterStore
1984000: board.cache_hierarchy.l2-cache-0: createMissPacket: created ReadExReq [4e40:4e7f] type=SimdWholeRegisterStore from ReadExReq [4e40:4e7f] type=SimdWholeRegisterStore
2032000: board.cache_hierarchy.l2-cache-0: recvTimingResp: Handling response ReadExResp [4e40:4e7f] type=SimdWholeRegisterStore
2032000: board.cache_hierarchy.l2-cache-0: Block for addr 0x4e40 being updated in Cache
2032000: board.cache_hierarchy.l2-cache-0: Block addr 0x4e40 (ns) moving from  to state: 6 (E) writable: 1 readable: 1 dirty: 0 prefetched: 0 | tag: 0 secure: 0 valid: 1 | set: 0x139 way: 0
2032000: board.cache_hierarchy.l2-cache-0: recvTimingResp: Leaving with ReadExResp [4e40:4e7f] type=SimdWholeRegisterStore
2034000: board.cache_hierarchy.l1d-cache-0: recvTimingResp: Handling response ReadExResp [4e40:4e7f] type=SimdWholeRegisterStore
2034000: board.cache_hierarchy.l1d-cache-0: Block for addr 0x4e40 being updated in Cache
2034000: board.cache_hierarchy.l1d-cache-0: Block addr 0x4e40 (ns) moving from  to state: 6 (E) writable: 1 readable: 1 dirty: 0 prefetched: 0 | tag: 0x4 secure: 0 valid: 1 | set: 0x39 way: 0
2034000: board.cache_hierarchy.l1d-cache-0: satisfyRequest for WriteReq [4e70:4e7f] type=SimdWholeRegisterStore (write)
2034000: board.cache_hierarchy.l1d-cache-0: recvTimingResp: Leaving with ReadExResp [4e40:4e7f] type=SimdWholeRegisterStore
1939000: board.processor.cores.core: 0x10244    : csrrs a5, VLENB, zero      : 
1940000: board.processor.cores.core: 0x10248    : sub a5, zero, a5           : 
1940000: board.processor.cores.core: 0x1024c    : c_addi a5, -16             : 
1941000: board.processor.cores.core: 0x1024e    : c_addi a5, -16             : 
1941000: board.processor.cores.core: 0x10250    : add a4, a5, s0             : 
1942000: board.processor.cores.core: 0x10254    : csrrs a5, VLENB, zero      : 
1942000: board.processor.cores.core: 0x10258    : c_slli a5, 1               : 
2062000: board.processor.cores.core.workload: Translating: 0x10180->0x180
2062000: board.cache_hierarchy.l1i-cache-0: access for ReadReq [180:1bf] IF hit state: 6 (E) writable: 1 readable: 1 dirty: 0 prefetched: 0 | tag: 0 secure: 0 valid: 1 | set: 0x6 way: 0
1943000: board.processor.cores.core: 0x1025a    : sub a5, zero, a5           : 
1943000: board.processor.cores.core: 0x1025e    : c_addi a5, -16             : 
1944000: board.processor.cores.core: 0x10260    : c_addi a5, -16             : 
2065000: board.processor.cores.core.workload: Translating: 0x7ffffffffffffef8->0x4ef8
2065000: board.cache_hierarchy.l1d-cache-0: access for ReadReq [4ef8:4eff] type=MemRead UC
1944000: board.processor.cores.core: 0x10262    : c_add a5, s0               : 
2066000: board.cache_hierarchy.l1d-cache-0: sendMSHRQueuePacket: MSHR ReadReq [4ef8:4eff] type=MemRead UC
2066000: board.cache_hierarchy.l2-cache-0: access for ReadReq [4ef8:4eff] type=MemRead UC
2067000: board.processor.cores.core.workload: Translating: 0x7ffffffffffffef8->0x4ef8
2067000: board.cache_hierarchy.l1d-cache-0: access for ReadReq [4ef8:4eff] type=MemRead UC
2068000: board.cache_hierarchy.l1d-cache-0: sendMSHRQueuePacket: MSHR ReadReq [4ef8:4eff] type=MemRead UC
2068000: board.cache_hierarchy.l2-cache-0: access for ReadReq [4ef8:4eff] type=MemRead UC
2069000: board.processor.cores.core.workload: Translating: 0x7ffffffffffffe70->0x4e70
2069000: board.processor.cores.core.workload: Translating: 0x7ffffffffffffe80->0x4e80
2069000: board.cache_hierarchy.l1d-cache-0: access for ReadReq [4e70:4e7f] type=SimdWholeRegisterLoad hit state: e (M) writable: 1 readable: 1 dirty: 1 prefetched: 0 | tag: 0x4 secure: 0 valid: 1 | set: 0x39 way: 0
2069000: board.cache_hierarchy.l1d-cache-0: access for ReadReq [4e80:4eaf] type=SimdWholeRegisterLoad hit state: e (M) writable: 1 readable: 1 dirty: 1 prefetched: 0 | tag: 0x4 secure: 0 valid: 1 | set: 0x3a way: 0
2069000: board.processor.cores.core.workload: Translating: 0x7ffffffffffffeb0->0x4eb0
2069000: board.processor.cores.core.workload: Translating: 0x7ffffffffffffec0->0x4ec0
2069000: board.cache_hierarchy.l1d-cache-0: access for ReadReq [4eb0:4ebf] type=SimdWholeRegisterLoad hit state: e (M) writable: 1 readable: 1 dirty: 1 prefetched: 0 | tag: 0x4 secure: 0 valid: 1 | set: 0x3a way: 0
2069000: board.cache_hierarchy.l1d-cache-0: access for ReadReq [4ec0:4eef] type=SimdWholeRegisterLoad miss
2070000: board.cache_hierarchy.l1d-cache-0: sendMSHRQueuePacket: MSHR ReadReq [4ec0:4eef] type=SimdWholeRegisterLoad
2070000: board.cache_hierarchy.l1d-cache-0: createMissPacket: created ReadSharedReq [4ec0:4eff] type=SimdWholeRegisterLoad from ReadReq [4ec0:4eef] type=SimdWholeRegisterLoad
2070000: board.cache_hierarchy.l2-cache-0: access for ReadSharedReq [4ec0:4eff] type=SimdWholeRegisterLoad miss
2071000: board.processor.cores.core.workload: Translating: 0x10300->0x300
2071000: board.cache_hierarchy.l1i-cache-0: access for ReadReq [300:33f] IF miss
2072000: board.cache_hierarchy.l1i-cache-0: sendMSHRQueuePacket: MSHR ReadReq [300:33f] IF
2072000: board.cache_hierarchy.l1i-cache-0: createMissPacket: created ReadSharedReq [300:33f] IF from ReadReq [300:33f] IF
2072000: board.cache_hierarchy.l2-cache-0: access for ReadSharedReq [300:33f] IF miss
2077000: board.cache_hierarchy.l2-cache-0: sendMSHRQueuePacket: MSHR ReadReq [4ef8:4eff] type=MemRead UC
2079000: board.cache_hierarchy.l2-cache-0: sendMSHRQueuePacket: MSHR ReadReq [4ef8:4eff] type=MemRead UC
2081000: board.cache_hierarchy.l2-cache-0: sendMSHRQueuePacket: MSHR ReadSharedReq [4ec0:4eff] type=SimdWholeRegisterLoad
2081000: board.cache_hierarchy.l2-cache-0: createMissPacket: created ReadSharedReq [4ec0:4eff] type=SimdWholeRegisterLoad from ReadSharedReq [4ec0:4eff] type=SimdWholeRegisterLoad
2083000: board.cache_hierarchy.l2-cache-0: sendMSHRQueuePacket: MSHR ReadSharedReq [300:33f] IF
2083000: board.cache_hierarchy.l2-cache-0: createMissPacket: created ReadSharedReq [300:33f] IF from ReadSharedReq [300:33f] IF
2125000: board.cache_hierarchy.l2-cache-0: recvTimingResp: Handling response ReadResp [4ef8:4eff] type=MemRead UC
2125000: board.cache_hierarchy.l2-cache-0: recvTimingResp: Leaving with ReadResp [4ef8:4eff] type=MemRead UC
2128000: board.cache_hierarchy.l1d-cache-0: recvTimingResp: Handling response ReadResp [4ef8:4eff] type=MemRead UC
2128000: board.cache_hierarchy.l1d-cache-0: recvTimingResp: Leaving with ReadResp [4ef8:4eff] type=MemRead UC
2130000: board.cache_hierarchy.l2-cache-0: recvTimingResp: Handling response ReadResp [4ef8:4eff] type=MemRead UC
2130000: board.cache_hierarchy.l2-cache-0: recvTimingResp: Leaving with ReadResp [4ef8:4eff] type=MemRead UC
2133000: board.cache_hierarchy.l1d-cache-0: recvTimingResp: Handling response ReadResp [4ef8:4eff] type=MemRead UC
2133000: board.cache_hierarchy.l1d-cache-0: recvTimingResp: Leaving with ReadResp [4ef8:4eff] type=MemRead UC
2134000: board.processor.cores.core.workload: Translating: 0x10240->0x240
2134000: board.cache_hierarchy.l1i-cache-0: access for ReadReq [240:27f] IF hit state: 6 (E) writable: 1 readable: 1 dirty: 0 prefetched: 0 | tag: 0 secure: 0 valid: 1 | set: 0x9 way: 0
2135000: board.cache_hierarchy.l2-cache-0: recvTimingResp: Handling response ReadResp [4ec0:4eff] type=SimdWholeRegisterLoad
2135000: board.cache_hierarchy.l2-cache-0: Block for addr 0x4ec0 being updated in Cache
2135000: board.cache_hierarchy.l2-cache-0: Block addr 0x4ec0 (ns) moving from  to state: 6 (E) writable: 1 readable: 1 dirty: 0 prefetched: 0 | tag: 0 secure: 0 valid: 1 | set: 0x13b way: 0
2135000: board.cache_hierarchy.l2-cache-0: recvTimingResp: Leaving with ReadResp [4ec0:4eff] type=SimdWholeRegisterLoad
2136000: board.processor.cores.core.workload: Translating: 0x10280->0x280
2136000: board.cache_hierarchy.l1i-cache-0: access for ReadReq [280:2bf] IF hit state: 6 (E) writable: 1 readable: 1 dirty: 0 prefetched: 0 | tag: 0 secure: 0 valid: 1 | set: 0xa way: 0
2137000: board.cache_hierarchy.l1d-cache-0: recvTimingResp: Handling response ReadResp [4ec0:4eff] type=SimdWholeRegisterLoad
2137000: board.cache_hierarchy.l1d-cache-0: Block for addr 0x4ec0 being updated in Cache
2137000: board.cache_hierarchy.l1d-cache-0: Block addr 0x4ec0 (ns) moving from  to state: 6 (E) writable: 1 readable: 1 dirty: 0 prefetched: 0 | tag: 0x4 secure: 0 valid: 1 | set: 0x3b way: 0
2137000: board.cache_hierarchy.l1d-cache-0: recvTimingResp: Leaving with ReadResp [4ec0:4eff] type=SimdWholeRegisterLoad
2138000: board.cache_hierarchy.l2-cache-0: recvTimingResp: Handling response ReadResp [300:33f] IF
2138000: board.cache_hierarchy.l2-cache-0: Block for addr 0x300 being updated in Cache
2138000: board.cache_hierarchy.l2-cache-0: Block addr 0x300 (ns) moving from  to state: 6 (E) writable: 1 readable: 1 dirty: 0 prefetched: 0 | tag: 0 secure: 0 valid: 1 | set: 0xc way: 0
2138000: board.cache_hierarchy.l2-cache-0: recvTimingResp: Leaving with ReadResp [300:33f] IF
2140000: board.cache_hierarchy.l1i-cache-0: recvTimingResp: Handling response ReadResp [300:33f] IF
2140000: board.cache_hierarchy.l1i-cache-0: Block for addr 0x300 being updated in Cache
2140000: board.cache_hierarchy.l1i-cache-0: Block addr 0x300 (ns) moving from  to state: 6 (E) writable: 1 readable: 1 dirty: 0 prefetched: 0 | tag: 0 secure: 0 valid: 1 | set: 0xc way: 0
2140000: board.cache_hierarchy.l1i-cache-0: recvTimingResp: Leaving with ReadResp [300:33f] IF
1945000: board.processor.cores.core: 0x10264    : vl1re64_v v2, (a4)        
1945000: board.processor.cores.core: 0x10264. 0 : vl1re64_v_micro_micro v2, 0(a4) : 
1945000: board.processor.cores.core: 0x10268    : vl1re64_v v1, (a5)        
1945000: board.processor.cores.core: 0x10268. 0 : vl1re64_v_micro_micro v1, 0(a5) : 
2142000: board.processor.cores.core.workload: Translating: 0x10300->0x300
2142000: board.cache_hierarchy.l1i-cache-0: access for ReadReq [300:33f] IF hit state: 6 (E) writable: 1 readable: 1 dirty: 0 prefetched: 0 | tag: 0 secure: 0 valid: 1 | set: 0xc way: 0
1946000: board.processor.cores.core: 0x1026c    : ld a5, -24(s0)             : 
1946000: board.processor.cores.core: 0x10270    : vsetvli zero, a5, e64, m1, ta, ma : 
2143000: board.processor.cores.core.workload: Translating: 0x10280->0x280
2143000: board.cache_hierarchy.l1i-cache-0: access for ReadReq [280:2bf] IF hit state: 6 (E) writable: 1 readable: 1 dirty: 0 prefetched: 0 | tag: 0 secure: 0 valid: 1 | set: 0xa way: 0
2148000: board.processor.cores.core.workload: Translating: 0x10180->0x180
2148000: board.cache_hierarchy.l1i-cache-0: access for ReadReq [180:1bf] IF hit state: 6 (E) writable: 1 readable: 1 dirty: 0 prefetched: 0 | tag: 0 secure: 0 valid: 1 | set: 0x6 way: 0
2150000: board.processor.cores.core.workload: Translating: 0x7ffffffffffffef8->0x4ef8
2150000: board.cache_hierarchy.l1d-cache-0: access for ReadReq [4ef8:4eff] type=MemRead UC
2150000: board.cache_hierarchy.l1d-cache-0: Create CleanEvict CleanEvict [4ec0:4eff]
2151000: board.cache_hierarchy.l1d-cache-0: sendWriteQueuePacket: write CleanEvict [4ec0:4eff]
2151000: board.cache_hierarchy.l2-cache-0: access for CleanEvict [4ec0:4eff] hit state: 6 (E) writable: 1 readable: 1 dirty: 0 prefetched: 0 | tag: 0 secure: 0 valid: 1 | set: 0x13b way: 0
2151000: board.cache_hierarchy.l2-cache-0: handleTimingReqHit satisfied CleanEvict [4ec0:4eff], no response needed
2151001: board.cache_hierarchy.l1d-cache-0: sendMSHRQueuePacket: MSHR ReadReq [4ef8:4eff] type=MemRead UC
2152000: board.cache_hierarchy.l1d-cache-0: sendMSHRQueuePacket: MSHR ReadReq [4ef8:4eff] type=MemRead UC
2152000: board.cache_hierarchy.l2-cache-0: access for ReadReq [4ef8:4eff] type=MemRead UC
2152000: board.cache_hierarchy.l2-cache-0: Create CleanEvict CleanEvict [4ec0:4eff]
2135000: board.processor.cores.core: 0x10274    : vadd_vv v1, v2, v1        
2135000: board.processor.cores.core: 0x10274. 0 : vadd_vv_micro v1, v2, v1   : 
2135000: board.processor.cores.core: 0x10278    : addi a5, gp, 624           : 
2136000: board.processor.cores.core: 0x1027c    : c_li a3, 16                : 
2157000: board.processor.cores.core.workload: Translating: 0x101c0->0x1c0
2157000: board.cache_hierarchy.l1i-cache-0: access for ReadReq [1c0:1ff] IF hit state: 6 (E) writable: 1 readable: 1 dirty: 0 prefetched: 0 | tag: 0 secure: 0 valid: 1 | set: 0x7 way: 0
2158000: board.processor.cores.core.workload: Translating: 0x10180->0x180
2158000: board.cache_hierarchy.l1i-cache-0: access for ReadReq [180:1bf] IF hit state: 6 (E) writable: 1 readable: 1 dirty: 0 prefetched: 0 | tag: 0 secure: 0 valid: 1 | set: 0x6 way: 0
2158000: board.processor.cores.core.workload: Translating: 0x13448->0x3448
2158000: board.processor.cores.core.workload: Translating: 0x13438->0x3438
2159000: board.processor.cores.core.workload: Translating: 0x13468->0x3468
2159000: board.processor.cores.core.workload: Translating: 0x13458->0x3458
2161000: board.processor.cores.core.workload: Translating: 0x101c0->0x1c0
2161000: board.cache_hierarchy.l1i-cache-0: access for ReadReq [1c0:1ff] IF hit state: 6 (E) writable: 1 readable: 1 dirty: 0 prefetched: 0 | tag: 0 secure: 0 valid: 1 | set: 0x7 way: 0
2163000: board.cache_hierarchy.l2-cache-0: sendWriteQueuePacket: write CleanEvict [4ec0:4eff]
2163001: board.cache_hierarchy.l2-cache-0: sendMSHRQueuePacket: MSHR ReadReq [4ef8:4eff] type=MemRead UC
2164000: board.cache_hierarchy.l2-cache-0: sendMSHRQueuePacket: MSHR ReadReq [4ef8:4eff] type=MemRead UC
2212000: board.cache_hierarchy.l2-cache-0: recvTimingResp: Handling response ReadResp [4ef8:4eff] type=MemRead UC
2212000: board.cache_hierarchy.l2-cache-0: recvTimingResp: Leaving with ReadResp [4ef8:4eff] type=MemRead UC
2215000: board.cache_hierarchy.l1d-cache-0: recvTimingResp: Handling response ReadResp [4ef8:4eff] type=MemRead UC
2215000: board.cache_hierarchy.l1d-cache-0: recvTimingResp: Leaving with ReadResp [4ef8:4eff] type=MemRead UC
2221000: board.processor.cores.core.workload: Translating: 0x10280->0x280
2221000: board.cache_hierarchy.l1i-cache-0: access for ReadReq [280:2bf] IF hit state: 6 (E) writable: 1 readable: 1 dirty: 0 prefetched: 0 | tag: 0 secure: 0 valid: 1 | set: 0xa way: 0
2137000: board.processor.cores.core: 0x1027e    : ld a4, -24(s0)             : 
2137000: board.processor.cores.core: 0x10282    : vsetvli zero, a4, e64, m1, ta, ma : 
2226000: board.processor.cores.core.workload: Translating: 0x10300->0x300
2226000: board.cache_hierarchy.l1i-cache-0: access for ReadReq [300:33f] IF hit state: 6 (E) writable: 1 readable: 1 dirty: 0 prefetched: 0 | tag: 0 secure: 0 valid: 1 | set: 0xc way: 0
2227000: board.processor.cores.core.workload: Translating: 0x10280->0x280
2227000: board.cache_hierarchy.l1i-cache-0: access for ReadReq [280:2bf] IF hit state: 6 (E) writable: 1 readable: 1 dirty: 0 prefetched: 0 | tag: 0 secure: 0 valid: 1 | set: 0xa way: 0
2232000: board.processor.cores.core.workload: Translating: 0x10180->0x180
2232000: board.cache_hierarchy.l1i-cache-0: access for ReadReq [180:1bf] IF hit state: 6 (E) writable: 1 readable: 1 dirty: 0 prefetched: 0 | tag: 0 secure: 0 valid: 1 | set: 0x6 way: 0
2237000: board.processor.cores.core.workload: Translating: 0x13448->0x3448
2237000: board.processor.cores.core.workload: Translating: 0x13438->0x3438
2238000: board.processor.cores.core.workload: Translating: 0x13468->0x3468
2238000: board.processor.cores.core.workload: Translating: 0x13458->0x3458
2222000: board.processor.cores.core: 0x10286    : vsse64_v v1, (a5), a3     
2222000: board.processor.cores.core: 0x10286. 0 : vsse64_v_micro_micro v1, (a5), a3 : 
2222000: board.processor.cores.core: 0x10286. 1 : vsse64_v_micro_micro v1, (a5), a3, v1 : 
2241000: board.processor.cores.core.workload: Translating: 0x101c0->0x1c0
2241000: board.cache_hierarchy.l1i-cache-0: access for ReadReq [1c0:1ff] IF hit state: 6 (E) writable: 1 readable: 1 dirty: 0 prefetched: 0 | tag: 0 secure: 0 valid: 1 | set: 0x7 way: 0
2242000: board.processor.cores.core.workload: Translating: 0x10180->0x180
2242000: board.cache_hierarchy.l1i-cache-0: access for ReadReq [180:1bf] IF hit state: 6 (E) writable: 1 readable: 1 dirty: 0 prefetched: 0 | tag: 0 secure: 0 valid: 1 | set: 0x6 way: 0
2242000: board.cache_hierarchy.l1d-cache-0: access for WriteReq [3438:343f] type=SimdStridedStore rs2=16 miss
2242000: board.cache_hierarchy.l1d-cache-0: access for WriteReq [3448:344f] type=SimdStridedStore rs2=16 miss
2223000: board.processor.cores.core: 0x10286. 2 : vsse64_v_micro_micro v1, (a5), a3, v1 : 
2223000: board.processor.cores.core: 0x10286. 3 : vsse64_v_micro_micro v1, (a5), a3, v1 : 
2243000: board.cache_hierarchy.l1d-cache-0: sendMSHRQueuePacket: MSHR WriteReq [3438:343f] type=SimdStridedStore rs2=16
2243000: board.cache_hierarchy.l1d-cache-0: createMissPacket: created ReadExReq [3400:343f] type=SimdStridedStore rs2=16 from WriteReq [3438:343f] type=SimdStridedStore rs2=16
2243000: board.cache_hierarchy.l2-cache-0: access for ReadExReq [3400:343f] type=SimdStridedStore rs2=16 miss
2224000: board.processor.cores.core: 0x1028a    : c_lui a5, 18               : 
2224000: board.processor.cores.core: 0x1028c    : addi a3, a5, -1704         : 
2243001: board.cache_hierarchy.l1d-cache-0: sendMSHRQueuePacket: MSHR WriteReq [3448:344f] type=SimdStridedStore rs2=16
2243001: board.cache_hierarchy.l1d-cache-0: createMissPacket: created ReadExReq [3440:347f] type=SimdStridedStore rs2=16 from WriteReq [3448:344f] type=SimdStridedStore rs2=16
2244000: board.cache_hierarchy.l1d-cache-0: sendMSHRQueuePacket: MSHR WriteReq [3448:344f] type=SimdStridedStore rs2=16
2244000: board.cache_hierarchy.l1d-cache-0: createMissPacket: created ReadExReq [3440:347f] type=SimdStridedStore rs2=16 from WriteReq [3448:344f] type=SimdStridedStore rs2=16
2244000: board.cache_hierarchy.l2-cache-0: access for ReadExReq [3440:347f] type=SimdStridedStore rs2=16 miss
2244000: board.cache_hierarchy.l1d-cache-0: access for WriteReq [3458:345f] type=SimdStridedStore rs2=16 miss
2244000: board.cache_hierarchy.l1d-cache-0: handleTimingReqMiss coalescing MSHR for WriteReq [3458:345f] type=SimdStridedStore rs2=16
2244000: board.cache_hierarchy.l1d-cache-0: access for WriteReq [3468:346f] type=SimdStridedStore rs2=16 miss
2244000: board.cache_hierarchy.l1d-cache-0: handleTimingReqMiss coalescing MSHR for WriteReq [3468:346f] type=SimdStridedStore rs2=16
2225000: board.processor.cores.core: 0x10290    : c_li a2, 0                 : 
2225000: board.processor.cores.core: 0x10292    : addi a1, zero, 64          : 
2245000: board.processor.cores.core.workload: Translating: 0x101c0->0x1c0
2245000: board.cache_hierarchy.l1i-cache-0: access for ReadReq [1c0:1ff] IF hit state: 6 (E) writable: 1 readable: 1 dirty: 0 prefetched: 0 | tag: 0 secure: 0 valid: 1 | set: 0x7 way: 0
2226000: board.processor.cores.core: 0x10296    : addi a0, gp, 624           : 
2226000: board.processor.cores.core: 0x1029a    : jal ra, 122                : 
2254000: board.cache_hierarchy.l2-cache-0: sendMSHRQueuePacket: MSHR ReadExReq [3400:343f] type=SimdStridedStore rs2=16
2254000: board.cache_hierarchy.l2-cache-0: createMissPacket: created ReadExReq [3400:343f] type=SimdStridedStore rs2=16 from ReadExReq [3400:343f] type=SimdStridedStore rs2=16
2255000: board.cache_hierarchy.l2-cache-0: sendMSHRQueuePacket: MSHR ReadExReq [3440:347f] type=SimdStridedStore rs2=16
2255000: board.cache_hierarchy.l2-cache-0: createMissPacket: created ReadExReq [3440:347f] type=SimdStridedStore rs2=16 from ReadExReq [3440:347f] type=SimdStridedStore rs2=16
2255000: board.cache_hierarchy.l2-cache-0: sendMSHRQueuePacket: MSHR ReadExReq [3440:347f] type=SimdStridedStore rs2=16
2255000: board.cache_hierarchy.l2-cache-0: createMissPacket: created ReadExReq [3440:347f] type=SimdStridedStore rs2=16 from ReadExReq [3440:347f] type=SimdStridedStore rs2=16
2302000: board.cache_hierarchy.l2-cache-0: recvTimingResp: Handling response ReadExResp [3400:343f] type=SimdStridedStore rs2=16
2302000: board.cache_hierarchy.l2-cache-0: Block for addr 0x3400 being updated in Cache
2302000: board.cache_hierarchy.l2-cache-0: Block addr 0x3400 (ns) moving from  to state: 6 (E) writable: 1 readable: 1 dirty: 0 prefetched: 0 | tag: 0 secure: 0 valid: 1 | set: 0xd0 way: 0
2302000: board.cache_hierarchy.l2-cache-0: recvTimingResp: Leaving with ReadExResp [3400:343f] type=SimdStridedStore rs2=16
2304000: board.cache_hierarchy.l1d-cache-0: recvTimingResp: Handling response ReadExResp [3400:343f] type=SimdStridedStore rs2=16
2304000: board.cache_hierarchy.l1d-cache-0: Block for addr 0x3400 being updated in Cache
2304000: board.cache_hierarchy.l1d-cache-0: Block addr 0x3400 (ns) moving from  to state: 6 (E) writable: 1 readable: 1 dirty: 0 prefetched: 0 | tag: 0x3 secure: 0 valid: 1 | set: 0x10 way: 0
2304000: board.cache_hierarchy.l1d-cache-0: satisfyRequest for WriteReq [3438:343f] type=SimdStridedStore rs2=16 (write)
2304000: board.cache_hierarchy.l1d-cache-0: recvTimingResp: Leaving with ReadExResp [3400:343f] type=SimdStridedStore rs2=16
2307000: board.cache_hierarchy.l2-cache-0: recvTimingResp: Handling response ReadExResp [3440:347f] type=SimdStridedStore rs2=16
2307000: board.cache_hierarchy.l2-cache-0: Block for addr 0x3440 being updated in Cache
2307000: board.cache_hierarchy.l2-cache-0: Block addr 0x3440 (ns) moving from  to state: 6 (E) writable: 1 readable: 1 dirty: 0 prefetched: 0 | tag: 0 secure: 0 valid: 1 | set: 0xd1 way: 0
2307000: board.cache_hierarchy.l2-cache-0: recvTimingResp: Leaving with ReadExResp [3440:347f] type=SimdStridedStore rs2=16
2309000: board.cache_hierarchy.l1d-cache-0: recvTimingResp: Handling response ReadExResp [3440:347f] type=SimdStridedStore rs2=16
2309000: board.cache_hierarchy.l1d-cache-0: Block for addr 0x3440 being updated in Cache
2309000: board.cache_hierarchy.l1d-cache-0: Block addr 0x3440 (ns) moving from  to state: 6 (E) writable: 1 readable: 1 dirty: 0 prefetched: 0 | tag: 0x3 secure: 0 valid: 1 | set: 0x11 way: 0
2309000: board.cache_hierarchy.l1d-cache-0: satisfyRequest for WriteReq [3448:344f] type=SimdStridedStore rs2=16 (write)
2309000: board.cache_hierarchy.l1d-cache-0: satisfyRequest for WriteReq [3458:345f] type=SimdStridedStore rs2=16 (write)
2309000: board.cache_hierarchy.l1d-cache-0: satisfyRequest for WriteReq [3468:346f] type=SimdStridedStore rs2=16 (write)
2309000: board.cache_hierarchy.l1d-cache-0: recvTimingResp: Leaving with ReadExResp [3440:347f] type=SimdStridedStore rs2=16
2316000: board.cache_hierarchy.l1d-cache-0: functionalAccess: ReadReq [1958:1958] 
2316000: board.cache_hierarchy.l1i-cache-0: functionalAccess: ReadReq [1958:1958] 
2316000: board.cache_hierarchy.l2-cache-0: functionalAccess: ReadReq [1958:1958] 
2316000: board.cache_hierarchy.l1d-cache-0: functionalAccess: ReadReq [1959:1959] 
2316000: board.cache_hierarchy.l1i-cache-0: functionalAccess: ReadReq [1959:1959] 
2316000: board.cache_hierarchy.l2-cache-0: functionalAccess: ReadReq [1959:1959] 
2316000: board.cache_hierarchy.l1d-cache-0: functionalAccess: ReadReq [195a:195a] 
2316000: board.cache_hierarchy.l1i-cache-0: functionalAccess: ReadReq [195a:195a] 
2316000: board.cache_hierarchy.l2-cache-0: functionalAccess: ReadReq [195a:195a] 
2316000: board.cache_hierarchy.l1d-cache-0: functionalAccess: ReadReq [195b:195b] 
2316000: board.cache_hierarchy.l1i-cache-0: functionalAccess: ReadReq [195b:195b] 
2316000: board.cache_hierarchy.l2-cache-0: functionalAccess: ReadReq [195b:195b] 
2316000: board.cache_hierarchy.l1d-cache-0: functionalAccess: ReadReq [195c:195c] 
2316000: board.cache_hierarchy.l1i-cache-0: functionalAccess: ReadReq [195c:195c] 
2316000: board.cache_hierarchy.l2-cache-0: functionalAccess: ReadReq [195c:195c] 
2316000: board.cache_hierarchy.l1d-cache-0: functionalAccess: ReadReq [195d:195d] 
2316000: board.cache_hierarchy.l1i-cache-0: functionalAccess: ReadReq [195d:195d] 
2316000: board.cache_hierarchy.l2-cache-0: functionalAccess: ReadReq [195d:195d] 
2316000: board.cache_hierarchy.l1d-cache-0: functionalAccess: ReadReq [195e:195e] 
2316000: board.cache_hierarchy.l1i-cache-0: functionalAccess: ReadReq [195e:195e] 
2316000: board.cache_hierarchy.l2-cache-0: functionalAccess: ReadReq [195e:195e] 
2316000: board.cache_hierarchy.l1d-cache-0: functionalAccess: ReadReq [195f:195f] 
2316000: board.cache_hierarchy.l1i-cache-0: functionalAccess: ReadReq [195f:195f] 
2316000: board.cache_hierarchy.l2-cache-0: functionalAccess: ReadReq [195f:195f] 
2316000: board.cache_hierarchy.l1d-cache-0: functionalAccess: ReadReq [1960:1960] 
2316000: board.cache_hierarchy.l1i-cache-0: functionalAccess: ReadReq [1960:1960] 
2316000: board.cache_hierarchy.l2-cache-0: functionalAccess: ReadReq [1960:1960] 
2316000: board.cache_hierarchy.l1d-cache-0: functionalAccess: ReadReq [1961:1961] 
2316000: board.cache_hierarchy.l1i-cache-0: functionalAccess: ReadReq [1961:1961] 
2316000: board.cache_hierarchy.l2-cache-0: functionalAccess: ReadReq [1961:1961] 
2316000: board.cache_hierarchy.l1d-cache-0: functionalAccess: ReadReq [1962:1962] 
2316000: board.cache_hierarchy.l1i-cache-0: functionalAccess: ReadReq [1962:1962] 
2316000: board.cache_hierarchy.l2-cache-0: functionalAccess: ReadReq [1962:1962] 
2316000: board.cache_hierarchy.l1d-cache-0: functionalAccess: ReadReq [1963:1963] 
2316000: board.cache_hierarchy.l1i-cache-0: functionalAccess: ReadReq [1963:1963] 
2316000: board.cache_hierarchy.l2-cache-0: functionalAccess: ReadReq [1963:1963] 
2316000: board.cache_hierarchy.l1d-cache-0: functionalAccess: ReadReq [1964:1964] 
2316000: board.cache_hierarchy.l1i-cache-0: functionalAccess: ReadReq [1964:1964] 
2316000: board.cache_hierarchy.l2-cache-0: functionalAccess: ReadReq [1964:1964] 
2316000: board.cache_hierarchy.l1d-cache-0: functionalAccess: ReadReq [1965:1965] 
2316000: board.cache_hierarchy.l1i-cache-0: functionalAccess: ReadReq [1965:1965] 
2316000: board.cache_hierarchy.l2-cache-0: functionalAccess: ReadReq [1965:1965] 
2316000: board.cache_hierarchy.l1d-cache-0: functionalAccess: ReadReq [1966:1966] 
2316000: board.cache_hierarchy.l1i-cache-0: functionalAccess: ReadReq [1966:1966] 
2316000: board.cache_hierarchy.l2-cache-0: functionalAccess: ReadReq [1966:1966] 
2316000: board.cache_hierarchy.l1d-cache-0: functionalAccess: ReadReq [1967:1967] 
2316000: board.cache_hierarchy.l1i-cache-0: functionalAccess: ReadReq [1967:1967] 
2316000: board.cache_hierarchy.l2-cache-0: functionalAccess: ReadReq [1967:1967] 
2316000: board.cache_hierarchy.l1d-cache-0: functionalAccess: ReadReq [1968:1968] 
2316000: board.cache_hierarchy.l1i-cache-0: functionalAccess: ReadReq [1968:1968] 
2316000: board.cache_hierarchy.l2-cache-0: functionalAccess: ReadReq [1968:1968] 
2316000: board.cache_hierarchy.l1d-cache-0: functionalAccess: ReadReq [1969:1969] 
2316000: board.cache_hierarchy.l1i-cache-0: functionalAccess: ReadReq [1969:1969] 
2316000: board.cache_hierarchy.l2-cache-0: functionalAccess: ReadReq [1969:1969] 
2316000: board.cache_hierarchy.l1d-cache-0: functionalAccess: ReadReq [196a:196a] 
2316000: board.cache_hierarchy.l1i-cache-0: functionalAccess: ReadReq [196a:196a] 
2316000: board.cache_hierarchy.l2-cache-0: functionalAccess: ReadReq [196a:196a] 
2316000: board.cache_hierarchy.l1d-cache-0: functionalAccess: ReadReq [3438:343f] valid data done 
2316000: board.cache_hierarchy.l1d-cache-0: functionalAccess: ReadReq [3440:3477] valid data done 
2227000: board.processor.cores.core: 0x10314    : M5Op                       : 
2227000: board.processor.cores.core: 0x10318    : c_jr ra                    : 
2228000: board.processor.cores.core: 0x1029e    : c_li a5, 0                 : 
2228000: board.processor.cores.core: 0x102a0    : c_mv a0, a5                : 
2229000: board.processor.cores.core: 0x102a2    : csrrs t0, VLENB, zero      : 
2337000: board.processor.cores.core.workload: Translating: 0x7fffffffffffff08->0x4f08
2337000: board.cache_hierarchy.l1d-cache-0: access for ReadReq [4f08:4f0f] type=MemRead UC
2229000: board.processor.cores.core: 0x102a6    : slli t1, t0, 1             : 
2338000: board.cache_hierarchy.l1d-cache-0: sendMSHRQueuePacket: MSHR ReadReq [4f08:4f0f] type=MemRead UC
2338000: board.cache_hierarchy.l2-cache-0: access for ReadReq [4f08:4f0f] type=MemRead UC
2338000: board.processor.cores.core.workload: Translating: 0x10100->0x100
2338000: board.cache_hierarchy.l1i-cache-0: access for ReadReq [100:13f] IF hit state: 6 (E) writable: 1 readable: 1 dirty: 0 prefetched: 0 | tag: 0 secure: 0 valid: 1 | set: 0x4 way: 0
2338000: board.processor.cores.core.workload: Translating: 0x7fffffffffffff00->0x4f00
2338000: board.cache_hierarchy.l1d-cache-0: access for ReadReq [4f00:4f07] type=MemRead UC
2230000: board.processor.cores.core: 0x102aa    : c_add sp, t1               : 
2339000: board.cache_hierarchy.l1d-cache-0: sendMSHRQueuePacket: MSHR ReadReq [4f00:4f07] type=MemRead UC
2339000: board.cache_hierarchy.l1d-cache-0: sendMSHRQueuePacket: MSHR ReadReq [4f00:4f07] type=MemRead UC
2339000: board.cache_hierarchy.l2-cache-0: access for ReadReq [4f00:4f07] type=MemRead UC
2344000: board.processor.cores.core.workload: Translating: 0x10a00->0xa00
2344000: board.cache_hierarchy.l1i-cache-0: access for ReadReq [a00:a3f] IF hit state: 6 (E) writable: 1 readable: 1 dirty: 0 prefetched: 0 | tag: 0 secure: 0 valid: 1 | set: 0x28 way: 0
2349000: board.cache_hierarchy.l2-cache-0: sendMSHRQueuePacket: MSHR ReadReq [4f08:4f0f] type=MemRead UC
2350000: board.cache_hierarchy.l2-cache-0: sendMSHRQueuePacket: MSHR ReadReq [4f00:4f07] type=MemRead UC
2350000: board.cache_hierarchy.l2-cache-0: sendMSHRQueuePacket: MSHR ReadReq [4f00:4f07] type=MemRead UC
2351000: board.processor.cores.core.workload: Translating: 0x7ffffffffffffed0->0x4ed0
2351000: board.processor.cores.core.workload: Translating: 0x7ffffffffffffee0->0x4ee0
2352000: board.processor.cores.core.workload: Translating: 0x10a40->0xa40
2352000: board.cache_hierarchy.l1i-cache-0: access for ReadReq [a40:a7f] IF miss
2352000: board.processor.cores.core.workload: Translating: 0x133d8->0x33d8
2352000: board.cache_hierarchy.l1d-cache-0: access for ReadReq [33d8:33df] type=MemRead UC
2352000: board.processor.cores.core.workload: Translating: 0x7ffffffffffffef8->0x4ef8
2353000: board.cache_hierarchy.l1d-cache-0: sendMSHRQueuePacket: MSHR ReadReq [33d8:33df] type=MemRead UC
2353000: board.cache_hierarchy.l2-cache-0: access for ReadReq [33d8:33df] type=MemRead UC
2353000: board.cache_hierarchy.l1i-cache-0: sendMSHRQueuePacket: MSHR ReadReq [a40:a7f] IF
2353000: board.cache_hierarchy.l1i-cache-0: createMissPacket: created ReadSharedReq [a40:a7f] IF from ReadReq [a40:a7f] IF
2353000: board.processor.cores.core.workload: Translating: 0x7ffffffffffffed8->0x4ed8
2353000: board.processor.cores.core.workload: Translating: 0x7ffffffffffffec8->0x4ec8
2354000: board.cache_hierarchy.l1i-cache-0: sendMSHRQueuePacket: MSHR ReadReq [a40:a7f] IF
2354000: board.cache_hierarchy.l1i-cache-0: createMissPacket: created ReadSharedReq [a40:a7f] IF from ReadReq [a40:a7f] IF
2354000: board.cache_hierarchy.l2-cache-0: access for ReadSharedReq [a40:a7f] IF miss
2354000: board.processor.cores.core.workload: Translating: 0x7ffffffffffffec0->0x4ec0
2354000: board.processor.cores.core.workload: Translating: 0x7ffffffffffffeb8->0x4eb8
2355000: board.processor.cores.core.workload: Translating: 0x7ffffffffffffef0->0x4ef0
2355000: board.processor.cores.core.workload: Translating: 0x7ffffffffffffee8->0x4ee8
2356000: board.processor.cores.core.workload: Translating: 0x7ffffffffffffeb0->0x4eb0
2364000: board.cache_hierarchy.l2-cache-0: sendMSHRQueuePacket: MSHR ReadReq [33d8:33df] type=MemRead UC
2365000: board.cache_hierarchy.l2-cache-0: sendMSHRQueuePacket: MSHR ReadSharedReq [a40:a7f] IF
2365000: board.cache_hierarchy.l2-cache-0: createMissPacket: created ReadSharedReq [a40:a7f] IF from ReadSharedReq [a40:a7f] IF
2365000: board.cache_hierarchy.l2-cache-0: sendMSHRQueuePacket: MSHR ReadSharedReq [a40:a7f] IF
2365000: board.cache_hierarchy.l2-cache-0: createMissPacket: created ReadSharedReq [a40:a7f] IF from ReadSharedReq [a40:a7f] IF
2370000: board.cache_hierarchy.l2-cache-0: recvTimingResp: Handling response ReadResp [4f00:4f07] type=MemRead UC
2370000: board.cache_hierarchy.l2-cache-0: recvTimingResp: Leaving with ReadResp [4f00:4f07] type=MemRead UC
2373000: board.cache_hierarchy.l1d-cache-0: recvTimingResp: Handling response ReadResp [4f00:4f07] type=MemRead UC
2373000: board.cache_hierarchy.l1d-cache-0: recvTimingResp: Leaving with ReadResp [4f00:4f07] type=MemRead UC
2376000: board.processor.cores.core.workload: Translating: 0x7fffffffffffff00->0x4f00
2411000: board.cache_hierarchy.l2-cache-0: recvTimingResp: Handling response ReadResp [4f08:4f0f] type=MemRead UC
2411000: board.cache_hierarchy.l2-cache-0: recvTimingResp: Leaving with ReadResp [4f08:4f0f] type=MemRead UC
2414000: board.cache_hierarchy.l1d-cache-0: recvTimingResp: Handling response ReadResp [4f08:4f0f] type=MemRead UC
2414000: board.cache_hierarchy.l1d-cache-0: recvTimingResp: Leaving with ReadResp [4f08:4f0f] type=MemRead UC
2414000: board.cache_hierarchy.l2-cache-0: recvTimingResp: Handling response ReadResp [33d8:33df] type=MemRead UC
2414000: board.cache_hierarchy.l2-cache-0: recvTimingResp: Leaving with ReadResp [33d8:33df] type=MemRead UC
2417000: board.cache_hierarchy.l1d-cache-0: recvTimingResp: Handling response ReadResp [33d8:33df] type=MemRead UC
2417000: board.cache_hierarchy.l1d-cache-0: recvTimingResp: Leaving with ReadResp [33d8:33df] type=MemRead UC
2417000: board.processor.cores.core.workload: Translating: 0x7fffffffffffff08->0x4f08
2418000: board.cache_hierarchy.l2-cache-0: recvTimingResp: Handling response ReadResp [a40:a7f] IF
2418000: board.cache_hierarchy.l2-cache-0: Block for addr 0xa40 being updated in Cache
2418000: board.cache_hierarchy.l2-cache-0: Block addr 0xa40 (ns) moving from  to state: 6 (E) writable: 1 readable: 1 dirty: 0 prefetched: 0 | tag: 0 secure: 0 valid: 1 | set: 0x29 way: 0
2418000: board.cache_hierarchy.l2-cache-0: recvTimingResp: Leaving with ReadResp [a40:a7f] IF
2230000: board.processor.cores.core: 0x102ac    : c_ldsp ra, 24(sp)          : 
2231000: board.processor.cores.core: 0x102ae    : c_ldsp s0, 16(sp)          : 
2231000: board.processor.cores.core: 0x102b0    : c_addi16sp sp, 32          : 
2232000: board.processor.cores.core: 0x102b2    : c_jr ra                    : 
2420000: board.cache_hierarchy.l1i-cache-0: recvTimingResp: Handling response ReadResp [a40:a7f] IF
2420000: board.cache_hierarchy.l1i-cache-0: Block for addr 0xa40 being updated in Cache
2420000: board.cache_hierarchy.l1i-cache-0: Block addr 0xa40 (ns) moving from  to state: 6 (E) writable: 1 readable: 1 dirty: 0 prefetched: 0 | tag: 0 secure: 0 valid: 1 | set: 0x29 way: 0
2420000: board.cache_hierarchy.l1i-cache-0: recvTimingResp: Leaving with ReadResp [a40:a7f] IF
2233000: board.processor.cores.core: 0x10192    : c_j -114                   : 
2339000: board.processor.cores.core: 0x10120    : c_addi sp, -16             : 
2339000: board.processor.cores.core: 0x10122    : c_li a1, 0                 : 
2340000: board.processor.cores.core: 0x10124    : c_sdsp s0, 0(sp)           : 
2340000: board.processor.cores.core: 0x10126    : c_sdsp ra, 8(sp)           : 
2341000: board.processor.cores.core: 0x10128    : c_mv s0, a0                : 
2423000: board.cache_hierarchy.l1d-cache-0: access for WriteReq [4f00:4f07] type=MemWrite UC
2341000: board.processor.cores.core: 0x1012a    : jal ra, 2292               : 
2345000: board.processor.cores.core: 0x10a1e    : c_addi16sp sp, -80         : 
2424000: board.cache_hierarchy.l1d-cache-0: sendWriteQueuePacket: write WriteReq [4f00:4f07] type=MemWrite UC
2424000: board.cache_hierarchy.l2-cache-0: access for WriteReq [4f00:4f07] type=MemWrite UC
2424000: board.cache_hierarchy.l1d-cache-0: access for WriteReq [4f08:4f0f] type=MemWrite UC
2345000: board.processor.cores.core: 0x10a20    : c_sdsp s4, 32(sp)          : 
2346000: board.processor.cores.core: 0x10a22    : c_sdsp s2, 48(sp)          : 
2425000: board.cache_hierarchy.l1d-cache-0: sendWriteQueuePacket: write WriteReq [4f08:4f0f] type=MemWrite UC
2346000: board.processor.cores.core: 0x10a24    : ld s2, 528(gp)             : 
2347000: board.processor.cores.core: 0x10a28    : c_sdsp ra, 72(sp)          : 
2426000: board.cache_hierarchy.l1d-cache-0: sendWriteQueuePacket: write WriteReq [4f08:4f0f] type=MemWrite UC
2426000: board.cache_hierarchy.l2-cache-0: access for WriteReq [4f08:4f0f] type=MemWrite UC
2426000: board.cache_hierarchy.l1d-cache-0: access for WriteReq [4ed0:4ed7] type=MemWrite UC
2426000: board.cache_hierarchy.l1d-cache-0: access for WriteReq [4ee0:4ee7] type=MemWrite UC
2347000: board.processor.cores.core: 0x10a2a    : beq s2, zero, 80           : 
2348000: board.processor.cores.core: 0x10a2e    : c_sdsp s3, 40(sp)          : 
2427000: board.cache_hierarchy.l1d-cache-0: sendWriteQueuePacket: write WriteReq [4ed0:4ed7] type=MemWrite UC
2427000: board.processor.cores.core.workload: Translating: 0x136b8->0x36b8
2427000: board.cache_hierarchy.l1d-cache-0: access for ReadReq [36b8:36bb] type=MemRead UC
2427000: board.cache_hierarchy.l1d-cache-0: access for WriteReq [4ef8:4eff] type=MemWrite UC
2348000: board.processor.cores.core: 0x10a30    : c_sdsp s5, 24(sp)          : 
2349000: board.processor.cores.core: 0x10a32    : c_sdsp s6, 16(sp)          : 
2428000: board.cache_hierarchy.l1d-cache-0: sendMSHRQueuePacket: MSHR ReadReq [36b8:36bb] type=MemRead UC
2428000: board.cache_hierarchy.l2-cache-0: access for ReadReq [36b8:36bb] type=MemRead UC
2428000: board.cache_hierarchy.l1d-cache-0: access for WriteReq [4ed8:4edf] type=MemWrite UC
2349000: board.processor.cores.core: 0x10a34    : c_sdsp s7, 8(sp)           : 
2350000: board.processor.cores.core: 0x10a36    : c_sdsp s0, 64(sp)          : 
2428001: board.cache_hierarchy.l1d-cache-0: sendWriteQueuePacket: write WriteReq [4ed0:4ed7] type=MemWrite UC
2429000: board.cache_hierarchy.l1d-cache-0: sendWriteQueuePacket: write WriteReq [4ed0:4ed7] type=MemWrite UC
2429000: board.cache_hierarchy.l2-cache-0: access for WriteReq [4ed0:4ed7] type=MemWrite UC
2429000: board.cache_hierarchy.l1d-cache-0: access for WriteReq [4ec8:4ecf] type=MemWrite UC
2429000: board.cache_hierarchy.l1d-cache-0: access for WriteReq [4ec0:4ec7] type=MemWrite UC
2350000: board.processor.cores.core: 0x10a38    : c_sdsp s1, 56(sp)          : 
2351000: board.processor.cores.core: 0x10a3a    : c_sdsp s8, 0(sp)           : 
2429001: board.cache_hierarchy.l1d-cache-0: sendWriteQueuePacket: write WriteReq [4ee0:4ee7] type=MemWrite UC
2430000: board.cache_hierarchy.l1d-cache-0: access for WriteReq [4eb8:4ebf] type=MemWrite UC
2430000: board.cache_hierarchy.l1d-cache-0: Create Writeback WritebackDirty [4e80:4ebf] writable: 1, dirty: 1
2430000: board.cache_hierarchy.l1d-cache-0: Potential to merge writeback WriteReq [4eb8:4ebf] type=MemWrite UC2430000: board.cache_hierarchy.l1d-cache-0: access for WriteReq [4ef0:4ef7] type=MemWrite UC
2430000: board.cache_hierarchy.l1d-cache-0: Blocking for cause 1, mask=2
2351000: board.processor.cores.core: 0x10a3c    : c_mv s6, a0                : 
2352000: board.processor.cores.core: 0x10a3e    : c_mv s7, a1                : 
2431000: board.cache_hierarchy.l1d-cache-0: sendWriteQueuePacket: write WriteReq [4ee0:4ee7] type=MemWrite UC
2431000: board.cache_hierarchy.l2-cache-0: access for WriteReq [4ee0:4ee7] type=MemWrite UC
2431000: board.cache_hierarchy.l1d-cache-0: Unblocking for cause 1, mask=0
2431000: board.cache_hierarchy.l1d-cache-0: access for WriteReq [4ee8:4eef] type=MemWrite UC
2431000: board.cache_hierarchy.l1d-cache-0: Blocking for cause 1, mask=2
2431001: board.cache_hierarchy.l1d-cache-0: sendWriteQueuePacket: write WriteReq [4ef8:4eff] type=MemWrite UC
2433000: board.cache_hierarchy.l1d-cache-0: sendWriteQueuePacket: write WriteReq [4ef8:4eff] type=MemWrite UC
2433000: board.cache_hierarchy.l2-cache-0: access for WriteReq [4ef8:4eff] type=MemWrite UC
2433000: board.cache_hierarchy.l1d-cache-0: Unblocking for cause 1, mask=0
2433000: board.processor.cores.core.workload: Translating: 0x10a80->0xa80
2433000: board.cache_hierarchy.l1i-cache-0: access for ReadReq [a80:abf] IF miss
2433001: board.cache_hierarchy.l1d-cache-0: sendWriteQueuePacket: write WriteReq [4ed8:4edf] type=MemWrite UC
2433001: board.cache_hierarchy.l1d-cache-0: access for WriteReq [4eb0:4eb7] type=MemWrite UC
2433001: board.cache_hierarchy.l1d-cache-0: Potential to merge writeback WriteReq [4eb0:4eb7] type=MemWrite UC2433001: board.cache_hierarchy.l1d-cache-0: Blocking for cause 1, mask=2
2434000: board.cache_hierarchy.l1i-cache-0: sendMSHRQueuePacket: MSHR ReadReq [a80:abf] IF
2434000: board.cache_hierarchy.l1i-cache-0: createMissPacket: created ReadSharedReq [a80:abf] IF from ReadReq [a80:abf] IF
2421000: board.processor.cores.core: 0x10a40    : c_li s3, -1                : 
2421000: board.processor.cores.core: 0x10a42    : c_li s5, 1                 : 
2435000: board.cache_hierarchy.l1d-cache-0: sendWriteQueuePacket: write WriteReq [4ed8:4edf] type=MemWrite UC
2435000: board.cache_hierarchy.l2-cache-0: access for WriteReq [4ed8:4edf] type=MemWrite UC
2435000: board.cache_hierarchy.l1d-cache-0: Unblocking for cause 1, mask=0
2435000: board.cache_hierarchy.l2-cache-0: sendWriteQueuePacket: write WriteReq [4f00:4f07] type=MemWrite UC
2435001: board.cache_hierarchy.l1d-cache-0: sendWriteQueuePacket: write WriteReq [4ec8:4ecf] type=MemWrite UC
2437000: board.cache_hierarchy.l2-cache-0: sendWriteQueuePacket: write WriteReq [4f08:4f0f] type=MemWrite UC
2437000: board.cache_hierarchy.l2-cache-0: sendWriteQueuePacket: write WriteReq [4f08:4f0f] type=MemWrite UC
2437000: board.cache_hierarchy.l1i-cache-0: sendMSHRQueuePacket: MSHR ReadReq [a80:abf] IF
2437000: board.cache_hierarchy.l1i-cache-0: createMissPacket: created ReadSharedReq [a80:abf] IF from ReadReq [a80:abf] IF
2437000: board.cache_hierarchy.l2-cache-0: access for ReadSharedReq [a80:abf] IF miss
2438000: board.cache_hierarchy.l1d-cache-0: sendWriteQueuePacket: write WriteReq [4ec8:4ecf] type=MemWrite UC
2438000: board.cache_hierarchy.l2-cache-0: access for WriteReq [4ec8:4ecf] type=MemWrite UC
2438001: board.cache_hierarchy.l1d-cache-0: sendWriteQueuePacket: write WriteReq [4ec0:4ec7] type=MemWrite UC
2439000: board.cache_hierarchy.l2-cache-0: sendMSHRQueuePacket: MSHR ReadReq [36b8:36bb] type=MemRead UC
2439000: board.cache_hierarchy.l2-cache-0: sendMSHRQueuePacket: MSHR ReadReq [36b8:36bb] type=MemRead UC
2440000: board.cache_hierarchy.l2-cache-0: sendWriteQueuePacket: write WriteReq [4ed0:4ed7] type=MemWrite UC
2440000: board.cache_hierarchy.l2-cache-0: sendWriteQueuePacket: write WriteReq [4ed0:4ed7] type=MemWrite UC
2440000: board.cache_hierarchy.l1d-cache-0: sendWriteQueuePacket: write WriteReq [4ec0:4ec7] type=MemWrite UC
2440000: board.cache_hierarchy.l2-cache-0: access for WriteReq [4ec0:4ec7] type=MemWrite UC
2440001: board.cache_hierarchy.l1d-cache-0: sendWriteQueuePacket: write WriteReq [4eb8:4ebf] type=MemWrite UC
2442000: board.cache_hierarchy.l1d-cache-0: sendWriteQueuePacket: write WriteReq [4eb8:4ebf] type=MemWrite UC
2442000: board.cache_hierarchy.l2-cache-0: access for WriteReq [4eb8:4ebf] type=MemWrite UC
2442000: board.cache_hierarchy.l2-cache-0: Create CleanEvict CleanEvict [4e80:4ebf]
2442000: board.cache_hierarchy.l1d-cache-0: recvTimingSnoopReq: for CleanEvict [4e80:4ebf] ES
2442000: board.cache_hierarchy.l1d-cache-0: Snoop hit in writeback to addr 0x4e80 (ns)
2442000: board.cache_hierarchy.l1d-cache-0: recvTimingSnoopReq: Squashing CleanEvict [4e80:4ebf] ES from lower cache on writequeue hit
2442000: board.cache_hierarchy.l2-cache-0: sendWriteQueuePacket: write WriteReq [4ee0:4ee7] type=MemWrite UC
2442000: board.cache_hierarchy.l2-cache-0: sendWriteQueuePacket: write WriteReq [4ee0:4ee7] type=MemWrite UC
2442001: board.cache_hierarchy.l1d-cache-0: sendWriteQueuePacket: write WriteReq [4ef0:4ef7] type=MemWrite UC
2444000: board.cache_hierarchy.l2-cache-0: sendWriteQueuePacket: write WriteReq [4ef8:4eff] type=MemWrite UC
2444000: board.cache_hierarchy.l2-cache-0: sendWriteQueuePacket: write WriteReq [4ef8:4eff] type=MemWrite UC
2444000: board.cache_hierarchy.l1d-cache-0: sendWriteQueuePacket: write WriteReq [4ef0:4ef7] type=MemWrite UC
2444000: board.cache_hierarchy.l2-cache-0: access for WriteReq [4ef0:4ef7] type=MemWrite UC
2444001: board.cache_hierarchy.l1d-cache-0: sendWriteQueuePacket: write WritebackDirty [4e80:4ebf]
2446000: board.cache_hierarchy.l1d-cache-0: sendWriteQueuePacket: write WritebackDirty [4e80:4ebf]
2446000: board.cache_hierarchy.l2-cache-0: access for WritebackDirty [4e80:4ebf] miss
2446000: board.cache_hierarchy.l2-cache-0: access new state is state: e (M) writable: 1 readable: 1 dirty: 1 prefetched: 0 | tag: 0 secure: 0 valid: 1 | set: 0x13a way: 0
2446000: board.cache_hierarchy.l2-cache-0: handleTimingReqHit satisfied WritebackDirty [4e80:4ebf], no response needed
2446000: board.cache_hierarchy.l2-cache-0: sendWriteQueuePacket: write WriteReq [4ed8:4edf] type=MemWrite UC
2446000: board.cache_hierarchy.l2-cache-0: sendWriteQueuePacket: write WriteReq [4ed8:4edf] type=MemWrite UC
2446001: board.cache_hierarchy.l1d-cache-0: sendWriteQueuePacket: write WriteReq [4ee8:4eef] type=MemWrite UC
2448000: board.cache_hierarchy.l2-cache-0: sendMSHRQueuePacket: MSHR ReadSharedReq [a80:abf] IF
2448000: board.cache_hierarchy.l2-cache-0: createMissPacket: created ReadSharedReq [a80:abf] IF from ReadSharedReq [a80:abf] IF
2448000: board.cache_hierarchy.l2-cache-0: sendMSHRQueuePacket: MSHR ReadSharedReq [a80:abf] IF
2448000: board.cache_hierarchy.l2-cache-0: createMissPacket: created ReadSharedReq [a80:abf] IF from ReadSharedReq [a80:abf] IF
2449000: board.cache_hierarchy.l2-cache-0: sendWriteQueuePacket: write WriteReq [4ec8:4ecf] type=MemWrite UC
2449000: board.cache_hierarchy.l2-cache-0: sendWriteQueuePacket: write WriteReq [4ec8:4ecf] type=MemWrite UC
2449000: board.cache_hierarchy.l1d-cache-0: sendWriteQueuePacket: write WriteReq [4ee8:4eef] type=MemWrite UC
2449000: board.cache_hierarchy.l2-cache-0: access for WriteReq [4ee8:4eef] type=MemWrite UC
2449001: board.cache_hierarchy.l1d-cache-0: sendWriteQueuePacket: write WriteReq [4eb0:4eb7] type=MemWrite UC
2451000: board.cache_hierarchy.l1d-cache-0: sendWriteQueuePacket: write WriteReq [4eb0:4eb7] type=MemWrite UC
2451000: board.cache_hierarchy.l2-cache-0: access for WriteReq [4eb0:4eb7] type=MemWrite UC
2451000: board.cache_hierarchy.l2-cache-0: Create Writeback WritebackDirty [4e80:4ebf] writable: 1, dirty: 1
2451000: board.cache_hierarchy.l2-cache-0: Potential to merge writeback WriteReq [4eb0:4eb7] type=MemWrite UC2451000: board.cache_hierarchy.l2-cache-0: sendWriteQueuePacket: write WriteReq [4ec0:4ec7] type=MemWrite UC
2451000: board.cache_hierarchy.l2-cache-0: sendWriteQueuePacket: write WriteReq [4ec0:4ec7] type=MemWrite UC
2453000: board.cache_hierarchy.l2-cache-0: sendWriteQueuePacket: write WriteReq [4eb8:4ebf] type=MemWrite UC
2453000: board.cache_hierarchy.l2-cache-0: sendWriteQueuePacket: write WriteReq [4eb8:4ebf] type=MemWrite UC
2455000: board.cache_hierarchy.l2-cache-0: sendWriteQueuePacket: write WriteReq [4ef0:4ef7] type=MemWrite UC
2455000: board.cache_hierarchy.l2-cache-0: sendWriteQueuePacket: write WriteReq [4ef0:4ef7] type=MemWrite UC
2456000: board.cache_hierarchy.l2-cache-0: recvTimingResp: Handling response WriteResp [4f00:4f07] type=MemWrite UC
2458000: board.cache_hierarchy.l1d-cache-0: recvTimingResp: Handling response WriteResp [4f00:4f07] type=MemWrite UC
2458000: board.cache_hierarchy.l2-cache-0: recvTimingResp: Handling response WriteResp [4f08:4f0f] type=MemWrite UC
2460000: board.cache_hierarchy.l1d-cache-0: recvTimingResp: Handling response WriteResp [4f08:4f0f] type=MemWrite UC
2460000: board.cache_hierarchy.l2-cache-0: sendWriteQueuePacket: write WriteReq [4ee8:4eef] type=MemWrite UC
2461000: board.cache_hierarchy.l2-cache-0: recvTimingResp: Handling response WriteResp [4ed0:4ed7] type=MemWrite UC
2462000: board.cache_hierarchy.l2-cache-0: sendWriteQueuePacket: write WriteReq [4eb0:4eb7] type=MemWrite UC
2462000: board.cache_hierarchy.l2-cache-0: sendWriteQueuePacket: write WriteReq [4eb0:4eb7] type=MemWrite UC
2463000: board.cache_hierarchy.l1d-cache-0: recvTimingResp: Handling response WriteResp [4ed0:4ed7] type=MemWrite UC
2463000: board.cache_hierarchy.l2-cache-0: recvTimingResp: Handling response WriteResp [4ee0:4ee7] type=MemWrite UC
2465000: board.cache_hierarchy.l1d-cache-0: recvTimingResp: Handling response WriteResp [4ee0:4ee7] type=MemWrite UC
2465000: board.cache_hierarchy.l2-cache-0: recvTimingResp: Handling response WriteResp [4ef8:4eff] type=MemWrite UC
2467000: board.cache_hierarchy.l1d-cache-0: recvTimingResp: Handling response WriteResp [4ef8:4eff] type=MemWrite UC
2467000: board.cache_hierarchy.l2-cache-0: recvTimingResp: Handling response WriteResp [4ed8:4edf] type=MemWrite UC
2469000: board.cache_hierarchy.l1d-cache-0: recvTimingResp: Handling response WriteResp [4ed8:4edf] type=MemWrite UC
2470000: board.cache_hierarchy.l2-cache-0: recvTimingResp: Handling response WriteResp [4ec8:4ecf] type=MemWrite UC
2471000: board.cache_hierarchy.l2-cache-0: sendWriteQueuePacket: write WritebackDirty [4e80:4ebf]
2472000: board.cache_hierarchy.l1d-cache-0: recvTimingResp: Handling response WriteResp [4ec8:4ecf] type=MemWrite UC
2472000: board.cache_hierarchy.l2-cache-0: recvTimingResp: Handling response WriteResp [4ec0:4ec7] type=MemWrite UC
2474000: board.cache_hierarchy.l1d-cache-0: recvTimingResp: Handling response WriteResp [4ec0:4ec7] type=MemWrite UC
2474000: board.cache_hierarchy.l2-cache-0: recvTimingResp: Handling response WriteResp [4eb8:4ebf] type=MemWrite UC
2476000: board.cache_hierarchy.l1d-cache-0: recvTimingResp: Handling response WriteResp [4eb8:4ebf] type=MemWrite UC
2476000: board.cache_hierarchy.l2-cache-0: recvTimingResp: Handling response WriteResp [4ef0:4ef7] type=MemWrite UC
2478000: board.cache_hierarchy.l1d-cache-0: recvTimingResp: Handling response WriteResp [4ef0:4ef7] type=MemWrite UC
2481000: board.cache_hierarchy.l2-cache-0: recvTimingResp: Handling response WriteResp [4ee8:4eef] type=MemWrite UC
2483000: board.cache_hierarchy.l1d-cache-0: recvTimingResp: Handling response WriteResp [4ee8:4eef] type=MemWrite UC
2483000: board.cache_hierarchy.l2-cache-0: recvTimingResp: Handling response WriteResp [4eb0:4eb7] type=MemWrite UC
2485000: board.cache_hierarchy.l1d-cache-0: recvTimingResp: Handling response WriteResp [4eb0:4eb7] type=MemWrite UC
2487000: board.cache_hierarchy.l2-cache-0: recvTimingResp: Handling response ReadResp [36b8:36bb] type=MemRead UC
2487000: board.cache_hierarchy.l2-cache-0: recvTimingResp: Leaving with ReadResp [36b8:36bb] type=MemRead UC
2490000: board.cache_hierarchy.l1d-cache-0: recvTimingResp: Handling response ReadResp [36b8:36bb] type=MemRead UC
2490000: board.cache_hierarchy.l1d-cache-0: recvTimingResp: Leaving with ReadResp [36b8:36bb] type=MemRead UC
2422000: board.processor.cores.core: 0x10a44    : lw s0, 8(s2)               : 
2422000: board.processor.cores.core: 0x10a48    : c_addiw s0, -1             : 
2496000: board.cache_hierarchy.l2-cache-0: recvTimingResp: Handling response ReadResp [a80:abf] IF
2496000: board.cache_hierarchy.l2-cache-0: Block for addr 0xa80 being updated in Cache
2496000: board.cache_hierarchy.l2-cache-0: Block addr 0xa80 (ns) moving from  to state: 6 (E) writable: 1 readable: 1 dirty: 0 prefetched: 0 | tag: 0 secure: 0 valid: 1 | set: 0x2a way: 0
2496000: board.cache_hierarchy.l2-cache-0: recvTimingResp: Leaving with ReadResp [a80:abf] IF
2423000: board.processor.cores.core: 0x10a4a    : blt s0, zero, 34           : 
2423000: board.processor.cores.core: 0x10a4e    : addi s1, s2, 16            : 
2424000: board.processor.cores.core: 0x10a52    : slli a5, s0, 3             : 
2424000: board.processor.cores.core: 0x10a56    : c_add s1, a5               : 
2498000: board.cache_hierarchy.l1i-cache-0: recvTimingResp: Handling response ReadResp [a80:abf] IF
2498000: board.cache_hierarchy.l1i-cache-0: Block for addr 0xa80 being updated in Cache
2498000: board.cache_hierarchy.l1i-cache-0: Block addr 0xa80 (ns) moving from  to state: 6 (E) writable: 1 readable: 1 dirty: 0 prefetched: 0 | tag: 0 secure: 0 valid: 1 | set: 0x2a way: 0
2498000: board.cache_hierarchy.l1i-cache-0: recvTimingResp: Leaving with ReadResp [a80:abf] IF
2425000: board.processor.cores.core: 0x10a58    : beq s7, zero, 44           : 
2504000: board.processor.cores.core.workload: Translating: 0x136b8->0x36b8
2504000: board.cache_hierarchy.l1d-cache-0: access for ReadReq [36b8:36bb] type=MemRead UC
2504000: board.processor.cores.core.workload: Translating: 0x136c0->0x36c0
2504000: board.cache_hierarchy.l1d-cache-0: access for ReadReq [36c0:36c7] type=MemRead UC
2505000: board.cache_hierarchy.l1d-cache-0: sendMSHRQueuePacket: MSHR ReadReq [36b8:36bb] type=MemRead UC
2505000: board.cache_hierarchy.l2-cache-0: access for ReadReq [36b8:36bb] type=MemRead UC
2505001: board.cache_hierarchy.l1d-cache-0: sendMSHRQueuePacket: MSHR ReadReq [36c0:36c7] type=MemRead UC
2506000: board.cache_hierarchy.l1d-cache-0: sendMSHRQueuePacket: MSHR ReadReq [36c0:36c7] type=MemRead UC
2506000: board.cache_hierarchy.l2-cache-0: access for ReadReq [36c0:36c7] type=MemRead UC
2506000: board.processor.cores.core.workload: Translating: 0x136c0->0x36c0
2507000: board.processor.cores.core.workload: Translating: 0x139c0->0x39c0
2507000: board.cache_hierarchy.l1d-cache-0: access for ReadReq [39c0:39c3] type=MemRead UC
2508000: board.cache_hierarchy.l1d-cache-0: sendMSHRQueuePacket: MSHR ReadReq [39c0:39c3] type=MemRead UC
2508000: board.cache_hierarchy.l2-cache-0: access for ReadReq [39c0:39c3] type=MemRead UC
2508000: board.processor.cores.core.workload: Translating: 0x10ac0->0xac0
2508000: board.cache_hierarchy.l1i-cache-0: access for ReadReq [ac0:aff] IF hit state: 6 (E) writable: 1 readable: 1 dirty: 0 prefetched: 0 | tag: 0 secure: 0 valid: 1 | set: 0x2b way: 0
2508000: board.processor.cores.core.workload: Translating: 0x136b8->0x36b8
2508000: board.cache_hierarchy.l1d-cache-0: access for ReadReq [36b8:36bb] type=MemRead UC
2509000: board.cache_hierarchy.l1d-cache-0: sendMSHRQueuePacket: MSHR ReadReq [36b8:36bb] type=MemRead UC
2509000: board.cache_hierarchy.l1d-cache-0: sendMSHRQueuePacket: MSHR ReadReq [36b8:36bb] type=MemRead UC
2509000: board.cache_hierarchy.l2-cache-0: access for ReadReq [36b8:36bb] type=MemRead UC
2510000: board.processor.cores.core.workload: Translating: 0x136b8->0x36b8
2510000: board.cache_hierarchy.l1d-cache-0: access for ReadReq [36b8:36bb] type=MemRead UC
2510000: board.processor.cores.core.workload: Translating: 0x133d8->0x33d8
2510000: board.cache_hierarchy.l1d-cache-0: access for ReadReq [33d8:33df] type=MemRead UC
2511000: board.cache_hierarchy.l1d-cache-0: sendMSHRQueuePacket: MSHR ReadReq [36b8:36bb] type=MemRead UC
2511000: board.cache_hierarchy.l2-cache-0: access for ReadReq [36b8:36bb] type=MemRead UC
2511001: board.cache_hierarchy.l1d-cache-0: sendMSHRQueuePacket: MSHR ReadReq [33d8:33df] type=MemRead UC
2512000: board.cache_hierarchy.l1d-cache-0: sendMSHRQueuePacket: MSHR ReadReq [33d8:33df] type=MemRead UC
2512000: board.cache_hierarchy.l2-cache-0: access for ReadReq [33d8:33df] type=MemRead UC
2512000: board.processor.cores.core.workload: Translating: 0x10a40->0xa40
2512000: board.cache_hierarchy.l1i-cache-0: access for ReadReq [a40:a7f] IF hit state: 6 (E) writable: 1 readable: 1 dirty: 0 prefetched: 0 | tag: 0 secure: 0 valid: 1 | set: 0x29 way: 0
2516000: board.cache_hierarchy.l2-cache-0: sendMSHRQueuePacket: MSHR ReadReq [36b8:36bb] type=MemRead UC
2517000: board.cache_hierarchy.l2-cache-0: sendMSHRQueuePacket: MSHR ReadReq [36c0:36c7] type=MemRead UC
2517000: board.cache_hierarchy.l2-cache-0: sendMSHRQueuePacket: MSHR ReadReq [36c0:36c7] type=MemRead UC
2517000: board.processor.cores.core.workload: Translating: 0x10a80->0xa80
2517000: board.cache_hierarchy.l1i-cache-0: access for ReadReq [a80:abf] IF hit state: 6 (E) writable: 1 readable: 1 dirty: 0 prefetched: 0 | tag: 0 secure: 0 valid: 1 | set: 0x2a way: 0
2518000: board.processor.cores.core.workload: Translating: 0x7ffffffffffffef0->0x4ef0
2518000: board.cache_hierarchy.l1d-cache-0: access for ReadReq [4ef0:4ef7] type=MemRead UC
2518000: board.processor.cores.core.workload: Translating: 0x7ffffffffffffee8->0x4ee8
2518000: board.cache_hierarchy.l1d-cache-0: access for ReadReq [4ee8:4eef] type=MemRead UC
2519000: board.cache_hierarchy.l1d-cache-0: sendMSHRQueuePacket: MSHR ReadReq [4ef0:4ef7] type=MemRead UC
2519000: board.cache_hierarchy.l2-cache-0: access for ReadReq [4ef0:4ef7] type=MemRead UC
2519000: board.cache_hierarchy.l2-cache-0: sendMSHRQueuePacket: MSHR ReadReq [39c0:39c3] type=MemRead UC
2519000: board.processor.cores.core.workload: Translating: 0x7ffffffffffffed8->0x4ed8
2519000: board.cache_hierarchy.l1d-cache-0: access for ReadReq [4ed8:4edf] type=MemRead UC
2519000: board.processor.cores.core.workload: Translating: 0x7ffffffffffffec8->0x4ec8
2519000: board.cache_hierarchy.l1d-cache-0: access for ReadReq [4ec8:4ecf] type=MemRead UC
2519001: board.cache_hierarchy.l1d-cache-0: sendMSHRQueuePacket: MSHR ReadReq [4ee8:4eef] type=MemRead UC
2520000: board.cache_hierarchy.l2-cache-0: sendMSHRQueuePacket: MSHR ReadReq [36b8:36bb] type=MemRead UC
2520000: board.cache_hierarchy.l2-cache-0: sendMSHRQueuePacket: MSHR ReadReq [36b8:36bb] type=MemRead UC
2520000: board.cache_hierarchy.l1d-cache-0: sendMSHRQueuePacket: MSHR ReadReq [4ee8:4eef] type=MemRead UC
2520000: board.cache_hierarchy.l2-cache-0: access for ReadReq [4ee8:4eef] type=MemRead UC
2520000: board.processor.cores.core.workload: Translating: 0x7ffffffffffffec0->0x4ec0
2520000: board.cache_hierarchy.l1d-cache-0: access for ReadReq [4ec0:4ec7] type=MemRead UC
2520000: board.processor.cores.core.workload: Translating: 0x7ffffffffffffeb8->0x4eb8
2520000: board.cache_hierarchy.l1d-cache-0: access for ReadReq [4eb8:4ebf] type=MemRead UC
2520001: board.cache_hierarchy.l1d-cache-0: sendMSHRQueuePacket: MSHR ReadReq [4ed8:4edf] type=MemRead UC
2521000: board.cache_hierarchy.l1d-cache-0: sendMSHRQueuePacket: MSHR ReadReq [4ed8:4edf] type=MemRead UC
2521000: board.cache_hierarchy.l2-cache-0: access for ReadReq [4ed8:4edf] type=MemRead UC
2521000: board.processor.cores.core.workload: Translating: 0x7ffffffffffffeb0->0x4eb0
2521000: board.cache_hierarchy.l1d-cache-0: access for ReadReq [4eb0:4eb7] type=MemRead UC
2521000: board.processor.cores.core.workload: Translating: 0x7ffffffffffffef8->0x4ef8
2521000: board.cache_hierarchy.l1d-cache-0: access for ReadReq [4ef8:4eff] type=MemRead UC
2521001: board.cache_hierarchy.l1d-cache-0: sendMSHRQueuePacket: MSHR ReadReq [4ec8:4ecf] type=MemRead UC
2522000: board.cache_hierarchy.l1d-cache-0: sendMSHRQueuePacket: MSHR ReadReq [4ec8:4ecf] type=MemRead UC
2522000: board.cache_hierarchy.l2-cache-0: access for ReadReq [4ec8:4ecf] type=MemRead UC
2522000: board.cache_hierarchy.l2-cache-0: sendMSHRQueuePacket: MSHR ReadReq [36b8:36bb] type=MemRead UC
2522000: board.processor.cores.core.workload: Translating: 0x10ac0->0xac0
2522000: board.cache_hierarchy.l1i-cache-0: access for ReadReq [ac0:aff] IF hit state: 6 (E) writable: 1 readable: 1 dirty: 0 prefetched: 0 | tag: 0 secure: 0 valid: 1 | set: 0x2b way: 0
2522000: board.processor.cores.core.workload: Translating: 0x7ffffffffffffee0->0x4ee0
2522000: board.cache_hierarchy.l1d-cache-0: access for ReadReq [4ee0:4ee7] type=MemRead UC
2522000: board.processor.cores.core.workload: Translating: 0x7ffffffffffffed0->0x4ed0
2522000: board.cache_hierarchy.l1d-cache-0: access for ReadReq [4ed0:4ed7] type=MemRead UC
2522000: board.cache_hierarchy.l1d-cache-0: Blocking for cause 0, mask=1
2522001: board.cache_hierarchy.l1d-cache-0: sendMSHRQueuePacket: MSHR ReadReq [4ec0:4ec7] type=MemRead UC
2523000: board.cache_hierarchy.l2-cache-0: sendMSHRQueuePacket: MSHR ReadReq [33d8:33df] type=MemRead UC
2523000: board.cache_hierarchy.l2-cache-0: sendMSHRQueuePacket: MSHR ReadReq [33d8:33df] type=MemRead UC
2523000: board.cache_hierarchy.l1d-cache-0: sendMSHRQueuePacket: MSHR ReadReq [4ec0:4ec7] type=MemRead UC
2523000: board.cache_hierarchy.l2-cache-0: access for ReadReq [4ec0:4ec7] type=MemRead UC
2523000: board.processor.cores.core.workload: Translating: 0x10a40->0xa40
2523000: board.cache_hierarchy.l1i-cache-0: access for ReadReq [a40:a7f] IF hit state: 6 (E) writable: 1 readable: 1 dirty: 0 prefetched: 0 | tag: 0 secure: 0 valid: 1 | set: 0x29 way: 0
2523001: board.cache_hierarchy.l1d-cache-0: sendMSHRQueuePacket: MSHR ReadReq [4eb8:4ebf] type=MemRead UC
2524000: board.cache_hierarchy.l1d-cache-0: sendMSHRQueuePacket: MSHR ReadReq [4eb8:4ebf] type=MemRead UC
2524000: board.cache_hierarchy.l2-cache-0: access for ReadReq [4eb8:4ebf] type=MemRead UC
2524000: board.processor.cores.core.workload: Translating: 0x133d8->0x33d8
2524001: board.cache_hierarchy.l1d-cache-0: sendMSHRQueuePacket: MSHR ReadReq [4eb0:4eb7] type=MemRead UC
2525000: board.cache_hierarchy.l1d-cache-0: sendMSHRQueuePacket: MSHR ReadReq [4eb0:4eb7] type=MemRead UC
2525000: board.cache_hierarchy.l2-cache-0: access for ReadReq [4eb0:4eb7] type=MemRead UC
2525001: board.cache_hierarchy.l1d-cache-0: sendMSHRQueuePacket: MSHR ReadReq [4ef8:4eff] type=MemRead UC
2526000: board.cache_hierarchy.l1d-cache-0: sendMSHRQueuePacket: MSHR ReadReq [4ef8:4eff] type=MemRead UC
2526000: board.cache_hierarchy.l2-cache-0: access for ReadReq [4ef8:4eff] type=MemRead UC
2526001: board.cache_hierarchy.l1d-cache-0: sendMSHRQueuePacket: MSHR ReadReq [4ee0:4ee7] type=MemRead UC
2527000: board.cache_hierarchy.l1d-cache-0: sendMSHRQueuePacket: MSHR ReadReq [4ee0:4ee7] type=MemRead UC
2527000: board.cache_hierarchy.l2-cache-0: access for ReadReq [4ee0:4ee7] type=MemRead UC
2527001: board.cache_hierarchy.l1d-cache-0: sendMSHRQueuePacket: MSHR ReadReq [4ed0:4ed7] type=MemRead UC
2528000: board.cache_hierarchy.l1d-cache-0: sendMSHRQueuePacket: MSHR ReadReq [4ed0:4ed7] type=MemRead UC
2528000: board.cache_hierarchy.l2-cache-0: access for ReadReq [4ed0:4ed7] type=MemRead UC
2528000: board.processor.cores.core.workload: Translating: 0x10a80->0xa80
2528000: board.cache_hierarchy.l1i-cache-0: access for ReadReq [a80:abf] IF hit state: 6 (E) writable: 1 readable: 1 dirty: 0 prefetched: 0 | tag: 0 secure: 0 valid: 1 | set: 0x2a way: 0
2529000: board.processor.cores.core.workload: Translating: 0x10100->0x100
2529000: board.cache_hierarchy.l1i-cache-0: access for ReadReq [100:13f] IF hit state: 6 (E) writable: 1 readable: 1 dirty: 0 prefetched: 0 | tag: 0 secure: 0 valid: 1 | set: 0x4 way: 0
2529000: board.processor.cores.core.workload: Translating: 0x7fffffffffffff40->0x4f40
2529000: board.processor.cores.core.workload: Translating: 0x7fffffffffffff38->0x4f38
2530000: board.cache_hierarchy.l2-cache-0: sendMSHRQueuePacket: MSHR ReadReq [4ef0:4ef7] type=MemRead UC
2530000: board.processor.cores.core.workload: Translating: 0x7fffffffffffff28->0x4f28
2530000: board.processor.cores.core.workload: Translating: 0x7fffffffffffff18->0x4f18
2531000: board.cache_hierarchy.l2-cache-0: sendMSHRQueuePacket: MSHR ReadReq [4ee8:4eef] type=MemRead UC
2531000: board.cache_hierarchy.l2-cache-0: sendMSHRQueuePacket: MSHR ReadReq [4ee8:4eef] type=MemRead UC
2531000: board.processor.cores.core.workload: Translating: 0x7fffffffffffff10->0x4f10
2531000: board.processor.cores.core.workload: Translating: 0x7fffffffffffff08->0x4f08
2532000: board.cache_hierarchy.l2-cache-0: sendMSHRQueuePacket: MSHR ReadReq [4ed8:4edf] type=MemRead UC
2532000: board.cache_hierarchy.l2-cache-0: sendMSHRQueuePacket: MSHR ReadReq [4ed8:4edf] type=MemRead UC
2532000: board.processor.cores.core.workload: Translating: 0x10140->0x140
2532000: board.cache_hierarchy.l1i-cache-0: access for ReadReq [140:17f] IF hit state: 6 (E) writable: 1 readable: 1 dirty: 0 prefetched: 0 | tag: 0 secure: 0 valid: 1 | set: 0x5 way: 0
2532000: board.processor.cores.core.workload: Translating: 0x7fffffffffffff00->0x4f00
2532000: board.processor.cores.core.workload: Translating: 0x7fffffffffffff48->0x4f48
2533000: board.cache_hierarchy.l2-cache-0: sendMSHRQueuePacket: MSHR ReadReq [4ec8:4ecf] type=MemRead UC
2533000: board.cache_hierarchy.l2-cache-0: sendMSHRQueuePacket: MSHR ReadReq [4ec8:4ecf] type=MemRead UC
2533000: board.processor.cores.core.workload: Translating: 0x7fffffffffffff30->0x4f30
2533000: board.processor.cores.core.workload: Translating: 0x7fffffffffffff20->0x4f20
2534000: board.cache_hierarchy.l2-cache-0: sendMSHRQueuePacket: MSHR ReadReq [4ec0:4ec7] type=MemRead UC
2534000: board.cache_hierarchy.l2-cache-0: sendMSHRQueuePacket: MSHR ReadReq [4ec0:4ec7] type=MemRead UC
2535000: board.cache_hierarchy.l2-cache-0: sendMSHRQueuePacket: MSHR ReadReq [4eb8:4ebf] type=MemRead UC
2535000: board.cache_hierarchy.l2-cache-0: sendMSHRQueuePacket: MSHR ReadReq [4eb8:4ebf] type=MemRead UC
2535000: board.processor.cores.core.workload: Translating: 0x11840->0x1840
2535000: board.cache_hierarchy.l1i-cache-0: access for ReadReq [1840:187f] IF miss
2535000: board.processor.cores.core.workload: Translating: 0x133c8->0x33c8
2536000: board.cache_hierarchy.l1i-cache-0: sendMSHRQueuePacket: MSHR ReadReq [1840:187f] IF
2536000: board.cache_hierarchy.l1i-cache-0: createMissPacket: created ReadSharedReq [1840:187f] IF from ReadReq [1840:187f] IF
2536000: board.cache_hierarchy.l2-cache-0: access for ReadSharedReq [1840:187f] IF miss
2536000: board.cache_hierarchy.l2-cache-0: sendMSHRQueuePacket: MSHR ReadReq [4eb0:4eb7] type=MemRead UC
2536000: board.cache_hierarchy.l2-cache-0: sendMSHRQueuePacket: MSHR ReadReq [4eb0:4eb7] type=MemRead UC
2537000: board.cache_hierarchy.l2-cache-0: sendMSHRQueuePacket: MSHR ReadReq [4ef8:4eff] type=MemRead UC
2537000: board.cache_hierarchy.l2-cache-0: sendMSHRQueuePacket: MSHR ReadReq [4ef8:4eff] type=MemRead UC
2537000: board.cache_hierarchy.l2-cache-0: recvTimingResp: Handling response ReadResp [36c0:36c7] type=MemRead UC
2537000: board.cache_hierarchy.l2-cache-0: recvTimingResp: Leaving with ReadResp [36c0:36c7] type=MemRead UC
2538000: board.cache_hierarchy.l2-cache-0: sendMSHRQueuePacket: MSHR ReadReq [4ee0:4ee7] type=MemRead UC
2538000: board.cache_hierarchy.l2-cache-0: sendMSHRQueuePacket: MSHR ReadReq [4ee0:4ee7] type=MemRead UC
2539000: board.cache_hierarchy.l2-cache-0: sendMSHRQueuePacket: MSHR ReadReq [4ed0:4ed7] type=MemRead UC
2539000: board.cache_hierarchy.l2-cache-0: sendMSHRQueuePacket: MSHR ReadReq [4ed0:4ed7] type=MemRead UC
2540000: board.cache_hierarchy.l1d-cache-0: recvTimingResp: Handling response ReadResp [36c0:36c7] type=MemRead UC
2540000: board.cache_hierarchy.l1d-cache-0: Unblocking for cause 0, mask=0
2540000: board.cache_hierarchy.l1d-cache-0: recvTimingResp: Leaving with ReadResp [36c0:36c7] type=MemRead UC
2542000: board.cache_hierarchy.l1d-cache-0: access for ReadReq [33d8:33df] type=MemRead UC
2542000: board.cache_hierarchy.l1d-cache-0: Blocking for cause 0, mask=1
2543000: board.cache_hierarchy.l1d-cache-0: sendMSHRQueuePacket: MSHR ReadReq [33d8:33df] type=MemRead UC
2543000: board.cache_hierarchy.l2-cache-0: access for ReadReq [33d8:33df] type=MemRead UC
2546000: board.processor.cores.core.workload: Translating: 0x11780->0x1780
2546000: board.cache_hierarchy.l1i-cache-0: access for ReadReq [1780:17bf] IF hit state: 6 (E) writable: 1 readable: 1 dirty: 0 prefetched: 0 | tag: 0x1 secure: 0 valid: 1 | set: 0x1e way: 0
2547000: board.cache_hierarchy.l2-cache-0: sendMSHRQueuePacket: MSHR ReadSharedReq [1840:187f] IF
2547000: board.cache_hierarchy.l2-cache-0: createMissPacket: created ReadSharedReq [1840:187f] IF from ReadSharedReq [1840:187f] IF
2550000: board.cache_hierarchy.l2-cache-0: recvTimingResp: Handling response ReadResp [4ef0:4ef7] type=MemRead UC
2550000: board.cache_hierarchy.l2-cache-0: recvTimingResp: Leaving with ReadResp [4ef0:4ef7] type=MemRead UC
2553000: board.cache_hierarchy.l1d-cache-0: recvTimingResp: Handling response ReadResp [4ef0:4ef7] type=MemRead UC
2553000: board.cache_hierarchy.l1d-cache-0: Unblocking for cause 0, mask=0
2553000: board.cache_hierarchy.l1d-cache-0: recvTimingResp: Leaving with ReadResp [4ef0:4ef7] type=MemRead UC
2554000: board.cache_hierarchy.l2-cache-0: sendMSHRQueuePacket: MSHR ReadReq [33d8:33df] type=MemRead UC
2555000: board.cache_hierarchy.l2-cache-0: recvTimingResp: Handling response ReadResp [4eb8:4ebf] type=MemRead UC
2555000: board.cache_hierarchy.l2-cache-0: recvTimingResp: Leaving with ReadResp [4eb8:4ebf] type=MemRead UC
2558000: board.cache_hierarchy.l1d-cache-0: recvTimingResp: Handling response ReadResp [4eb8:4ebf] type=MemRead UC
2558000: board.cache_hierarchy.l1d-cache-0: recvTimingResp: Leaving with ReadResp [4eb8:4ebf] type=MemRead UC
2561000: board.processor.cores.core.workload: Translating: 0x10a80->0xa80
2561000: board.cache_hierarchy.l1i-cache-0: access for ReadReq [a80:abf] IF hit state: 6 (E) writable: 1 readable: 1 dirty: 0 prefetched: 0 | tag: 0 secure: 0 valid: 1 | set: 0x2a way: 0
2564000: board.cache_hierarchy.l2-cache-0: recvTimingResp: Handling response ReadResp [36b8:36bb] type=MemRead UC
2564000: board.cache_hierarchy.l2-cache-0: recvTimingResp: Leaving with ReadResp [36b8:36bb] type=MemRead UC
2565000: board.processor.cores.core.workload: Translating: 0x10ac0->0xac0
2565000: board.cache_hierarchy.l1i-cache-0: access for ReadReq [ac0:aff] IF hit state: 6 (E) writable: 1 readable: 1 dirty: 0 prefetched: 0 | tag: 0 secure: 0 valid: 1 | set: 0x2b way: 0
2567000: board.cache_hierarchy.l1d-cache-0: recvTimingResp: Handling response ReadResp [36b8:36bb] type=MemRead UC
2567000: board.cache_hierarchy.l1d-cache-0: recvTimingResp: Leaving with ReadResp [36b8:36bb] type=MemRead UC
2569000: board.cache_hierarchy.l2-cache-0: recvTimingResp: Handling response ReadResp [39c0:39c3] type=MemRead UC
2569000: board.cache_hierarchy.l2-cache-0: recvTimingResp: Leaving with ReadResp [39c0:39c3] type=MemRead UC
2499000: board.processor.cores.core: 0x10a84    : lw a5, 8(s2)               : 
2499000: board.processor.cores.core: 0x10a88    : c_ld a3, 0(s1)             : 
2572000: board.cache_hierarchy.l1d-cache-0: recvTimingResp: Handling response ReadResp [39c0:39c3] type=MemRead UC
2572000: board.cache_hierarchy.l1d-cache-0: recvTimingResp: Leaving with ReadResp [39c0:39c3] type=MemRead UC
2574000: board.cache_hierarchy.l2-cache-0: recvTimingResp: Handling response ReadResp [36b8:36bb] type=MemRead UC
2574000: board.cache_hierarchy.l2-cache-0: recvTimingResp: Leaving with ReadResp [36b8:36bb] type=MemRead UC
2577000: board.cache_hierarchy.l1d-cache-0: recvTimingResp: Handling response ReadResp [36b8:36bb] type=MemRead UC
2577000: board.cache_hierarchy.l1d-cache-0: recvTimingResp: Leaving with ReadResp [36b8:36bb] type=MemRead UC
2577000: board.processor.cores.core.workload: Translating: 0x10a80->0xa80
2577000: board.cache_hierarchy.l1i-cache-0: access for ReadReq [a80:abf] IF hit state: 6 (E) writable: 1 readable: 1 dirty: 0 prefetched: 0 | tag: 0 secure: 0 valid: 1 | set: 0x2a way: 0
2579000: board.cache_hierarchy.l2-cache-0: recvTimingResp: Handling response ReadResp [36b8:36bb] type=MemRead UC
2579000: board.cache_hierarchy.l2-cache-0: recvTimingResp: Leaving with ReadResp [36b8:36bb] type=MemRead UC
2582000: board.cache_hierarchy.l1d-cache-0: recvTimingResp: Handling response ReadResp [36b8:36bb] type=MemRead UC
2582000: board.cache_hierarchy.l1d-cache-0: recvTimingResp: Leaving with ReadResp [36b8:36bb] type=MemRead UC
2584000: board.processor.cores.core.workload: Translating: 0x10ac0->0xac0
2584000: board.cache_hierarchy.l1i-cache-0: access for ReadReq [ac0:aff] IF hit state: 6 (E) writable: 1 readable: 1 dirty: 0 prefetched: 0 | tag: 0 secure: 0 valid: 1 | set: 0x2b way: 0
2585000: board.processor.cores.core.workload: Translating: 0x10a40->0xa40
2585000: board.cache_hierarchy.l1i-cache-0: access for ReadReq [a40:a7f] IF hit state: 6 (E) writable: 1 readable: 1 dirty: 0 prefetched: 0 | tag: 0 secure: 0 valid: 1 | set: 0x29 way: 0
2590000: board.processor.cores.core.workload: Translating: 0x10a80->0xa80
2590000: board.cache_hierarchy.l1i-cache-0: access for ReadReq [a80:abf] IF hit state: 6 (E) writable: 1 readable: 1 dirty: 0 prefetched: 0 | tag: 0 secure: 0 valid: 1 | set: 0x2a way: 0
2500000: board.processor.cores.core: 0x10a8a    : c_addiw a5, -1             : 
2500000: board.processor.cores.core: 0x10a8c    : beq a5, s0, 88             : 
2604000: board.processor.cores.core.workload: Translating: 0x10ac0->0xac0
2604000: board.cache_hierarchy.l1i-cache-0: access for ReadReq [ac0:aff] IF hit state: 6 (E) writable: 1 readable: 1 dirty: 0 prefetched: 0 | tag: 0 secure: 0 valid: 1 | set: 0x2b way: 0
2604000: board.processor.cores.core.workload: Translating: 0x136b8->0x36b8
2605000: board.processor.cores.core.workload: Translating: 0x10a40->0xa40
2605000: board.cache_hierarchy.l1i-cache-0: access for ReadReq [a40:a7f] IF hit state: 6 (E) writable: 1 readable: 1 dirty: 0 prefetched: 0 | tag: 0 secure: 0 valid: 1 | set: 0x29 way: 0
2574000: board.processor.cores.core: 0x10ae4    : sw s0, 8(s2)               : 
2574000: board.processor.cores.core: 0x10ae8    : c_j -84                    : 
2608000: board.processor.cores.core.workload: Translating: 0x139c0->0x39c0
2608000: board.cache_hierarchy.l1d-cache-0: access for ReadReq [39c0:39c3] type=MemRead UC
2608000: board.cache_hierarchy.l1d-cache-0: access for WriteReq [36b8:36bb] type=MemWrite UC
2609000: board.cache_hierarchy.l1d-cache-0: sendMSHRQueuePacket: MSHR ReadReq [39c0:39c3] type=MemRead UC
2609000: board.cache_hierarchy.l2-cache-0: access for ReadReq [39c0:39c3] type=MemRead UC
2609000: board.processor.cores.core.workload: Translating: 0x136b8->0x36b8
2609000: board.cache_hierarchy.l1d-cache-0: access for ReadReq [36b8:36bb] type=MemRead UC
2609001: board.cache_hierarchy.l1d-cache-0: sendWriteQueuePacket: write WriteReq [36b8:36bb] type=MemWrite UC
2610000: board.cache_hierarchy.l1d-cache-0: sendWriteQueuePacket: write WriteReq [36b8:36bb] type=MemWrite UC
2610000: board.cache_hierarchy.l2-cache-0: access for WriteReq [36b8:36bb] type=MemWrite UC
2610000: board.processor.cores.core.workload: Translating: 0x10a80->0xa80
2610000: board.cache_hierarchy.l1i-cache-0: access for ReadReq [a80:abf] IF hit state: 6 (E) writable: 1 readable: 1 dirty: 0 prefetched: 0 | tag: 0 secure: 0 valid: 1 | set: 0x2a way: 0
2578000: board.processor.cores.core: 0x10a94    : c_beqz a3, 36              : 
2610001: board.cache_hierarchy.l1d-cache-0: sendMSHRQueuePacket: MSHR ReadReq [36b8:36bb] type=MemRead UC
2611000: board.processor.cores.core.workload: Translating: 0x10100->0x100
2611000: board.cache_hierarchy.l1i-cache-0: access for ReadReq [100:13f] IF hit state: 6 (E) writable: 1 readable: 1 dirty: 0 prefetched: 0 | tag: 0 secure: 0 valid: 1 | set: 0x4 way: 0
2611000: board.processor.cores.core.workload: Translating: 0x136b8->0x36b8
2611000: board.cache_hierarchy.l1d-cache-0: access for ReadReq [36b8:36bb] type=MemRead UC
2612000: board.cache_hierarchy.l1d-cache-0: sendMSHRQueuePacket: MSHR ReadReq [36b8:36bb] type=MemRead UC
2612000: board.cache_hierarchy.l2-cache-0: access for ReadReq [36b8:36bb] type=MemRead UC
2612000: board.processor.cores.core.workload: Translating: 0x133d8->0x33d8
2612000: board.cache_hierarchy.l1d-cache-0: access for ReadReq [33d8:33df] type=MemRead UC
2612001: board.cache_hierarchy.l1d-cache-0: sendMSHRQueuePacket: MSHR ReadReq [36b8:36bb] type=MemRead UC
2613000: board.cache_hierarchy.l1d-cache-0: sendMSHRQueuePacket: MSHR ReadReq [36b8:36bb] type=MemRead UC
2613000: board.cache_hierarchy.l2-cache-0: access for ReadReq [36b8:36bb] type=MemRead UC
2613001: board.cache_hierarchy.l1d-cache-0: sendMSHRQueuePacket: MSHR ReadReq [33d8:33df] type=MemRead UC
2614000: board.cache_hierarchy.l1d-cache-0: sendMSHRQueuePacket: MSHR ReadReq [33d8:33df] type=MemRead UC
2614000: board.cache_hierarchy.l2-cache-0: access for ReadReq [33d8:33df] type=MemRead UC
2614000: board.processor.cores.core.workload: Translating: 0x11780->0x1780
2614000: board.cache_hierarchy.l1i-cache-0: access for ReadReq [1780:17bf] IF hit state: 6 (E) writable: 1 readable: 1 dirty: 0 prefetched: 0 | tag: 0x1 secure: 0 valid: 1 | set: 0x1e way: 0
2615000: board.cache_hierarchy.l2-cache-0: recvTimingResp: Handling response ReadResp [33d8:33df] type=MemRead UC
2615000: board.cache_hierarchy.l2-cache-0: recvTimingResp: Leaving with ReadResp [33d8:33df] type=MemRead UC
2618000: board.cache_hierarchy.l1d-cache-0: recvTimingResp: Handling response ReadResp [33d8:33df] type=MemRead UC
2618000: board.cache_hierarchy.l1d-cache-0: recvTimingResp: Leaving with ReadResp [33d8:33df] type=MemRead UC
2618000: board.cache_hierarchy.l2-cache-0: recvTimingResp: Handling response ReadResp [4ee8:4eef] type=MemRead UC
2618000: board.cache_hierarchy.l2-cache-0: recvTimingResp: Leaving with ReadResp [4ee8:4eef] type=MemRead UC
2620000: board.cache_hierarchy.l2-cache-0: sendMSHRQueuePacket: MSHR ReadReq [39c0:39c3] type=MemRead UC
2621000: board.cache_hierarchy.l2-cache-0: sendWriteQueuePacket: write WriteReq [36b8:36bb] type=MemWrite UC
2621000: board.cache_hierarchy.l2-cache-0: sendWriteQueuePacket: write WriteReq [36b8:36bb] type=MemWrite UC
2621000: board.cache_hierarchy.l1d-cache-0: recvTimingResp: Handling response ReadResp [4ee8:4eef] type=MemRead UC
2621000: board.cache_hierarchy.l1d-cache-0: recvTimingResp: Leaving with ReadResp [4ee8:4eef] type=MemRead UC
2623000: board.cache_hierarchy.l2-cache-0: sendMSHRQueuePacket: MSHR ReadReq [36b8:36bb] type=MemRead UC
2623000: board.cache_hierarchy.l2-cache-0: sendMSHRQueuePacket: MSHR ReadReq [36b8:36bb] type=MemRead UC
2623000: board.cache_hierarchy.l2-cache-0: recvTimingResp: Handling response ReadResp [4ed8:4edf] type=MemRead UC
2623000: board.cache_hierarchy.l2-cache-0: recvTimingResp: Leaving with ReadResp [4ed8:4edf] type=MemRead UC
2623000: board.processor.cores.core.workload: Translating: 0x7ffffffffffffea0->0x4ea0
2624000: board.cache_hierarchy.l2-cache-0: sendMSHRQueuePacket: MSHR ReadReq [36b8:36bb] type=MemRead UC
2624000: board.cache_hierarchy.l2-cache-0: sendMSHRQueuePacket: MSHR ReadReq [36b8:36bb] type=MemRead UC
2625000: board.cache_hierarchy.l2-cache-0: sendMSHRQueuePacket: MSHR ReadReq [33d8:33df] type=MemRead UC
2625000: board.cache_hierarchy.l2-cache-0: sendMSHRQueuePacket: MSHR ReadReq [33d8:33df] type=MemRead UC
2626000: board.cache_hierarchy.l1d-cache-0: recvTimingResp: Handling response ReadResp [4ed8:4edf] type=MemRead UC
2626000: board.cache_hierarchy.l1d-cache-0: recvTimingResp: Leaving with ReadResp [4ed8:4edf] type=MemRead UC
2626000: board.cache_hierarchy.l2-cache-0: recvTimingResp: Handling response ReadResp [1840:187f] IF
2626000: board.cache_hierarchy.l2-cache-0: Block for addr 0x1840 being updated in Cache
2626000: board.cache_hierarchy.l2-cache-0: Block addr 0x1840 (ns) moving from  to state: 6 (E) writable: 1 readable: 1 dirty: 0 prefetched: 0 | tag: 0 secure: 0 valid: 1 | set: 0x61 way: 0
2626000: board.cache_hierarchy.l2-cache-0: recvTimingResp: Leaving with ReadResp [1840:187f] IF
2626000: board.processor.cores.core.workload: Translating: 0x7ffffffffffffe98->0x4e98
2627000: board.processor.cores.core.workload: Translating: 0x7ffffffffffffea8->0x4ea8
2628000: board.cache_hierarchy.l1i-cache-0: recvTimingResp: Handling response ReadResp [1840:187f] IF
2628000: board.cache_hierarchy.l1i-cache-0: Block for addr 0x1840 being updated in Cache
2628000: board.cache_hierarchy.l1i-cache-0: Block addr 0x1840 (ns) moving from  to state: 6 (E) writable: 1 readable: 1 dirty: 0 prefetched: 0 | tag: 0x1 secure: 0 valid: 1 | set: 0x21 way: 0
2628000: board.cache_hierarchy.l1i-cache-0: recvTimingResp: Leaving with ReadResp [1840:187f] IF
2629000: board.processor.cores.core.workload: Translating: 0x10a80->0xa80
2629000: board.cache_hierarchy.l1i-cache-0: access for ReadReq [a80:abf] IF hit state: 6 (E) writable: 1 readable: 1 dirty: 0 prefetched: 0 | tag: 0 secure: 0 valid: 1 | set: 0x2a way: 0
2630000: board.cache_hierarchy.l2-cache-0: recvTimingResp: Handling response ReadResp [4ec8:4ecf] type=MemRead UC
2630000: board.cache_hierarchy.l2-cache-0: recvTimingResp: Leaving with ReadResp [4ec8:4ecf] type=MemRead UC
2630000: board.processor.cores.core.workload: Translating: 0x12988->0x2988
2630000: board.cache_hierarchy.l1d-cache-0: access for ReadReq [2988:298f] type=MemRead UC
2630000: board.cache_hierarchy.l1d-cache-0: Create CleanEvict CleanEvict [2980:29bf]
2631000: board.cache_hierarchy.l1d-cache-0: sendWriteQueuePacket: write CleanEvict [2980:29bf]
2631000: board.cache_hierarchy.l2-cache-0: access for CleanEvict [2980:29bf] hit state: 6 (E) writable: 1 readable: 1 dirty: 0 prefetched: 0 | tag: 0 secure: 0 valid: 1 | set: 0xa6 way: 0
2631000: board.cache_hierarchy.l2-cache-0: handleTimingReqHit satisfied CleanEvict [2980:29bf], no response needed
2631001: board.cache_hierarchy.l1d-cache-0: sendMSHRQueuePacket: MSHR ReadReq [2988:298f] type=MemRead UC
2632000: board.cache_hierarchy.l1d-cache-0: sendMSHRQueuePacket: MSHR ReadReq [2988:298f] type=MemRead UC
2632000: board.cache_hierarchy.l2-cache-0: access for ReadReq [2988:298f] type=MemRead UC
2632000: board.cache_hierarchy.l2-cache-0: Create CleanEvict CleanEvict [2980:29bf]
2632000: board.processor.cores.core.workload: Translating: 0x7ffffffffffffea8->0x4ea8
2632000: board.processor.cores.core.workload: Translating: 0x7ffffffffffffea0->0x4ea0
2633000: board.cache_hierarchy.l1d-cache-0: recvTimingResp: Handling response ReadResp [4ec8:4ecf] type=MemRead UC
2633000: board.cache_hierarchy.l1d-cache-0: recvTimingResp: Leaving with ReadResp [4ec8:4ecf] type=MemRead UC
2633000: board.cache_hierarchy.l2-cache-0: recvTimingResp: Handling response ReadResp [33d8:33df] type=MemRead UC
2633000: board.cache_hierarchy.l2-cache-0: recvTimingResp: Leaving with ReadResp [33d8:33df] type=MemRead UC
2633000: board.processor.cores.core.workload: Translating: 0x10ac0->0xac0
2633000: board.cache_hierarchy.l1i-cache-0: access for ReadReq [ac0:aff] IF hit state: 6 (E) writable: 1 readable: 1 dirty: 0 prefetched: 0 | tag: 0 secure: 0 valid: 1 | set: 0x2b way: 0
2633000: board.processor.cores.core.workload: Translating: 0x7ffffffffffffe98->0x4e98
2634000: board.processor.cores.core.workload: Translating: 0x10a40->0xa40
2634000: board.cache_hierarchy.l1i-cache-0: access for ReadReq [a40:a7f] IF hit state: 6 (E) writable: 1 readable: 1 dirty: 0 prefetched: 0 | tag: 0 secure: 0 valid: 1 | set: 0x29 way: 0
2635000: board.processor.cores.core.workload: Translating: 0x7ffffffffffffec8->0x4ec8
2635000: board.cache_hierarchy.l1d-cache-0: access for ReadReq [4ec8:4ecf] type=MemRead UC
2635000: board.processor.cores.core.workload: Translating: 0x7ffffffffffffec0->0x4ec0
2635000: board.cache_hierarchy.l1d-cache-0: access for ReadReq [4ec0:4ec7] type=MemRead UC
2636000: board.cache_hierarchy.l1d-cache-0: sendMSHRQueuePacket: MSHR ReadReq [4ec8:4ecf] type=MemRead UC
2636000: board.cache_hierarchy.l2-cache-0: access for ReadReq [4ec8:4ecf] type=MemRead UC
2636000: board.cache_hierarchy.l1d-cache-0: recvTimingResp: Handling response ReadResp [33d8:33df] type=MemRead UC
2636000: board.cache_hierarchy.l1d-cache-0: recvTimingResp: Leaving with ReadResp [33d8:33df] type=MemRead UC
2636000: board.cache_hierarchy.l2-cache-0: recvTimingResp: Handling response ReadResp [4ec0:4ec7] type=MemRead UC
2636000: board.cache_hierarchy.l2-cache-0: recvTimingResp: Leaving with ReadResp [4ec0:4ec7] type=MemRead UC
2636001: board.cache_hierarchy.l1d-cache-0: sendMSHRQueuePacket: MSHR ReadReq [4ec0:4ec7] type=MemRead UC
2637000: board.cache_hierarchy.l1d-cache-0: sendMSHRQueuePacket: MSHR ReadReq [4ec0:4ec7] type=MemRead UC
2637000: board.cache_hierarchy.l2-cache-0: access for ReadReq [4ec0:4ec7] type=MemRead UC
2637000: board.processor.cores.core.workload: Translating: 0x10a80->0xa80
2637000: board.cache_hierarchy.l1i-cache-0: access for ReadReq [a80:abf] IF hit state: 6 (E) writable: 1 readable: 1 dirty: 0 prefetched: 0 | tag: 0 secure: 0 valid: 1 | set: 0x2a way: 0
2639000: board.cache_hierarchy.l1d-cache-0: recvTimingResp: Handling response ReadResp [4ec0:4ec7] type=MemRead UC
2639000: board.cache_hierarchy.l1d-cache-0: recvTimingResp: Leaving with ReadResp [4ec0:4ec7] type=MemRead UC
2641000: board.cache_hierarchy.l2-cache-0: recvTimingResp: Handling response ReadResp [4eb0:4eb7] type=MemRead UC
2641000: board.cache_hierarchy.l2-cache-0: recvTimingResp: Leaving with ReadResp [4eb0:4eb7] type=MemRead UC
2641000: board.processor.cores.core.workload: Translating: 0x10ac0->0xac0
2641000: board.cache_hierarchy.l1i-cache-0: access for ReadReq [ac0:aff] IF hit state: 6 (E) writable: 1 readable: 1 dirty: 0 prefetched: 0 | tag: 0 secure: 0 valid: 1 | set: 0x2b way: 0
2642000: board.processor.cores.core.workload: Translating: 0x10a40->0xa40
2642000: board.cache_hierarchy.l1i-cache-0: access for ReadReq [a40:a7f] IF hit state: 6 (E) writable: 1 readable: 1 dirty: 0 prefetched: 0 | tag: 0 secure: 0 valid: 1 | set: 0x29 way: 0
2643000: board.cache_hierarchy.l2-cache-0: recvTimingResp: Handling response WriteResp [36b8:36bb] type=MemWrite UC
2643000: board.cache_hierarchy.l2-cache-0: sendWriteQueuePacket: write CleanEvict [2980:29bf]
2643001: board.cache_hierarchy.l2-cache-0: sendMSHRQueuePacket: MSHR ReadReq [2988:298f] type=MemRead UC
2644000: board.cache_hierarchy.l2-cache-0: sendMSHRQueuePacket: MSHR ReadReq [2988:298f] type=MemRead UC
2644000: board.cache_hierarchy.l1d-cache-0: recvTimingResp: Handling response ReadResp [4eb0:4eb7] type=MemRead UC
2644000: board.cache_hierarchy.l1d-cache-0: recvTimingResp: Leaving with ReadResp [4eb0:4eb7] type=MemRead UC
2645000: board.processor.cores.core.workload: Translating: 0x136b8->0x36b8
2645000: board.cache_hierarchy.l1d-cache-0: access for ReadReq [36b8:36bb] type=MemRead UC
2645000: board.processor.cores.core.workload: Translating: 0x133d8->0x33d8
2645000: board.cache_hierarchy.l1d-cache-0: access for ReadReq [33d8:33df] type=MemRead UC
2646000: board.cache_hierarchy.l1d-cache-0: sendMSHRQueuePacket: MSHR ReadReq [36b8:36bb] type=MemRead UC
2646000: board.cache_hierarchy.l2-cache-0: access for ReadReq [36b8:36bb] type=MemRead UC
2646000: board.cache_hierarchy.l1d-cache-0: recvTimingResp: Handling response WriteResp [36b8:36bb] type=MemWrite UC
2646000: board.cache_hierarchy.l2-cache-0: recvTimingResp: Handling response ReadResp [4ef8:4eff] type=MemRead UC
2646000: board.cache_hierarchy.l2-cache-0: recvTimingResp: Leaving with ReadResp [4ef8:4eff] type=MemRead UC
2646001: board.cache_hierarchy.l1d-cache-0: sendMSHRQueuePacket: MSHR ReadReq [33d8:33df] type=MemRead UC
2647000: board.cache_hierarchy.l1d-cache-0: sendMSHRQueuePacket: MSHR ReadReq [33d8:33df] type=MemRead UC
2647000: board.cache_hierarchy.l2-cache-0: access for ReadReq [33d8:33df] type=MemRead UC
2647000: board.cache_hierarchy.l2-cache-0: sendMSHRQueuePacket: MSHR ReadReq [4ec8:4ecf] type=MemRead UC
2647000: board.processor.cores.core.workload: Translating: 0x10a80->0xa80
2647000: board.cache_hierarchy.l1i-cache-0: access for ReadReq [a80:abf] IF hit state: 6 (E) writable: 1 readable: 1 dirty: 0 prefetched: 0 | tag: 0 secure: 0 valid: 1 | set: 0x2a way: 0
2648000: board.cache_hierarchy.l2-cache-0: sendMSHRQueuePacket: MSHR ReadReq [4ec0:4ec7] type=MemRead UC
2648000: board.cache_hierarchy.l2-cache-0: sendMSHRQueuePacket: MSHR ReadReq [4ec0:4ec7] type=MemRead UC
2649000: board.cache_hierarchy.l1d-cache-0: recvTimingResp: Handling response ReadResp [4ef8:4eff] type=MemRead UC
2649000: board.cache_hierarchy.l1d-cache-0: recvTimingResp: Leaving with ReadResp [4ef8:4eff] type=MemRead UC
2650000: board.processor.cores.core.workload: Translating: 0x7ffffffffffffef0->0x4ef0
2650000: board.cache_hierarchy.l1d-cache-0: access for ReadReq [4ef0:4ef7] type=MemRead UC
2650000: board.processor.cores.core.workload: Translating: 0x7ffffffffffffee8->0x4ee8
2650000: board.cache_hierarchy.l1d-cache-0: access for ReadReq [4ee8:4eef] type=MemRead UC
2651000: board.cache_hierarchy.l1d-cache-0: sendMSHRQueuePacket: MSHR ReadReq [4ef0:4ef7] type=MemRead UC
2651000: board.cache_hierarchy.l2-cache-0: access for ReadReq [4ef0:4ef7] type=MemRead UC
2651000: board.cache_hierarchy.l2-cache-0: recvTimingResp: Handling response ReadResp [4ee0:4ee7] type=MemRead UC
2651000: board.cache_hierarchy.l2-cache-0: recvTimingResp: Leaving with ReadResp [4ee0:4ee7] type=MemRead UC
2651000: board.processor.cores.core.workload: Translating: 0x7ffffffffffffed8->0x4ed8
2651000: board.cache_hierarchy.l1d-cache-0: access for ReadReq [4ed8:4edf] type=MemRead UC
2651000: board.processor.cores.core.workload: Translating: 0x7ffffffffffffec8->0x4ec8
2651000: board.cache_hierarchy.l1d-cache-0: access for ReadReq [4ec8:4ecf] type=MemRead UC
2651001: board.cache_hierarchy.l1d-cache-0: sendMSHRQueuePacket: MSHR ReadReq [4ee8:4eef] type=MemRead UC
2652000: board.cache_hierarchy.l1d-cache-0: sendMSHRQueuePacket: MSHR ReadReq [4ee8:4eef] type=MemRead UC
2652000: board.cache_hierarchy.l2-cache-0: access for ReadReq [4ee8:4eef] type=MemRead UC
2652000: board.processor.cores.core.workload: Translating: 0x10ac0->0xac0
2652000: board.cache_hierarchy.l1i-cache-0: access for ReadReq [ac0:aff] IF hit state: 6 (E) writable: 1 readable: 1 dirty: 0 prefetched: 0 | tag: 0 secure: 0 valid: 1 | set: 0x2b way: 0
2652000: board.processor.cores.core.workload: Translating: 0x7ffffffffffffec0->0x4ec0
2652000: board.cache_hierarchy.l1d-cache-0: access for ReadReq [4ec0:4ec7] type=MemRead UC
2652000: board.cache_hierarchy.l1d-cache-0: Blocking for cause 0, mask=1
2652000: board.processor.cores.core.workload: Translating: 0x7ffffffffffffeb8->0x4eb8
2652001: board.cache_hierarchy.l1d-cache-0: sendMSHRQueuePacket: MSHR ReadReq [4ed8:4edf] type=MemRead UC
2653000: board.cache_hierarchy.l1d-cache-0: sendMSHRQueuePacket: MSHR ReadReq [4ed8:4edf] type=MemRead UC
2653000: board.cache_hierarchy.l2-cache-0: access for ReadReq [4ed8:4edf] type=MemRead UC
2653000: board.processor.cores.core.workload: Translating: 0x10a40->0xa40
2653000: board.cache_hierarchy.l1i-cache-0: access for ReadReq [a40:a7f] IF hit state: 6 (E) writable: 1 readable: 1 dirty: 0 prefetched: 0 | tag: 0 secure: 0 valid: 1 | set: 0x29 way: 0
2653000: board.processor.cores.core.workload: Translating: 0x7ffffffffffffeb0->0x4eb0
2653000: board.processor.cores.core.workload: Translating: 0x7ffffffffffffef8->0x4ef8
2653001: board.cache_hierarchy.l1d-cache-0: sendMSHRQueuePacket: MSHR ReadReq [4ec8:4ecf] type=MemRead UC
2654000: board.cache_hierarchy.l1d-cache-0: recvTimingResp: Handling response ReadResp [4ee0:4ee7] type=MemRead UC
2654000: board.cache_hierarchy.l1d-cache-0: Unblocking for cause 0, mask=0
2654000: board.cache_hierarchy.l1d-cache-0: recvTimingResp: Leaving with ReadResp [4ee0:4ee7] type=MemRead UC
2654000: board.cache_hierarchy.l1d-cache-0: sendMSHRQueuePacket: MSHR ReadReq [4ec8:4ecf] type=MemRead UC
2654000: board.cache_hierarchy.l2-cache-0: access for ReadReq [4ec8:4ecf] type=MemRead UC
2654000: board.processor.cores.core.workload: Translating: 0x7ffffffffffffee0->0x4ee0
2654000: board.processor.cores.core.workload: Translating: 0x7ffffffffffffed0->0x4ed0
2654001: board.cache_hierarchy.l1d-cache-0: sendMSHRQueuePacket: MSHR ReadReq [4ec0:4ec7] type=MemRead UC
2655000: board.cache_hierarchy.l1d-cache-0: sendMSHRQueuePacket: MSHR ReadReq [4ec0:4ec7] type=MemRead UC
2655000: board.cache_hierarchy.l2-cache-0: access for ReadReq [4ec0:4ec7] type=MemRead UC
2656000: board.cache_hierarchy.l2-cache-0: recvTimingResp: Handling response ReadResp [4ed0:4ed7] type=MemRead UC
2656000: board.cache_hierarchy.l2-cache-0: recvTimingResp: Leaving with ReadResp [4ed0:4ed7] type=MemRead UC
2656000: board.cache_hierarchy.l1d-cache-0: access for ReadReq [4eb8:4ebf] type=MemRead UC
2656000: board.cache_hierarchy.l1d-cache-0: Blocking for cause 0, mask=1
2657000: board.cache_hierarchy.l1d-cache-0: sendMSHRQueuePacket: MSHR ReadReq [4eb8:4ebf] type=MemRead UC
2657000: board.cache_hierarchy.l2-cache-0: access for ReadReq [4eb8:4ebf] type=MemRead UC
2657000: board.cache_hierarchy.l2-cache-0: sendMSHRQueuePacket: MSHR ReadReq [36b8:36bb] type=MemRead UC
2658000: board.cache_hierarchy.l2-cache-0: sendMSHRQueuePacket: MSHR ReadReq [33d8:33df] type=MemRead UC
2658000: board.cache_hierarchy.l2-cache-0: sendMSHRQueuePacket: MSHR ReadReq [33d8:33df] type=MemRead UC
2658000: board.processor.cores.core.workload: Translating: 0x10a80->0xa80
2658000: board.cache_hierarchy.l1i-cache-0: access for ReadReq [a80:abf] IF hit state: 6 (E) writable: 1 readable: 1 dirty: 0 prefetched: 0 | tag: 0 secure: 0 valid: 1 | set: 0x2a way: 0
2658000: board.processor.cores.core.workload: Translating: 0x133d8->0x33d8
2659000: board.cache_hierarchy.l1d-cache-0: recvTimingResp: Handling response ReadResp [4ed0:4ed7] type=MemRead UC
2659000: board.cache_hierarchy.l1d-cache-0: Unblocking for cause 0, mask=0
2659000: board.cache_hierarchy.l1d-cache-0: recvTimingResp: Leaving with ReadResp [4ed0:4ed7] type=MemRead UC
2659000: board.processor.cores.core.workload: Translating: 0x10100->0x100
2659000: board.cache_hierarchy.l1i-cache-0: access for ReadReq [100:13f] IF hit state: 6 (E) writable: 1 readable: 1 dirty: 0 prefetched: 0 | tag: 0 secure: 0 valid: 1 | set: 0x4 way: 0
2660000: board.processor.cores.core.workload: Translating: 0x7fffffffffffff40->0x4f40
2660000: board.cache_hierarchy.l1d-cache-0: access for ReadReq [4f40:4f47] type=MemRead UC
2660000: board.cache_hierarchy.l1d-cache-0: Blocking for cause 0, mask=1
2660000: board.processor.cores.core.workload: Translating: 0x7fffffffffffff38->0x4f38
2661000: board.cache_hierarchy.l1d-cache-0: sendMSHRQueuePacket: MSHR ReadReq [4f40:4f47] type=MemRead UC
2661000: board.cache_hierarchy.l2-cache-0: access for ReadReq [4f40:4f47] type=MemRead UC
2662000: board.cache_hierarchy.l2-cache-0: sendMSHRQueuePacket: MSHR ReadReq [4ef0:4ef7] type=MemRead UC
2662000: board.processor.cores.core.workload: Translating: 0x11840->0x1840
2662000: board.cache_hierarchy.l1i-cache-0: access for ReadReq [1840:187f] IF hit state: 6 (E) writable: 1 readable: 1 dirty: 0 prefetched: 0 | tag: 0x1 secure: 0 valid: 1 | set: 0x21 way: 0
2663000: board.cache_hierarchy.l2-cache-0: sendMSHRQueuePacket: MSHR ReadReq [4ee8:4eef] type=MemRead UC
2663000: board.cache_hierarchy.l2-cache-0: sendMSHRQueuePacket: MSHR ReadReq [4ee8:4eef] type=MemRead UC
2663000: board.processor.cores.core.workload: Translating: 0x7fffffffffffff28->0x4f28
2664000: board.cache_hierarchy.l2-cache-0: sendMSHRQueuePacket: MSHR ReadReq [4ed8:4edf] type=MemRead UC
2664000: board.cache_hierarchy.l2-cache-0: sendMSHRQueuePacket: MSHR ReadReq [4ed8:4edf] type=MemRead UC
2664000: board.processor.cores.core.workload: Translating: 0x7fffffffffffff18->0x4f18
2664000: board.processor.cores.core.workload: Translating: 0x7fffffffffffff10->0x4f10
2665000: board.cache_hierarchy.l2-cache-0: sendMSHRQueuePacket: MSHR ReadReq [4ec8:4ecf] type=MemRead UC
2665000: board.cache_hierarchy.l2-cache-0: sendMSHRQueuePacket: MSHR ReadReq [4ec8:4ecf] type=MemRead UC
2665000: board.processor.cores.core.workload: Translating: 0x7fffffffffffff08->0x4f08
2665000: board.processor.cores.core.workload: Translating: 0x7fffffffffffff00->0x4f00
2666000: board.cache_hierarchy.l2-cache-0: sendMSHRQueuePacket: MSHR ReadReq [4ec0:4ec7] type=MemRead UC
2666000: board.cache_hierarchy.l2-cache-0: sendMSHRQueuePacket: MSHR ReadReq [4ec0:4ec7] type=MemRead UC
2666000: board.processor.cores.core.workload: Translating: 0x7fffffffffffff48->0x4f48
2666000: board.processor.cores.core.workload: Translating: 0x7fffffffffffff30->0x4f30
2667000: board.processor.cores.core.workload: Translating: 0x7fffffffffffff20->0x4f20
2668000: board.cache_hierarchy.l2-cache-0: sendMSHRQueuePacket: MSHR ReadReq [4eb8:4ebf] type=MemRead UC
2668000: board.cache_hierarchy.l2-cache-0: recvTimingResp: Handling response ReadResp [39c0:39c3] type=MemRead UC
2668000: board.cache_hierarchy.l2-cache-0: recvTimingResp: Leaving with ReadResp [39c0:39c3] type=MemRead UC
2668000: board.processor.cores.core.workload: Translating: 0x133c8->0x33c8
2671000: board.cache_hierarchy.l1d-cache-0: recvTimingResp: Handling response ReadResp [39c0:39c3] type=MemRead UC
2671000: board.cache_hierarchy.l1d-cache-0: Unblocking for cause 0, mask=0
2671000: board.cache_hierarchy.l1d-cache-0: recvTimingResp: Leaving with ReadResp [39c0:39c3] type=MemRead UC
2672000: board.cache_hierarchy.l2-cache-0: sendMSHRQueuePacket: MSHR ReadReq [4f40:4f47] type=MemRead UC
2673000: board.cache_hierarchy.l2-cache-0: recvTimingResp: Handling response ReadResp [36b8:36bb] type=MemRead UC
2673000: board.cache_hierarchy.l2-cache-0: recvTimingResp: Leaving with ReadResp [36b8:36bb] type=MemRead UC
2673000: board.cache_hierarchy.l1d-cache-0: access for ReadReq [4eb0:4eb7] type=MemRead UC
2673000: board.cache_hierarchy.l1d-cache-0: Blocking for cause 0, mask=1
2674000: board.cache_hierarchy.l1d-cache-0: sendMSHRQueuePacket: MSHR ReadReq [4eb0:4eb7] type=MemRead UC
2674000: board.cache_hierarchy.l2-cache-0: access for ReadReq [4eb0:4eb7] type=MemRead UC
2578000: board.processor.cores.core: 0x10a96    : lw a5, 784(s2)             : 
2579000: board.processor.cores.core: 0x10a9a    : sllw a4, s5, s0            : 
2676000: board.cache_hierarchy.l1d-cache-0: recvTimingResp: Handling response ReadResp [36b8:36bb] type=MemRead UC
2676000: board.cache_hierarchy.l1d-cache-0: Unblocking for cause 0, mask=0
2676000: board.cache_hierarchy.l1d-cache-0: recvTimingResp: Leaving with ReadResp [36b8:36bb] type=MemRead UC
2677000: board.cache_hierarchy.l1d-cache-0: access for ReadReq [4f28:4f2f] type=MemRead UC
2677000: board.cache_hierarchy.l1d-cache-0: Blocking for cause 0, mask=1
2678000: board.cache_hierarchy.l1d-cache-0: sendMSHRQueuePacket: MSHR ReadReq [4f28:4f2f] type=MemRead UC
2678000: board.cache_hierarchy.l2-cache-0: access for ReadReq [4f28:4f2f] type=MemRead UC
2678000: board.cache_hierarchy.l2-cache-0: recvTimingResp: Handling response ReadResp [36b8:36bb] type=MemRead UC
2678000: board.cache_hierarchy.l2-cache-0: recvTimingResp: Leaving with ReadResp [36b8:36bb] type=MemRead UC
2579000: board.processor.cores.core: 0x10a9e    : lw s8, 8(s2)               : 
2580000: board.processor.cores.core: 0x10aa2    : c_and a5, a4               : 
2681000: board.cache_hierarchy.l1d-cache-0: recvTimingResp: Handling response ReadResp [36b8:36bb] type=MemRead UC
2681000: board.cache_hierarchy.l1d-cache-0: Unblocking for cause 0, mask=0
2681000: board.cache_hierarchy.l1d-cache-0: recvTimingResp: Leaving with ReadResp [36b8:36bb] type=MemRead UC
2580000: board.processor.cores.core: 0x10aa4    : c_bnez a5, 30              : 
2581000: board.processor.cores.core: 0x10aa6    : c_jalr a3                  : 
2682000: board.cache_hierarchy.l2-cache-0: recvTimingResp: Handling response ReadResp [4ef0:4ef7] type=MemRead UC
2682000: board.cache_hierarchy.l2-cache-0: recvTimingResp: Leaving with ReadResp [4ef0:4ef7] type=MemRead UC
2682000: board.cache_hierarchy.l1d-cache-0: access for ReadReq [4f48:4f4f] type=MemRead UC
2682000: board.cache_hierarchy.l1d-cache-0: Blocking for cause 0, mask=1
2615000: board.processor.cores.core: 0x1178a    : c_addi sp, -32             : 
2615000: board.processor.cores.core: 0x1178c    : c_sdsp s0, 16(sp)          : 
2683000: board.cache_hierarchy.l1d-cache-0: sendMSHRQueuePacket: MSHR ReadReq [4f48:4f4f] type=MemRead UC
2683000: board.cache_hierarchy.l2-cache-0: access for ReadReq [4f48:4f4f] type=MemRead UC
2616000: board.processor.cores.core: 0x1178e    : c_lui a5, 19               : 
2616000: board.processor.cores.core: 0x11790    : c_lui s0, 19               : 
2684000: board.cache_hierarchy.l2-cache-0: recvTimingResp: Handling response ReadResp [33d8:33df] type=MemRead UC
2684000: board.cache_hierarchy.l2-cache-0: recvTimingResp: Leaving with ReadResp [33d8:33df] type=MemRead UC
2617000: board.processor.cores.core: 0x11792    : addi a5, a5, -1648         : 
2617000: board.processor.cores.core: 0x11796    : addi s0, s0, -1656         : 
2685000: board.cache_hierarchy.l1d-cache-0: recvTimingResp: Handling response ReadResp [4ef0:4ef7] type=MemRead UC
2685000: board.cache_hierarchy.l1d-cache-0: Unblocking for cause 0, mask=0
2685000: board.cache_hierarchy.l1d-cache-0: recvTimingResp: Leaving with ReadResp [4ef0:4ef7] type=MemRead UC
2685000: board.cache_hierarchy.l2-cache-0: sendMSHRQueuePacket: MSHR ReadReq [4eb0:4eb7] type=MemRead UC
2618000: board.processor.cores.core: 0x1179a    : c_sub a5, s0               : 
2618000: board.processor.cores.core: 0x1179c    : c_sdsp s1, 8(sp)           : 
2685001: board.cache_hierarchy.l1d-cache-0: access for WriteReq [4ea0:4ea7] type=MemWrite UC
2686000: board.cache_hierarchy.l1d-cache-0: access for ReadReq [4f10:4f17] type=MemRead UC
2686000: board.cache_hierarchy.l1d-cache-0: Blocking for cause 0, mask=1
2619000: board.processor.cores.core: 0x1179e    : c_sdsp ra, 24(sp)          : 
2619000: board.processor.cores.core: 0x117a0    : srai s1, a5, 3             : 
2687000: board.cache_hierarchy.l1d-cache-0: recvTimingResp: Handling response ReadResp [33d8:33df] type=MemRead UC
2687000: board.cache_hierarchy.l1d-cache-0: Unblocking for cause 0, mask=0
2687000: board.cache_hierarchy.l1d-cache-0: recvTimingResp: Leaving with ReadResp [33d8:33df] type=MemRead UC
2687000: board.cache_hierarchy.l1d-cache-0: sendMSHRQueuePacket: MSHR ReadReq [4f10:4f17] type=MemRead UC
2687000: board.cache_hierarchy.l2-cache-0: access for ReadReq [4f10:4f17] type=MemRead UC
2620000: board.processor.cores.core: 0x117a4    : c_beqz s1, 16              : 
2620000: board.processor.cores.core: 0x117a6    : c_addi s0, -8              : 
2687001: board.cache_hierarchy.l1d-cache-0: sendWriteQueuePacket: write WriteReq [4ea0:4ea7] type=MemWrite UC
2687001: board.cache_hierarchy.l1d-cache-0: access for WriteReq [4e98:4e9f] type=MemWrite UC
2688000: board.cache_hierarchy.l1d-cache-0: sendWriteQueuePacket: write WriteReq [4ea0:4ea7] type=MemWrite UC
2688000: board.cache_hierarchy.l2-cache-0: access for WriteReq [4ea0:4ea7] type=MemWrite UC
2688000: board.cache_hierarchy.l2-cache-0: recvTimingResp: Handling response ReadResp [4eb8:4ebf] type=MemRead UC
2688000: board.cache_hierarchy.l2-cache-0: recvTimingResp: Leaving with ReadResp [4eb8:4ebf] type=MemRead UC
2688000: board.cache_hierarchy.l1d-cache-0: access for ReadReq [4ed0:4ed7] type=MemRead UC
2688000: board.cache_hierarchy.l1d-cache-0: Blocking for cause 0, mask=1
2621000: board.processor.cores.core: 0x117a8    : c_add s0, a5               : 
2689000: board.cache_hierarchy.l1d-cache-0: sendMSHRQueuePacket: MSHR ReadReq [4ed0:4ed7] type=MemRead UC
2689000: board.cache_hierarchy.l2-cache-0: sendMSHRQueuePacket: MSHR ReadReq [4f28:4f2f] type=MemRead UC
2690000: board.cache_hierarchy.l1d-cache-0: sendMSHRQueuePacket: MSHR ReadReq [4ed0:4ed7] type=MemRead UC
2690000: board.cache_hierarchy.l2-cache-0: access for ReadReq [4ed0:4ed7] type=MemRead UC
2690001: board.cache_hierarchy.l1d-cache-0: sendWriteQueuePacket: write WriteReq [4e98:4e9f] type=MemWrite UC
2691000: board.cache_hierarchy.l1d-cache-0: sendWriteQueuePacket: write WriteReq [4e98:4e9f] type=MemWrite UC
2691000: board.cache_hierarchy.l2-cache-0: access for WriteReq [4e98:4e9f] type=MemWrite UC
2691000: board.cache_hierarchy.l1d-cache-0: recvTimingResp: Handling response ReadResp [4eb8:4ebf] type=MemRead UC
2691000: board.cache_hierarchy.l1d-cache-0: Unblocking for cause 0, mask=0
2691000: board.cache_hierarchy.l1d-cache-0: recvTimingResp: Leaving with ReadResp [4eb8:4ebf] type=MemRead UC
2691001: board.cache_hierarchy.l1d-cache-0: access for WriteReq [4ea8:4eaf] type=MemWrite UC
2692000: board.cache_hierarchy.l2-cache-0: recvTimingResp: Handling response ReadResp [2988:298f] type=MemRead UC
2692000: board.cache_hierarchy.l2-cache-0: recvTimingResp: Leaving with ReadResp [2988:298f] type=MemRead UC
2692000: board.cache_hierarchy.l1d-cache-0: access for ReadReq [4f00:4f07] type=MemRead UC
2692000: board.cache_hierarchy.l1d-cache-0: Blocking for cause 0, mask=1
2693000: board.cache_hierarchy.l1d-cache-0: sendMSHRQueuePacket: MSHR ReadReq [4f00:4f07] type=MemRead UC
2693000: board.cache_hierarchy.l1d-cache-0: sendMSHRQueuePacket: MSHR ReadReq [4f00:4f07] type=MemRead UC
2693000: board.cache_hierarchy.l2-cache-0: access for ReadReq [4f00:4f07] type=MemRead UC
2693001: board.cache_hierarchy.l1d-cache-0: sendWriteQueuePacket: write WriteReq [4ea8:4eaf] type=MemWrite UC
2694000: board.cache_hierarchy.l1d-cache-0: sendWriteQueuePacket: write WriteReq [4ea8:4eaf] type=MemWrite UC
2694000: board.cache_hierarchy.l2-cache-0: access for WriteReq [4ea8:4eaf] type=MemWrite UC
2694000: board.cache_hierarchy.l2-cache-0: sendMSHRQueuePacket: MSHR ReadReq [4f48:4f4f] type=MemRead UC
2695000: board.cache_hierarchy.l1d-cache-0: recvTimingResp: Handling response ReadResp [2988:298f] type=MemRead UC
2695000: board.cache_hierarchy.l1d-cache-0: Unblocking for cause 0, mask=0
2695000: board.cache_hierarchy.l1d-cache-0: recvTimingResp: Leaving with ReadResp [2988:298f] type=MemRead UC
2695000: board.cache_hierarchy.l2-cache-0: recvTimingResp: Handling response ReadResp [4ec8:4ecf] type=MemRead UC
2695000: board.cache_hierarchy.l2-cache-0: recvTimingResp: Leaving with ReadResp [4ec8:4ecf] type=MemRead UC
2696000: board.cache_hierarchy.l1d-cache-0: access for ReadReq [4f20:4f27] type=MemRead UC
2696000: board.cache_hierarchy.l1d-cache-0: Blocking for cause 0, mask=1
2697000: board.cache_hierarchy.l1d-cache-0: sendMSHRQueuePacket: MSHR ReadReq [4f20:4f27] type=MemRead UC
2697000: board.cache_hierarchy.l2-cache-0: access for ReadReq [4f20:4f27] type=MemRead UC
2698000: board.cache_hierarchy.l1d-cache-0: recvTimingResp: Handling response ReadResp [4ec8:4ecf] type=MemRead UC
2698000: board.cache_hierarchy.l1d-cache-0: Unblocking for cause 0, mask=0
2698000: board.cache_hierarchy.l1d-cache-0: recvTimingResp: Leaving with ReadResp [4ec8:4ecf] type=MemRead UC
2698000: board.cache_hierarchy.l2-cache-0: sendMSHRQueuePacket: MSHR ReadReq [4f10:4f17] type=MemRead UC
2699000: board.cache_hierarchy.l2-cache-0: sendWriteQueuePacket: write WriteReq [4ea0:4ea7] type=MemWrite UC
2699000: board.cache_hierarchy.l2-cache-0: sendWriteQueuePacket: write WriteReq [4ea0:4ea7] type=MemWrite UC
2699000: board.cache_hierarchy.l1d-cache-0: access for ReadReq [4f38:4f3f] type=MemRead UC
2699000: board.cache_hierarchy.l1d-cache-0: Blocking for cause 0, mask=1
2700000: board.cache_hierarchy.l1d-cache-0: sendMSHRQueuePacket: MSHR ReadReq [4f38:4f3f] type=MemRead UC
2700000: board.cache_hierarchy.l2-cache-0: access for ReadReq [4f38:4f3f] type=MemRead UC
2700000: board.cache_hierarchy.l2-cache-0: recvTimingResp: Handling response ReadResp [4ec0:4ec7] type=MemRead UC
2700000: board.cache_hierarchy.l2-cache-0: recvTimingResp: Leaving with ReadResp [4ec0:4ec7] type=MemRead UC
2701000: board.cache_hierarchy.l2-cache-0: sendMSHRQueuePacket: MSHR ReadReq [4ed0:4ed7] type=MemRead UC
2701000: board.cache_hierarchy.l2-cache-0: sendMSHRQueuePacket: MSHR ReadReq [4ed0:4ed7] type=MemRead UC
2701000: board.processor.cores.core.workload: Translating: 0x10180->0x180
2701000: board.cache_hierarchy.l1i-cache-0: access for ReadReq [180:1bf] IF hit state: 6 (E) writable: 1 readable: 1 dirty: 0 prefetched: 0 | tag: 0 secure: 0 valid: 1 | set: 0x6 way: 0
2702000: board.cache_hierarchy.l2-cache-0: sendWriteQueuePacket: write WriteReq [4e98:4e9f] type=MemWrite UC
2702000: board.cache_hierarchy.l2-cache-0: sendWriteQueuePacket: write WriteReq [4e98:4e9f] type=MemWrite UC
2703000: board.cache_hierarchy.l1d-cache-0: recvTimingResp: Handling response ReadResp [4ec0:4ec7] type=MemRead UC
2703000: board.cache_hierarchy.l1d-cache-0: Unblocking for cause 0, mask=0
2703000: board.cache_hierarchy.l1d-cache-0: recvTimingResp: Leaving with ReadResp [4ec0:4ec7] type=MemRead UC
2704000: board.cache_hierarchy.l2-cache-0: sendMSHRQueuePacket: MSHR ReadReq [4f00:4f07] type=MemRead UC
2704000: board.cache_hierarchy.l2-cache-0: sendMSHRQueuePacket: MSHR ReadReq [4f00:4f07] type=MemRead UC
2705000: board.cache_hierarchy.l2-cache-0: sendWriteQueuePacket: write WriteReq [4ea8:4eaf] type=MemWrite UC
2705000: board.cache_hierarchy.l2-cache-0: sendWriteQueuePacket: write WriteReq [4ea8:4eaf] type=MemWrite UC
2705000: board.cache_hierarchy.l2-cache-0: recvTimingResp: Handling response ReadResp [36b8:36bb] type=MemRead UC
2705000: board.cache_hierarchy.l2-cache-0: recvTimingResp: Leaving with ReadResp [36b8:36bb] type=MemRead UC
2708000: board.cache_hierarchy.l1d-cache-0: recvTimingResp: Handling response ReadResp [36b8:36bb] type=MemRead UC
2708000: board.cache_hierarchy.l1d-cache-0: recvTimingResp: Leaving with ReadResp [36b8:36bb] type=MemRead UC
2708000: board.cache_hierarchy.l2-cache-0: sendMSHRQueuePacket: MSHR ReadReq [4f20:4f27] type=MemRead UC
2709000: board.processor.cores.core.workload: Translating: 0x101c0->0x1c0
2709000: board.cache_hierarchy.l1i-cache-0: access for ReadReq [1c0:1ff] IF hit state: 6 (E) writable: 1 readable: 1 dirty: 0 prefetched: 0 | tag: 0 secure: 0 valid: 1 | set: 0x7 way: 0
2710000: board.cache_hierarchy.l2-cache-0: recvTimingResp: Handling response ReadResp [33d8:33df] type=MemRead UC
2710000: board.cache_hierarchy.l2-cache-0: recvTimingResp: Leaving with ReadResp [33d8:33df] type=MemRead UC
2710000: board.processor.cores.core.workload: Translating: 0x10180->0x180
2710000: board.cache_hierarchy.l1i-cache-0: access for ReadReq [180:1bf] IF hit state: 6 (E) writable: 1 readable: 1 dirty: 0 prefetched: 0 | tag: 0 secure: 0 valid: 1 | set: 0x6 way: 0
2711000: board.cache_hierarchy.l2-cache-0: sendMSHRQueuePacket: MSHR ReadReq [4f38:4f3f] type=MemRead UC
2713000: board.cache_hierarchy.l1d-cache-0: recvTimingResp: Handling response ReadResp [33d8:33df] type=MemRead UC
2713000: board.cache_hierarchy.l1d-cache-0: recvTimingResp: Leaving with ReadResp [33d8:33df] type=MemRead UC
2713000: board.cache_hierarchy.l2-cache-0: recvTimingResp: Handling response ReadResp [4ee8:4eef] type=MemRead UC
2713000: board.cache_hierarchy.l2-cache-0: recvTimingResp: Leaving with ReadResp [4ee8:4eef] type=MemRead UC
2713000: board.processor.cores.core.workload: Translating: 0x101c0->0x1c0
2713000: board.cache_hierarchy.l1i-cache-0: access for ReadReq [1c0:1ff] IF hit state: 6 (E) writable: 1 readable: 1 dirty: 0 prefetched: 0 | tag: 0 secure: 0 valid: 1 | set: 0x7 way: 0
2714000: board.processor.cores.core.workload: Translating: 0x11780->0x1780
2714000: board.cache_hierarchy.l1i-cache-0: access for ReadReq [1780:17bf] IF hit state: 6 (E) writable: 1 readable: 1 dirty: 0 prefetched: 0 | tag: 0x1 secure: 0 valid: 1 | set: 0x1e way: 0
2716000: board.cache_hierarchy.l1d-cache-0: recvTimingResp: Handling response ReadResp [4ee8:4eef] type=MemRead UC
2716000: board.cache_hierarchy.l1d-cache-0: recvTimingResp: Leaving with ReadResp [4ee8:4eef] type=MemRead UC
2717000: board.processor.cores.core.workload: Translating: 0x10a80->0xa80
2717000: board.cache_hierarchy.l1i-cache-0: access for ReadReq [a80:abf] IF hit state: 6 (E) writable: 1 readable: 1 dirty: 0 prefetched: 0 | tag: 0 secure: 0 valid: 1 | set: 0x2a way: 0
2718000: board.cache_hierarchy.l2-cache-0: recvTimingResp: Handling response ReadResp [4ed8:4edf] type=MemRead UC
2718000: board.cache_hierarchy.l2-cache-0: recvTimingResp: Leaving with ReadResp [4ed8:4edf] type=MemRead UC
2720000: board.cache_hierarchy.l2-cache-0: recvTimingResp: Handling response WriteResp [4ea0:4ea7] type=MemWrite UC
2721000: board.cache_hierarchy.l1d-cache-0: recvTimingResp: Handling response ReadResp [4ed8:4edf] type=MemRead UC
2721000: board.cache_hierarchy.l1d-cache-0: recvTimingResp: Leaving with ReadResp [4ed8:4edf] type=MemRead UC
2721000: board.processor.cores.core.workload: Translating: 0x10ac0->0xac0
2721000: board.cache_hierarchy.l1i-cache-0: access for ReadReq [ac0:aff] IF hit state: 6 (E) writable: 1 readable: 1 dirty: 0 prefetched: 0 | tag: 0 secure: 0 valid: 1 | set: 0x2b way: 0
2723000: board.cache_hierarchy.l1d-cache-0: recvTimingResp: Handling response WriteResp [4ea0:4ea7] type=MemWrite UC
2723000: board.cache_hierarchy.l2-cache-0: recvTimingResp: Handling response ReadResp [4ec8:4ecf] type=MemRead UC
2723000: board.cache_hierarchy.l2-cache-0: recvTimingResp: Leaving with ReadResp [4ec8:4ecf] type=MemRead UC
2725000: board.cache_hierarchy.l2-cache-0: recvTimingResp: Handling response WriteResp [4e98:4e9f] type=MemWrite UC
2726000: board.cache_hierarchy.l1d-cache-0: recvTimingResp: Handling response ReadResp [4ec8:4ecf] type=MemRead UC
2726000: board.cache_hierarchy.l1d-cache-0: recvTimingResp: Leaving with ReadResp [4ec8:4ecf] type=MemRead UC
2726000: board.cache_hierarchy.l2-cache-0: recvTimingResp: Handling response ReadResp [4f00:4f07] type=MemRead UC
2726000: board.cache_hierarchy.l2-cache-0: recvTimingResp: Leaving with ReadResp [4f00:4f07] type=MemRead UC
2728000: board.cache_hierarchy.l1d-cache-0: recvTimingResp: Handling response WriteResp [4e98:4e9f] type=MemWrite UC
2728000: board.cache_hierarchy.l2-cache-0: recvTimingResp: Handling response WriteResp [4ea8:4eaf] type=MemWrite UC
2621000: board.processor.cores.core: 0x117aa    : c_ld a5, 0(s0)             : 
2622000: board.processor.cores.core: 0x117ac    : c_addi s1, -1              : 
2729000: board.cache_hierarchy.l2-cache-0: recvTimingResp: Handling response ReadResp [4ec0:4ec7] type=MemRead UC
2729000: board.cache_hierarchy.l2-cache-0: recvTimingResp: Leaving with ReadResp [4ec0:4ec7] type=MemRead UC
2729000: board.cache_hierarchy.l1d-cache-0: recvTimingResp: Handling response ReadResp [4f00:4f07] type=MemRead UC
2729000: board.cache_hierarchy.l1d-cache-0: recvTimingResp: Leaving with ReadResp [4f00:4f07] type=MemRead UC
2622000: board.processor.cores.core: 0x117ae    : c_addi s0, -8              : 
2623000: board.processor.cores.core: 0x117b0    : c_jalr a5                  : 
2731000: board.cache_hierarchy.l1d-cache-0: recvTimingResp: Handling response WriteResp [4ea8:4eaf] type=MemWrite UC
2732000: board.cache_hierarchy.l1d-cache-0: recvTimingResp: Handling response ReadResp [4ec0:4ec7] type=MemRead UC
2732000: board.cache_hierarchy.l1d-cache-0: recvTimingResp: Leaving with ReadResp [4ec0:4ec7] type=MemRead UC
2733000: board.cache_hierarchy.l2-cache-0: recvTimingResp: Handling response ReadResp [4f40:4f47] type=MemRead UC
2733000: board.cache_hierarchy.l2-cache-0: recvTimingResp: Leaving with ReadResp [4f40:4f47] type=MemRead UC
2734000: board.processor.cores.core.workload: Translating: 0x10a40->0xa40
2734000: board.cache_hierarchy.l1i-cache-0: access for ReadReq [a40:a7f] IF hit state: 6 (E) writable: 1 readable: 1 dirty: 0 prefetched: 0 | tag: 0 secure: 0 valid: 1 | set: 0x29 way: 0
2736000: board.cache_hierarchy.l1d-cache-0: recvTimingResp: Handling response ReadResp [4f40:4f47] type=MemRead UC
2736000: board.cache_hierarchy.l1d-cache-0: recvTimingResp: Leaving with ReadResp [4f40:4f47] type=MemRead UC
2736000: board.processor.cores.core.workload: Translating: 0x7ffffffffffffe80->0x4e80
2736000: board.processor.cores.core.workload: Translating: 0x13400->0x3400
2736000: board.cache_hierarchy.l1d-cache-0: access for ReadReq [3400:3400] type=MemRead UC
2736000: board.cache_hierarchy.l1d-cache-0: Create Writeback WritebackDirty [3400:343f] writable: 1, dirty: 1
2737000: board.cache_hierarchy.l1d-cache-0: sendWriteQueuePacket: write WritebackDirty [3400:343f]
2737000: board.cache_hierarchy.l2-cache-0: access for WritebackDirty [3400:343f] hit state: 6 (E) writable: 1 readable: 1 dirty: 0 prefetched: 0 | tag: 0 secure: 0 valid: 1 | set: 0xd0 way: 0
2737000: board.cache_hierarchy.l2-cache-0: access new state is state: e (M) writable: 1 readable: 1 dirty: 1 prefetched: 0 | tag: 0 secure: 0 valid: 1 | set: 0xd0 way: 0
2737000: board.cache_hierarchy.l2-cache-0: handleTimingReqHit satisfied WritebackDirty [3400:343f], no response needed
2737000: board.processor.cores.core.workload: Translating: 0x7ffffffffffffe88->0x4e88
2702000: board.processor.cores.core: 0x10194    : c_addi sp, -16             : 
2737001: board.cache_hierarchy.l1d-cache-0: sendMSHRQueuePacket: MSHR ReadReq [3400:3400] type=MemRead UC
2702000: board.processor.cores.core: 0x10196    : c_sdsp s0, 0(sp)           : 
2739000: board.processor.cores.core.workload: Translating: 0x10a80->0xa80
2739000: board.cache_hierarchy.l1i-cache-0: access for ReadReq [a80:abf] IF hit state: 6 (E) writable: 1 readable: 1 dirty: 0 prefetched: 0 | tag: 0 secure: 0 valid: 1 | set: 0x2a way: 0
2740000: board.cache_hierarchy.l1d-cache-0: sendMSHRQueuePacket: MSHR ReadReq [3400:3400] type=MemRead UC
2740000: board.cache_hierarchy.l2-cache-0: access for ReadReq [3400:3400] type=MemRead UC
2740000: board.cache_hierarchy.l2-cache-0: Create Writeback WritebackDirty [3400:343f] writable: 1, dirty: 1
2740000: board.processor.cores.core.workload: Translating: 0x10100->0x100
2740000: board.cache_hierarchy.l1i-cache-0: access for ReadReq [100:13f] IF hit state: 6 (E) writable: 1 readable: 1 dirty: 0 prefetched: 0 | tag: 0 secure: 0 valid: 1 | set: 0x4 way: 0
2740000: board.cache_hierarchy.l1d-cache-0: access for WriteReq [4e80:4e87] type=MemWrite UC
2741000: board.cache_hierarchy.l1d-cache-0: sendWriteQueuePacket: write WriteReq [4e80:4e87] type=MemWrite UC
2741000: board.cache_hierarchy.l1d-cache-0: sendWriteQueuePacket: write WriteReq [4e80:4e87] type=MemWrite UC
2741000: board.cache_hierarchy.l2-cache-0: access for WriteReq [4e80:4e87] type=MemWrite UC
2742000: board.processor.cores.core.workload: Translating: 0x10180->0x180
2742000: board.cache_hierarchy.l1i-cache-0: access for ReadReq [180:1bf] IF hit state: 6 (E) writable: 1 readable: 1 dirty: 0 prefetched: 0 | tag: 0 secure: 0 valid: 1 | set: 0x6 way: 0
2745000: board.processor.cores.core.workload: Translating: 0x101c0->0x1c0
2745000: board.cache_hierarchy.l1i-cache-0: access for ReadReq [1c0:1ff] IF hit state: 6 (E) writable: 1 readable: 1 dirty: 0 prefetched: 0 | tag: 0 secure: 0 valid: 1 | set: 0x7 way: 0
2746000: board.processor.cores.core.workload: Translating: 0x11780->0x1780
2746000: board.cache_hierarchy.l1i-cache-0: access for ReadReq [1780:17bf] IF hit state: 6 (E) writable: 1 readable: 1 dirty: 0 prefetched: 0 | tag: 0x1 secure: 0 valid: 1 | set: 0x1e way: 0
2749000: board.processor.cores.core.workload: Translating: 0x10a80->0xa80
2749000: board.cache_hierarchy.l1i-cache-0: access for ReadReq [a80:abf] IF hit state: 6 (E) writable: 1 readable: 1 dirty: 0 prefetched: 0 | tag: 0 secure: 0 valid: 1 | set: 0x2a way: 0
2751000: board.cache_hierarchy.l2-cache-0: sendWriteQueuePacket: write WritebackDirty [3400:343f]
2751000: board.processor.cores.core.workload: Translating: 0x13400->0x3400
2751000: board.processor.cores.core.workload: Translating: 0x7ffffffffffffe88->0x4e88
2751001: board.cache_hierarchy.l2-cache-0: sendMSHRQueuePacket: MSHR ReadReq [3400:3400] type=MemRead UC
2752000: board.processor.cores.core.workload: Translating: 0x7ffffffffffffe80->0x4e80
2752000: board.cache_hierarchy.l1d-cache-0: access for ReadReq [4e80:4e87] type=MemRead UC
2753000: board.cache_hierarchy.l1d-cache-0: sendMSHRQueuePacket: MSHR ReadReq [4e80:4e87] type=MemRead UC
2753000: board.cache_hierarchy.l2-cache-0: access for ReadReq [4e80:4e87] type=MemRead UC
2753000: board.cache_hierarchy.l2-cache-0: sendMSHRQueuePacket: MSHR ReadReq [3400:3400] type=MemRead UC
2753000: board.processor.cores.core.workload: Translating: 0x10ac0->0xac0
2753000: board.cache_hierarchy.l1i-cache-0: access for ReadReq [ac0:aff] IF hit state: 6 (E) writable: 1 readable: 1 dirty: 0 prefetched: 0 | tag: 0 secure: 0 valid: 1 | set: 0x2b way: 0
2753001: board.cache_hierarchy.l2-cache-0: sendWriteQueuePacket: write WriteReq [4e80:4e87] type=MemWrite UC
2754000: board.cache_hierarchy.l2-cache-0: sendWriteQueuePacket: write WriteReq [4e80:4e87] type=MemWrite UC
2754000: board.processor.cores.core.workload: Translating: 0x10a40->0xa40
2754000: board.cache_hierarchy.l1i-cache-0: access for ReadReq [a40:a7f] IF hit state: 6 (E) writable: 1 readable: 1 dirty: 0 prefetched: 0 | tag: 0 secure: 0 valid: 1 | set: 0x29 way: 0
2754000: board.processor.cores.core.workload: Translating: 0x7ffffffffffffea8->0x4ea8
2754000: board.cache_hierarchy.l1d-cache-0: access for ReadReq [4ea8:4eaf] type=MemRead UC
2755000: board.cache_hierarchy.l1d-cache-0: sendMSHRQueuePacket: MSHR ReadReq [4ea8:4eaf] type=MemRead UC
2755000: board.cache_hierarchy.l2-cache-0: access for ReadReq [4ea8:4eaf] type=MemRead UC
2755000: board.processor.cores.core.workload: Translating: 0x7ffffffffffffea0->0x4ea0
2755000: board.cache_hierarchy.l1d-cache-0: access for ReadReq [4ea0:4ea7] type=MemRead UC
2755000: board.processor.cores.core.workload: Translating: 0x7ffffffffffffe98->0x4e98
2755000: board.cache_hierarchy.l1d-cache-0: access for ReadReq [4e98:4e9f] type=MemRead UC
2756000: board.cache_hierarchy.l1d-cache-0: sendMSHRQueuePacket: MSHR ReadReq [4ea0:4ea7] type=MemRead UC
2756000: board.cache_hierarchy.l1d-cache-0: sendMSHRQueuePacket: MSHR ReadReq [4ea0:4ea7] type=MemRead UC
2756000: board.cache_hierarchy.l2-cache-0: access for ReadReq [4ea0:4ea7] type=MemRead UC
2756001: board.cache_hierarchy.l1d-cache-0: sendMSHRQueuePacket: MSHR ReadReq [4e98:4e9f] type=MemRead UC
2757000: board.cache_hierarchy.l1d-cache-0: sendMSHRQueuePacket: MSHR ReadReq [4e98:4e9f] type=MemRead UC
2757000: board.cache_hierarchy.l2-cache-0: access for ReadReq [4e98:4e9f] type=MemRead UC
2757000: board.processor.cores.core.workload: Translating: 0x136b8->0x36b8
2757000: board.cache_hierarchy.l1d-cache-0: access for ReadReq [36b8:36bb] type=MemRead UC
2757000: board.processor.cores.core.workload: Translating: 0x133d8->0x33d8
2757000: board.cache_hierarchy.l1d-cache-0: access for ReadReq [33d8:33df] type=MemRead UC
2758000: board.cache_hierarchy.l1d-cache-0: sendMSHRQueuePacket: MSHR ReadReq [36b8:36bb] type=MemRead UC
2758000: board.cache_hierarchy.l1d-cache-0: sendMSHRQueuePacket: MSHR ReadReq [36b8:36bb] type=MemRead UC
2758000: board.cache_hierarchy.l2-cache-0: access for ReadReq [36b8:36bb] type=MemRead UC
2758001: board.cache_hierarchy.l1d-cache-0: sendMSHRQueuePacket: MSHR ReadReq [33d8:33df] type=MemRead UC
2759000: board.cache_hierarchy.l1d-cache-0: sendMSHRQueuePacket: MSHR ReadReq [33d8:33df] type=MemRead UC
2759000: board.cache_hierarchy.l2-cache-0: access for ReadReq [33d8:33df] type=MemRead UC
2759000: board.processor.cores.core.workload: Translating: 0x10a80->0xa80
2759000: board.cache_hierarchy.l1i-cache-0: access for ReadReq [a80:abf] IF hit state: 6 (E) writable: 1 readable: 1 dirty: 0 prefetched: 0 | tag: 0 secure: 0 valid: 1 | set: 0x2a way: 0
2760000: board.processor.cores.core.workload: Translating: 0x10100->0x100
2760000: board.cache_hierarchy.l1i-cache-0: access for ReadReq [100:13f] IF hit state: 6 (E) writable: 1 readable: 1 dirty: 0 prefetched: 0 | tag: 0 secure: 0 valid: 1 | set: 0x4 way: 0
2761000: board.processor.cores.core.workload: Translating: 0x7ffffffffffffef0->0x4ef0
2761000: board.cache_hierarchy.l1d-cache-0: access for ReadReq [4ef0:4ef7] type=MemRead UC
2761000: board.processor.cores.core.workload: Translating: 0x7ffffffffffffee8->0x4ee8
2761000: board.cache_hierarchy.l1d-cache-0: access for ReadReq [4ee8:4eef] type=MemRead UC
2761000: board.cache_hierarchy.l1d-cache-0: Blocking for cause 0, mask=1
2762000: board.cache_hierarchy.l1d-cache-0: sendMSHRQueuePacket: MSHR ReadReq [4ef0:4ef7] type=MemRead UC
2762000: board.cache_hierarchy.l2-cache-0: access for ReadReq [4ef0:4ef7] type=MemRead UC
2762000: board.processor.cores.core.workload: Translating: 0x7ffffffffffffed8->0x4ed8
2762000: board.processor.cores.core.workload: Translating: 0x7ffffffffffffec8->0x4ec8
2762001: board.cache_hierarchy.l1d-cache-0: sendMSHRQueuePacket: MSHR ReadReq [4ee8:4eef] type=MemRead UC
2763000: board.cache_hierarchy.l1d-cache-0: sendMSHRQueuePacket: MSHR ReadReq [4ee8:4eef] type=MemRead UC
2763000: board.cache_hierarchy.l2-cache-0: access for ReadReq [4ee8:4eef] type=MemRead UC
2763000: board.processor.cores.core.workload: Translating: 0x11840->0x1840
2763000: board.cache_hierarchy.l1i-cache-0: access for ReadReq [1840:187f] IF hit state: 6 (E) writable: 1 readable: 1 dirty: 0 prefetched: 0 | tag: 0x1 secure: 0 valid: 1 | set: 0x21 way: 0
2763000: board.processor.cores.core.workload: Translating: 0x7ffffffffffffec0->0x4ec0
2763000: board.processor.cores.core.workload: Translating: 0x7ffffffffffffeb8->0x4eb8
2764000: board.cache_hierarchy.l2-cache-0: sendMSHRQueuePacket: MSHR ReadReq [4e80:4e87] type=MemRead UC
2764000: board.processor.cores.core.workload: Translating: 0x7ffffffffffffeb0->0x4eb0
2764000: board.processor.cores.core.workload: Translating: 0x7ffffffffffffef8->0x4ef8
2765000: board.processor.cores.core.workload: Translating: 0x7ffffffffffffee0->0x4ee0
2765000: board.processor.cores.core.workload: Translating: 0x7ffffffffffffed0->0x4ed0
2766000: board.cache_hierarchy.l2-cache-0: sendMSHRQueuePacket: MSHR ReadReq [4ea8:4eaf] type=MemRead UC
2767000: board.cache_hierarchy.l2-cache-0: sendMSHRQueuePacket: MSHR ReadReq [4ea0:4ea7] type=MemRead UC
2767000: board.cache_hierarchy.l2-cache-0: sendMSHRQueuePacket: MSHR ReadReq [4ea0:4ea7] type=MemRead UC
2767000: board.processor.cores.core.workload: Translating: 0x133c8->0x33c8
2768000: board.cache_hierarchy.l2-cache-0: sendMSHRQueuePacket: MSHR ReadReq [4e98:4e9f] type=MemRead UC
2768000: board.cache_hierarchy.l2-cache-0: sendMSHRQueuePacket: MSHR ReadReq [4e98:4e9f] type=MemRead UC
2769000: board.cache_hierarchy.l2-cache-0: sendMSHRQueuePacket: MSHR ReadReq [36b8:36bb] type=MemRead UC
2769000: board.cache_hierarchy.l2-cache-0: sendMSHRQueuePacket: MSHR ReadReq [36b8:36bb] type=MemRead UC
2769000: board.cache_hierarchy.l2-cache-0: recvTimingResp: Handling response ReadResp [4eb0:4eb7] type=MemRead UC
2769000: board.cache_hierarchy.l2-cache-0: recvTimingResp: Leaving with ReadResp [4eb0:4eb7] type=MemRead UC
2770000: board.cache_hierarchy.l2-cache-0: sendMSHRQueuePacket: MSHR ReadReq [33d8:33df] type=MemRead UC
2770000: board.cache_hierarchy.l2-cache-0: sendMSHRQueuePacket: MSHR ReadReq [33d8:33df] type=MemRead UC
2772000: board.cache_hierarchy.l1d-cache-0: recvTimingResp: Handling response ReadResp [4eb0:4eb7] type=MemRead UC
2772000: board.cache_hierarchy.l1d-cache-0: Unblocking for cause 0, mask=0
2772000: board.cache_hierarchy.l1d-cache-0: recvTimingResp: Leaving with ReadResp [4eb0:4eb7] type=MemRead UC
2773000: board.cache_hierarchy.l2-cache-0: recvTimingResp: Handling response ReadResp [3400:3400] type=MemRead UC
2773000: board.cache_hierarchy.l2-cache-0: recvTimingResp: Leaving with ReadResp [3400:3400] type=MemRead UC
2773000: board.cache_hierarchy.l2-cache-0: sendMSHRQueuePacket: MSHR ReadReq [4ef0:4ef7] type=MemRead UC
2774000: board.cache_hierarchy.l2-cache-0: sendMSHRQueuePacket: MSHR ReadReq [4ee8:4eef] type=MemRead UC
2774000: board.cache_hierarchy.l2-cache-0: sendMSHRQueuePacket: MSHR ReadReq [4ee8:4eef] type=MemRead UC
2774000: board.cache_hierarchy.l1d-cache-0: access for ReadReq [4ed8:4edf] type=MemRead UC
2774000: board.cache_hierarchy.l1d-cache-0: Blocking for cause 0, mask=1
2775000: board.cache_hierarchy.l1d-cache-0: sendMSHRQueuePacket: MSHR ReadReq [4ed8:4edf] type=MemRead UC
2775000: board.cache_hierarchy.l2-cache-0: access for ReadReq [4ed8:4edf] type=MemRead UC
2775000: board.cache_hierarchy.l2-cache-0: recvTimingResp: Handling response ReadResp [4f28:4f2f] type=MemRead UC
2775000: board.cache_hierarchy.l2-cache-0: recvTimingResp: Leaving with ReadResp [4f28:4f2f] type=MemRead UC
2776000: board.cache_hierarchy.l1d-cache-0: recvTimingResp: Handling response ReadResp [3400:3400] type=MemRead UC
2776000: board.cache_hierarchy.l1d-cache-0: Unblocking for cause 0, mask=0
2776000: board.cache_hierarchy.l1d-cache-0: recvTimingResp: Leaving with ReadResp [3400:3400] type=MemRead UC
2777000: board.cache_hierarchy.l2-cache-0: recvTimingResp: Handling response WriteResp [4e80:4e87] type=MemWrite UC
2777000: board.cache_hierarchy.l1d-cache-0: access for ReadReq [4ee0:4ee7] type=MemRead UC
2777000: board.cache_hierarchy.l1d-cache-0: Blocking for cause 0, mask=1
2778000: board.cache_hierarchy.l1d-cache-0: sendMSHRQueuePacket: MSHR ReadReq [4ee0:4ee7] type=MemRead UC
2778000: board.cache_hierarchy.l2-cache-0: access for ReadReq [4ee0:4ee7] type=MemRead UC
2778000: board.cache_hierarchy.l1d-cache-0: recvTimingResp: Handling response ReadResp [4f28:4f2f] type=MemRead UC
2778000: board.cache_hierarchy.l1d-cache-0: Unblocking for cause 0, mask=0
2778000: board.cache_hierarchy.l1d-cache-0: recvTimingResp: Leaving with ReadResp [4f28:4f2f] type=MemRead UC
2779000: board.cache_hierarchy.l2-cache-0: recvTimingResp: Handling response ReadResp [4f48:4f4f] type=MemRead UC
2779000: board.cache_hierarchy.l2-cache-0: recvTimingResp: Leaving with ReadResp [4f48:4f4f] type=MemRead UC
2779000: board.cache_hierarchy.l1d-cache-0: access for ReadReq [4eb8:4ebf] type=MemRead UC
2779000: board.cache_hierarchy.l1d-cache-0: Blocking for cause 0, mask=1
2780000: board.cache_hierarchy.l1d-cache-0: sendMSHRQueuePacket: MSHR ReadReq [4eb8:4ebf] type=MemRead UC
2780000: board.cache_hierarchy.l2-cache-0: access for ReadReq [4eb8:4ebf] type=MemRead UC
2780000: board.cache_hierarchy.l1d-cache-0: recvTimingResp: Handling response WriteResp [4e80:4e87] type=MemWrite UC
2703000: board.processor.cores.core: 0x10198    : lbu a5, 568(gp)            : 
2703000: board.processor.cores.core: 0x1019c    : c_sdsp ra, 8(sp)           : 
2704000: board.processor.cores.core: 0x1019e    : c_bnez a5, 28              : 
2704000: board.processor.cores.core: 0x101a0    : addi a5, zero, 0           : 
2782000: board.cache_hierarchy.l1d-cache-0: recvTimingResp: Handling response ReadResp [4f48:4f4f] type=MemRead UC
2782000: board.cache_hierarchy.l1d-cache-0: Unblocking for cause 0, mask=0
2782000: board.cache_hierarchy.l1d-cache-0: recvTimingResp: Leaving with ReadResp [4f48:4f4f] type=MemRead UC
2705000: board.processor.cores.core: 0x101a4    : c_beqz a5, 16              : 
2743000: board.processor.cores.core: 0x101b4    : c_li a5, 1                 : 
2782001: board.cache_hierarchy.l1d-cache-0: access for WriteReq [4e88:4e8f] type=MemWrite UC
2743000: board.processor.cores.core: 0x101b6    : sb a5, 568(gp)             : 
2744000: board.processor.cores.core: 0x101ba    : c_ldsp ra, 8(sp)           : 
2784000: board.cache_hierarchy.l1d-cache-0: sendWriteQueuePacket: write WriteReq [4e88:4e8f] type=MemWrite UC
2784000: board.cache_hierarchy.l2-cache-0: access for WriteReq [4e88:4e8f] type=MemWrite UC
2784000: board.cache_hierarchy.l2-cache-0: recvTimingResp: Handling response ReadResp [4f10:4f17] type=MemRead UC
2784000: board.cache_hierarchy.l2-cache-0: recvTimingResp: Leaving with ReadResp [4f10:4f17] type=MemRead UC
2784000: board.cache_hierarchy.l1d-cache-0: access for ReadReq [4ec8:4ecf] type=MemRead UC
2784000: board.cache_hierarchy.l1d-cache-0: Blocking for cause 0, mask=1
2785000: board.cache_hierarchy.l1d-cache-0: sendMSHRQueuePacket: MSHR ReadReq [4ec8:4ecf] type=MemRead UC
2786000: board.cache_hierarchy.l1d-cache-0: sendMSHRQueuePacket: MSHR ReadReq [4ec8:4ecf] type=MemRead UC
2786000: board.cache_hierarchy.l2-cache-0: access for ReadReq [4ec8:4ecf] type=MemRead UC
2786000: board.cache_hierarchy.l2-cache-0: sendMSHRQueuePacket: MSHR ReadReq [4ed8:4edf] type=MemRead UC
2787000: board.cache_hierarchy.l1d-cache-0: recvTimingResp: Handling response ReadResp [4f10:4f17] type=MemRead UC
2787000: board.cache_hierarchy.l1d-cache-0: Unblocking for cause 0, mask=0
2787000: board.cache_hierarchy.l1d-cache-0: recvTimingResp: Leaving with ReadResp [4f10:4f17] type=MemRead UC
2787001: board.cache_hierarchy.l1d-cache-0: access for WriteReq [3400:3400] type=MemWrite UC
2789000: board.cache_hierarchy.l1d-cache-0: sendWriteQueuePacket: write WriteReq [3400:3400] type=MemWrite UC
2789000: board.cache_hierarchy.l2-cache-0: access for WriteReq [3400:3400] type=MemWrite UC
2789000: board.cache_hierarchy.l2-cache-0: recvTimingResp: Handling response ReadResp [4ed0:4ed7] type=MemRead UC
2789000: board.cache_hierarchy.l2-cache-0: recvTimingResp: Leaving with ReadResp [4ed0:4ed7] type=MemRead UC
2789000: board.cache_hierarchy.l2-cache-0: sendMSHRQueuePacket: MSHR ReadReq [4ee0:4ee7] type=MemRead UC
2789000: board.cache_hierarchy.l1d-cache-0: access for ReadReq [4ec0:4ec7] type=MemRead UC
2789000: board.cache_hierarchy.l1d-cache-0: Blocking for cause 0, mask=1
2790000: board.cache_hierarchy.l1d-cache-0: sendMSHRQueuePacket: MSHR ReadReq [4ec0:4ec7] type=MemRead UC
2791000: board.cache_hierarchy.l2-cache-0: sendWriteQueuePacket: write WriteReq [4e88:4e8f] type=MemWrite UC
2791000: board.cache_hierarchy.l1d-cache-0: sendMSHRQueuePacket: MSHR ReadReq [4ec0:4ec7] type=MemRead UC
2791000: board.cache_hierarchy.l2-cache-0: access for ReadReq [4ec0:4ec7] type=MemRead UC
2791001: board.cache_hierarchy.l2-cache-0: sendMSHRQueuePacket: MSHR ReadReq [4eb8:4ebf] type=MemRead UC
2792000: board.cache_hierarchy.l1d-cache-0: recvTimingResp: Handling response ReadResp [4ed0:4ed7] type=MemRead UC
2792000: board.cache_hierarchy.l1d-cache-0: Unblocking for cause 0, mask=0
2792000: board.cache_hierarchy.l1d-cache-0: recvTimingResp: Leaving with ReadResp [4ed0:4ed7] type=MemRead UC
2793000: board.cache_hierarchy.l2-cache-0: recvTimingResp: Handling response ReadResp [4ef0:4ef7] type=MemRead UC
2793000: board.cache_hierarchy.l2-cache-0: recvTimingResp: Leaving with ReadResp [4ef0:4ef7] type=MemRead UC
2793000: board.cache_hierarchy.l2-cache-0: sendMSHRQueuePacket: MSHR ReadReq [4eb8:4ebf] type=MemRead UC
2794000: board.cache_hierarchy.l1d-cache-0: access for ReadReq [4eb0:4eb7] type=MemRead UC
2794000: board.cache_hierarchy.l1d-cache-0: Blocking for cause 0, mask=1
2795000: board.cache_hierarchy.l1d-cache-0: sendMSHRQueuePacket: MSHR ReadReq [4eb0:4eb7] type=MemRead UC
2795000: board.cache_hierarchy.l2-cache-0: access for ReadReq [4eb0:4eb7] type=MemRead UC
2795000: board.cache_hierarchy.l2-cache-0: recvTimingResp: Handling response ReadResp [4f20:4f27] type=MemRead UC
2795000: board.cache_hierarchy.l2-cache-0: recvTimingResp: Leaving with ReadResp [4f20:4f27] type=MemRead UC
2796000: board.cache_hierarchy.l1d-cache-0: recvTimingResp: Handling response ReadResp [4ef0:4ef7] type=MemRead UC
2796000: board.cache_hierarchy.l1d-cache-0: Unblocking for cause 0, mask=0
2796000: board.cache_hierarchy.l1d-cache-0: recvTimingResp: Leaving with ReadResp [4ef0:4ef7] type=MemRead UC
2797000: board.cache_hierarchy.l2-cache-0: sendMSHRQueuePacket: MSHR ReadReq [4ec8:4ecf] type=MemRead UC
2798000: board.cache_hierarchy.l1d-cache-0: recvTimingResp: Handling response ReadResp [4f20:4f27] type=MemRead UC
2798000: board.cache_hierarchy.l1d-cache-0: recvTimingResp: Leaving with ReadResp [4f20:4f27] type=MemRead UC
2798000: board.cache_hierarchy.l1d-cache-0: access for ReadReq [4ef8:4eff] type=MemRead UC
2798000: board.cache_hierarchy.l1d-cache-0: access for ReadReq [4ed0:4ed7] type=MemRead UC
2798000: board.cache_hierarchy.l1d-cache-0: Blocking for cause 0, mask=1
2799000: board.cache_hierarchy.l1d-cache-0: sendMSHRQueuePacket: MSHR ReadReq [4ef8:4eff] type=MemRead UC
2799000: board.cache_hierarchy.l2-cache-0: access for ReadReq [4ef8:4eff] type=MemRead UC
2799000: board.cache_hierarchy.l2-cache-0: recvTimingResp: Handling response ReadResp [4f38:4f3f] type=MemRead UC
2799000: board.cache_hierarchy.l2-cache-0: recvTimingResp: Leaving with ReadResp [4f38:4f3f] type=MemRead UC
2799001: board.cache_hierarchy.l1d-cache-0: sendMSHRQueuePacket: MSHR ReadReq [4ed0:4ed7] type=MemRead UC
2800000: board.cache_hierarchy.l1d-cache-0: sendMSHRQueuePacket: MSHR ReadReq [4ed0:4ed7] type=MemRead UC
2800000: board.cache_hierarchy.l2-cache-0: access for ReadReq [4ed0:4ed7] type=MemRead UC
2800000: board.cache_hierarchy.l2-cache-0: sendWriteQueuePacket: write WriteReq [3400:3400] type=MemWrite UC
2802000: board.cache_hierarchy.l1d-cache-0: recvTimingResp: Handling response ReadResp [4f38:4f3f] type=MemRead UC
2802000: board.cache_hierarchy.l1d-cache-0: Unblocking for cause 0, mask=0
2802000: board.cache_hierarchy.l1d-cache-0: recvTimingResp: Leaving with ReadResp [4f38:4f3f] type=MemRead UC
2802000: board.cache_hierarchy.l2-cache-0: sendMSHRQueuePacket: MSHR ReadReq [4ec0:4ec7] type=MemRead UC
2802000: board.cache_hierarchy.l2-cache-0: sendMSHRQueuePacket: MSHR ReadReq [4ec0:4ec7] type=MemRead UC
2804000: board.cache_hierarchy.l1d-cache-0: access for ReadReq [33c8:33cf] type=MemRead UC
2804000: board.cache_hierarchy.l1d-cache-0: Blocking for cause 0, mask=1
2805000: board.cache_hierarchy.l1d-cache-0: sendMSHRQueuePacket: MSHR ReadReq [33c8:33cf] type=MemRead UC
2805000: board.cache_hierarchy.l2-cache-0: access for ReadReq [33c8:33cf] type=MemRead UC
2806000: board.cache_hierarchy.l2-cache-0: sendMSHRQueuePacket: MSHR ReadReq [4eb0:4eb7] type=MemRead UC
2810000: board.cache_hierarchy.l2-cache-0: sendMSHRQueuePacket: MSHR ReadReq [4ef8:4eff] type=MemRead UC
2811000: board.cache_hierarchy.l2-cache-0: sendMSHRQueuePacket: MSHR ReadReq [4ed0:4ed7] type=MemRead UC
2811000: board.cache_hierarchy.l2-cache-0: sendMSHRQueuePacket: MSHR ReadReq [4ed0:4ed7] type=MemRead UC
2812000: board.cache_hierarchy.l2-cache-0: recvTimingResp: Handling response ReadResp [4e80:4e87] type=MemRead UC
2812000: board.cache_hierarchy.l2-cache-0: recvTimingResp: Leaving with ReadResp [4e80:4e87] type=MemRead UC
2814000: board.cache_hierarchy.l2-cache-0: recvTimingResp: Handling response WriteResp [4e88:4e8f] type=MemWrite UC
2815000: board.cache_hierarchy.l1d-cache-0: recvTimingResp: Handling response ReadResp [4e80:4e87] type=MemRead UC
2815000: board.cache_hierarchy.l1d-cache-0: Unblocking for cause 0, mask=0
2815000: board.cache_hierarchy.l1d-cache-0: recvTimingResp: Leaving with ReadResp [4e80:4e87] type=MemRead UC
2815000: board.cache_hierarchy.l2-cache-0: recvTimingResp: Handling response ReadResp [4eb8:4ebf] type=MemRead UC
2815000: board.cache_hierarchy.l2-cache-0: recvTimingResp: Leaving with ReadResp [4eb8:4ebf] type=MemRead UC
2816000: board.cache_hierarchy.l2-cache-0: sendMSHRQueuePacket: MSHR ReadReq [33c8:33cf] type=MemRead UC
2817000: board.cache_hierarchy.l1d-cache-0: recvTimingResp: Handling response WriteResp [4e88:4e8f] type=MemWrite UC
2817000: board.cache_hierarchy.l2-cache-0: recvTimingResp: Handling response ReadResp [4ea8:4eaf] type=MemRead UC
2817000: board.cache_hierarchy.l2-cache-0: recvTimingResp: Leaving with ReadResp [4ea8:4eaf] type=MemRead UC
2818000: board.cache_hierarchy.l1d-cache-0: recvTimingResp: Handling response ReadResp [4eb8:4ebf] type=MemRead UC
2818000: board.cache_hierarchy.l1d-cache-0: recvTimingResp: Leaving with ReadResp [4eb8:4ebf] type=MemRead UC
2744000: board.processor.cores.core: 0x101bc    : c_ldsp s0, 0(sp)           : 
2745000: board.processor.cores.core: 0x101be    : c_addi sp, 16              : 
2820000: board.cache_hierarchy.l1d-cache-0: recvTimingResp: Handling response ReadResp [4ea8:4eaf] type=MemRead UC
2820000: board.cache_hierarchy.l1d-cache-0: recvTimingResp: Leaving with ReadResp [4ea8:4eaf] type=MemRead UC
2746000: board.processor.cores.core: 0x101c0    : c_jr ra                    : 
2747000: board.processor.cores.core: 0x117b2    : c_bnez s1, -8              : 
2821000: board.cache_hierarchy.l2-cache-0: recvTimingResp: Handling response WriteResp [3400:3400] type=MemWrite UC
2822000: board.cache_hierarchy.l2-cache-0: recvTimingResp: Handling response ReadResp [4ea0:4ea7] type=MemRead UC
2822000: board.cache_hierarchy.l2-cache-0: recvTimingResp: Leaving with ReadResp [4ea0:4ea7] type=MemRead UC
2823000: board.cache_hierarchy.l1d-cache-0: recvTimingResp: Handling response WriteResp [3400:3400] type=MemWrite UC
2747000: board.processor.cores.core: 0x117b4    : c_ldsp ra, 24(sp)          : 
2825000: board.cache_hierarchy.l1d-cache-0: recvTimingResp: Handling response ReadResp [4ea0:4ea7] type=MemRead UC
2825000: board.cache_hierarchy.l1d-cache-0: recvTimingResp: Leaving with ReadResp [4ea0:4ea7] type=MemRead UC
2827000: board.cache_hierarchy.l2-cache-0: recvTimingResp: Handling response ReadResp [4e98:4e9f] type=MemRead UC
2827000: board.cache_hierarchy.l2-cache-0: recvTimingResp: Leaving with ReadResp [4e98:4e9f] type=MemRead UC
2748000: board.processor.cores.core: 0x117b6    : c_ldsp s0, 16(sp)          : 
2830000: board.cache_hierarchy.l1d-cache-0: recvTimingResp: Handling response ReadResp [4e98:4e9f] type=MemRead UC
2830000: board.cache_hierarchy.l1d-cache-0: recvTimingResp: Leaving with ReadResp [4e98:4e9f] type=MemRead UC
2830000: board.cache_hierarchy.l2-cache-0: recvTimingResp: Handling response ReadResp [36b8:36bb] type=MemRead UC
2830000: board.cache_hierarchy.l2-cache-0: recvTimingResp: Leaving with ReadResp [36b8:36bb] type=MemRead UC
2833000: board.cache_hierarchy.l1d-cache-0: recvTimingResp: Handling response ReadResp [36b8:36bb] type=MemRead UC
2833000: board.cache_hierarchy.l1d-cache-0: recvTimingResp: Leaving with ReadResp [36b8:36bb] type=MemRead UC
2748000: board.processor.cores.core: 0x117b8    : c_ldsp s1, 8(sp)           : 
2749000: board.processor.cores.core: 0x117ba    : c_addi16sp sp, 32          : 
2835000: board.cache_hierarchy.l2-cache-0: recvTimingResp: Handling response ReadResp [33d8:33df] type=MemRead UC
2835000: board.cache_hierarchy.l2-cache-0: recvTimingResp: Leaving with ReadResp [33d8:33df] type=MemRead UC
2749000: board.processor.cores.core: 0x117bc    : c_jr ra                    : 
2750000: board.processor.cores.core: 0x10aa8    : lw a4, 8(s2)               : 
2838000: board.cache_hierarchy.l1d-cache-0: recvTimingResp: Handling response ReadResp [33d8:33df] type=MemRead UC
2838000: board.cache_hierarchy.l1d-cache-0: recvTimingResp: Leaving with ReadResp [33d8:33df] type=MemRead UC
2839000: board.cache_hierarchy.l2-cache-0: recvTimingResp: Handling response ReadResp [4ee8:4eef] type=MemRead UC
2839000: board.cache_hierarchy.l2-cache-0: recvTimingResp: Leaving with ReadResp [4ee8:4eef] type=MemRead UC
2842000: board.cache_hierarchy.l1d-cache-0: recvTimingResp: Handling response ReadResp [4ee8:4eef] type=MemRead UC
2842000: board.cache_hierarchy.l1d-cache-0: recvTimingResp: Leaving with ReadResp [4ee8:4eef] type=MemRead UC
2750000: board.processor.cores.core: 0x10aac    : ld a5, 528(gp)             : 
2751000: board.processor.cores.core: 0x10ab0    : bne a4, s8, 46             : 
2751000: board.processor.cores.core: 0x10ab4    : bne a5, s2, 42             : 
2752000: board.processor.cores.core: 0x10ab8    : c_addiw s0, -1             : 
2844000: board.cache_hierarchy.l2-cache-0: recvTimingResp: Handling response ReadResp [4ed8:4edf] type=MemRead UC
2844000: board.cache_hierarchy.l2-cache-0: recvTimingResp: Leaving with ReadResp [4ed8:4edf] type=MemRead UC
2752000: board.processor.cores.core: 0x10aba    : c_addi s1, -8              : 
2753000: board.processor.cores.core: 0x10abc    : bne s0, s3, -100           : 
2754000: board.processor.cores.core: 0x10ac0    : c_j -84                    : 
2755000: board.processor.cores.core: 0x10a6c    : c_ldsp s0, 64(sp)          : 
2755000: board.processor.cores.core: 0x10a6e    : c_ldsp s1, 56(sp)          : 
2847000: board.cache_hierarchy.l1d-cache-0: recvTimingResp: Handling response ReadResp [4ed8:4edf] type=MemRead UC
2847000: board.cache_hierarchy.l1d-cache-0: recvTimingResp: Leaving with ReadResp [4ed8:4edf] type=MemRead UC
2849000: board.cache_hierarchy.l2-cache-0: recvTimingResp: Handling response ReadResp [4ee0:4ee7] type=MemRead UC
2849000: board.cache_hierarchy.l2-cache-0: recvTimingResp: Leaving with ReadResp [4ee0:4ee7] type=MemRead UC
2756000: board.processor.cores.core: 0x10a70    : c_ldsp s3, 40(sp)          : 
2852000: board.cache_hierarchy.l1d-cache-0: recvTimingResp: Handling response ReadResp [4ee0:4ee7] type=MemRead UC
2852000: board.cache_hierarchy.l1d-cache-0: recvTimingResp: Leaving with ReadResp [4ee0:4ee7] type=MemRead UC
2854000: board.cache_hierarchy.l2-cache-0: recvTimingResp: Handling response ReadResp [4ec8:4ecf] type=MemRead UC
2854000: board.cache_hierarchy.l2-cache-0: recvTimingResp: Leaving with ReadResp [4ec8:4ecf] type=MemRead UC
2857000: board.cache_hierarchy.l1d-cache-0: recvTimingResp: Handling response ReadResp [4ec8:4ecf] type=MemRead UC
2857000: board.cache_hierarchy.l1d-cache-0: recvTimingResp: Leaving with ReadResp [4ec8:4ecf] type=MemRead UC
2859000: board.cache_hierarchy.l2-cache-0: recvTimingResp: Handling response ReadResp [4ec0:4ec7] type=MemRead UC
2859000: board.cache_hierarchy.l2-cache-0: recvTimingResp: Leaving with ReadResp [4ec0:4ec7] type=MemRead UC
2756000: board.processor.cores.core: 0x10a72    : c_ldsp s5, 24(sp)          : 
2862000: board.cache_hierarchy.l1d-cache-0: recvTimingResp: Handling response ReadResp [4ec0:4ec7] type=MemRead UC
2862000: board.cache_hierarchy.l1d-cache-0: recvTimingResp: Leaving with ReadResp [4ec0:4ec7] type=MemRead UC
2757000: board.processor.cores.core: 0x10a74    : c_ldsp s6, 16(sp)          : 
2757000: board.processor.cores.core: 0x10a76    : c_ldsp s7, 8(sp)           : 
2894000: board.cache_hierarchy.l2-cache-0: recvTimingResp: Handling response ReadResp [4eb0:4eb7] type=MemRead UC
2894000: board.cache_hierarchy.l2-cache-0: recvTimingResp: Leaving with ReadResp [4eb0:4eb7] type=MemRead UC
2897000: board.cache_hierarchy.l1d-cache-0: recvTimingResp: Handling response ReadResp [4eb0:4eb7] type=MemRead UC
2897000: board.cache_hierarchy.l1d-cache-0: recvTimingResp: Leaving with ReadResp [4eb0:4eb7] type=MemRead UC
2898000: board.cache_hierarchy.l2-cache-0: recvTimingResp: Handling response ReadResp [33c8:33cf] type=MemRead UC
2898000: board.cache_hierarchy.l2-cache-0: recvTimingResp: Leaving with ReadResp [33c8:33cf] type=MemRead UC
2901000: board.cache_hierarchy.l1d-cache-0: recvTimingResp: Handling response ReadResp [33c8:33cf] type=MemRead UC
2901000: board.cache_hierarchy.l1d-cache-0: recvTimingResp: Leaving with ReadResp [33c8:33cf] type=MemRead UC
2901000: board.cache_hierarchy.l2-cache-0: recvTimingResp: Handling response ReadResp [4ef8:4eff] type=MemRead UC
2901000: board.cache_hierarchy.l2-cache-0: recvTimingResp: Leaving with ReadResp [4ef8:4eff] type=MemRead UC
2758000: board.processor.cores.core: 0x10a78    : c_ldsp s8, 0(sp)           : 
2904000: board.cache_hierarchy.l1d-cache-0: recvTimingResp: Handling response ReadResp [4ef8:4eff] type=MemRead UC
2904000: board.cache_hierarchy.l1d-cache-0: recvTimingResp: Leaving with ReadResp [4ef8:4eff] type=MemRead UC
2906000: board.cache_hierarchy.l2-cache-0: recvTimingResp: Handling response ReadResp [4ed0:4ed7] type=MemRead UC
2906000: board.cache_hierarchy.l2-cache-0: recvTimingResp: Leaving with ReadResp [4ed0:4ed7] type=MemRead UC
2907000: board.processor.cores.core.workload: Translating: 0x10100->0x100
2907000: board.cache_hierarchy.l1i-cache-0: access for ReadReq [100:13f] IF hit state: 6 (E) writable: 1 readable: 1 dirty: 0 prefetched: 0 | tag: 0 secure: 0 valid: 1 | set: 0x4 way: 0
2908000: board.processor.cores.core.workload: Translating: 0x11840->0x1840
2908000: board.cache_hierarchy.l1i-cache-0: access for ReadReq [1840:187f] IF hit state: 6 (E) writable: 1 readable: 1 dirty: 0 prefetched: 0 | tag: 0x1 secure: 0 valid: 1 | set: 0x21 way: 0
2758000: board.processor.cores.core: 0x10a7a    : c_ldsp ra, 72(sp)          : 
2759000: board.processor.cores.core: 0x10a7c    : c_ldsp s2, 48(sp)          : 
2909000: board.cache_hierarchy.l1d-cache-0: recvTimingResp: Handling response ReadResp [4ed0:4ed7] type=MemRead UC
2909000: board.cache_hierarchy.l1d-cache-0: recvTimingResp: Leaving with ReadResp [4ed0:4ed7] type=MemRead UC
2759000: board.processor.cores.core: 0x10a7e    : c_ldsp s4, 32(sp)          : 
2760000: board.processor.cores.core: 0x10a80    : c_addi16sp sp, 80          : 
2760000: board.processor.cores.core: 0x10a82    : c_jr ra                    : 
2761000: board.processor.cores.core: 0x1012e    : ld a5, 512(gp)             : 
2761000: board.processor.cores.core: 0x10132    : c_beqz a5, 4               : 
2908000: board.processor.cores.core: 0x10136    : c_mv a0, s0                : 
2908000: board.processor.cores.core: 0x10138    : jal ra, 5920               : 
2909000: board.processor.cores.core: 0x11858    : addi a7, zero, 93          : 
