      0: board.processor.cores.core.workload: Allocating Page: 0x10000-0x11000
      0: board.cache_hierarchy.l1d-cache-0: functionalAccess: WriteReq [0:3f] 
      0: board.cache_hierarchy.l1i-cache-0: functionalAccess: WriteReq [0:3f] 
      0: board.cache_hierarchy.l2-cache-0: functionalAccess: WriteReq [0:3f] 
      0: board.cache_hierarchy.l1d-cache-0: functionalAccess: WriteReq [40:7f] 
      0: board.cache_hierarchy.l1i-cache-0: functionalAccess: WriteReq [40:7f] 
      0: board.cache_hierarchy.l2-cache-0: functionalAccess: WriteReq [40:7f] 
      0: board.cache_hierarchy.l1d-cache-0: functionalAccess: WriteReq [80:bf] 
      0: board.cache_hierarchy.l1i-cache-0: functionalAccess: WriteReq [80:bf] 
      0: board.cache_hierarchy.l2-cache-0: functionalAccess: WriteReq [80:bf] 
      0: board.cache_hierarchy.l1d-cache-0: functionalAccess: WriteReq [c0:ff] 
      0: board.cache_hierarchy.l1i-cache-0: functionalAccess: WriteReq [c0:ff] 
      0: board.cache_hierarchy.l2-cache-0: functionalAccess: WriteReq [c0:ff] 
      0: board.cache_hierarchy.l1d-cache-0: functionalAccess: WriteReq [100:13f] 
      0: board.cache_hierarchy.l1i-cache-0: functionalAccess: WriteReq [100:13f] 
      0: board.cache_hierarchy.l2-cache-0: functionalAccess: WriteReq [100:13f] 
      0: board.cache_hierarchy.l1d-cache-0: functionalAccess: WriteReq [140:17f] 
      0: board.cache_hierarchy.l1i-cache-0: functionalAccess: WriteReq [140:17f] 
      0: board.cache_hierarchy.l2-cache-0: functionalAccess: WriteReq [140:17f] 
      0: board.cache_hierarchy.l1d-cache-0: functionalAccess: WriteReq [180:1bf] 
      0: board.cache_hierarchy.l1i-cache-0: functionalAccess: WriteReq [180:1bf] 
      0: board.cache_hierarchy.l2-cache-0: functionalAccess: WriteReq [180:1bf] 
      0: board.cache_hierarchy.l1d-cache-0: functionalAccess: WriteReq [1c0:1ff] 
      0: board.cache_hierarchy.l1i-cache-0: functionalAccess: WriteReq [1c0:1ff] 
      0: board.cache_hierarchy.l2-cache-0: functionalAccess: WriteReq [1c0:1ff] 
      0: board.cache_hierarchy.l1d-cache-0: functionalAccess: WriteReq [200:23f] 
      0: board.cache_hierarchy.l1i-cache-0: functionalAccess: WriteReq [200:23f] 
      0: board.cache_hierarchy.l2-cache-0: functionalAccess: WriteReq [200:23f] 
      0: board.cache_hierarchy.l1d-cache-0: functionalAccess: WriteReq [240:27f] 
      0: board.cache_hierarchy.l1i-cache-0: functionalAccess: WriteReq [240:27f] 
      0: board.cache_hierarchy.l2-cache-0: functionalAccess: WriteReq [240:27f] 
      0: board.cache_hierarchy.l1d-cache-0: functionalAccess: WriteReq [280:2bf] 
      0: board.cache_hierarchy.l1i-cache-0: functionalAccess: WriteReq [280:2bf] 
      0: board.cache_hierarchy.l2-cache-0: functionalAccess: WriteReq [280:2bf] 
      0: board.cache_hierarchy.l1d-cache-0: functionalAccess: WriteReq [2c0:2ff] 
      0: board.cache_hierarchy.l1i-cache-0: functionalAccess: WriteReq [2c0:2ff] 
      0: board.cache_hierarchy.l2-cache-0: functionalAccess: WriteReq [2c0:2ff] 
      0: board.cache_hierarchy.l1d-cache-0: functionalAccess: WriteReq [300:33f] 
      0: board.cache_hierarchy.l1i-cache-0: functionalAccess: WriteReq [300:33f] 
      0: board.cache_hierarchy.l2-cache-0: functionalAccess: WriteReq [300:33f] 
      0: board.cache_hierarchy.l1d-cache-0: functionalAccess: WriteReq [340:37f] 
      0: board.cache_hierarchy.l1i-cache-0: functionalAccess: WriteReq [340:37f] 
      0: board.cache_hierarchy.l2-cache-0: functionalAccess: WriteReq [340:37f] 
      0: board.cache_hierarchy.l1d-cache-0: functionalAccess: WriteReq [380:3bf] 
      0: board.cache_hierarchy.l1i-cache-0: functionalAccess: WriteReq [380:3bf] 
      0: board.cache_hierarchy.l2-cache-0: functionalAccess: WriteReq [380:3bf] 
      0: board.cache_hierarchy.l1d-cache-0: functionalAccess: WriteReq [3c0:3ff] 
      0: board.cache_hierarchy.l1i-cache-0: functionalAccess: WriteReq [3c0:3ff] 
      0: board.cache_hierarchy.l2-cache-0: functionalAccess: WriteReq [3c0:3ff] 
      0: board.cache_hierarchy.l1d-cache-0: functionalAccess: WriteReq [400:43f] 
      0: board.cache_hierarchy.l1i-cache-0: functionalAccess: WriteReq [400:43f] 
      0: board.cache_hierarchy.l2-cache-0: functionalAccess: WriteReq [400:43f] 
      0: board.cache_hierarchy.l1d-cache-0: functionalAccess: WriteReq [440:47f] 
      0: board.cache_hierarchy.l1i-cache-0: functionalAccess: WriteReq [440:47f] 
      0: board.cache_hierarchy.l2-cache-0: functionalAccess: WriteReq [440:47f] 
      0: board.cache_hierarchy.l1d-cache-0: functionalAccess: WriteReq [480:4bf] 
      0: board.cache_hierarchy.l1i-cache-0: functionalAccess: WriteReq [480:4bf] 
      0: board.cache_hierarchy.l2-cache-0: functionalAccess: WriteReq [480:4bf] 
      0: board.cache_hierarchy.l1d-cache-0: functionalAccess: WriteReq [4c0:4ff] 
      0: board.cache_hierarchy.l1i-cache-0: functionalAccess: WriteReq [4c0:4ff] 
      0: board.cache_hierarchy.l2-cache-0: functionalAccess: WriteReq [4c0:4ff] 
      0: board.cache_hierarchy.l1d-cache-0: functionalAccess: WriteReq [500:53f] 
      0: board.cache_hierarchy.l1i-cache-0: functionalAccess: WriteReq [500:53f] 
      0: board.cache_hierarchy.l2-cache-0: functionalAccess: WriteReq [500:53f] 
      0: board.cache_hierarchy.l1d-cache-0: functionalAccess: WriteReq [540:57f] 
      0: board.cache_hierarchy.l1i-cache-0: functionalAccess: WriteReq [540:57f] 
      0: board.cache_hierarchy.l2-cache-0: functionalAccess: WriteReq [540:57f] 
      0: board.cache_hierarchy.l1d-cache-0: functionalAccess: WriteReq [580:5bf] 
      0: board.cache_hierarchy.l1i-cache-0: functionalAccess: WriteReq [580:5bf] 
      0: board.cache_hierarchy.l2-cache-0: functionalAccess: WriteReq [580:5bf] 
      0: board.cache_hierarchy.l1d-cache-0: functionalAccess: WriteReq [5c0:5ff] 
      0: board.cache_hierarchy.l1i-cache-0: functionalAccess: WriteReq [5c0:5ff] 
      0: board.cache_hierarchy.l2-cache-0: functionalAccess: WriteReq [5c0:5ff] 
      0: board.cache_hierarchy.l1d-cache-0: functionalAccess: WriteReq [600:63f] 
      0: board.cache_hierarchy.l1i-cache-0: functionalAccess: WriteReq [600:63f] 
      0: board.cache_hierarchy.l2-cache-0: functionalAccess: WriteReq [600:63f] 
      0: board.cache_hierarchy.l1d-cache-0: functionalAccess: WriteReq [640:67f] 
      0: board.cache_hierarchy.l1i-cache-0: functionalAccess: WriteReq [640:67f] 
      0: board.cache_hierarchy.l2-cache-0: functionalAccess: WriteReq [640:67f] 
      0: board.cache_hierarchy.l1d-cache-0: functionalAccess: WriteReq [680:6bf] 
      0: board.cache_hierarchy.l1i-cache-0: functionalAccess: WriteReq [680:6bf] 
      0: board.cache_hierarchy.l2-cache-0: functionalAccess: WriteReq [680:6bf] 
      0: board.cache_hierarchy.l1d-cache-0: functionalAccess: WriteReq [6c0:6ff] 
      0: board.cache_hierarchy.l1i-cache-0: functionalAccess: WriteReq [6c0:6ff] 
      0: board.cache_hierarchy.l2-cache-0: functionalAccess: WriteReq [6c0:6ff] 
      0: board.cache_hierarchy.l1d-cache-0: functionalAccess: WriteReq [700:73f] 
      0: board.cache_hierarchy.l1i-cache-0: functionalAccess: WriteReq [700:73f] 
      0: board.cache_hierarchy.l2-cache-0: functionalAccess: WriteReq [700:73f] 
      0: board.cache_hierarchy.l1d-cache-0: functionalAccess: WriteReq [740:77f] 
      0: board.cache_hierarchy.l1i-cache-0: functionalAccess: WriteReq [740:77f] 
      0: board.cache_hierarchy.l2-cache-0: functionalAccess: WriteReq [740:77f] 
      0: board.cache_hierarchy.l1d-cache-0: functionalAccess: WriteReq [780:7bf] 
      0: board.cache_hierarchy.l1i-cache-0: functionalAccess: WriteReq [780:7bf] 
      0: board.cache_hierarchy.l2-cache-0: functionalAccess: WriteReq [780:7bf] 
      0: board.cache_hierarchy.l1d-cache-0: functionalAccess: WriteReq [7c0:7ff] 
      0: board.cache_hierarchy.l1i-cache-0: functionalAccess: WriteReq [7c0:7ff] 
      0: board.cache_hierarchy.l2-cache-0: functionalAccess: WriteReq [7c0:7ff] 
      0: board.cache_hierarchy.l1d-cache-0: functionalAccess: WriteReq [800:83f] 
      0: board.cache_hierarchy.l1i-cache-0: functionalAccess: WriteReq [800:83f] 
      0: board.cache_hierarchy.l2-cache-0: functionalAccess: WriteReq [800:83f] 
      0: board.cache_hierarchy.l1d-cache-0: functionalAccess: WriteReq [840:87f] 
      0: board.cache_hierarchy.l1i-cache-0: functionalAccess: WriteReq [840:87f] 
      0: board.cache_hierarchy.l2-cache-0: functionalAccess: WriteReq [840:87f] 
      0: board.cache_hierarchy.l1d-cache-0: functionalAccess: WriteReq [880:8bf] 
      0: board.cache_hierarchy.l1i-cache-0: functionalAccess: WriteReq [880:8bf] 
      0: board.cache_hierarchy.l2-cache-0: functionalAccess: WriteReq [880:8bf] 
      0: board.cache_hierarchy.l1d-cache-0: functionalAccess: WriteReq [8c0:8ff] 
      0: board.cache_hierarchy.l1i-cache-0: functionalAccess: WriteReq [8c0:8ff] 
      0: board.cache_hierarchy.l2-cache-0: functionalAccess: WriteReq [8c0:8ff] 
      0: board.cache_hierarchy.l1d-cache-0: functionalAccess: WriteReq [900:93f] 
      0: board.cache_hierarchy.l1i-cache-0: functionalAccess: WriteReq [900:93f] 
      0: board.cache_hierarchy.l2-cache-0: functionalAccess: WriteReq [900:93f] 
      0: board.cache_hierarchy.l1d-cache-0: functionalAccess: WriteReq [940:97f] 
      0: board.cache_hierarchy.l1i-cache-0: functionalAccess: WriteReq [940:97f] 
      0: board.cache_hierarchy.l2-cache-0: functionalAccess: WriteReq [940:97f] 
      0: board.cache_hierarchy.l1d-cache-0: functionalAccess: WriteReq [980:9bf] 
      0: board.cache_hierarchy.l1i-cache-0: functionalAccess: WriteReq [980:9bf] 
      0: board.cache_hierarchy.l2-cache-0: functionalAccess: WriteReq [980:9bf] 
      0: board.cache_hierarchy.l1d-cache-0: functionalAccess: WriteReq [9c0:9ff] 
      0: board.cache_hierarchy.l1i-cache-0: functionalAccess: WriteReq [9c0:9ff] 
      0: board.cache_hierarchy.l2-cache-0: functionalAccess: WriteReq [9c0:9ff] 
      0: board.cache_hierarchy.l1d-cache-0: functionalAccess: WriteReq [a00:a3f] 
      0: board.cache_hierarchy.l1i-cache-0: functionalAccess: WriteReq [a00:a3f] 
      0: board.cache_hierarchy.l2-cache-0: functionalAccess: WriteReq [a00:a3f] 
      0: board.cache_hierarchy.l1d-cache-0: functionalAccess: WriteReq [a40:a7f] 
      0: board.cache_hierarchy.l1i-cache-0: functionalAccess: WriteReq [a40:a7f] 
      0: board.cache_hierarchy.l2-cache-0: functionalAccess: WriteReq [a40:a7f] 
      0: board.cache_hierarchy.l1d-cache-0: functionalAccess: WriteReq [a80:abf] 
      0: board.cache_hierarchy.l1i-cache-0: functionalAccess: WriteReq [a80:abf] 
      0: board.cache_hierarchy.l2-cache-0: functionalAccess: WriteReq [a80:abf] 
      0: board.cache_hierarchy.l1d-cache-0: functionalAccess: WriteReq [ac0:aff] 
      0: board.cache_hierarchy.l1i-cache-0: functionalAccess: WriteReq [ac0:aff] 
      0: board.cache_hierarchy.l2-cache-0: functionalAccess: WriteReq [ac0:aff] 
      0: board.cache_hierarchy.l1d-cache-0: functionalAccess: WriteReq [b00:b3f] 
      0: board.cache_hierarchy.l1i-cache-0: functionalAccess: WriteReq [b00:b3f] 
      0: board.cache_hierarchy.l2-cache-0: functionalAccess: WriteReq [b00:b3f] 
      0: board.cache_hierarchy.l1d-cache-0: functionalAccess: WriteReq [b40:b7f] 
      0: board.cache_hierarchy.l1i-cache-0: functionalAccess: WriteReq [b40:b7f] 
      0: board.cache_hierarchy.l2-cache-0: functionalAccess: WriteReq [b40:b7f] 
      0: board.cache_hierarchy.l1d-cache-0: functionalAccess: WriteReq [b80:bbf] 
      0: board.cache_hierarchy.l1i-cache-0: functionalAccess: WriteReq [b80:bbf] 
      0: board.cache_hierarchy.l2-cache-0: functionalAccess: WriteReq [b80:bbf] 
      0: board.cache_hierarchy.l1d-cache-0: functionalAccess: WriteReq [bc0:bff] 
      0: board.cache_hierarchy.l1i-cache-0: functionalAccess: WriteReq [bc0:bff] 
      0: board.cache_hierarchy.l2-cache-0: functionalAccess: WriteReq [bc0:bff] 
      0: board.cache_hierarchy.l1d-cache-0: functionalAccess: WriteReq [c00:c3f] 
      0: board.cache_hierarchy.l1i-cache-0: functionalAccess: WriteReq [c00:c3f] 
      0: board.cache_hierarchy.l2-cache-0: functionalAccess: WriteReq [c00:c3f] 
      0: board.cache_hierarchy.l1d-cache-0: functionalAccess: WriteReq [c40:c7f] 
      0: board.cache_hierarchy.l1i-cache-0: functionalAccess: WriteReq [c40:c7f] 
      0: board.cache_hierarchy.l2-cache-0: functionalAccess: WriteReq [c40:c7f] 
      0: board.cache_hierarchy.l1d-cache-0: functionalAccess: WriteReq [c80:cbf] 
      0: board.cache_hierarchy.l1i-cache-0: functionalAccess: WriteReq [c80:cbf] 
      0: board.cache_hierarchy.l2-cache-0: functionalAccess: WriteReq [c80:cbf] 
      0: board.cache_hierarchy.l1d-cache-0: functionalAccess: WriteReq [cc0:cff] 
      0: board.cache_hierarchy.l1i-cache-0: functionalAccess: WriteReq [cc0:cff] 
      0: board.cache_hierarchy.l2-cache-0: functionalAccess: WriteReq [cc0:cff] 
      0: board.cache_hierarchy.l1d-cache-0: functionalAccess: WriteReq [d00:d3f] 
      0: board.cache_hierarchy.l1i-cache-0: functionalAccess: WriteReq [d00:d3f] 
      0: board.cache_hierarchy.l2-cache-0: functionalAccess: WriteReq [d00:d3f] 
      0: board.cache_hierarchy.l1d-cache-0: functionalAccess: WriteReq [d40:d7f] 
      0: board.cache_hierarchy.l1i-cache-0: functionalAccess: WriteReq [d40:d7f] 
      0: board.cache_hierarchy.l2-cache-0: functionalAccess: WriteReq [d40:d7f] 
      0: board.cache_hierarchy.l1d-cache-0: functionalAccess: WriteReq [d80:dbf] 
      0: board.cache_hierarchy.l1i-cache-0: functionalAccess: WriteReq [d80:dbf] 
      0: board.cache_hierarchy.l2-cache-0: functionalAccess: WriteReq [d80:dbf] 
      0: board.cache_hierarchy.l1d-cache-0: functionalAccess: WriteReq [dc0:dff] 
      0: board.cache_hierarchy.l1i-cache-0: functionalAccess: WriteReq [dc0:dff] 
      0: board.cache_hierarchy.l2-cache-0: functionalAccess: WriteReq [dc0:dff] 
      0: board.cache_hierarchy.l1d-cache-0: functionalAccess: WriteReq [e00:e3f] 
      0: board.cache_hierarchy.l1i-cache-0: functionalAccess: WriteReq [e00:e3f] 
      0: board.cache_hierarchy.l2-cache-0: functionalAccess: WriteReq [e00:e3f] 
      0: board.cache_hierarchy.l1d-cache-0: functionalAccess: WriteReq [e40:e7f] 
      0: board.cache_hierarchy.l1i-cache-0: functionalAccess: WriteReq [e40:e7f] 
      0: board.cache_hierarchy.l2-cache-0: functionalAccess: WriteReq [e40:e7f] 
      0: board.cache_hierarchy.l1d-cache-0: functionalAccess: WriteReq [e80:ebf] 
      0: board.cache_hierarchy.l1i-cache-0: functionalAccess: WriteReq [e80:ebf] 
      0: board.cache_hierarchy.l2-cache-0: functionalAccess: WriteReq [e80:ebf] 
      0: board.cache_hierarchy.l1d-cache-0: functionalAccess: WriteReq [ec0:eff] 
      0: board.cache_hierarchy.l1i-cache-0: functionalAccess: WriteReq [ec0:eff] 
      0: board.cache_hierarchy.l2-cache-0: functionalAccess: WriteReq [ec0:eff] 
      0: board.cache_hierarchy.l1d-cache-0: functionalAccess: WriteReq [f00:f3f] 
      0: board.cache_hierarchy.l1i-cache-0: functionalAccess: WriteReq [f00:f3f] 
      0: board.cache_hierarchy.l2-cache-0: functionalAccess: WriteReq [f00:f3f] 
      0: board.cache_hierarchy.l1d-cache-0: functionalAccess: WriteReq [f40:f7f] 
      0: board.cache_hierarchy.l1i-cache-0: functionalAccess: WriteReq [f40:f7f] 
      0: board.cache_hierarchy.l2-cache-0: functionalAccess: WriteReq [f40:f7f] 
      0: board.cache_hierarchy.l1d-cache-0: functionalAccess: WriteReq [f80:fbf] 
      0: board.cache_hierarchy.l1i-cache-0: functionalAccess: WriteReq [f80:fbf] 
      0: board.cache_hierarchy.l2-cache-0: functionalAccess: WriteReq [f80:fbf] 
      0: board.cache_hierarchy.l1d-cache-0: functionalAccess: WriteReq [fc0:fff] 
      0: board.cache_hierarchy.l1i-cache-0: functionalAccess: WriteReq [fc0:fff] 
      0: board.cache_hierarchy.l2-cache-0: functionalAccess: WriteReq [fc0:fff] 
      0: board.processor.cores.core.workload: Allocating Page: 0x11000-0x12000
      0: board.cache_hierarchy.l1d-cache-0: functionalAccess: WriteReq [1000:103f] 
      0: board.cache_hierarchy.l1i-cache-0: functionalAccess: WriteReq [1000:103f] 
      0: board.cache_hierarchy.l2-cache-0: functionalAccess: WriteReq [1000:103f] 
      0: board.cache_hierarchy.l1d-cache-0: functionalAccess: WriteReq [1040:107f] 
      0: board.cache_hierarchy.l1i-cache-0: functionalAccess: WriteReq [1040:107f] 
      0: board.cache_hierarchy.l2-cache-0: functionalAccess: WriteReq [1040:107f] 
      0: board.cache_hierarchy.l1d-cache-0: functionalAccess: WriteReq [1080:10bf] 
      0: board.cache_hierarchy.l1i-cache-0: functionalAccess: WriteReq [1080:10bf] 
      0: board.cache_hierarchy.l2-cache-0: functionalAccess: WriteReq [1080:10bf] 
      0: board.cache_hierarchy.l1d-cache-0: functionalAccess: WriteReq [10c0:10ff] 
      0: board.cache_hierarchy.l1i-cache-0: functionalAccess: WriteReq [10c0:10ff] 
      0: board.cache_hierarchy.l2-cache-0: functionalAccess: WriteReq [10c0:10ff] 
      0: board.cache_hierarchy.l1d-cache-0: functionalAccess: WriteReq [1100:113f] 
      0: board.cache_hierarchy.l1i-cache-0: functionalAccess: WriteReq [1100:113f] 
      0: board.cache_hierarchy.l2-cache-0: functionalAccess: WriteReq [1100:113f] 
      0: board.cache_hierarchy.l1d-cache-0: functionalAccess: WriteReq [1140:117f] 
      0: board.cache_hierarchy.l1i-cache-0: functionalAccess: WriteReq [1140:117f] 
      0: board.cache_hierarchy.l2-cache-0: functionalAccess: WriteReq [1140:117f] 
      0: board.cache_hierarchy.l1d-cache-0: functionalAccess: WriteReq [1180:11bf] 
      0: board.cache_hierarchy.l1i-cache-0: functionalAccess: WriteReq [1180:11bf] 
      0: board.cache_hierarchy.l2-cache-0: functionalAccess: WriteReq [1180:11bf] 
      0: board.cache_hierarchy.l1d-cache-0: functionalAccess: WriteReq [11c0:11ff] 
      0: board.cache_hierarchy.l1i-cache-0: functionalAccess: WriteReq [11c0:11ff] 
      0: board.cache_hierarchy.l2-cache-0: functionalAccess: WriteReq [11c0:11ff] 
      0: board.cache_hierarchy.l1d-cache-0: functionalAccess: WriteReq [1200:123f] 
      0: board.cache_hierarchy.l1i-cache-0: functionalAccess: WriteReq [1200:123f] 
      0: board.cache_hierarchy.l2-cache-0: functionalAccess: WriteReq [1200:123f] 
      0: board.cache_hierarchy.l1d-cache-0: functionalAccess: WriteReq [1240:127f] 
      0: board.cache_hierarchy.l1i-cache-0: functionalAccess: WriteReq [1240:127f] 
      0: board.cache_hierarchy.l2-cache-0: functionalAccess: WriteReq [1240:127f] 
      0: board.cache_hierarchy.l1d-cache-0: functionalAccess: WriteReq [1280:12bf] 
      0: board.cache_hierarchy.l1i-cache-0: functionalAccess: WriteReq [1280:12bf] 
      0: board.cache_hierarchy.l2-cache-0: functionalAccess: WriteReq [1280:12bf] 
      0: board.cache_hierarchy.l1d-cache-0: functionalAccess: WriteReq [12c0:12ff] 
      0: board.cache_hierarchy.l1i-cache-0: functionalAccess: WriteReq [12c0:12ff] 
      0: board.cache_hierarchy.l2-cache-0: functionalAccess: WriteReq [12c0:12ff] 
      0: board.cache_hierarchy.l1d-cache-0: functionalAccess: WriteReq [1300:133f] 
      0: board.cache_hierarchy.l1i-cache-0: functionalAccess: WriteReq [1300:133f] 
      0: board.cache_hierarchy.l2-cache-0: functionalAccess: WriteReq [1300:133f] 
      0: board.cache_hierarchy.l1d-cache-0: functionalAccess: WriteReq [1340:137f] 
      0: board.cache_hierarchy.l1i-cache-0: functionalAccess: WriteReq [1340:137f] 
      0: board.cache_hierarchy.l2-cache-0: functionalAccess: WriteReq [1340:137f] 
      0: board.cache_hierarchy.l1d-cache-0: functionalAccess: WriteReq [1380:13bf] 
      0: board.cache_hierarchy.l1i-cache-0: functionalAccess: WriteReq [1380:13bf] 
      0: board.cache_hierarchy.l2-cache-0: functionalAccess: WriteReq [1380:13bf] 
      0: board.cache_hierarchy.l1d-cache-0: functionalAccess: WriteReq [13c0:13ff] 
      0: board.cache_hierarchy.l1i-cache-0: functionalAccess: WriteReq [13c0:13ff] 
      0: board.cache_hierarchy.l2-cache-0: functionalAccess: WriteReq [13c0:13ff] 
      0: board.cache_hierarchy.l1d-cache-0: functionalAccess: WriteReq [1400:143f] 
      0: board.cache_hierarchy.l1i-cache-0: functionalAccess: WriteReq [1400:143f] 
      0: board.cache_hierarchy.l2-cache-0: functionalAccess: WriteReq [1400:143f] 
      0: board.cache_hierarchy.l1d-cache-0: functionalAccess: WriteReq [1440:147f] 
      0: board.cache_hierarchy.l1i-cache-0: functionalAccess: WriteReq [1440:147f] 
      0: board.cache_hierarchy.l2-cache-0: functionalAccess: WriteReq [1440:147f] 
      0: board.cache_hierarchy.l1d-cache-0: functionalAccess: WriteReq [1480:14bf] 
      0: board.cache_hierarchy.l1i-cache-0: functionalAccess: WriteReq [1480:14bf] 
      0: board.cache_hierarchy.l2-cache-0: functionalAccess: WriteReq [1480:14bf] 
      0: board.cache_hierarchy.l1d-cache-0: functionalAccess: WriteReq [14c0:14ff] 
      0: board.cache_hierarchy.l1i-cache-0: functionalAccess: WriteReq [14c0:14ff] 
      0: board.cache_hierarchy.l2-cache-0: functionalAccess: WriteReq [14c0:14ff] 
      0: board.cache_hierarchy.l1d-cache-0: functionalAccess: WriteReq [1500:153f] 
      0: board.cache_hierarchy.l1i-cache-0: functionalAccess: WriteReq [1500:153f] 
      0: board.cache_hierarchy.l2-cache-0: functionalAccess: WriteReq [1500:153f] 
      0: board.cache_hierarchy.l1d-cache-0: functionalAccess: WriteReq [1540:157f] 
      0: board.cache_hierarchy.l1i-cache-0: functionalAccess: WriteReq [1540:157f] 
      0: board.cache_hierarchy.l2-cache-0: functionalAccess: WriteReq [1540:157f] 
      0: board.cache_hierarchy.l1d-cache-0: functionalAccess: WriteReq [1580:15bf] 
      0: board.cache_hierarchy.l1i-cache-0: functionalAccess: WriteReq [1580:15bf] 
      0: board.cache_hierarchy.l2-cache-0: functionalAccess: WriteReq [1580:15bf] 
      0: board.cache_hierarchy.l1d-cache-0: functionalAccess: WriteReq [15c0:15ff] 
      0: board.cache_hierarchy.l1i-cache-0: functionalAccess: WriteReq [15c0:15ff] 
      0: board.cache_hierarchy.l2-cache-0: functionalAccess: WriteReq [15c0:15ff] 
      0: board.cache_hierarchy.l1d-cache-0: functionalAccess: WriteReq [1600:163f] 
      0: board.cache_hierarchy.l1i-cache-0: functionalAccess: WriteReq [1600:163f] 
      0: board.cache_hierarchy.l2-cache-0: functionalAccess: WriteReq [1600:163f] 
      0: board.cache_hierarchy.l1d-cache-0: functionalAccess: WriteReq [1640:167f] 
      0: board.cache_hierarchy.l1i-cache-0: functionalAccess: WriteReq [1640:167f] 
      0: board.cache_hierarchy.l2-cache-0: functionalAccess: WriteReq [1640:167f] 
      0: board.cache_hierarchy.l1d-cache-0: functionalAccess: WriteReq [1680:16bf] 
      0: board.cache_hierarchy.l1i-cache-0: functionalAccess: WriteReq [1680:16bf] 
      0: board.cache_hierarchy.l2-cache-0: functionalAccess: WriteReq [1680:16bf] 
      0: board.cache_hierarchy.l1d-cache-0: functionalAccess: WriteReq [16c0:16ff] 
      0: board.cache_hierarchy.l1i-cache-0: functionalAccess: WriteReq [16c0:16ff] 
      0: board.cache_hierarchy.l2-cache-0: functionalAccess: WriteReq [16c0:16ff] 
      0: board.cache_hierarchy.l1d-cache-0: functionalAccess: WriteReq [1700:173f] 
      0: board.cache_hierarchy.l1i-cache-0: functionalAccess: WriteReq [1700:173f] 
      0: board.cache_hierarchy.l2-cache-0: functionalAccess: WriteReq [1700:173f] 
      0: board.cache_hierarchy.l1d-cache-0: functionalAccess: WriteReq [1740:177f] 
      0: board.cache_hierarchy.l1i-cache-0: functionalAccess: WriteReq [1740:177f] 
      0: board.cache_hierarchy.l2-cache-0: functionalAccess: WriteReq [1740:177f] 
      0: board.cache_hierarchy.l1d-cache-0: functionalAccess: WriteReq [1780:17bf] 
      0: board.cache_hierarchy.l1i-cache-0: functionalAccess: WriteReq [1780:17bf] 
      0: board.cache_hierarchy.l2-cache-0: functionalAccess: WriteReq [1780:17bf] 
      0: board.cache_hierarchy.l1d-cache-0: functionalAccess: WriteReq [17c0:17ff] 
      0: board.cache_hierarchy.l1i-cache-0: functionalAccess: WriteReq [17c0:17ff] 
      0: board.cache_hierarchy.l2-cache-0: functionalAccess: WriteReq [17c0:17ff] 
      0: board.cache_hierarchy.l1d-cache-0: functionalAccess: WriteReq [1800:183f] 
      0: board.cache_hierarchy.l1i-cache-0: functionalAccess: WriteReq [1800:183f] 
      0: board.cache_hierarchy.l2-cache-0: functionalAccess: WriteReq [1800:183f] 
      0: board.cache_hierarchy.l1d-cache-0: functionalAccess: WriteReq [1840:187f] 
      0: board.cache_hierarchy.l1i-cache-0: functionalAccess: WriteReq [1840:187f] 
      0: board.cache_hierarchy.l2-cache-0: functionalAccess: WriteReq [1840:187f] 
      0: board.cache_hierarchy.l1d-cache-0: functionalAccess: WriteReq [1880:18bf] 
      0: board.cache_hierarchy.l1i-cache-0: functionalAccess: WriteReq [1880:18bf] 
      0: board.cache_hierarchy.l2-cache-0: functionalAccess: WriteReq [1880:18bf] 
      0: board.cache_hierarchy.l1d-cache-0: functionalAccess: WriteReq [18c0:18db] 
      0: board.cache_hierarchy.l1i-cache-0: functionalAccess: WriteReq [18c0:18db] 
      0: board.cache_hierarchy.l2-cache-0: functionalAccess: WriteReq [18c0:18db] 
      0: board.processor.cores.core.workload: Allocating Page: 0x12000-0x13000
      0: board.cache_hierarchy.l1d-cache-0: functionalAccess: WriteReq [28e0:28ff] 
      0: board.cache_hierarchy.l1i-cache-0: functionalAccess: WriteReq [28e0:28ff] 
      0: board.cache_hierarchy.l2-cache-0: functionalAccess: WriteReq [28e0:28ff] 
      0: board.cache_hierarchy.l1d-cache-0: functionalAccess: WriteReq [2900:293f] 
      0: board.cache_hierarchy.l1i-cache-0: functionalAccess: WriteReq [2900:293f] 
      0: board.cache_hierarchy.l2-cache-0: functionalAccess: WriteReq [2900:293f] 
      0: board.cache_hierarchy.l1d-cache-0: functionalAccess: WriteReq [2940:297f] 
      0: board.cache_hierarchy.l1i-cache-0: functionalAccess: WriteReq [2940:297f] 
      0: board.cache_hierarchy.l2-cache-0: functionalAccess: WriteReq [2940:297f] 
      0: board.cache_hierarchy.l1d-cache-0: functionalAccess: WriteReq [2980:29bf] 
      0: board.cache_hierarchy.l1i-cache-0: functionalAccess: WriteReq [2980:29bf] 
      0: board.cache_hierarchy.l2-cache-0: functionalAccess: WriteReq [2980:29bf] 
      0: board.cache_hierarchy.l1d-cache-0: functionalAccess: WriteReq [29c0:29ff] 
      0: board.cache_hierarchy.l1i-cache-0: functionalAccess: WriteReq [29c0:29ff] 
      0: board.cache_hierarchy.l2-cache-0: functionalAccess: WriteReq [29c0:29ff] 
      0: board.cache_hierarchy.l1d-cache-0: functionalAccess: WriteReq [2a00:2a3f] 
      0: board.cache_hierarchy.l1i-cache-0: functionalAccess: WriteReq [2a00:2a3f] 
      0: board.cache_hierarchy.l2-cache-0: functionalAccess: WriteReq [2a00:2a3f] 
      0: board.cache_hierarchy.l1d-cache-0: functionalAccess: WriteReq [2a40:2a7f] 
      0: board.cache_hierarchy.l1i-cache-0: functionalAccess: WriteReq [2a40:2a7f] 
      0: board.cache_hierarchy.l2-cache-0: functionalAccess: WriteReq [2a40:2a7f] 
      0: board.cache_hierarchy.l1d-cache-0: functionalAccess: WriteReq [2a80:2abf] 
      0: board.cache_hierarchy.l1i-cache-0: functionalAccess: WriteReq [2a80:2abf] 
      0: board.cache_hierarchy.l2-cache-0: functionalAccess: WriteReq [2a80:2abf] 
      0: board.cache_hierarchy.l1d-cache-0: functionalAccess: WriteReq [2ac0:2aff] 
      0: board.cache_hierarchy.l1i-cache-0: functionalAccess: WriteReq [2ac0:2aff] 
      0: board.cache_hierarchy.l2-cache-0: functionalAccess: WriteReq [2ac0:2aff] 
      0: board.cache_hierarchy.l1d-cache-0: functionalAccess: WriteReq [2b00:2b3f] 
      0: board.cache_hierarchy.l1i-cache-0: functionalAccess: WriteReq [2b00:2b3f] 
      0: board.cache_hierarchy.l2-cache-0: functionalAccess: WriteReq [2b00:2b3f] 
      0: board.cache_hierarchy.l1d-cache-0: functionalAccess: WriteReq [2b40:2b7f] 
      0: board.cache_hierarchy.l1i-cache-0: functionalAccess: WriteReq [2b40:2b7f] 
      0: board.cache_hierarchy.l2-cache-0: functionalAccess: WriteReq [2b40:2b7f] 
      0: board.cache_hierarchy.l1d-cache-0: functionalAccess: WriteReq [2b80:2bbf] 
      0: board.cache_hierarchy.l1i-cache-0: functionalAccess: WriteReq [2b80:2bbf] 
      0: board.cache_hierarchy.l2-cache-0: functionalAccess: WriteReq [2b80:2bbf] 
      0: board.cache_hierarchy.l1d-cache-0: functionalAccess: WriteReq [2bc0:2bff] 
      0: board.cache_hierarchy.l1i-cache-0: functionalAccess: WriteReq [2bc0:2bff] 
      0: board.cache_hierarchy.l2-cache-0: functionalAccess: WriteReq [2bc0:2bff] 
      0: board.cache_hierarchy.l1d-cache-0: functionalAccess: WriteReq [2c00:2c3f] 
      0: board.cache_hierarchy.l1i-cache-0: functionalAccess: WriteReq [2c00:2c3f] 
      0: board.cache_hierarchy.l2-cache-0: functionalAccess: WriteReq [2c00:2c3f] 
      0: board.cache_hierarchy.l1d-cache-0: functionalAccess: WriteReq [2c40:2c7f] 
      0: board.cache_hierarchy.l1i-cache-0: functionalAccess: WriteReq [2c40:2c7f] 
      0: board.cache_hierarchy.l2-cache-0: functionalAccess: WriteReq [2c40:2c7f] 
      0: board.cache_hierarchy.l1d-cache-0: functionalAccess: WriteReq [2c80:2cbf] 
      0: board.cache_hierarchy.l1i-cache-0: functionalAccess: WriteReq [2c80:2cbf] 
      0: board.cache_hierarchy.l2-cache-0: functionalAccess: WriteReq [2c80:2cbf] 
      0: board.cache_hierarchy.l1d-cache-0: functionalAccess: WriteReq [2cc0:2cff] 
      0: board.cache_hierarchy.l1i-cache-0: functionalAccess: WriteReq [2cc0:2cff] 
      0: board.cache_hierarchy.l2-cache-0: functionalAccess: WriteReq [2cc0:2cff] 
      0: board.cache_hierarchy.l1d-cache-0: functionalAccess: WriteReq [2d00:2d3f] 
      0: board.cache_hierarchy.l1i-cache-0: functionalAccess: WriteReq [2d00:2d3f] 
      0: board.cache_hierarchy.l2-cache-0: functionalAccess: WriteReq [2d00:2d3f] 
      0: board.cache_hierarchy.l1d-cache-0: functionalAccess: WriteReq [2d40:2d7f] 
      0: board.cache_hierarchy.l1i-cache-0: functionalAccess: WriteReq [2d40:2d7f] 
      0: board.cache_hierarchy.l2-cache-0: functionalAccess: WriteReq [2d40:2d7f] 
      0: board.cache_hierarchy.l1d-cache-0: functionalAccess: WriteReq [2d80:2dbf] 
      0: board.cache_hierarchy.l1i-cache-0: functionalAccess: WriteReq [2d80:2dbf] 
      0: board.cache_hierarchy.l2-cache-0: functionalAccess: WriteReq [2d80:2dbf] 
      0: board.cache_hierarchy.l1d-cache-0: functionalAccess: WriteReq [2dc0:2dff] 
      0: board.cache_hierarchy.l1i-cache-0: functionalAccess: WriteReq [2dc0:2dff] 
      0: board.cache_hierarchy.l2-cache-0: functionalAccess: WriteReq [2dc0:2dff] 
      0: board.cache_hierarchy.l1d-cache-0: functionalAccess: WriteReq [2e00:2e3f] 
      0: board.cache_hierarchy.l1i-cache-0: functionalAccess: WriteReq [2e00:2e3f] 
      0: board.cache_hierarchy.l2-cache-0: functionalAccess: WriteReq [2e00:2e3f] 
      0: board.cache_hierarchy.l1d-cache-0: functionalAccess: WriteReq [2e40:2e7f] 
      0: board.cache_hierarchy.l1i-cache-0: functionalAccess: WriteReq [2e40:2e7f] 
      0: board.cache_hierarchy.l2-cache-0: functionalAccess: WriteReq [2e40:2e7f] 
      0: board.cache_hierarchy.l1d-cache-0: functionalAccess: WriteReq [2e80:2ebf] 
      0: board.cache_hierarchy.l1i-cache-0: functionalAccess: WriteReq [2e80:2ebf] 
      0: board.cache_hierarchy.l2-cache-0: functionalAccess: WriteReq [2e80:2ebf] 
      0: board.cache_hierarchy.l1d-cache-0: functionalAccess: WriteReq [2ec0:2eff] 
      0: board.cache_hierarchy.l1i-cache-0: functionalAccess: WriteReq [2ec0:2eff] 
      0: board.cache_hierarchy.l2-cache-0: functionalAccess: WriteReq [2ec0:2eff] 
      0: board.cache_hierarchy.l1d-cache-0: functionalAccess: WriteReq [2f00:2f3f] 
      0: board.cache_hierarchy.l1i-cache-0: functionalAccess: WriteReq [2f00:2f3f] 
      0: board.cache_hierarchy.l2-cache-0: functionalAccess: WriteReq [2f00:2f3f] 
      0: board.cache_hierarchy.l1d-cache-0: functionalAccess: WriteReq [2f40:2f7f] 
      0: board.cache_hierarchy.l1i-cache-0: functionalAccess: WriteReq [2f40:2f7f] 
      0: board.cache_hierarchy.l2-cache-0: functionalAccess: WriteReq [2f40:2f7f] 
      0: board.cache_hierarchy.l1d-cache-0: functionalAccess: WriteReq [2f80:2fbf] 
      0: board.cache_hierarchy.l1i-cache-0: functionalAccess: WriteReq [2f80:2fbf] 
      0: board.cache_hierarchy.l2-cache-0: functionalAccess: WriteReq [2f80:2fbf] 
      0: board.cache_hierarchy.l1d-cache-0: functionalAccess: WriteReq [2fc0:2fff] 
      0: board.cache_hierarchy.l1i-cache-0: functionalAccess: WriteReq [2fc0:2fff] 
      0: board.cache_hierarchy.l2-cache-0: functionalAccess: WriteReq [2fc0:2fff] 
      0: board.processor.cores.core.workload: Allocating Page: 0x13000-0x14000
      0: board.cache_hierarchy.l1d-cache-0: functionalAccess: WriteReq [3000:303f] 
      0: board.cache_hierarchy.l1i-cache-0: functionalAccess: WriteReq [3000:303f] 
      0: board.cache_hierarchy.l2-cache-0: functionalAccess: WriteReq [3000:303f] 
      0: board.cache_hierarchy.l1d-cache-0: functionalAccess: WriteReq [3040:307f] 
      0: board.cache_hierarchy.l1i-cache-0: functionalAccess: WriteReq [3040:307f] 
      0: board.cache_hierarchy.l2-cache-0: functionalAccess: WriteReq [3040:307f] 
      0: board.cache_hierarchy.l1d-cache-0: functionalAccess: WriteReq [3080:30bf] 
      0: board.cache_hierarchy.l1i-cache-0: functionalAccess: WriteReq [3080:30bf] 
      0: board.cache_hierarchy.l2-cache-0: functionalAccess: WriteReq [3080:30bf] 
      0: board.cache_hierarchy.l1d-cache-0: functionalAccess: WriteReq [30c0:30ff] 
      0: board.cache_hierarchy.l1i-cache-0: functionalAccess: WriteReq [30c0:30ff] 
      0: board.cache_hierarchy.l2-cache-0: functionalAccess: WriteReq [30c0:30ff] 
      0: board.cache_hierarchy.l1d-cache-0: functionalAccess: WriteReq [3100:313f] 
      0: board.cache_hierarchy.l1i-cache-0: functionalAccess: WriteReq [3100:313f] 
      0: board.cache_hierarchy.l2-cache-0: functionalAccess: WriteReq [3100:313f] 
      0: board.cache_hierarchy.l1d-cache-0: functionalAccess: WriteReq [3140:317f] 
      0: board.cache_hierarchy.l1i-cache-0: functionalAccess: WriteReq [3140:317f] 
      0: board.cache_hierarchy.l2-cache-0: functionalAccess: WriteReq [3140:317f] 
      0: board.cache_hierarchy.l1d-cache-0: functionalAccess: WriteReq [3180:31bf] 
      0: board.cache_hierarchy.l1i-cache-0: functionalAccess: WriteReq [3180:31bf] 
      0: board.cache_hierarchy.l2-cache-0: functionalAccess: WriteReq [3180:31bf] 
      0: board.cache_hierarchy.l1d-cache-0: functionalAccess: WriteReq [31c0:31ff] 
      0: board.cache_hierarchy.l1i-cache-0: functionalAccess: WriteReq [31c0:31ff] 
      0: board.cache_hierarchy.l2-cache-0: functionalAccess: WriteReq [31c0:31ff] 
      0: board.cache_hierarchy.l1d-cache-0: functionalAccess: WriteReq [3200:323f] 
      0: board.cache_hierarchy.l1i-cache-0: functionalAccess: WriteReq [3200:323f] 
      0: board.cache_hierarchy.l2-cache-0: functionalAccess: WriteReq [3200:323f] 
      0: board.cache_hierarchy.l1d-cache-0: functionalAccess: WriteReq [3240:327f] 
      0: board.cache_hierarchy.l1i-cache-0: functionalAccess: WriteReq [3240:327f] 
      0: board.cache_hierarchy.l2-cache-0: functionalAccess: WriteReq [3240:327f] 
      0: board.cache_hierarchy.l1d-cache-0: functionalAccess: WriteReq [3280:32bf] 
      0: board.cache_hierarchy.l1i-cache-0: functionalAccess: WriteReq [3280:32bf] 
      0: board.cache_hierarchy.l2-cache-0: functionalAccess: WriteReq [3280:32bf] 
      0: board.cache_hierarchy.l1d-cache-0: functionalAccess: WriteReq [32c0:32ff] 
      0: board.cache_hierarchy.l1i-cache-0: functionalAccess: WriteReq [32c0:32ff] 
      0: board.cache_hierarchy.l2-cache-0: functionalAccess: WriteReq [32c0:32ff] 
      0: board.cache_hierarchy.l1d-cache-0: functionalAccess: WriteReq [3300:332f] 
      0: board.cache_hierarchy.l1i-cache-0: functionalAccess: WriteReq [3300:332f] 
      0: board.cache_hierarchy.l2-cache-0: functionalAccess: WriteReq [3300:332f] 
      0: board.cache_hierarchy.l1d-cache-0: functionalAccess: WriteReq [3330:333f] 
      0: board.cache_hierarchy.l1i-cache-0: functionalAccess: WriteReq [3330:333f] 
      0: board.cache_hierarchy.l2-cache-0: functionalAccess: WriteReq [3330:333f] 
      0: board.cache_hierarchy.l1d-cache-0: functionalAccess: WriteReq [3340:337f] 
      0: board.cache_hierarchy.l1i-cache-0: functionalAccess: WriteReq [3340:337f] 
      0: board.cache_hierarchy.l2-cache-0: functionalAccess: WriteReq [3340:337f] 
      0: board.cache_hierarchy.l1d-cache-0: functionalAccess: WriteReq [3380:33bf] 
      0: board.cache_hierarchy.l1i-cache-0: functionalAccess: WriteReq [3380:33bf] 
      0: board.cache_hierarchy.l2-cache-0: functionalAccess: WriteReq [3380:33bf] 
      0: board.cache_hierarchy.l1d-cache-0: functionalAccess: WriteReq [33c0:33ff] 
      0: board.cache_hierarchy.l1i-cache-0: functionalAccess: WriteReq [33c0:33ff] 
      0: board.cache_hierarchy.l2-cache-0: functionalAccess: WriteReq [33c0:33ff] 
      0: board.cache_hierarchy.l1d-cache-0: functionalAccess: WriteReq [3400:343f] 
      0: board.cache_hierarchy.l1i-cache-0: functionalAccess: WriteReq [3400:343f] 
      0: board.cache_hierarchy.l2-cache-0: functionalAccess: WriteReq [3400:343f] 
      0: board.cache_hierarchy.l1d-cache-0: functionalAccess: WriteReq [3440:347f] 
      0: board.cache_hierarchy.l1i-cache-0: functionalAccess: WriteReq [3440:347f] 
      0: board.cache_hierarchy.l2-cache-0: functionalAccess: WriteReq [3440:347f] 
      0: board.cache_hierarchy.l1d-cache-0: functionalAccess: WriteReq [3480:34bf] 
      0: board.cache_hierarchy.l1i-cache-0: functionalAccess: WriteReq [3480:34bf] 
      0: board.cache_hierarchy.l2-cache-0: functionalAccess: WriteReq [3480:34bf] 
      0: board.cache_hierarchy.l1d-cache-0: functionalAccess: WriteReq [34c0:34ff] 
      0: board.cache_hierarchy.l1i-cache-0: functionalAccess: WriteReq [34c0:34ff] 
      0: board.cache_hierarchy.l2-cache-0: functionalAccess: WriteReq [34c0:34ff] 
      0: board.cache_hierarchy.l1d-cache-0: functionalAccess: WriteReq [3500:353f] 
      0: board.cache_hierarchy.l1i-cache-0: functionalAccess: WriteReq [3500:353f] 
      0: board.cache_hierarchy.l2-cache-0: functionalAccess: WriteReq [3500:353f] 
      0: board.cache_hierarchy.l1d-cache-0: functionalAccess: WriteReq [3540:357f] 
      0: board.cache_hierarchy.l1i-cache-0: functionalAccess: WriteReq [3540:357f] 
      0: board.cache_hierarchy.l2-cache-0: functionalAccess: WriteReq [3540:357f] 
      0: board.cache_hierarchy.l1d-cache-0: functionalAccess: WriteReq [3580:35bf] 
      0: board.cache_hierarchy.l1i-cache-0: functionalAccess: WriteReq [3580:35bf] 
      0: board.cache_hierarchy.l2-cache-0: functionalAccess: WriteReq [3580:35bf] 
      0: board.cache_hierarchy.l1d-cache-0: functionalAccess: WriteReq [35c0:35ff] 
      0: board.cache_hierarchy.l1i-cache-0: functionalAccess: WriteReq [35c0:35ff] 
      0: board.cache_hierarchy.l2-cache-0: functionalAccess: WriteReq [35c0:35ff] 
      0: board.cache_hierarchy.l1d-cache-0: functionalAccess: WriteReq [3600:363f] 
      0: board.cache_hierarchy.l1i-cache-0: functionalAccess: WriteReq [3600:363f] 
      0: board.cache_hierarchy.l2-cache-0: functionalAccess: WriteReq [3600:363f] 
      0: board.cache_hierarchy.l1d-cache-0: functionalAccess: WriteReq [3640:367f] 
      0: board.cache_hierarchy.l1i-cache-0: functionalAccess: WriteReq [3640:367f] 
      0: board.cache_hierarchy.l2-cache-0: functionalAccess: WriteReq [3640:367f] 
      0: board.cache_hierarchy.l1d-cache-0: functionalAccess: WriteReq [3680:36bf] 
      0: board.cache_hierarchy.l1i-cache-0: functionalAccess: WriteReq [3680:36bf] 
      0: board.cache_hierarchy.l2-cache-0: functionalAccess: WriteReq [3680:36bf] 
      0: board.cache_hierarchy.l1d-cache-0: functionalAccess: WriteReq [36c0:36ff] 
      0: board.cache_hierarchy.l1i-cache-0: functionalAccess: WriteReq [36c0:36ff] 
      0: board.cache_hierarchy.l2-cache-0: functionalAccess: WriteReq [36c0:36ff] 
      0: board.cache_hierarchy.l1d-cache-0: functionalAccess: WriteReq [3700:373f] 
      0: board.cache_hierarchy.l1i-cache-0: functionalAccess: WriteReq [3700:373f] 
      0: board.cache_hierarchy.l2-cache-0: functionalAccess: WriteReq [3700:373f] 
      0: board.cache_hierarchy.l1d-cache-0: functionalAccess: WriteReq [3740:377f] 
      0: board.cache_hierarchy.l1i-cache-0: functionalAccess: WriteReq [3740:377f] 
      0: board.cache_hierarchy.l2-cache-0: functionalAccess: WriteReq [3740:377f] 
      0: board.cache_hierarchy.l1d-cache-0: functionalAccess: WriteReq [3780:37bf] 
      0: board.cache_hierarchy.l1i-cache-0: functionalAccess: WriteReq [3780:37bf] 
      0: board.cache_hierarchy.l2-cache-0: functionalAccess: WriteReq [3780:37bf] 
      0: board.cache_hierarchy.l1d-cache-0: functionalAccess: WriteReq [37c0:37ff] 
      0: board.cache_hierarchy.l1i-cache-0: functionalAccess: WriteReq [37c0:37ff] 
      0: board.cache_hierarchy.l2-cache-0: functionalAccess: WriteReq [37c0:37ff] 
      0: board.cache_hierarchy.l1d-cache-0: functionalAccess: WriteReq [3800:383f] 
      0: board.cache_hierarchy.l1i-cache-0: functionalAccess: WriteReq [3800:383f] 
      0: board.cache_hierarchy.l2-cache-0: functionalAccess: WriteReq [3800:383f] 
      0: board.cache_hierarchy.l1d-cache-0: functionalAccess: WriteReq [3840:387f] 
      0: board.cache_hierarchy.l1i-cache-0: functionalAccess: WriteReq [3840:387f] 
      0: board.cache_hierarchy.l2-cache-0: functionalAccess: WriteReq [3840:387f] 
      0: board.cache_hierarchy.l1d-cache-0: functionalAccess: WriteReq [3880:38bf] 
      0: board.cache_hierarchy.l1i-cache-0: functionalAccess: WriteReq [3880:38bf] 
      0: board.cache_hierarchy.l2-cache-0: functionalAccess: WriteReq [3880:38bf] 
      0: board.cache_hierarchy.l1d-cache-0: functionalAccess: WriteReq [38c0:38ff] 
      0: board.cache_hierarchy.l1i-cache-0: functionalAccess: WriteReq [38c0:38ff] 
      0: board.cache_hierarchy.l2-cache-0: functionalAccess: WriteReq [38c0:38ff] 
      0: board.cache_hierarchy.l1d-cache-0: functionalAccess: WriteReq [3900:392f] 
      0: board.cache_hierarchy.l1i-cache-0: functionalAccess: WriteReq [3900:392f] 
      0: board.cache_hierarchy.l2-cache-0: functionalAccess: WriteReq [3900:392f] 
      0: board.processor.cores.core.workload: Allocating Page: 0x7ffffffffffff000-0x8000000000000000
      0: board.cache_hierarchy.l1d-cache-0: functionalAccess: WriteReq [4fef:4ffe] 
      0: board.cache_hierarchy.l1i-cache-0: functionalAccess: WriteReq [4fef:4ffe] 
      0: board.cache_hierarchy.l2-cache-0: functionalAccess: WriteReq [4fef:4ffe] 
      0: board.cache_hierarchy.l1d-cache-0: functionalAccess: WriteReq [4fc9:4fc9] 
      0: board.cache_hierarchy.l1i-cache-0: functionalAccess: WriteReq [4fc9:4fc9] 
      0: board.cache_hierarchy.l2-cache-0: functionalAccess: WriteReq [4fc9:4fc9] 
      0: board.cache_hierarchy.l1d-cache-0: functionalAccess: WriteReq [4fca:4fca] 
      0: board.cache_hierarchy.l1i-cache-0: functionalAccess: WriteReq [4fca:4fca] 
      0: board.cache_hierarchy.l2-cache-0: functionalAccess: WriteReq [4fca:4fca] 
      0: board.cache_hierarchy.l1d-cache-0: functionalAccess: WriteReq [4fcb:4fcb] 
      0: board.cache_hierarchy.l1i-cache-0: functionalAccess: WriteReq [4fcb:4fcb] 
      0: board.cache_hierarchy.l2-cache-0: functionalAccess: WriteReq [4fcb:4fcb] 
      0: board.cache_hierarchy.l1d-cache-0: functionalAccess: WriteReq [4fcc:4fcc] 
      0: board.cache_hierarchy.l1i-cache-0: functionalAccess: WriteReq [4fcc:4fcc] 
      0: board.cache_hierarchy.l2-cache-0: functionalAccess: WriteReq [4fcc:4fcc] 
      0: board.cache_hierarchy.l1d-cache-0: functionalAccess: WriteReq [4fcd:4fcd] 
      0: board.cache_hierarchy.l1i-cache-0: functionalAccess: WriteReq [4fcd:4fcd] 
      0: board.cache_hierarchy.l2-cache-0: functionalAccess: WriteReq [4fcd:4fcd] 
      0: board.cache_hierarchy.l1d-cache-0: functionalAccess: WriteReq [4fce:4fce] 
      0: board.cache_hierarchy.l1i-cache-0: functionalAccess: WriteReq [4fce:4fce] 
      0: board.cache_hierarchy.l2-cache-0: functionalAccess: WriteReq [4fce:4fce] 
      0: board.cache_hierarchy.l1d-cache-0: functionalAccess: WriteReq [4fcf:4fcf] 
      0: board.cache_hierarchy.l1i-cache-0: functionalAccess: WriteReq [4fcf:4fcf] 
      0: board.cache_hierarchy.l2-cache-0: functionalAccess: WriteReq [4fcf:4fcf] 
      0: board.cache_hierarchy.l1d-cache-0: functionalAccess: WriteReq [4fd0:4fd0] 
      0: board.cache_hierarchy.l1i-cache-0: functionalAccess: WriteReq [4fd0:4fd0] 
      0: board.cache_hierarchy.l2-cache-0: functionalAccess: WriteReq [4fd0:4fd0] 
      0: board.cache_hierarchy.l1d-cache-0: functionalAccess: WriteReq [4fd1:4fd1] 
      0: board.cache_hierarchy.l1i-cache-0: functionalAccess: WriteReq [4fd1:4fd1] 
      0: board.cache_hierarchy.l2-cache-0: functionalAccess: WriteReq [4fd1:4fd1] 
      0: board.cache_hierarchy.l1d-cache-0: functionalAccess: WriteReq [4fd2:4fd2] 
      0: board.cache_hierarchy.l1i-cache-0: functionalAccess: WriteReq [4fd2:4fd2] 
      0: board.cache_hierarchy.l2-cache-0: functionalAccess: WriteReq [4fd2:4fd2] 
      0: board.cache_hierarchy.l1d-cache-0: functionalAccess: WriteReq [4fd3:4fd3] 
      0: board.cache_hierarchy.l1i-cache-0: functionalAccess: WriteReq [4fd3:4fd3] 
      0: board.cache_hierarchy.l2-cache-0: functionalAccess: WriteReq [4fd3:4fd3] 
      0: board.cache_hierarchy.l1d-cache-0: functionalAccess: WriteReq [4fd4:4fd4] 
      0: board.cache_hierarchy.l1i-cache-0: functionalAccess: WriteReq [4fd4:4fd4] 
      0: board.cache_hierarchy.l2-cache-0: functionalAccess: WriteReq [4fd4:4fd4] 
      0: board.cache_hierarchy.l1d-cache-0: functionalAccess: WriteReq [4fd5:4fd5] 
      0: board.cache_hierarchy.l1i-cache-0: functionalAccess: WriteReq [4fd5:4fd5] 
      0: board.cache_hierarchy.l2-cache-0: functionalAccess: WriteReq [4fd5:4fd5] 
      0: board.cache_hierarchy.l1d-cache-0: functionalAccess: WriteReq [4fd6:4fd6] 
      0: board.cache_hierarchy.l1i-cache-0: functionalAccess: WriteReq [4fd6:4fd6] 
      0: board.cache_hierarchy.l2-cache-0: functionalAccess: WriteReq [4fd6:4fd6] 
      0: board.cache_hierarchy.l1d-cache-0: functionalAccess: WriteReq [4fd7:4fd7] 
      0: board.cache_hierarchy.l1i-cache-0: functionalAccess: WriteReq [4fd7:4fd7] 
      0: board.cache_hierarchy.l2-cache-0: functionalAccess: WriteReq [4fd7:4fd7] 
      0: board.cache_hierarchy.l1d-cache-0: functionalAccess: WriteReq [4fd8:4fd8] 
      0: board.cache_hierarchy.l1i-cache-0: functionalAccess: WriteReq [4fd8:4fd8] 
      0: board.cache_hierarchy.l2-cache-0: functionalAccess: WriteReq [4fd8:4fd8] 
      0: board.cache_hierarchy.l1d-cache-0: functionalAccess: WriteReq [4fd9:4fd9] 
      0: board.cache_hierarchy.l1i-cache-0: functionalAccess: WriteReq [4fd9:4fd9] 
      0: board.cache_hierarchy.l2-cache-0: functionalAccess: WriteReq [4fd9:4fd9] 
      0: board.cache_hierarchy.l1d-cache-0: functionalAccess: WriteReq [4fda:4fda] 
      0: board.cache_hierarchy.l1i-cache-0: functionalAccess: WriteReq [4fda:4fda] 
      0: board.cache_hierarchy.l2-cache-0: functionalAccess: WriteReq [4fda:4fda] 
      0: board.cache_hierarchy.l1d-cache-0: functionalAccess: WriteReq [4fdb:4fdb] 
      0: board.cache_hierarchy.l1i-cache-0: functionalAccess: WriteReq [4fdb:4fdb] 
      0: board.cache_hierarchy.l2-cache-0: functionalAccess: WriteReq [4fdb:4fdb] 
      0: board.cache_hierarchy.l1d-cache-0: functionalAccess: WriteReq [4fdc:4fdc] 
      0: board.cache_hierarchy.l1i-cache-0: functionalAccess: WriteReq [4fdc:4fdc] 
      0: board.cache_hierarchy.l2-cache-0: functionalAccess: WriteReq [4fdc:4fdc] 
      0: board.cache_hierarchy.l1d-cache-0: functionalAccess: WriteReq [4fdd:4fdd] 
      0: board.cache_hierarchy.l1i-cache-0: functionalAccess: WriteReq [4fdd:4fdd] 
      0: board.cache_hierarchy.l2-cache-0: functionalAccess: WriteReq [4fdd:4fdd] 
      0: board.cache_hierarchy.l1d-cache-0: functionalAccess: WriteReq [4fde:4fde] 
      0: board.cache_hierarchy.l1i-cache-0: functionalAccess: WriteReq [4fde:4fde] 
      0: board.cache_hierarchy.l2-cache-0: functionalAccess: WriteReq [4fde:4fde] 
      0: board.cache_hierarchy.l1d-cache-0: functionalAccess: WriteReq [4fdf:4fdf] 
      0: board.cache_hierarchy.l1i-cache-0: functionalAccess: WriteReq [4fdf:4fdf] 
      0: board.cache_hierarchy.l2-cache-0: functionalAccess: WriteReq [4fdf:4fdf] 
      0: board.cache_hierarchy.l1d-cache-0: functionalAccess: WriteReq [4fe0:4fe0] 
      0: board.cache_hierarchy.l1i-cache-0: functionalAccess: WriteReq [4fe0:4fe0] 
      0: board.cache_hierarchy.l2-cache-0: functionalAccess: WriteReq [4fe0:4fe0] 
      0: board.cache_hierarchy.l1d-cache-0: functionalAccess: WriteReq [4fe1:4fe1] 
      0: board.cache_hierarchy.l1i-cache-0: functionalAccess: WriteReq [4fe1:4fe1] 
      0: board.cache_hierarchy.l2-cache-0: functionalAccess: WriteReq [4fe1:4fe1] 
      0: board.cache_hierarchy.l1d-cache-0: functionalAccess: WriteReq [4fe2:4fe2] 
      0: board.cache_hierarchy.l1i-cache-0: functionalAccess: WriteReq [4fe2:4fe2] 
      0: board.cache_hierarchy.l2-cache-0: functionalAccess: WriteReq [4fe2:4fe2] 
      0: board.cache_hierarchy.l1d-cache-0: functionalAccess: WriteReq [4fe3:4fe3] 
      0: board.cache_hierarchy.l1i-cache-0: functionalAccess: WriteReq [4fe3:4fe3] 
      0: board.cache_hierarchy.l2-cache-0: functionalAccess: WriteReq [4fe3:4fe3] 
      0: board.cache_hierarchy.l1d-cache-0: functionalAccess: WriteReq [4fe4:4fe4] 
      0: board.cache_hierarchy.l1i-cache-0: functionalAccess: WriteReq [4fe4:4fe4] 
      0: board.cache_hierarchy.l2-cache-0: functionalAccess: WriteReq [4fe4:4fe4] 
      0: board.cache_hierarchy.l1d-cache-0: functionalAccess: WriteReq [4fe5:4fe5] 
      0: board.cache_hierarchy.l1i-cache-0: functionalAccess: WriteReq [4fe5:4fe5] 
      0: board.cache_hierarchy.l2-cache-0: functionalAccess: WriteReq [4fe5:4fe5] 
      0: board.cache_hierarchy.l1d-cache-0: functionalAccess: WriteReq [4fe6:4fe6] 
      0: board.cache_hierarchy.l1i-cache-0: functionalAccess: WriteReq [4fe6:4fe6] 
      0: board.cache_hierarchy.l2-cache-0: functionalAccess: WriteReq [4fe6:4fe6] 
      0: board.cache_hierarchy.l1d-cache-0: functionalAccess: WriteReq [4fe7:4fe7] 
      0: board.cache_hierarchy.l1i-cache-0: functionalAccess: WriteReq [4fe7:4fe7] 
      0: board.cache_hierarchy.l2-cache-0: functionalAccess: WriteReq [4fe7:4fe7] 
      0: board.cache_hierarchy.l1d-cache-0: functionalAccess: WriteReq [4fe8:4fe8] 
      0: board.cache_hierarchy.l1i-cache-0: functionalAccess: WriteReq [4fe8:4fe8] 
      0: board.cache_hierarchy.l2-cache-0: functionalAccess: WriteReq [4fe8:4fe8] 
      0: board.cache_hierarchy.l1d-cache-0: functionalAccess: WriteReq [4fe9:4fe9] 
      0: board.cache_hierarchy.l1i-cache-0: functionalAccess: WriteReq [4fe9:4fe9] 
      0: board.cache_hierarchy.l2-cache-0: functionalAccess: WriteReq [4fe9:4fe9] 
      0: board.cache_hierarchy.l1d-cache-0: functionalAccess: WriteReq [4fea:4fea] 
      0: board.cache_hierarchy.l1i-cache-0: functionalAccess: WriteReq [4fea:4fea] 
      0: board.cache_hierarchy.l2-cache-0: functionalAccess: WriteReq [4fea:4fea] 
      0: board.cache_hierarchy.l1d-cache-0: functionalAccess: WriteReq [4feb:4feb] 
      0: board.cache_hierarchy.l1i-cache-0: functionalAccess: WriteReq [4feb:4feb] 
      0: board.cache_hierarchy.l2-cache-0: functionalAccess: WriteReq [4feb:4feb] 
      0: board.cache_hierarchy.l1d-cache-0: functionalAccess: WriteReq [4fec:4fec] 
      0: board.cache_hierarchy.l1i-cache-0: functionalAccess: WriteReq [4fec:4fec] 
      0: board.cache_hierarchy.l2-cache-0: functionalAccess: WriteReq [4fec:4fec] 
      0: board.cache_hierarchy.l1d-cache-0: functionalAccess: WriteReq [4fed:4fed] 
      0: board.cache_hierarchy.l1i-cache-0: functionalAccess: WriteReq [4fed:4fed] 
      0: board.cache_hierarchy.l2-cache-0: functionalAccess: WriteReq [4fed:4fed] 
      0: board.cache_hierarchy.l1d-cache-0: functionalAccess: WriteReq [4fee:4fee] 
      0: board.cache_hierarchy.l1i-cache-0: functionalAccess: WriteReq [4fee:4fee] 
      0: board.cache_hierarchy.l2-cache-0: functionalAccess: WriteReq [4fee:4fee] 
      0: board.cache_hierarchy.l1d-cache-0: functionalAccess: WriteReq [4fc4:4fc4] 
      0: board.cache_hierarchy.l1i-cache-0: functionalAccess: WriteReq [4fc4:4fc4] 
      0: board.cache_hierarchy.l2-cache-0: functionalAccess: WriteReq [4fc4:4fc4] 
      0: board.cache_hierarchy.l1d-cache-0: functionalAccess: WriteReq [4fc5:4fc5] 
      0: board.cache_hierarchy.l1i-cache-0: functionalAccess: WriteReq [4fc5:4fc5] 
      0: board.cache_hierarchy.l2-cache-0: functionalAccess: WriteReq [4fc5:4fc5] 
      0: board.cache_hierarchy.l1d-cache-0: functionalAccess: WriteReq [4fc6:4fc6] 
      0: board.cache_hierarchy.l1i-cache-0: functionalAccess: WriteReq [4fc6:4fc6] 
      0: board.cache_hierarchy.l2-cache-0: functionalAccess: WriteReq [4fc6:4fc6] 
      0: board.cache_hierarchy.l1d-cache-0: functionalAccess: WriteReq [4fc7:4fc7] 
      0: board.cache_hierarchy.l1i-cache-0: functionalAccess: WriteReq [4fc7:4fc7] 
      0: board.cache_hierarchy.l2-cache-0: functionalAccess: WriteReq [4fc7:4fc7] 
      0: board.cache_hierarchy.l1d-cache-0: functionalAccess: WriteReq [4fc8:4fc8] 
      0: board.cache_hierarchy.l1i-cache-0: functionalAccess: WriteReq [4fc8:4fc8] 
      0: board.cache_hierarchy.l2-cache-0: functionalAccess: WriteReq [4fc8:4fc8] 
      0: board.cache_hierarchy.l1d-cache-0: functionalAccess: WriteReq [4f10:4f17] 
      0: board.cache_hierarchy.l1i-cache-0: functionalAccess: WriteReq [4f10:4f17] 
      0: board.cache_hierarchy.l2-cache-0: functionalAccess: WriteReq [4f10:4f17] 
      0: board.cache_hierarchy.l1d-cache-0: functionalAccess: WriteReq [4f18:4f1f] 
      0: board.cache_hierarchy.l1i-cache-0: functionalAccess: WriteReq [4f18:4f1f] 
      0: board.cache_hierarchy.l2-cache-0: functionalAccess: WriteReq [4f18:4f1f] 
      0: board.cache_hierarchy.l1d-cache-0: functionalAccess: WriteReq [4f20:4f27] 
      0: board.cache_hierarchy.l1i-cache-0: functionalAccess: WriteReq [4f20:4f27] 
      0: board.cache_hierarchy.l2-cache-0: functionalAccess: WriteReq [4f20:4f27] 
      0: board.cache_hierarchy.l1d-cache-0: functionalAccess: WriteReq [4f28:4f2f] 
      0: board.cache_hierarchy.l1i-cache-0: functionalAccess: WriteReq [4f28:4f2f] 
      0: board.cache_hierarchy.l2-cache-0: functionalAccess: WriteReq [4f28:4f2f] 
      0: board.cache_hierarchy.l1d-cache-0: functionalAccess: WriteReq [4f30:4f37] 
      0: board.cache_hierarchy.l1i-cache-0: functionalAccess: WriteReq [4f30:4f37] 
      0: board.cache_hierarchy.l2-cache-0: functionalAccess: WriteReq [4f30:4f37] 
      0: board.cache_hierarchy.l1d-cache-0: functionalAccess: WriteReq [4f38:4f3f] 
      0: board.cache_hierarchy.l1i-cache-0: functionalAccess: WriteReq [4f38:4f3f] 
      0: board.cache_hierarchy.l2-cache-0: functionalAccess: WriteReq [4f38:4f3f] 
      0: board.cache_hierarchy.l1d-cache-0: functionalAccess: WriteReq [4f40:4f47] 
      0: board.cache_hierarchy.l1i-cache-0: functionalAccess: WriteReq [4f40:4f47] 
      0: board.cache_hierarchy.l2-cache-0: functionalAccess: WriteReq [4f40:4f47] 
      0: board.cache_hierarchy.l1d-cache-0: functionalAccess: WriteReq [4f48:4f4f] 
      0: board.cache_hierarchy.l1i-cache-0: functionalAccess: WriteReq [4f48:4f4f] 
      0: board.cache_hierarchy.l2-cache-0: functionalAccess: WriteReq [4f48:4f4f] 
      0: board.cache_hierarchy.l1d-cache-0: functionalAccess: WriteReq [4f50:4f57] 
      0: board.cache_hierarchy.l1i-cache-0: functionalAccess: WriteReq [4f50:4f57] 
      0: board.cache_hierarchy.l2-cache-0: functionalAccess: WriteReq [4f50:4f57] 
      0: board.cache_hierarchy.l1d-cache-0: functionalAccess: WriteReq [4f58:4f5f] 
      0: board.cache_hierarchy.l1i-cache-0: functionalAccess: WriteReq [4f58:4f5f] 
      0: board.cache_hierarchy.l2-cache-0: functionalAccess: WriteReq [4f58:4f5f] 
      0: board.cache_hierarchy.l1d-cache-0: functionalAccess: WriteReq [4f60:4f67] 
      0: board.cache_hierarchy.l1i-cache-0: functionalAccess: WriteReq [4f60:4f67] 
      0: board.cache_hierarchy.l2-cache-0: functionalAccess: WriteReq [4f60:4f67] 
      0: board.cache_hierarchy.l1d-cache-0: functionalAccess: WriteReq [4f68:4f6f] 
      0: board.cache_hierarchy.l1i-cache-0: functionalAccess: WriteReq [4f68:4f6f] 
      0: board.cache_hierarchy.l2-cache-0: functionalAccess: WriteReq [4f68:4f6f] 
      0: board.cache_hierarchy.l1d-cache-0: functionalAccess: WriteReq [4f70:4f77] 
      0: board.cache_hierarchy.l1i-cache-0: functionalAccess: WriteReq [4f70:4f77] 
      0: board.cache_hierarchy.l2-cache-0: functionalAccess: WriteReq [4f70:4f77] 
      0: board.cache_hierarchy.l1d-cache-0: functionalAccess: WriteReq [4f78:4f7f] 
      0: board.cache_hierarchy.l1i-cache-0: functionalAccess: WriteReq [4f78:4f7f] 
      0: board.cache_hierarchy.l2-cache-0: functionalAccess: WriteReq [4f78:4f7f] 
      0: board.cache_hierarchy.l1d-cache-0: functionalAccess: WriteReq [4f80:4f87] 
      0: board.cache_hierarchy.l1i-cache-0: functionalAccess: WriteReq [4f80:4f87] 
      0: board.cache_hierarchy.l2-cache-0: functionalAccess: WriteReq [4f80:4f87] 
      0: board.cache_hierarchy.l1d-cache-0: functionalAccess: WriteReq [4f88:4f8f] 
      0: board.cache_hierarchy.l1i-cache-0: functionalAccess: WriteReq [4f88:4f8f] 
      0: board.cache_hierarchy.l2-cache-0: functionalAccess: WriteReq [4f88:4f8f] 
      0: board.cache_hierarchy.l1d-cache-0: functionalAccess: WriteReq [4f90:4f97] 
      0: board.cache_hierarchy.l1i-cache-0: functionalAccess: WriteReq [4f90:4f97] 
      0: board.cache_hierarchy.l2-cache-0: functionalAccess: WriteReq [4f90:4f97] 
      0: board.cache_hierarchy.l1d-cache-0: functionalAccess: WriteReq [4f98:4f9f] 
      0: board.cache_hierarchy.l1i-cache-0: functionalAccess: WriteReq [4f98:4f9f] 
      0: board.cache_hierarchy.l2-cache-0: functionalAccess: WriteReq [4f98:4f9f] 
      0: board.cache_hierarchy.l1d-cache-0: functionalAccess: WriteReq [4fa0:4fa7] 
      0: board.cache_hierarchy.l1i-cache-0: functionalAccess: WriteReq [4fa0:4fa7] 
      0: board.cache_hierarchy.l2-cache-0: functionalAccess: WriteReq [4fa0:4fa7] 
      0: board.cache_hierarchy.l1d-cache-0: functionalAccess: WriteReq [4fa8:4faf] 
      0: board.cache_hierarchy.l1i-cache-0: functionalAccess: WriteReq [4fa8:4faf] 
      0: board.cache_hierarchy.l2-cache-0: functionalAccess: WriteReq [4fa8:4faf] 
      0: board.cache_hierarchy.l1d-cache-0: functionalAccess: WriteReq [4fb0:4fb7] 
      0: board.cache_hierarchy.l1i-cache-0: functionalAccess: WriteReq [4fb0:4fb7] 
      0: board.cache_hierarchy.l2-cache-0: functionalAccess: WriteReq [4fb0:4fb7] 
      0: board.processor.cores.core.workload: Translating: 0x10180->0x180
      0: board.cache_hierarchy.l1i-cache-0: access for ReadReq [180:1bf] IF miss
   1000: board.cache_hierarchy.l1i-cache-0: sendMSHRQueuePacket: MSHR ReadReq [180:1bf] IF
   1000: board.cache_hierarchy.l1i-cache-0: createMissPacket: created ReadSharedReq [180:1bf] IF from ReadReq [180:1bf] IF
   1000: board.cache_hierarchy.l2-cache-0: access for ReadSharedReq [180:1bf] IF miss
   2000: board.processor.cores.core.workload: Translating: 0x10180->0x180
   2000: board.cache_hierarchy.l1i-cache-0: access for ReadReq [180:1bf] IF miss
   2000: board.cache_hierarchy.l1i-cache-0: handleTimingReqMiss coalescing MSHR for ReadReq [180:1bf] IF
  12000: board.cache_hierarchy.l2-cache-0: sendMSHRQueuePacket: MSHR ReadSharedReq [180:1bf] IF
  12000: board.cache_hierarchy.l2-cache-0: createMissPacket: created ReadSharedReq [180:1bf] IF from ReadSharedReq [180:1bf] IF
  76000: board.cache_hierarchy.l2-cache-0: recvTimingResp: Handling response ReadResp [180:1bf] IF
  76000: board.cache_hierarchy.l2-cache-0: Block for addr 0x180 being updated in Cache
  76000: board.cache_hierarchy.l2-cache-0: Block addr 0x180 (ns) moving from  to state: 6 (E) writable: 1 readable: 1 dirty: 0 prefetched: 0 | tag: 0 secure: 0 valid: 1 | set: 0x6 way: 0
  76000: board.cache_hierarchy.l2-cache-0: recvTimingResp: Leaving with ReadResp [180:1bf] IF
  78000: board.cache_hierarchy.l1i-cache-0: recvTimingResp: Handling response ReadResp [180:1bf] IF
  78000: board.cache_hierarchy.l1i-cache-0: Block for addr 0x180 being updated in Cache
  78000: board.cache_hierarchy.l1i-cache-0: Block addr 0x180 (ns) moving from  to state: 6 (E) writable: 1 readable: 1 dirty: 0 prefetched: 0 | tag: 0 secure: 0 valid: 1 | set: 0x6 way: 0
  78000: board.cache_hierarchy.l1i-cache-0: recvTimingResp: Leaving with ReadResp [180:1bf] IF
  87000: board.processor.cores.core.workload: Translating: 0x108c0->0x8c0
  87000: board.cache_hierarchy.l1i-cache-0: access for ReadReq [8c0:8ff] IF miss
  80000: board.processor.cores.core: 0x10194    : auipc gp, 3                : 
  88000: board.cache_hierarchy.l1i-cache-0: sendMSHRQueuePacket: MSHR ReadReq [8c0:8ff] IF
  88000: board.cache_hierarchy.l1i-cache-0: createMissPacket: created ReadSharedReq [8c0:8ff] IF from ReadReq [8c0:8ff] IF
  88000: board.cache_hierarchy.l2-cache-0: access for ReadSharedReq [8c0:8ff] IF miss
  80000: board.processor.cores.core: 0x10198    : addi gp, gp, -100          : 
  81000: board.processor.cores.core: 0x1019c    : auipc a0, 3                : 
  81000: board.processor.cores.core: 0x101a0    : addi a0, a0, 404           : 
  82000: board.processor.cores.core: 0x101a4    : auipc a2, 3                : 
  82000: board.processor.cores.core: 0x101a8    : addi a2, a2, 1932          : 
  83000: board.processor.cores.core: 0x101ac    : c_sub a2, a0               : 
  83000: board.processor.cores.core: 0x101ae    : c_li a1, 0                 : 
  84000: board.processor.cores.core: 0x101b0    : jal ra, 1842               : 
  99000: board.cache_hierarchy.l2-cache-0: sendMSHRQueuePacket: MSHR ReadSharedReq [8c0:8ff] IF
  99000: board.cache_hierarchy.l2-cache-0: createMissPacket: created ReadSharedReq [8c0:8ff] IF from ReadSharedReq [8c0:8ff] IF
 147000: board.cache_hierarchy.l2-cache-0: recvTimingResp: Handling response ReadResp [8c0:8ff] IF
 147000: board.cache_hierarchy.l2-cache-0: Block for addr 0x8c0 being updated in Cache
 147000: board.cache_hierarchy.l2-cache-0: Block addr 0x8c0 (ns) moving from  to state: 6 (E) writable: 1 readable: 1 dirty: 0 prefetched: 0 | tag: 0 secure: 0 valid: 1 | set: 0x23 way: 0
 147000: board.cache_hierarchy.l2-cache-0: recvTimingResp: Leaving with ReadResp [8c0:8ff] IF
 149000: board.cache_hierarchy.l1i-cache-0: recvTimingResp: Handling response ReadResp [8c0:8ff] IF
 149000: board.cache_hierarchy.l1i-cache-0: Block for addr 0x8c0 being updated in Cache
 149000: board.cache_hierarchy.l1i-cache-0: Block addr 0x8c0 (ns) moving from  to state: 6 (E) writable: 1 readable: 1 dirty: 0 prefetched: 0 | tag: 0 secure: 0 valid: 1 | set: 0x23 way: 0
 149000: board.cache_hierarchy.l1i-cache-0: recvTimingResp: Leaving with ReadResp [8c0:8ff] IF
 155000: board.processor.cores.core.workload: Translating: 0x10900->0x900
 155000: board.cache_hierarchy.l1i-cache-0: access for ReadReq [900:93f] IF miss
 156000: board.cache_hierarchy.l1i-cache-0: sendMSHRQueuePacket: MSHR ReadReq [900:93f] IF
 156000: board.cache_hierarchy.l1i-cache-0: createMissPacket: created ReadSharedReq [900:93f] IF from ReadReq [900:93f] IF
 156000: board.cache_hierarchy.l2-cache-0: access for ReadSharedReq [900:93f] IF miss
 150000: board.processor.cores.core: 0x108e2    : c_li t1, 15                : 
 150000: board.processor.cores.core: 0x108e4    : c_mv a4, a0                : 
 151000: board.processor.cores.core: 0x108e6    : bgeu t1, a2, 34            : 
 151000: board.processor.cores.core: 0x108ea    : andi a5, a4, 15            : 
 159000: board.processor.cores.core.workload: Translating: 0x13330->0x3330
 152000: board.processor.cores.core: 0x108ee    : c_bnez a5, 128             : 
 152000: board.processor.cores.core: 0x108f0    : c_bnez a1, 102             : 
 160000: board.processor.cores.core.workload: Translating: 0x13338->0x3338
 153000: board.processor.cores.core: 0x108f2    : andi a3, a2, 18446744073709551600 : 
 153000: board.processor.cores.core: 0x108f6    : c_andi a2, 15              : 
 154000: board.processor.cores.core: 0x108f8    : c_add a3, a4               : 
 154000: board.processor.cores.core: 0x108fa    : c_sd a1, 0(a4)             : 
 155000: board.processor.cores.core: 0x108fc    : c_sd a1, 8(a4)             : 
 155000: board.processor.cores.core: 0x108fe    : c_addi a4, 16              : 
 163000: board.cache_hierarchy.l1d-cache-0: access for WriteReq [3330:3337] type=MemWrite miss
 164000: board.cache_hierarchy.l1d-cache-0: sendMSHRQueuePacket: MSHR WriteReq [3330:3337] type=MemWrite
 164000: board.cache_hierarchy.l1d-cache-0: createMissPacket: created ReadExReq [3300:333f] type=MemWrite from WriteReq [3330:3337] type=MemWrite
 164000: board.cache_hierarchy.l2-cache-0: access for ReadExReq [3300:333f] type=MemWrite miss
 164000: board.cache_hierarchy.l1d-cache-0: access for WriteReq [3338:333f] type=MemWrite miss
 164000: board.cache_hierarchy.l1d-cache-0: handleTimingReqMiss coalescing MSHR for WriteReq [3338:333f] type=MemWrite
 167000: board.cache_hierarchy.l2-cache-0: sendMSHRQueuePacket: MSHR ReadSharedReq [900:93f] IF
 167000: board.cache_hierarchy.l2-cache-0: createMissPacket: created ReadSharedReq [900:93f] IF from ReadSharedReq [900:93f] IF
 175000: board.cache_hierarchy.l2-cache-0: sendMSHRQueuePacket: MSHR ReadExReq [3300:333f] type=MemWrite
 175000: board.cache_hierarchy.l2-cache-0: createMissPacket: created ReadExReq [3300:333f] type=MemWrite from ReadExReq [3300:333f] type=MemWrite
 215000: board.cache_hierarchy.l2-cache-0: recvTimingResp: Handling response ReadResp [900:93f] IF
 215000: board.cache_hierarchy.l2-cache-0: Block for addr 0x900 being updated in Cache
 215000: board.cache_hierarchy.l2-cache-0: Block addr 0x900 (ns) moving from  to state: 6 (E) writable: 1 readable: 1 dirty: 0 prefetched: 0 | tag: 0 secure: 0 valid: 1 | set: 0x24 way: 0
 215000: board.cache_hierarchy.l2-cache-0: recvTimingResp: Leaving with ReadResp [900:93f] IF
 217000: board.cache_hierarchy.l1i-cache-0: recvTimingResp: Handling response ReadResp [900:93f] IF
 217000: board.cache_hierarchy.l1i-cache-0: Block for addr 0x900 being updated in Cache
 217000: board.cache_hierarchy.l1i-cache-0: Block addr 0x900 (ns) moving from  to state: 6 (E) writable: 1 readable: 1 dirty: 0 prefetched: 0 | tag: 0 secure: 0 valid: 1 | set: 0x24 way: 0
 217000: board.cache_hierarchy.l1i-cache-0: recvTimingResp: Leaving with ReadResp [900:93f] IF
 219000: board.processor.cores.core.workload: Translating: 0x10180->0x180
 219000: board.cache_hierarchy.l1i-cache-0: access for ReadReq [180:1bf] IF hit state: 6 (E) writable: 1 readable: 1 dirty: 0 prefetched: 0 | tag: 0 secure: 0 valid: 1 | set: 0x6 way: 0
 221000: board.processor.cores.core.workload: Translating: 0x101c0->0x1c0
 221000: board.cache_hierarchy.l1i-cache-0: access for ReadReq [1c0:1ff] IF miss
 222000: board.cache_hierarchy.l1i-cache-0: sendMSHRQueuePacket: MSHR ReadReq [1c0:1ff] IF
 222000: board.cache_hierarchy.l1i-cache-0: createMissPacket: created ReadSharedReq [1c0:1ff] IF from ReadReq [1c0:1ff] IF
 222000: board.cache_hierarchy.l2-cache-0: access for ReadSharedReq [1c0:1ff] IF miss
 226000: board.processor.cores.core.workload: Translating: 0x108c0->0x8c0
 226000: board.cache_hierarchy.l1i-cache-0: access for ReadReq [8c0:8ff] IF hit state: 6 (E) writable: 1 readable: 1 dirty: 0 prefetched: 0 | tag: 0 secure: 0 valid: 1 | set: 0x23 way: 0
 218000: board.processor.cores.core: 0x10900    : bltu a4, a3, -6            : 
 228000: board.processor.cores.core.workload: Translating: 0x10900->0x900
 228000: board.cache_hierarchy.l1i-cache-0: access for ReadReq [900:93f] IF hit state: 6 (E) writable: 1 readable: 1 dirty: 0 prefetched: 0 | tag: 0 secure: 0 valid: 1 | set: 0x24 way: 0
 230000: board.processor.cores.core.workload: Translating: 0x10180->0x180
 230000: board.cache_hierarchy.l1i-cache-0: access for ReadReq [180:1bf] IF hit state: 6 (E) writable: 1 readable: 1 dirty: 0 prefetched: 0 | tag: 0 secure: 0 valid: 1 | set: 0x6 way: 0
 232000: board.processor.cores.core.workload: Translating: 0x101c0->0x1c0
 232000: board.cache_hierarchy.l1i-cache-0: access for ReadReq [1c0:1ff] IF miss
 232000: board.cache_hierarchy.l1i-cache-0: handleTimingReqMiss coalescing MSHR for ReadReq [1c0:1ff] IF
 233000: board.cache_hierarchy.l2-cache-0: sendMSHRQueuePacket: MSHR ReadSharedReq [1c0:1ff] IF
 233000: board.cache_hierarchy.l2-cache-0: createMissPacket: created ReadSharedReq [1c0:1ff] IF from ReadSharedReq [1c0:1ff] IF
 233000: board.processor.cores.core.workload: Translating: 0x13340->0x3340
 233000: board.processor.cores.core.workload: Translating: 0x13348->0x3348
 227000: board.processor.cores.core: 0x108fa    : c_sd a1, 0(a4)             : 
 227000: board.processor.cores.core: 0x108fc    : c_sd a1, 8(a4)             : 
 228000: board.processor.cores.core: 0x108fe    : c_addi a4, 16              : 
 237000: board.cache_hierarchy.l2-cache-0: recvTimingResp: Handling response ReadExResp [3300:333f] type=MemWrite
 237000: board.cache_hierarchy.l2-cache-0: Block for addr 0x3300 being updated in Cache
 237000: board.cache_hierarchy.l2-cache-0: Block addr 0x3300 (ns) moving from  to state: 6 (E) writable: 1 readable: 1 dirty: 0 prefetched: 0 | tag: 0 secure: 0 valid: 1 | set: 0xcc way: 0
 237000: board.cache_hierarchy.l2-cache-0: recvTimingResp: Leaving with ReadExResp [3300:333f] type=MemWrite
 237000: board.cache_hierarchy.l1d-cache-0: access for WriteReq [3340:3347] type=MemWrite miss
 237000: board.cache_hierarchy.l1d-cache-0: access for WriteReq [3348:334f] type=MemWrite miss
 237000: board.cache_hierarchy.l1d-cache-0: handleTimingReqMiss coalescing MSHR for WriteReq [3348:334f] type=MemWrite
 238000: board.cache_hierarchy.l1d-cache-0: sendMSHRQueuePacket: MSHR WriteReq [3340:3347] type=MemWrite
 238000: board.cache_hierarchy.l1d-cache-0: createMissPacket: created ReadExReq [3340:337f] type=MemWrite from WriteReq [3340:3347] type=MemWrite
 238000: board.cache_hierarchy.l2-cache-0: access for ReadExReq [3340:337f] type=MemWrite miss
 239000: board.cache_hierarchy.l1d-cache-0: recvTimingResp: Handling response ReadExResp [3300:333f] type=MemWrite
 239000: board.cache_hierarchy.l1d-cache-0: Block for addr 0x3300 being updated in Cache
 239000: board.cache_hierarchy.l1d-cache-0: Block addr 0x3300 (ns) moving from  to state: 6 (E) writable: 1 readable: 1 dirty: 0 prefetched: 0 | tag: 0x3 secure: 0 valid: 1 | set: 0xc way: 0
 239000: board.cache_hierarchy.l1d-cache-0: satisfyRequest for WriteReq [3330:3337] type=MemWrite (write)
 239000: board.cache_hierarchy.l1d-cache-0: satisfyRequest for WriteReq [3338:333f] type=MemWrite (write)
 239000: board.cache_hierarchy.l1d-cache-0: recvTimingResp: Leaving with ReadExResp [3300:333f] type=MemWrite
 239000: board.processor.cores.core.workload: Translating: 0x108c0->0x8c0
 239000: board.cache_hierarchy.l1i-cache-0: access for ReadReq [8c0:8ff] IF hit state: 6 (E) writable: 1 readable: 1 dirty: 0 prefetched: 0 | tag: 0 secure: 0 valid: 1 | set: 0x23 way: 0
 229000: board.processor.cores.core: 0x10900    : bltu a4, a3, -6            : 
 241000: board.processor.cores.core.workload: Translating: 0x10900->0x900
 241000: board.cache_hierarchy.l1i-cache-0: access for ReadReq [900:93f] IF hit state: 6 (E) writable: 1 readable: 1 dirty: 0 prefetched: 0 | tag: 0 secure: 0 valid: 1 | set: 0x24 way: 0
 243000: board.processor.cores.core.workload: Translating: 0x10180->0x180
 243000: board.cache_hierarchy.l1i-cache-0: access for ReadReq [180:1bf] IF hit state: 6 (E) writable: 1 readable: 1 dirty: 0 prefetched: 0 | tag: 0 secure: 0 valid: 1 | set: 0x6 way: 0
 245000: board.processor.cores.core.workload: Translating: 0x101c0->0x1c0
 245000: board.cache_hierarchy.l1i-cache-0: access for ReadReq [1c0:1ff] IF miss
 245000: board.cache_hierarchy.l1i-cache-0: handleTimingReqMiss coalescing MSHR for ReadReq [1c0:1ff] IF
 247000: board.processor.cores.core.workload: Translating: 0x13350->0x3350
 247000: board.processor.cores.core.workload: Translating: 0x13358->0x3358
 249000: board.cache_hierarchy.l2-cache-0: sendMSHRQueuePacket: MSHR ReadExReq [3340:337f] type=MemWrite
 249000: board.cache_hierarchy.l2-cache-0: createMissPacket: created ReadExReq [3340:337f] type=MemWrite from ReadExReq [3340:337f] type=MemWrite
 240000: board.processor.cores.core: 0x108fa    : c_sd a1, 0(a4)             : 
 240000: board.processor.cores.core: 0x108fc    : c_sd a1, 8(a4)             : 
 241000: board.processor.cores.core: 0x108fe    : c_addi a4, 16              : 
 251000: board.cache_hierarchy.l1d-cache-0: access for WriteReq [3350:3357] type=MemWrite miss
 251000: board.cache_hierarchy.l1d-cache-0: handleTimingReqMiss coalescing MSHR for WriteReq [3350:3357] type=MemWrite
 251000: board.cache_hierarchy.l1d-cache-0: access for WriteReq [3358:335f] type=MemWrite miss
 251000: board.cache_hierarchy.l1d-cache-0: handleTimingReqMiss coalescing MSHR for WriteReq [3358:335f] type=MemWrite
 253000: board.processor.cores.core.workload: Translating: 0x108c0->0x8c0
 253000: board.cache_hierarchy.l1i-cache-0: access for ReadReq [8c0:8ff] IF hit state: 6 (E) writable: 1 readable: 1 dirty: 0 prefetched: 0 | tag: 0 secure: 0 valid: 1 | set: 0x23 way: 0
 242000: board.processor.cores.core: 0x10900    : bltu a4, a3, -6            : 
 255000: board.processor.cores.core.workload: Translating: 0x10900->0x900
 255000: board.cache_hierarchy.l1i-cache-0: access for ReadReq [900:93f] IF hit state: 6 (E) writable: 1 readable: 1 dirty: 0 prefetched: 0 | tag: 0 secure: 0 valid: 1 | set: 0x24 way: 0
 257000: board.processor.cores.core.workload: Translating: 0x10180->0x180
 257000: board.cache_hierarchy.l1i-cache-0: access for ReadReq [180:1bf] IF hit state: 6 (E) writable: 1 readable: 1 dirty: 0 prefetched: 0 | tag: 0 secure: 0 valid: 1 | set: 0x6 way: 0
 259000: board.processor.cores.core.workload: Translating: 0x101c0->0x1c0
 259000: board.cache_hierarchy.l1i-cache-0: access for ReadReq [1c0:1ff] IF miss
 259000: board.cache_hierarchy.l1i-cache-0: handleTimingReqMiss coalescing MSHR for ReadReq [1c0:1ff] IF
 261000: board.processor.cores.core.workload: Translating: 0x13360->0x3360
 261000: board.processor.cores.core.workload: Translating: 0x13368->0x3368
 254000: board.processor.cores.core: 0x108fa    : c_sd a1, 0(a4)             : 
 254000: board.processor.cores.core: 0x108fc    : c_sd a1, 8(a4)             : 
 255000: board.processor.cores.core: 0x108fe    : c_addi a4, 16              : 
 265000: board.cache_hierarchy.l1d-cache-0: access for WriteReq [3360:3367] type=MemWrite miss
 265000: board.cache_hierarchy.l1d-cache-0: handleTimingReqMiss coalescing MSHR for WriteReq [3360:3367] type=MemWrite
 265000: board.cache_hierarchy.l1d-cache-0: access for WriteReq [3368:336f] type=MemWrite miss
 265000: board.cache_hierarchy.l1d-cache-0: handleTimingReqMiss coalescing MSHR for WriteReq [3368:336f] type=MemWrite
 267000: board.processor.cores.core.workload: Translating: 0x108c0->0x8c0
 267000: board.cache_hierarchy.l1i-cache-0: access for ReadReq [8c0:8ff] IF hit state: 6 (E) writable: 1 readable: 1 dirty: 0 prefetched: 0 | tag: 0 secure: 0 valid: 1 | set: 0x23 way: 0
 256000: board.processor.cores.core: 0x10900    : bltu a4, a3, -6            : 
 269000: board.processor.cores.core.workload: Translating: 0x10900->0x900
 269000: board.cache_hierarchy.l1i-cache-0: access for ReadReq [900:93f] IF hit state: 6 (E) writable: 1 readable: 1 dirty: 0 prefetched: 0 | tag: 0 secure: 0 valid: 1 | set: 0x24 way: 0
 271000: board.processor.cores.core.workload: Translating: 0x10180->0x180
 271000: board.cache_hierarchy.l1i-cache-0: access for ReadReq [180:1bf] IF hit state: 6 (E) writable: 1 readable: 1 dirty: 0 prefetched: 0 | tag: 0 secure: 0 valid: 1 | set: 0x6 way: 0
 273000: board.processor.cores.core.workload: Translating: 0x101c0->0x1c0
 273000: board.cache_hierarchy.l1i-cache-0: access for ReadReq [1c0:1ff] IF miss
 273000: board.cache_hierarchy.l1i-cache-0: handleTimingReqMiss coalescing MSHR for ReadReq [1c0:1ff] IF
 275000: board.processor.cores.core.workload: Translating: 0x13370->0x3370
 275000: board.processor.cores.core.workload: Translating: 0x13378->0x3378
 268000: board.processor.cores.core: 0x108fa    : c_sd a1, 0(a4)             : 
 268000: board.processor.cores.core: 0x108fc    : c_sd a1, 8(a4)             : 
 269000: board.processor.cores.core: 0x108fe    : c_addi a4, 16              : 
 279000: board.cache_hierarchy.l1d-cache-0: access for WriteReq [3370:3377] type=MemWrite miss
 279000: board.cache_hierarchy.l1d-cache-0: handleTimingReqMiss coalescing MSHR for WriteReq [3370:3377] type=MemWrite
 279000: board.cache_hierarchy.l1d-cache-0: access for WriteReq [3378:337f] type=MemWrite miss
 279000: board.cache_hierarchy.l1d-cache-0: handleTimingReqMiss coalescing MSHR for WriteReq [3378:337f] type=MemWrite
 281000: board.cache_hierarchy.l2-cache-0: recvTimingResp: Handling response ReadResp [1c0:1ff] IF
 281000: board.cache_hierarchy.l2-cache-0: Block for addr 0x1c0 being updated in Cache
 281000: board.cache_hierarchy.l2-cache-0: Block addr 0x1c0 (ns) moving from  to state: 6 (E) writable: 1 readable: 1 dirty: 0 prefetched: 0 | tag: 0 secure: 0 valid: 1 | set: 0x7 way: 0
 281000: board.cache_hierarchy.l2-cache-0: recvTimingResp: Leaving with ReadResp [1c0:1ff] IF
 281000: board.processor.cores.core.workload: Translating: 0x108c0->0x8c0
 281000: board.cache_hierarchy.l1i-cache-0: access for ReadReq [8c0:8ff] IF hit state: 6 (E) writable: 1 readable: 1 dirty: 0 prefetched: 0 | tag: 0 secure: 0 valid: 1 | set: 0x23 way: 0
 270000: board.processor.cores.core: 0x10900    : bltu a4, a3, -6            : 
 283000: board.cache_hierarchy.l1i-cache-0: recvTimingResp: Handling response ReadResp [1c0:1ff] IF
 283000: board.cache_hierarchy.l1i-cache-0: Block for addr 0x1c0 being updated in Cache
 283000: board.cache_hierarchy.l1i-cache-0: Block addr 0x1c0 (ns) moving from  to state: 6 (E) writable: 1 readable: 1 dirty: 0 prefetched: 0 | tag: 0 secure: 0 valid: 1 | set: 0x7 way: 0
 283000: board.cache_hierarchy.l1i-cache-0: recvTimingResp: Leaving with ReadResp [1c0:1ff] IF
 283000: board.processor.cores.core.workload: Translating: 0x10900->0x900
 283000: board.cache_hierarchy.l1i-cache-0: access for ReadReq [900:93f] IF hit state: 6 (E) writable: 1 readable: 1 dirty: 0 prefetched: 0 | tag: 0 secure: 0 valid: 1 | set: 0x24 way: 0
 286000: board.processor.cores.core.workload: Translating: 0x10180->0x180
 286000: board.cache_hierarchy.l1i-cache-0: access for ReadReq [180:1bf] IF hit state: 6 (E) writable: 1 readable: 1 dirty: 0 prefetched: 0 | tag: 0 secure: 0 valid: 1 | set: 0x6 way: 0
 288000: board.processor.cores.core.workload: Translating: 0x101c0->0x1c0
 288000: board.cache_hierarchy.l1i-cache-0: access for ReadReq [1c0:1ff] IF hit state: 6 (E) writable: 1 readable: 1 dirty: 0 prefetched: 0 | tag: 0 secure: 0 valid: 1 | set: 0x7 way: 0
 289000: board.processor.cores.core.workload: Translating: 0x13380->0x3380
 289000: board.processor.cores.core.workload: Translating: 0x13388->0x3388
 282000: board.processor.cores.core: 0x108fa    : c_sd a1, 0(a4)             : 
 282000: board.processor.cores.core: 0x108fc    : c_sd a1, 8(a4)             : 
 283000: board.processor.cores.core: 0x108fe    : c_addi a4, 16              : 
 293000: board.cache_hierarchy.l1d-cache-0: access for WriteReq [3380:3387] type=MemWrite miss
 293000: board.cache_hierarchy.l1d-cache-0: access for WriteReq [3388:338f] type=MemWrite miss
 293000: board.cache_hierarchy.l1d-cache-0: handleTimingReqMiss coalescing MSHR for WriteReq [3388:338f] type=MemWrite
 294000: board.cache_hierarchy.l1d-cache-0: sendMSHRQueuePacket: MSHR WriteReq [3380:3387] type=MemWrite
 294000: board.cache_hierarchy.l1d-cache-0: createMissPacket: created ReadExReq [3380:33bf] type=MemWrite from WriteReq [3380:3387] type=MemWrite
 294000: board.cache_hierarchy.l2-cache-0: access for ReadExReq [3380:33bf] type=MemWrite miss
 294001: board.cache_hierarchy.l1d-cache-0: sendMSHRQueuePacket: MSHR HardPFReq [33c0:33ff]
 294001: board.cache_hierarchy.l1d-cache-0: sendMSHRQueuePacket: MSHR HardPFReq [33c0:33ff]
 294001: board.cache_hierarchy.l1d-cache-0: createMissPacket: created ReadSharedReq [33c0:33ff] from HardPFReq [33c0:33ff]
 295000: board.cache_hierarchy.l1d-cache-0: sendMSHRQueuePacket: MSHR HardPFReq [33c0:33ff]
 295000: board.cache_hierarchy.l1d-cache-0: sendMSHRQueuePacket: MSHR HardPFReq [33c0:33ff]
 295000: board.cache_hierarchy.l1d-cache-0: createMissPacket: created ReadSharedReq [33c0:33ff] from HardPFReq [33c0:33ff]
 295000: board.cache_hierarchy.l2-cache-0: access for ReadSharedReq [33c0:33ff] miss
 295000: board.cache_hierarchy.l2-cache-0: sendMSHRQueuePacket: MSHR HardPFReq [3400:343f]
 295000: board.cache_hierarchy.l2-cache-0: sendMSHRQueuePacket: MSHR HardPFReq [3400:343f]
 295000: board.cache_hierarchy.l2-cache-0: createMissPacket: created ReadSharedReq [3400:343f] from HardPFReq [3400:343f]
 295000: board.processor.cores.core.workload: Translating: 0x108c0->0x8c0
 295000: board.cache_hierarchy.l1i-cache-0: access for ReadReq [8c0:8ff] IF hit state: 6 (E) writable: 1 readable: 1 dirty: 0 prefetched: 0 | tag: 0 secure: 0 valid: 1 | set: 0x23 way: 0
 295001: board.cache_hierarchy.l2-cache-0: sendMSHRQueuePacket: MSHR HardPFReq [3440:347f]
 295001: board.cache_hierarchy.l2-cache-0: sendMSHRQueuePacket: MSHR HardPFReq [3440:347f]
 295001: board.cache_hierarchy.l2-cache-0: createMissPacket: created ReadSharedReq [3440:347f] from HardPFReq [3440:347f]
 295001: board.cache_hierarchy.l1d-cache-0: sendMSHRQueuePacket: MSHR HardPFReq [3400:343f]
 295001: board.cache_hierarchy.l1d-cache-0: sendMSHRQueuePacket: MSHR HardPFReq [3400:343f]
 295001: board.cache_hierarchy.l1d-cache-0: createMissPacket: created ReadSharedReq [3400:343f] from HardPFReq [3400:343f]
 296000: board.cache_hierarchy.l2-cache-0: sendMSHRQueuePacket: MSHR HardPFReq [3440:347f]
 296000: board.cache_hierarchy.l2-cache-0: sendMSHRQueuePacket: MSHR HardPFReq [3440:347f]
 296000: board.cache_hierarchy.l2-cache-0: createMissPacket: created ReadSharedReq [3440:347f] from HardPFReq [3440:347f]
 296000: board.cache_hierarchy.l1d-cache-0: sendMSHRQueuePacket: MSHR HardPFReq [3400:343f]
 296000: board.cache_hierarchy.l1d-cache-0: sendMSHRQueuePacket: MSHR HardPFReq [3400:343f]
 296000: board.cache_hierarchy.l1d-cache-0: createMissPacket: created ReadSharedReq [3400:343f] from HardPFReq [3400:343f]
 296000: board.cache_hierarchy.l2-cache-0: access for ReadSharedReq [3400:343f] miss
 296000: board.cache_hierarchy.l2-cache-0: handleTimingReqMiss coalescing MSHR for ReadSharedReq [3400:343f]
 285000: board.processor.cores.core: 0x10900    : bltu a4, a3, -6            : 
 296001: board.cache_hierarchy.l1d-cache-0: sendMSHRQueuePacket: MSHR HardPFReq [3440:347f]
 296001: board.cache_hierarchy.l1d-cache-0: sendMSHRQueuePacket: MSHR HardPFReq [3440:347f]
 296001: board.cache_hierarchy.l1d-cache-0: createMissPacket: created ReadSharedReq [3440:347f] from HardPFReq [3440:347f]
 296001: board.cache_hierarchy.l2-cache-0: sendMSHRQueuePacket: MSHR HardPFReq [3480:34bf]
 296001: board.cache_hierarchy.l2-cache-0: sendMSHRQueuePacket: MSHR HardPFReq [3480:34bf]
 296001: board.cache_hierarchy.l2-cache-0: createMissPacket: created ReadSharedReq [3480:34bf] from HardPFReq [3480:34bf]
 297000: board.cache_hierarchy.l1d-cache-0: sendMSHRQueuePacket: MSHR HardPFReq [3440:347f]
 297000: board.cache_hierarchy.l1d-cache-0: sendMSHRQueuePacket: MSHR HardPFReq [3440:347f]
 297000: board.cache_hierarchy.l1d-cache-0: createMissPacket: created ReadSharedReq [3440:347f] from HardPFReq [3440:347f]
 297000: board.cache_hierarchy.l2-cache-0: access for ReadSharedReq [3440:347f] miss
 297000: board.cache_hierarchy.l2-cache-0: handleTimingReqMiss coalescing MSHR for ReadSharedReq [3440:347f]
 297000: board.cache_hierarchy.l2-cache-0: sendMSHRQueuePacket: MSHR HardPFReq [3480:34bf]
 297000: board.cache_hierarchy.l2-cache-0: sendMSHRQueuePacket: MSHR HardPFReq [3480:34bf]
 297000: board.cache_hierarchy.l2-cache-0: createMissPacket: created ReadSharedReq [3480:34bf] from HardPFReq [3480:34bf]
 297000: board.cache_hierarchy.l2-cache-0: recvTimingResp: Handling response ReadExResp [3340:337f] type=MemWrite
 297000: board.cache_hierarchy.l2-cache-0: Block for addr 0x3340 being updated in Cache
 297000: board.cache_hierarchy.l2-cache-0: Block addr 0x3340 (ns) moving from  to state: 6 (E) writable: 1 readable: 1 dirty: 0 prefetched: 0 | tag: 0 secure: 0 valid: 1 | set: 0xcd way: 0
 297000: board.cache_hierarchy.l2-cache-0: recvTimingResp: Leaving with ReadExResp [3340:337f] type=MemWrite
 297000: board.processor.cores.core.workload: Translating: 0x10900->0x900
 297000: board.cache_hierarchy.l1i-cache-0: access for ReadReq [900:93f] IF hit state: 6 (E) writable: 1 readable: 1 dirty: 0 prefetched: 0 | tag: 0 secure: 0 valid: 1 | set: 0x24 way: 0
 297001: board.cache_hierarchy.l1d-cache-0: sendMSHRQueuePacket: MSHR HardPFReq [3480:34bf]
 297001: board.cache_hierarchy.l1d-cache-0: sendMSHRQueuePacket: MSHR HardPFReq [3480:34bf]
 297001: board.cache_hierarchy.l1d-cache-0: createMissPacket: created ReadSharedReq [3480:34bf] from HardPFReq [3480:34bf]
 298000: board.cache_hierarchy.l1d-cache-0: sendMSHRQueuePacket: MSHR HardPFReq [3480:34bf]
 298000: board.cache_hierarchy.l1d-cache-0: sendMSHRQueuePacket: MSHR HardPFReq [3480:34bf]
 298000: board.cache_hierarchy.l1d-cache-0: createMissPacket: created ReadSharedReq [3480:34bf] from HardPFReq [3480:34bf]
 298000: board.cache_hierarchy.l2-cache-0: access for ReadSharedReq [3480:34bf] miss
 298000: board.cache_hierarchy.l2-cache-0: handleTimingReqMiss coalescing MSHR for ReadSharedReq [3480:34bf]
 298001: board.cache_hierarchy.l2-cache-0: sendMSHRQueuePacket: MSHR HardPFReq [34c0:34ff]
 298001: board.cache_hierarchy.l2-cache-0: sendMSHRQueuePacket: MSHR HardPFReq [34c0:34ff]
 298001: board.cache_hierarchy.l2-cache-0: createMissPacket: created ReadSharedReq [34c0:34ff] from HardPFReq [34c0:34ff]
 298002: board.cache_hierarchy.l2-cache-0: sendMSHRQueuePacket: MSHR HardPFReq [3500:353f]
 298002: board.cache_hierarchy.l2-cache-0: sendMSHRQueuePacket: MSHR HardPFReq [3500:353f]
 298002: board.cache_hierarchy.l2-cache-0: createMissPacket: created ReadSharedReq [3500:353f] from HardPFReq [3500:353f]
 299000: board.cache_hierarchy.l1d-cache-0: recvTimingResp: Handling response ReadExResp [3340:337f] type=MemWrite
 299000: board.cache_hierarchy.l1d-cache-0: Block for addr 0x3340 being updated in Cache
 299000: board.cache_hierarchy.l1d-cache-0: Block addr 0x3340 (ns) moving from  to state: 6 (E) writable: 1 readable: 1 dirty: 0 prefetched: 0 | tag: 0x3 secure: 0 valid: 1 | set: 0xd way: 0
 299000: board.cache_hierarchy.l1d-cache-0: satisfyRequest for WriteReq [3340:3347] type=MemWrite (write)
 299000: board.cache_hierarchy.l1d-cache-0: satisfyRequest for WriteReq [3348:334f] type=MemWrite (write)
 299000: board.cache_hierarchy.l1d-cache-0: satisfyRequest for WriteReq [3350:3357] type=MemWrite (write)
 299000: board.cache_hierarchy.l1d-cache-0: satisfyRequest for WriteReq [3358:335f] type=MemWrite (write)
 299000: board.cache_hierarchy.l1d-cache-0: satisfyRequest for WriteReq [3360:3367] type=MemWrite (write)
 299000: board.cache_hierarchy.l1d-cache-0: satisfyRequest for WriteReq [3368:336f] type=MemWrite (write)
 299000: board.cache_hierarchy.l1d-cache-0: satisfyRequest for WriteReq [3370:3377] type=MemWrite (write)
 299000: board.cache_hierarchy.l1d-cache-0: satisfyRequest for WriteReq [3378:337f] type=MemWrite (write)
 299000: board.cache_hierarchy.l1d-cache-0: recvTimingResp: Leaving with ReadExResp [3340:337f] type=MemWrite
 299000: board.processor.cores.core.workload: Translating: 0x10180->0x180
 299000: board.cache_hierarchy.l1i-cache-0: access for ReadReq [180:1bf] IF hit state: 6 (E) writable: 1 readable: 1 dirty: 0 prefetched: 0 | tag: 0 secure: 0 valid: 1 | set: 0x6 way: 0
 300000: board.cache_hierarchy.l2-cache-0: sendMSHRQueuePacket: MSHR HardPFReq [3500:353f]
 300000: board.cache_hierarchy.l2-cache-0: sendMSHRQueuePacket: MSHR HardPFReq [3500:353f]
 300000: board.cache_hierarchy.l2-cache-0: createMissPacket: created ReadSharedReq [3500:353f] from HardPFReq [3500:353f]
 300001: board.cache_hierarchy.l2-cache-0: sendMSHRQueuePacket: MSHR HardPFReq [3540:357f]
 300001: board.cache_hierarchy.l2-cache-0: sendMSHRQueuePacket: MSHR HardPFReq [3540:357f]
 300001: board.cache_hierarchy.l2-cache-0: createMissPacket: created ReadSharedReq [3540:357f] from HardPFReq [3540:357f]
 301000: board.cache_hierarchy.l2-cache-0: sendMSHRQueuePacket: MSHR HardPFReq [3540:357f]
 301000: board.cache_hierarchy.l2-cache-0: sendMSHRQueuePacket: MSHR HardPFReq [3540:357f]
 301000: board.cache_hierarchy.l2-cache-0: createMissPacket: created ReadSharedReq [3540:357f] from HardPFReq [3540:357f]
 301000: board.processor.cores.core.workload: Translating: 0x101c0->0x1c0
 301000: board.cache_hierarchy.l1i-cache-0: access for ReadReq [1c0:1ff] IF hit state: 6 (E) writable: 1 readable: 1 dirty: 0 prefetched: 0 | tag: 0 secure: 0 valid: 1 | set: 0x7 way: 0
 301001: board.cache_hierarchy.l2-cache-0: sendMSHRQueuePacket: MSHR HardPFReq [3580:35bf]
 301001: board.cache_hierarchy.l2-cache-0: sendMSHRQueuePacket: MSHR HardPFReq [3580:35bf]
 301001: board.cache_hierarchy.l2-cache-0: createMissPacket: created ReadSharedReq [3580:35bf] from HardPFReq [3580:35bf]
 302000: board.cache_hierarchy.l2-cache-0: sendMSHRQueuePacket: MSHR HardPFReq [3580:35bf]
 302000: board.cache_hierarchy.l2-cache-0: sendMSHRQueuePacket: MSHR HardPFReq [3580:35bf]
 302000: board.cache_hierarchy.l2-cache-0: createMissPacket: created ReadSharedReq [3580:35bf] from HardPFReq [3580:35bf]
 303000: board.processor.cores.core.workload: Translating: 0x10a40->0xa40
 303000: board.cache_hierarchy.l1i-cache-0: access for ReadReq [a40:a7f] IF miss
 303000: board.processor.cores.core.workload: Translating: 0x13390->0x3390
 303000: board.processor.cores.core.workload: Translating: 0x13398->0x3398
 304000: board.cache_hierarchy.l1i-cache-0: sendMSHRQueuePacket: MSHR ReadReq [a40:a7f] IF
 304000: board.cache_hierarchy.l1i-cache-0: createMissPacket: created ReadSharedReq [a40:a7f] IF from ReadReq [a40:a7f] IF
 304000: board.cache_hierarchy.l2-cache-0: access for ReadSharedReq [a40:a7f] IF miss
 305000: board.cache_hierarchy.l2-cache-0: sendMSHRQueuePacket: MSHR ReadExReq [3380:33bf] type=MemWrite
 305000: board.cache_hierarchy.l2-cache-0: createMissPacket: created ReadExReq [3380:33bf] type=MemWrite from ReadExReq [3380:33bf] type=MemWrite
 296000: board.processor.cores.core: 0x108fa    : c_sd a1, 0(a4)             : 
 296000: board.processor.cores.core: 0x108fc    : c_sd a1, 8(a4)             : 
 306000: board.cache_hierarchy.l2-cache-0: sendMSHRQueuePacket: MSHR ReadSharedReq [33c0:33ff]
 306000: board.cache_hierarchy.l2-cache-0: createMissPacket: created ReadSharedReq [33c0:33ff] from ReadSharedReq [33c0:33ff]
 306000: board.cache_hierarchy.l2-cache-0: sendMSHRQueuePacket: MSHR ReadSharedReq [33c0:33ff]
 306000: board.cache_hierarchy.l2-cache-0: createMissPacket: created ReadSharedReq [33c0:33ff] from ReadSharedReq [33c0:33ff]
 297000: board.processor.cores.core: 0x108fe    : c_addi a4, 16              : 
 307000: board.cache_hierarchy.l1d-cache-0: access for WriteReq [3390:3397] type=MemWrite miss
 307000: board.cache_hierarchy.l1d-cache-0: handleTimingReqMiss coalescing MSHR for WriteReq [3390:3397] type=MemWrite
 307000: board.cache_hierarchy.l1d-cache-0: access for WriteReq [3398:339f] type=MemWrite miss
 307000: board.cache_hierarchy.l1d-cache-0: handleTimingReqMiss coalescing MSHR for WriteReq [3398:339f] type=MemWrite
 309000: board.processor.cores.core.workload: Translating: 0x108c0->0x8c0
 309000: board.cache_hierarchy.l1i-cache-0: access for ReadReq [8c0:8ff] IF hit state: 6 (E) writable: 1 readable: 1 dirty: 0 prefetched: 0 | tag: 0 secure: 0 valid: 1 | set: 0x23 way: 0
 298000: board.processor.cores.core: 0x10900    : bltu a4, a3, -6            : 
 311000: board.processor.cores.core.workload: Translating: 0x10900->0x900
 311000: board.cache_hierarchy.l1i-cache-0: access for ReadReq [900:93f] IF hit state: 6 (E) writable: 1 readable: 1 dirty: 0 prefetched: 0 | tag: 0 secure: 0 valid: 1 | set: 0x24 way: 0
 313000: board.processor.cores.core.workload: Translating: 0x10180->0x180
 313000: board.cache_hierarchy.l1i-cache-0: access for ReadReq [180:1bf] IF hit state: 6 (E) writable: 1 readable: 1 dirty: 0 prefetched: 0 | tag: 0 secure: 0 valid: 1 | set: 0x6 way: 0
 315000: board.cache_hierarchy.l2-cache-0: sendMSHRQueuePacket: MSHR ReadSharedReq [a40:a7f] IF
 315000: board.cache_hierarchy.l2-cache-0: createMissPacket: created ReadSharedReq [a40:a7f] IF from ReadSharedReq [a40:a7f] IF
 315000: board.processor.cores.core.workload: Translating: 0x101c0->0x1c0
 315000: board.cache_hierarchy.l1i-cache-0: access for ReadReq [1c0:1ff] IF hit state: 6 (E) writable: 1 readable: 1 dirty: 0 prefetched: 0 | tag: 0 secure: 0 valid: 1 | set: 0x7 way: 0
 317000: board.processor.cores.core.workload: Translating: 0x10a40->0xa40
 317000: board.cache_hierarchy.l1i-cache-0: access for ReadReq [a40:a7f] IF miss
 317000: board.cache_hierarchy.l1i-cache-0: handleTimingReqMiss coalescing MSHR for ReadReq [a40:a7f] IF
 317000: board.processor.cores.core.workload: Translating: 0x133a0->0x33a0
 317000: board.processor.cores.core.workload: Translating: 0x133a8->0x33a8
 310000: board.processor.cores.core: 0x108fa    : c_sd a1, 0(a4)             : 
 310000: board.processor.cores.core: 0x108fc    : c_sd a1, 8(a4)             : 
 311000: board.processor.cores.core: 0x108fe    : c_addi a4, 16              : 
 321000: board.cache_hierarchy.l1d-cache-0: access for WriteReq [33a0:33a7] type=MemWrite miss
 321000: board.cache_hierarchy.l1d-cache-0: handleTimingReqMiss coalescing MSHR for WriteReq [33a0:33a7] type=MemWrite
 321000: board.cache_hierarchy.l1d-cache-0: access for WriteReq [33a8:33af] type=MemWrite miss
 321000: board.cache_hierarchy.l1d-cache-0: handleTimingReqMiss coalescing MSHR for WriteReq [33a8:33af] type=MemWrite
 323000: board.processor.cores.core.workload: Translating: 0x108c0->0x8c0
 323000: board.cache_hierarchy.l1i-cache-0: access for ReadReq [8c0:8ff] IF hit state: 6 (E) writable: 1 readable: 1 dirty: 0 prefetched: 0 | tag: 0 secure: 0 valid: 1 | set: 0x23 way: 0
 312000: board.processor.cores.core: 0x10900    : bltu a4, a3, -6            : 
 325000: board.processor.cores.core.workload: Translating: 0x10900->0x900
 325000: board.cache_hierarchy.l1i-cache-0: access for ReadReq [900:93f] IF hit state: 6 (E) writable: 1 readable: 1 dirty: 0 prefetched: 0 | tag: 0 secure: 0 valid: 1 | set: 0x24 way: 0
 327000: board.processor.cores.core.workload: Translating: 0x10180->0x180
 327000: board.cache_hierarchy.l1i-cache-0: access for ReadReq [180:1bf] IF hit state: 6 (E) writable: 1 readable: 1 dirty: 0 prefetched: 0 | tag: 0 secure: 0 valid: 1 | set: 0x6 way: 0
 329000: board.processor.cores.core.workload: Translating: 0x101c0->0x1c0
 329000: board.cache_hierarchy.l1i-cache-0: access for ReadReq [1c0:1ff] IF hit state: 6 (E) writable: 1 readable: 1 dirty: 0 prefetched: 0 | tag: 0 secure: 0 valid: 1 | set: 0x7 way: 0
 331000: board.processor.cores.core.workload: Translating: 0x10a40->0xa40
 331000: board.cache_hierarchy.l1i-cache-0: access for ReadReq [a40:a7f] IF miss
 331000: board.cache_hierarchy.l1i-cache-0: handleTimingReqMiss coalescing MSHR for ReadReq [a40:a7f] IF
 331000: board.processor.cores.core.workload: Translating: 0x133b0->0x33b0
 331000: board.processor.cores.core.workload: Translating: 0x133b8->0x33b8
 324000: board.processor.cores.core: 0x108fa    : c_sd a1, 0(a4)             : 
 324000: board.processor.cores.core: 0x108fc    : c_sd a1, 8(a4)             : 
 325000: board.processor.cores.core: 0x108fe    : c_addi a4, 16              : 
 335000: board.cache_hierarchy.l1d-cache-0: access for WriteReq [33b0:33b7] type=MemWrite miss
 335000: board.cache_hierarchy.l1d-cache-0: handleTimingReqMiss coalescing MSHR for WriteReq [33b0:33b7] type=MemWrite
 335000: board.cache_hierarchy.l1d-cache-0: access for WriteReq [33b8:33bf] type=MemWrite miss
 335000: board.cache_hierarchy.l1d-cache-0: handleTimingReqMiss coalescing MSHR for WriteReq [33b8:33bf] type=MemWrite
 337000: board.processor.cores.core.workload: Translating: 0x108c0->0x8c0
 337000: board.cache_hierarchy.l1i-cache-0: access for ReadReq [8c0:8ff] IF hit state: 6 (E) writable: 1 readable: 1 dirty: 0 prefetched: 0 | tag: 0 secure: 0 valid: 1 | set: 0x23 way: 0
 326000: board.processor.cores.core: 0x10900    : bltu a4, a3, -6            : 
 339000: board.processor.cores.core.workload: Translating: 0x10900->0x900
 339000: board.cache_hierarchy.l1i-cache-0: access for ReadReq [900:93f] IF hit state: 6 (E) writable: 1 readable: 1 dirty: 0 prefetched: 0 | tag: 0 secure: 0 valid: 1 | set: 0x24 way: 0
 341000: board.processor.cores.core.workload: Translating: 0x10180->0x180
 341000: board.cache_hierarchy.l1i-cache-0: access for ReadReq [180:1bf] IF hit state: 6 (E) writable: 1 readable: 1 dirty: 0 prefetched: 0 | tag: 0 secure: 0 valid: 1 | set: 0x6 way: 0
 343000: board.cache_hierarchy.l2-cache-0: recvTimingResp: Handling response ReadResp [3400:343f]
 343000: board.cache_hierarchy.l2-cache-0: Block for addr 0x3400 being updated in Cache
 343000: board.cache_hierarchy.l2-cache-0: Block addr 0x3400 (ns) moving from  to state: 6 (E) writable: 1 readable: 1 dirty: 0 prefetched: 0 | tag: 0 secure: 0 valid: 1 | set: 0xd0 way: 0
 343000: board.cache_hierarchy.l2-cache-0: recvTimingResp: Leaving with ReadResp [3400:343f]
 343000: board.processor.cores.core.workload: Translating: 0x101c0->0x1c0
 343000: board.cache_hierarchy.l1i-cache-0: access for ReadReq [1c0:1ff] IF hit state: 6 (E) writable: 1 readable: 1 dirty: 0 prefetched: 0 | tag: 0 secure: 0 valid: 1 | set: 0x7 way: 0
 345000: board.cache_hierarchy.l1d-cache-0: recvTimingResp: Handling response ReadResp [3400:343f]
 345000: board.cache_hierarchy.l1d-cache-0: Block for addr 0x3400 being updated in Cache
 345000: board.cache_hierarchy.l1d-cache-0: Block addr 0x3400 (ns) moving from  to state: 6 (E) writable: 1 readable: 1 dirty: 0 prefetched: 0 | tag: 0x3 secure: 0 valid: 1 | set: 0x10 way: 0
 345000: board.cache_hierarchy.l1d-cache-0: recvTimingResp: Leaving with ReadResp [3400:343f]
 345000: board.processor.cores.core.workload: Translating: 0x10a40->0xa40
 345000: board.cache_hierarchy.l1i-cache-0: access for ReadReq [a40:a7f] IF miss
 345000: board.cache_hierarchy.l1i-cache-0: handleTimingReqMiss coalescing MSHR for ReadReq [a40:a7f] IF
 345000: board.processor.cores.core.workload: Translating: 0x133c0->0x33c0
 345000: board.processor.cores.core.workload: Translating: 0x133c8->0x33c8
 338000: board.processor.cores.core: 0x108fa    : c_sd a1, 0(a4)             : 
 338000: board.processor.cores.core: 0x108fc    : c_sd a1, 8(a4)             : 
 348000: board.cache_hierarchy.l2-cache-0: recvTimingResp: Handling response ReadResp [3440:347f]
 348000: board.cache_hierarchy.l2-cache-0: Block for addr 0x3440 being updated in Cache
 348000: board.cache_hierarchy.l2-cache-0: Block addr 0x3440 (ns) moving from  to state: 6 (E) writable: 1 readable: 1 dirty: 0 prefetched: 0 | tag: 0 secure: 0 valid: 1 | set: 0xd1 way: 0
 348000: board.cache_hierarchy.l2-cache-0: recvTimingResp: Leaving with ReadResp [3440:347f]
 339000: board.processor.cores.core: 0x108fe    : c_addi a4, 16              : 
 349000: board.cache_hierarchy.l1d-cache-0: access for WriteReq [33c0:33c7] type=MemWrite miss
 349000: board.cache_hierarchy.l1d-cache-0: handleTimingReqMiss coalescing MSHR for WriteReq [33c0:33c7] type=MemWrite
 349000: board.cache_hierarchy.l1d-cache-0: access for WriteReq [33c8:33cf] type=MemWrite miss
 349000: board.cache_hierarchy.l1d-cache-0: handleTimingReqMiss coalescing MSHR for WriteReq [33c8:33cf] type=MemWrite
 350000: board.cache_hierarchy.l1d-cache-0: recvTimingResp: Handling response ReadResp [3440:347f]
 350000: board.cache_hierarchy.l1d-cache-0: Block for addr 0x3440 being updated in Cache
 350000: board.cache_hierarchy.l1d-cache-0: Block addr 0x3440 (ns) moving from  to state: 6 (E) writable: 1 readable: 1 dirty: 0 prefetched: 0 | tag: 0x3 secure: 0 valid: 1 | set: 0x11 way: 0
 350000: board.cache_hierarchy.l1d-cache-0: recvTimingResp: Leaving with ReadResp [3440:347f]
 350003: board.cache_hierarchy.l1d-cache-0: sendMSHRQueuePacket: MSHR HardPFReq [34c0:34ff]
 350003: board.cache_hierarchy.l1d-cache-0: sendMSHRQueuePacket: MSHR HardPFReq [34c0:34ff]
 350003: board.cache_hierarchy.l1d-cache-0: createMissPacket: created ReadSharedReq [34c0:34ff] from HardPFReq [34c0:34ff]
 350003: board.cache_hierarchy.l2-cache-0: access for ReadSharedReq [34c0:34ff] miss
 350003: board.cache_hierarchy.l2-cache-0: handleTimingReqMiss coalescing MSHR for ReadSharedReq [34c0:34ff]
 351000: board.processor.cores.core.workload: Translating: 0x108c0->0x8c0
 351000: board.cache_hierarchy.l1i-cache-0: access for ReadReq [8c0:8ff] IF hit state: 6 (E) writable: 1 readable: 1 dirty: 0 prefetched: 0 | tag: 0 secure: 0 valid: 1 | set: 0x23 way: 0
 351006: board.cache_hierarchy.l2-cache-0: sendMSHRQueuePacket: MSHR HardPFReq [35c0:35ff]
 351006: board.cache_hierarchy.l2-cache-0: sendMSHRQueuePacket: MSHR HardPFReq [35c0:35ff]
 351006: board.cache_hierarchy.l2-cache-0: createMissPacket: created ReadSharedReq [35c0:35ff] from HardPFReq [35c0:35ff]
 340000: board.processor.cores.core: 0x10900    : bltu a4, a3, -6            : 
 353000: board.cache_hierarchy.l2-cache-0: recvTimingResp: Handling response ReadResp [3480:34bf]
 353000: board.cache_hierarchy.l2-cache-0: Block for addr 0x3480 being updated in Cache
 353000: board.cache_hierarchy.l2-cache-0: Block addr 0x3480 (ns) moving from  to state: 6 (E) writable: 1 readable: 1 dirty: 0 prefetched: 0 | tag: 0 secure: 0 valid: 1 | set: 0xd2 way: 0
 353000: board.cache_hierarchy.l2-cache-0: recvTimingResp: Leaving with ReadResp [3480:34bf]
 353000: board.processor.cores.core.workload: Translating: 0x10900->0x900
 353000: board.cache_hierarchy.l1i-cache-0: access for ReadReq [900:93f] IF hit state: 6 (E) writable: 1 readable: 1 dirty: 0 prefetched: 0 | tag: 0 secure: 0 valid: 1 | set: 0x24 way: 0
 355000: board.cache_hierarchy.l1d-cache-0: recvTimingResp: Handling response ReadResp [3480:34bf]
 355000: board.cache_hierarchy.l1d-cache-0: Block for addr 0x3480 being updated in Cache
 355000: board.cache_hierarchy.l1d-cache-0: Block addr 0x3480 (ns) moving from  to state: 6 (E) writable: 1 readable: 1 dirty: 0 prefetched: 0 | tag: 0x3 secure: 0 valid: 1 | set: 0x12 way: 0
 355000: board.cache_hierarchy.l1d-cache-0: recvTimingResp: Leaving with ReadResp [3480:34bf]
 355000: board.processor.cores.core.workload: Translating: 0x10180->0x180
 355000: board.cache_hierarchy.l1i-cache-0: access for ReadReq [180:1bf] IF hit state: 6 (E) writable: 1 readable: 1 dirty: 0 prefetched: 0 | tag: 0 secure: 0 valid: 1 | set: 0x6 way: 0
 357000: board.processor.cores.core.workload: Translating: 0x101c0->0x1c0
 357000: board.cache_hierarchy.l1i-cache-0: access for ReadReq [1c0:1ff] IF hit state: 6 (E) writable: 1 readable: 1 dirty: 0 prefetched: 0 | tag: 0 secure: 0 valid: 1 | set: 0x7 way: 0
 359000: board.cache_hierarchy.l2-cache-0: recvTimingResp: Handling response ReadResp [34c0:34ff]
 359000: board.cache_hierarchy.l2-cache-0: Block for addr 0x34c0 being updated in Cache
 359000: board.cache_hierarchy.l2-cache-0: Block addr 0x34c0 (ns) moving from  to state: 6 (E) writable: 1 readable: 1 dirty: 0 prefetched: 0 | tag: 0 secure: 0 valid: 1 | set: 0xd3 way: 0
 359000: board.cache_hierarchy.l2-cache-0: recvTimingResp: Leaving with ReadResp [34c0:34ff]
 359000: board.processor.cores.core.workload: Translating: 0x10a40->0xa40
 359000: board.cache_hierarchy.l1i-cache-0: access for ReadReq [a40:a7f] IF miss
 359000: board.cache_hierarchy.l1i-cache-0: handleTimingReqMiss coalescing MSHR for ReadReq [a40:a7f] IF
 359000: board.processor.cores.core.workload: Translating: 0x133d0->0x33d0
 359000: board.processor.cores.core.workload: Translating: 0x133d8->0x33d8
 361000: board.cache_hierarchy.l1d-cache-0: recvTimingResp: Handling response ReadResp [34c0:34ff]
 361000: board.cache_hierarchy.l1d-cache-0: Block for addr 0x34c0 being updated in Cache
 361000: board.cache_hierarchy.l1d-cache-0: Block addr 0x34c0 (ns) moving from  to state: 6 (E) writable: 1 readable: 1 dirty: 0 prefetched: 0 | tag: 0x3 secure: 0 valid: 1 | set: 0x13 way: 0
 361000: board.cache_hierarchy.l1d-cache-0: recvTimingResp: Leaving with ReadResp [34c0:34ff]
 352000: board.processor.cores.core: 0x108fa    : c_sd a1, 0(a4)             : 
 352000: board.processor.cores.core: 0x108fc    : c_sd a1, 8(a4)             : 
 353000: board.processor.cores.core: 0x108fe    : c_addi a4, 16              : 
 363000: board.cache_hierarchy.l2-cache-0: recvTimingResp: Handling response ReadResp [3500:353f]
 363000: board.cache_hierarchy.l2-cache-0: Block for addr 0x3500 being updated in Cache
 363000: board.cache_hierarchy.l2-cache-0: Block addr 0x3500 (ns) moving from  to state: 6 (E) writable: 1 readable: 1 dirty: 0 prefetched: 0 | tag: 0 secure: 0 valid: 1 | set: 0xd4 way: 0
 363000: board.cache_hierarchy.l2-cache-0: recvTimingResp: Leaving with ReadResp [3500:353f]
 363000: board.cache_hierarchy.l1d-cache-0: access for WriteReq [33d0:33d7] type=MemWrite miss
 363000: board.cache_hierarchy.l1d-cache-0: handleTimingReqMiss coalescing MSHR for WriteReq [33d0:33d7] type=MemWrite
 363000: board.cache_hierarchy.l1d-cache-0: access for WriteReq [33d8:33df] type=MemWrite miss
 363000: board.cache_hierarchy.l1d-cache-0: handleTimingReqMiss coalescing MSHR for WriteReq [33d8:33df] type=MemWrite
 365000: board.processor.cores.core.workload: Translating: 0x108c0->0x8c0
 365000: board.cache_hierarchy.l1i-cache-0: access for ReadReq [8c0:8ff] IF hit state: 6 (E) writable: 1 readable: 1 dirty: 0 prefetched: 0 | tag: 0 secure: 0 valid: 1 | set: 0x23 way: 0
 354000: board.processor.cores.core: 0x10900    : bltu a4, a3, -6            : 
 367000: board.processor.cores.core.workload: Translating: 0x10900->0x900
 367000: board.cache_hierarchy.l1i-cache-0: access for ReadReq [900:93f] IF hit state: 6 (E) writable: 1 readable: 1 dirty: 0 prefetched: 0 | tag: 0 secure: 0 valid: 1 | set: 0x24 way: 0
 368000: board.cache_hierarchy.l2-cache-0: recvTimingResp: Handling response ReadResp [3540:357f]
 368000: board.cache_hierarchy.l2-cache-0: Block for addr 0x3540 being updated in Cache
 368000: board.cache_hierarchy.l2-cache-0: Block addr 0x3540 (ns) moving from  to state: 6 (E) writable: 1 readable: 1 dirty: 0 prefetched: 0 | tag: 0 secure: 0 valid: 1 | set: 0xd5 way: 0
 368000: board.cache_hierarchy.l2-cache-0: recvTimingResp: Leaving with ReadResp [3540:357f]
 369000: board.processor.cores.core.workload: Translating: 0x10180->0x180
 369000: board.cache_hierarchy.l1i-cache-0: access for ReadReq [180:1bf] IF hit state: 6 (E) writable: 1 readable: 1 dirty: 0 prefetched: 0 | tag: 0 secure: 0 valid: 1 | set: 0x6 way: 0
 371000: board.processor.cores.core.workload: Translating: 0x101c0->0x1c0
 371000: board.cache_hierarchy.l1i-cache-0: access for ReadReq [1c0:1ff] IF hit state: 6 (E) writable: 1 readable: 1 dirty: 0 prefetched: 0 | tag: 0 secure: 0 valid: 1 | set: 0x7 way: 0
 373000: board.cache_hierarchy.l2-cache-0: recvTimingResp: Handling response ReadResp [3580:35bf]
 373000: board.cache_hierarchy.l2-cache-0: Block for addr 0x3580 being updated in Cache
 373000: board.cache_hierarchy.l2-cache-0: Block addr 0x3580 (ns) moving from  to state: 6 (E) writable: 1 readable: 1 dirty: 0 prefetched: 0 | tag: 0 secure: 0 valid: 1 | set: 0xd6 way: 0
 373000: board.cache_hierarchy.l2-cache-0: recvTimingResp: Leaving with ReadResp [3580:35bf]
 373000: board.processor.cores.core.workload: Translating: 0x10a40->0xa40
 373000: board.cache_hierarchy.l1i-cache-0: access for ReadReq [a40:a7f] IF miss
 373000: board.cache_hierarchy.l1i-cache-0: handleTimingReqMiss coalescing MSHR for ReadReq [a40:a7f] IF
 373000: board.processor.cores.core.workload: Translating: 0x133e0->0x33e0
 373000: board.processor.cores.core.workload: Translating: 0x133e8->0x33e8
 366000: board.processor.cores.core: 0x108fa    : c_sd a1, 0(a4)             : 
 366000: board.processor.cores.core: 0x108fc    : c_sd a1, 8(a4)             : 
 367000: board.processor.cores.core: 0x108fe    : c_addi a4, 16              : 
 377000: board.cache_hierarchy.l1d-cache-0: access for WriteReq [33e0:33e7] type=MemWrite miss
 377000: board.cache_hierarchy.l1d-cache-0: handleTimingReqMiss coalescing MSHR for WriteReq [33e0:33e7] type=MemWrite
 377000: board.cache_hierarchy.l1d-cache-0: access for WriteReq [33e8:33ef] type=MemWrite miss
 377000: board.cache_hierarchy.l1d-cache-0: handleTimingReqMiss coalescing MSHR for WriteReq [33e8:33ef] type=MemWrite
 378000: board.cache_hierarchy.l2-cache-0: recvTimingResp: Handling response ReadExResp [3380:33bf] type=MemWrite
 378000: board.cache_hierarchy.l2-cache-0: Block for addr 0x3380 being updated in Cache
 378000: board.cache_hierarchy.l2-cache-0: Block addr 0x3380 (ns) moving from  to state: 6 (E) writable: 1 readable: 1 dirty: 0 prefetched: 0 | tag: 0 secure: 0 valid: 1 | set: 0xce way: 0
 378000: board.cache_hierarchy.l2-cache-0: recvTimingResp: Leaving with ReadExResp [3380:33bf] type=MemWrite
 379000: board.processor.cores.core.workload: Translating: 0x108c0->0x8c0
 379000: board.cache_hierarchy.l1i-cache-0: access for ReadReq [8c0:8ff] IF hit state: 6 (E) writable: 1 readable: 1 dirty: 0 prefetched: 0 | tag: 0 secure: 0 valid: 1 | set: 0x23 way: 0
 380000: board.cache_hierarchy.l1d-cache-0: recvTimingResp: Handling response ReadExResp [3380:33bf] type=MemWrite
 380000: board.cache_hierarchy.l1d-cache-0: Block for addr 0x3380 being updated in Cache
 380000: board.cache_hierarchy.l1d-cache-0: Block addr 0x3380 (ns) moving from  to state: 6 (E) writable: 1 readable: 1 dirty: 0 prefetched: 0 | tag: 0x3 secure: 0 valid: 1 | set: 0xe way: 0
 380000: board.cache_hierarchy.l1d-cache-0: satisfyRequest for WriteReq [3380:3387] type=MemWrite (write)
 380000: board.cache_hierarchy.l1d-cache-0: satisfyRequest for WriteReq [3388:338f] type=MemWrite (write)
 380000: board.cache_hierarchy.l1d-cache-0: satisfyRequest for WriteReq [3390:3397] type=MemWrite (write)
 380000: board.cache_hierarchy.l1d-cache-0: satisfyRequest for WriteReq [3398:339f] type=MemWrite (write)
 380000: board.cache_hierarchy.l1d-cache-0: satisfyRequest for WriteReq [33a0:33a7] type=MemWrite (write)
 380000: board.cache_hierarchy.l1d-cache-0: satisfyRequest for WriteReq [33a8:33af] type=MemWrite (write)
 380000: board.cache_hierarchy.l1d-cache-0: satisfyRequest for WriteReq [33b0:33b7] type=MemWrite (write)
 380000: board.cache_hierarchy.l1d-cache-0: satisfyRequest for WriteReq [33b8:33bf] type=MemWrite (write)
 380000: board.cache_hierarchy.l1d-cache-0: recvTimingResp: Leaving with ReadExResp [3380:33bf] type=MemWrite
 368000: board.processor.cores.core: 0x10900    : bltu a4, a3, -6            : 
 381000: board.processor.cores.core.workload: Translating: 0x10900->0x900
 381000: board.cache_hierarchy.l1i-cache-0: access for ReadReq [900:93f] IF hit state: 6 (E) writable: 1 readable: 1 dirty: 0 prefetched: 0 | tag: 0 secure: 0 valid: 1 | set: 0x24 way: 0
 383000: board.cache_hierarchy.l2-cache-0: recvTimingResp: Handling response ReadResp [33c0:33ff]
 383000: board.cache_hierarchy.l2-cache-0: Block for addr 0x33c0 being updated in Cache
 383000: board.cache_hierarchy.l2-cache-0: Block addr 0x33c0 (ns) moving from  to state: 6 (E) writable: 1 readable: 1 dirty: 0 prefetched: 0 | tag: 0 secure: 0 valid: 1 | set: 0xcf way: 0
 383000: board.cache_hierarchy.l2-cache-0: recvTimingResp: Leaving with ReadResp [33c0:33ff]
 383000: board.processor.cores.core.workload: Translating: 0x10180->0x180
 383000: board.cache_hierarchy.l1i-cache-0: access for ReadReq [180:1bf] IF hit state: 6 (E) writable: 1 readable: 1 dirty: 0 prefetched: 0 | tag: 0 secure: 0 valid: 1 | set: 0x6 way: 0
 385000: board.cache_hierarchy.l1d-cache-0: recvTimingResp: Handling response ReadResp [33c0:33ff]
 385000: board.cache_hierarchy.l1d-cache-0: Block for addr 0x33c0 being updated in Cache
 385000: board.cache_hierarchy.l1d-cache-0: Block addr 0x33c0 (ns) moving from  to state: 6 (E) writable: 1 readable: 1 dirty: 0 prefetched: 0 | tag: 0x3 secure: 0 valid: 1 | set: 0xf way: 0
 385000: board.cache_hierarchy.l1d-cache-0: satisfyRequest for WriteReq [33c0:33c7] type=MemWrite (write)
 385000: board.cache_hierarchy.l1d-cache-0: satisfyRequest for WriteReq [33c8:33cf] type=MemWrite (write)
 385000: board.cache_hierarchy.l1d-cache-0: satisfyRequest for WriteReq [33d0:33d7] type=MemWrite (write)
 385000: board.cache_hierarchy.l1d-cache-0: satisfyRequest for WriteReq [33d8:33df] type=MemWrite (write)
 385000: board.cache_hierarchy.l1d-cache-0: satisfyRequest for WriteReq [33e0:33e7] type=MemWrite (write)
 385000: board.cache_hierarchy.l1d-cache-0: satisfyRequest for WriteReq [33e8:33ef] type=MemWrite (write)
 385000: board.cache_hierarchy.l1d-cache-0: recvTimingResp: Leaving with ReadResp [33c0:33ff]
 385000: board.processor.cores.core.workload: Translating: 0x101c0->0x1c0
 385000: board.cache_hierarchy.l1i-cache-0: access for ReadReq [1c0:1ff] IF hit state: 6 (E) writable: 1 readable: 1 dirty: 0 prefetched: 0 | tag: 0 secure: 0 valid: 1 | set: 0x7 way: 0
 386000: board.cache_hierarchy.l2-cache-0: recvTimingResp: Handling response ReadResp [a40:a7f] IF
 386000: board.cache_hierarchy.l2-cache-0: Block for addr 0xa40 being updated in Cache
 386000: board.cache_hierarchy.l2-cache-0: Block addr 0xa40 (ns) moving from  to state: 6 (E) writable: 1 readable: 1 dirty: 0 prefetched: 0 | tag: 0 secure: 0 valid: 1 | set: 0x29 way: 0
 386000: board.cache_hierarchy.l2-cache-0: recvTimingResp: Leaving with ReadResp [a40:a7f] IF
 387000: board.processor.cores.core.workload: Translating: 0x10a40->0xa40
 387000: board.cache_hierarchy.l1i-cache-0: access for ReadReq [a40:a7f] IF miss
 387000: board.cache_hierarchy.l1i-cache-0: handleTimingReqMiss coalescing MSHR for ReadReq [a40:a7f] IF
 387000: board.processor.cores.core.workload: Translating: 0x133f0->0x33f0
 387000: board.processor.cores.core.workload: Translating: 0x133f8->0x33f8
 388000: board.cache_hierarchy.l1i-cache-0: recvTimingResp: Handling response ReadResp [a40:a7f] IF
 388000: board.cache_hierarchy.l1i-cache-0: Block for addr 0xa40 being updated in Cache
 388000: board.cache_hierarchy.l1i-cache-0: Block addr 0xa40 (ns) moving from  to state: 6 (E) writable: 1 readable: 1 dirty: 0 prefetched: 0 | tag: 0 secure: 0 valid: 1 | set: 0x29 way: 0
 388000: board.cache_hierarchy.l1i-cache-0: recvTimingResp: Leaving with ReadResp [a40:a7f] IF
 380000: board.processor.cores.core: 0x108fa    : c_sd a1, 0(a4)             : 
 380000: board.processor.cores.core: 0x108fc    : c_sd a1, 8(a4)             : 
 381000: board.processor.cores.core: 0x108fe    : c_addi a4, 16              : 
 391000: board.cache_hierarchy.l1d-cache-0: access for WriteReq [33f0:33f7] type=MemWrite hit state: e (M) writable: 1 readable: 1 dirty: 1 prefetched: 0 | tag: 0x3 secure: 0 valid: 1 | set: 0xf way: 0
 391000: board.cache_hierarchy.l1d-cache-0: satisfyRequest for WriteReq [33f0:33f7] type=MemWrite (write)
 391000: board.cache_hierarchy.l1d-cache-0: access for WriteReq [33f8:33ff] type=MemWrite hit state: e (M) writable: 1 readable: 1 dirty: 1 prefetched: 0 | tag: 0x3 secure: 0 valid: 1 | set: 0xf way: 0
 391000: board.cache_hierarchy.l1d-cache-0: satisfyRequest for WriteReq [33f8:33ff] type=MemWrite (write)
 393000: board.processor.cores.core.workload: Translating: 0x108c0->0x8c0
 393000: board.cache_hierarchy.l1i-cache-0: access for ReadReq [8c0:8ff] IF hit state: 6 (E) writable: 1 readable: 1 dirty: 0 prefetched: 0 | tag: 0 secure: 0 valid: 1 | set: 0x23 way: 0
 382000: board.processor.cores.core: 0x10900    : bltu a4, a3, -6            : 
 395000: board.processor.cores.core.workload: Translating: 0x10900->0x900
 395000: board.cache_hierarchy.l1i-cache-0: access for ReadReq [900:93f] IF hit state: 6 (E) writable: 1 readable: 1 dirty: 0 prefetched: 0 | tag: 0 secure: 0 valid: 1 | set: 0x24 way: 0
 396000: board.processor.cores.core.workload: Translating: 0x108c0->0x8c0
 396000: board.cache_hierarchy.l1i-cache-0: access for ReadReq [8c0:8ff] IF hit state: 6 (E) writable: 1 readable: 1 dirty: 0 prefetched: 0 | tag: 0 secure: 0 valid: 1 | set: 0x23 way: 0
 398000: board.processor.cores.core.workload: Translating: 0x10900->0x900
 398000: board.cache_hierarchy.l1i-cache-0: access for ReadReq [900:93f] IF hit state: 6 (E) writable: 1 readable: 1 dirty: 0 prefetched: 0 | tag: 0 secure: 0 valid: 1 | set: 0x24 way: 0
 399000: board.processor.cores.core.workload: Translating: 0x108c0->0x8c0
 399000: board.cache_hierarchy.l1i-cache-0: access for ReadReq [8c0:8ff] IF hit state: 6 (E) writable: 1 readable: 1 dirty: 0 prefetched: 0 | tag: 0 secure: 0 valid: 1 | set: 0x23 way: 0
 400000: board.cache_hierarchy.l2-cache-0: recvTimingResp: Handling response ReadResp [35c0:35ff]
 400000: board.cache_hierarchy.l2-cache-0: Block for addr 0x35c0 being updated in Cache
 400000: board.cache_hierarchy.l2-cache-0: Block addr 0x35c0 (ns) moving from  to state: 6 (E) writable: 1 readable: 1 dirty: 0 prefetched: 0 | tag: 0 secure: 0 valid: 1 | set: 0xd7 way: 0
 400000: board.cache_hierarchy.l2-cache-0: recvTimingResp: Leaving with ReadResp [35c0:35ff]
 401000: board.processor.cores.core.workload: Translating: 0x10900->0x900
 401000: board.cache_hierarchy.l1i-cache-0: access for ReadReq [900:93f] IF hit state: 6 (E) writable: 1 readable: 1 dirty: 0 prefetched: 0 | tag: 0 secure: 0 valid: 1 | set: 0x24 way: 0
 401000: board.processor.cores.core.workload: Translating: 0x13400->0x3400
 401000: board.processor.cores.core.workload: Translating: 0x13408->0x3408
 402000: board.processor.cores.core.workload: Translating: 0x108c0->0x8c0
 402000: board.cache_hierarchy.l1i-cache-0: access for ReadReq [8c0:8ff] IF hit state: 6 (E) writable: 1 readable: 1 dirty: 0 prefetched: 0 | tag: 0 secure: 0 valid: 1 | set: 0x23 way: 0
 394000: board.processor.cores.core: 0x108fa    : c_sd a1, 0(a4)             : 
 394000: board.processor.cores.core: 0x108fc    : c_sd a1, 8(a4)             : 
 404000: board.processor.cores.core.workload: Translating: 0x10900->0x900
 404000: board.cache_hierarchy.l1i-cache-0: access for ReadReq [900:93f] IF hit state: 6 (E) writable: 1 readable: 1 dirty: 0 prefetched: 0 | tag: 0 secure: 0 valid: 1 | set: 0x24 way: 0
 404000: board.processor.cores.core.workload: Translating: 0x13410->0x3410
 395000: board.processor.cores.core: 0x108fe    : c_addi a4, 16              : 
 405000: board.processor.cores.core.workload: Translating: 0x108c0->0x8c0
 405000: board.cache_hierarchy.l1i-cache-0: access for ReadReq [8c0:8ff] IF hit state: 6 (E) writable: 1 readable: 1 dirty: 0 prefetched: 0 | tag: 0 secure: 0 valid: 1 | set: 0x23 way: 0
 405000: board.processor.cores.core.workload: Translating: 0x13418->0x3418
 405000: board.cache_hierarchy.l1d-cache-0: access for WriteReq [3400:3407] type=MemWrite hit state: 6 (E) writable: 1 readable: 1 dirty: 0 prefetched: 1 | tag: 0x3 secure: 0 valid: 1 | set: 0x10 way: 0
 405000: board.cache_hierarchy.l1d-cache-0: satisfyRequest for WriteReq [3400:3407] type=MemWrite (write)
 405000: board.cache_hierarchy.l1d-cache-0: Hit on prefetch for addr 0x3400 (ns)
 405000: board.cache_hierarchy.l1d-cache-0: access for WriteReq [3408:340f] type=MemWrite hit state: e (M) writable: 1 readable: 1 dirty: 1 prefetched: 0 | tag: 0x3 secure: 0 valid: 1 | set: 0x10 way: 0
 405000: board.cache_hierarchy.l1d-cache-0: satisfyRequest for WriteReq [3408:340f] type=MemWrite (write)
 406000: board.processor.cores.core.workload: Translating: 0x13420->0x3420
 396000: board.processor.cores.core: 0x10900    : bltu a4, a3, -6            : 
 397000: board.processor.cores.core: 0x108fa    : c_sd a1, 0(a4)             : 
 406003: board.cache_hierarchy.l1d-cache-0: sendMSHRQueuePacket: MSHR HardPFReq [3500:353f]
 406003: board.cache_hierarchy.l1d-cache-0: sendMSHRQueuePacket: MSHR HardPFReq [3500:353f]
 406003: board.cache_hierarchy.l1d-cache-0: createMissPacket: created ReadSharedReq [3500:353f] from HardPFReq [3500:353f]
 406003: board.cache_hierarchy.l2-cache-0: access for ReadSharedReq [3500:353f] hit state: 6 (E) writable: 1 readable: 1 dirty: 0 prefetched: 1 | tag: 0 secure: 0 valid: 1 | set: 0xd4 way: 0
 406003: board.cache_hierarchy.l2-cache-0: Hit on prefetch for addr 0x3500 (ns)
 407000: board.processor.cores.core.workload: Translating: 0x10900->0x900
 407000: board.cache_hierarchy.l1i-cache-0: access for ReadReq [900:93f] IF hit state: 6 (E) writable: 1 readable: 1 dirty: 0 prefetched: 0 | tag: 0 secure: 0 valid: 1 | set: 0x24 way: 0
 407000: board.processor.cores.core.workload: Translating: 0x13428->0x3428
 397000: board.processor.cores.core: 0x108fc    : c_sd a1, 8(a4)             : 
 398000: board.processor.cores.core: 0x108fe    : c_addi a4, 16              : 
 407006: board.cache_hierarchy.l2-cache-0: sendMSHRQueuePacket: MSHR HardPFReq [3600:363f]
 407006: board.cache_hierarchy.l2-cache-0: sendMSHRQueuePacket: MSHR HardPFReq [3600:363f]
 407006: board.cache_hierarchy.l2-cache-0: createMissPacket: created ReadSharedReq [3600:363f] from HardPFReq [3600:363f]
 408000: board.processor.cores.core.workload: Translating: 0x108c0->0x8c0
 408000: board.cache_hierarchy.l1i-cache-0: access for ReadReq [8c0:8ff] IF hit state: 6 (E) writable: 1 readable: 1 dirty: 0 prefetched: 0 | tag: 0 secure: 0 valid: 1 | set: 0x23 way: 0
 408000: board.processor.cores.core.workload: Translating: 0x13430->0x3430
 408000: board.cache_hierarchy.l1d-cache-0: access for WriteReq [3410:3417] type=MemWrite hit state: e (M) writable: 1 readable: 1 dirty: 1 prefetched: 0 | tag: 0x3 secure: 0 valid: 1 | set: 0x10 way: 0
 408000: board.cache_hierarchy.l1d-cache-0: satisfyRequest for WriteReq [3410:3417] type=MemWrite (write)
 399000: board.processor.cores.core: 0x10900    : bltu a4, a3, -6            : 
 400000: board.processor.cores.core: 0x108fa    : c_sd a1, 0(a4)             : 
 409000: board.processor.cores.core.workload: Translating: 0x13438->0x3438
 409000: board.cache_hierarchy.l1d-cache-0: access for WriteReq [3418:341f] type=MemWrite hit state: e (M) writable: 1 readable: 1 dirty: 1 prefetched: 0 | tag: 0x3 secure: 0 valid: 1 | set: 0x10 way: 0
 409000: board.cache_hierarchy.l1d-cache-0: satisfyRequest for WriteReq [3418:341f] type=MemWrite (write)
 400000: board.processor.cores.core: 0x108fc    : c_sd a1, 8(a4)             : 
 401000: board.processor.cores.core: 0x108fe    : c_addi a4, 16              : 
 410000: board.processor.cores.core.workload: Translating: 0x10900->0x900
 410000: board.cache_hierarchy.l1i-cache-0: access for ReadReq [900:93f] IF hit state: 6 (E) writable: 1 readable: 1 dirty: 0 prefetched: 0 | tag: 0 secure: 0 valid: 1 | set: 0x24 way: 0
 410000: board.cache_hierarchy.l1d-cache-0: access for WriteReq [3420:3427] type=MemWrite hit state: e (M) writable: 1 readable: 1 dirty: 1 prefetched: 0 | tag: 0x3 secure: 0 valid: 1 | set: 0x10 way: 0
 410000: board.cache_hierarchy.l1d-cache-0: satisfyRequest for WriteReq [3420:3427] type=MemWrite (write)
 402000: board.processor.cores.core: 0x10900    : bltu a4, a3, -6            : 
 403000: board.processor.cores.core: 0x108fa    : c_sd a1, 0(a4)             : 
 411000: board.processor.cores.core.workload: Translating: 0x108c0->0x8c0
 411000: board.cache_hierarchy.l1i-cache-0: access for ReadReq [8c0:8ff] IF hit state: 6 (E) writable: 1 readable: 1 dirty: 0 prefetched: 0 | tag: 0 secure: 0 valid: 1 | set: 0x23 way: 0
 411000: board.processor.cores.core.workload: Translating: 0x13440->0x3440
 411000: board.processor.cores.core.workload: Translating: 0x13448->0x3448
 411000: board.cache_hierarchy.l1d-cache-0: access for WriteReq [3428:342f] type=MemWrite hit state: e (M) writable: 1 readable: 1 dirty: 1 prefetched: 0 | tag: 0x3 secure: 0 valid: 1 | set: 0x10 way: 0
 411000: board.cache_hierarchy.l1d-cache-0: satisfyRequest for WriteReq [3428:342f] type=MemWrite (write)
 403000: board.processor.cores.core: 0x108fc    : c_sd a1, 8(a4)             : 
 404000: board.processor.cores.core: 0x108fe    : c_addi a4, 16              : 
 412000: board.cache_hierarchy.l1d-cache-0: access for WriteReq [3430:3437] type=MemWrite hit state: e (M) writable: 1 readable: 1 dirty: 1 prefetched: 0 | tag: 0x3 secure: 0 valid: 1 | set: 0x10 way: 0
 412000: board.cache_hierarchy.l1d-cache-0: satisfyRequest for WriteReq [3430:3437] type=MemWrite (write)
 405000: board.processor.cores.core: 0x10900    : bltu a4, a3, -6            : 
 413000: board.processor.cores.core.workload: Translating: 0x10900->0x900
 413000: board.cache_hierarchy.l1i-cache-0: access for ReadReq [900:93f] IF hit state: 6 (E) writable: 1 readable: 1 dirty: 0 prefetched: 0 | tag: 0 secure: 0 valid: 1 | set: 0x24 way: 0
 413000: board.cache_hierarchy.l1d-cache-0: access for WriteReq [3438:343f] type=MemWrite hit state: e (M) writable: 1 readable: 1 dirty: 1 prefetched: 0 | tag: 0x3 secure: 0 valid: 1 | set: 0x10 way: 0
 413000: board.cache_hierarchy.l1d-cache-0: satisfyRequest for WriteReq [3438:343f] type=MemWrite (write)
 406000: board.processor.cores.core: 0x108fa    : c_sd a1, 0(a4)             : 
 406000: board.processor.cores.core: 0x108fc    : c_sd a1, 8(a4)             : 
 414000: board.processor.cores.core.workload: Translating: 0x108c0->0x8c0
 414000: board.cache_hierarchy.l1i-cache-0: access for ReadReq [8c0:8ff] IF hit state: 6 (E) writable: 1 readable: 1 dirty: 0 prefetched: 0 | tag: 0 secure: 0 valid: 1 | set: 0x23 way: 0
 414000: board.processor.cores.core.workload: Translating: 0x13450->0x3450
 414000: board.processor.cores.core.workload: Translating: 0x13458->0x3458
 407000: board.processor.cores.core: 0x108fe    : c_addi a4, 16              : 
 415000: board.cache_hierarchy.l1d-cache-0: access for WriteReq [3440:3447] type=MemWrite hit state: 6 (E) writable: 1 readable: 1 dirty: 0 prefetched: 1 | tag: 0x3 secure: 0 valid: 1 | set: 0x11 way: 0
 415000: board.cache_hierarchy.l1d-cache-0: satisfyRequest for WriteReq [3440:3447] type=MemWrite (write)
 415000: board.cache_hierarchy.l1d-cache-0: Hit on prefetch for addr 0x3440 (ns)
 415000: board.cache_hierarchy.l1d-cache-0: access for WriteReq [3448:344f] type=MemWrite hit state: e (M) writable: 1 readable: 1 dirty: 1 prefetched: 0 | tag: 0x3 secure: 0 valid: 1 | set: 0x11 way: 0
 415000: board.cache_hierarchy.l1d-cache-0: satisfyRequest for WriteReq [3448:344f] type=MemWrite (write)
 408000: board.processor.cores.core: 0x10900    : bltu a4, a3, -6            : 
 416000: board.processor.cores.core.workload: Translating: 0x10900->0x900
 416000: board.cache_hierarchy.l1i-cache-0: access for ReadReq [900:93f] IF hit state: 6 (E) writable: 1 readable: 1 dirty: 0 prefetched: 0 | tag: 0 secure: 0 valid: 1 | set: 0x24 way: 0
 409000: board.processor.cores.core: 0x108fa    : c_sd a1, 0(a4)             : 
 409000: board.processor.cores.core: 0x108fc    : c_sd a1, 8(a4)             : 
 416003: board.cache_hierarchy.l1d-cache-0: sendMSHRQueuePacket: MSHR HardPFReq [3540:357f]
 416003: board.cache_hierarchy.l1d-cache-0: sendMSHRQueuePacket: MSHR HardPFReq [3540:357f]
 416003: board.cache_hierarchy.l1d-cache-0: createMissPacket: created ReadSharedReq [3540:357f] from HardPFReq [3540:357f]
 416003: board.cache_hierarchy.l2-cache-0: access for ReadSharedReq [3540:357f] hit state: 6 (E) writable: 1 readable: 1 dirty: 0 prefetched: 1 | tag: 0 secure: 0 valid: 1 | set: 0xd5 way: 0
 416003: board.cache_hierarchy.l2-cache-0: Hit on prefetch for addr 0x3540 (ns)
 417000: board.processor.cores.core.workload: Translating: 0x108c0->0x8c0
 417000: board.cache_hierarchy.l1i-cache-0: access for ReadReq [8c0:8ff] IF hit state: 6 (E) writable: 1 readable: 1 dirty: 0 prefetched: 0 | tag: 0 secure: 0 valid: 1 | set: 0x23 way: 0
 417000: board.processor.cores.core.workload: Translating: 0x13460->0x3460
 417000: board.processor.cores.core.workload: Translating: 0x13468->0x3468
 410000: board.processor.cores.core: 0x108fe    : c_addi a4, 16              : 
 417006: board.cache_hierarchy.l2-cache-0: sendMSHRQueuePacket: MSHR HardPFReq [3640:367f]
 417006: board.cache_hierarchy.l2-cache-0: sendMSHRQueuePacket: MSHR HardPFReq [3640:367f]
 417006: board.cache_hierarchy.l2-cache-0: createMissPacket: created ReadSharedReq [3640:367f] from HardPFReq [3640:367f]
 418000: board.cache_hierarchy.l1d-cache-0: access for WriteReq [3450:3457] type=MemWrite hit state: e (M) writable: 1 readable: 1 dirty: 1 prefetched: 0 | tag: 0x3 secure: 0 valid: 1 | set: 0x11 way: 0
 418000: board.cache_hierarchy.l1d-cache-0: satisfyRequest for WriteReq [3450:3457] type=MemWrite (write)
 418000: board.cache_hierarchy.l1d-cache-0: access for WriteReq [3458:345f] type=MemWrite hit state: e (M) writable: 1 readable: 1 dirty: 1 prefetched: 0 | tag: 0x3 secure: 0 valid: 1 | set: 0x11 way: 0
 418000: board.cache_hierarchy.l1d-cache-0: satisfyRequest for WriteReq [3458:345f] type=MemWrite (write)
 411000: board.processor.cores.core: 0x10900    : bltu a4, a3, -6            : 
 419000: board.processor.cores.core.workload: Translating: 0x10900->0x900
 419000: board.cache_hierarchy.l1i-cache-0: access for ReadReq [900:93f] IF hit state: 6 (E) writable: 1 readable: 1 dirty: 0 prefetched: 0 | tag: 0 secure: 0 valid: 1 | set: 0x24 way: 0
 412000: board.processor.cores.core: 0x108fa    : c_sd a1, 0(a4)             : 
 412000: board.processor.cores.core: 0x108fc    : c_sd a1, 8(a4)             : 
 420000: board.cache_hierarchy.l1d-cache-0: recvTimingResp: Handling response ReadResp [3500:353f]
 420000: board.cache_hierarchy.l1d-cache-0: Block for addr 0x3500 being updated in Cache
 420000: board.cache_hierarchy.l1d-cache-0: Block addr 0x3500 (ns) moving from  to state: 6 (E) writable: 1 readable: 1 dirty: 0 prefetched: 0 | tag: 0x3 secure: 0 valid: 1 | set: 0x14 way: 0
 420000: board.cache_hierarchy.l1d-cache-0: recvTimingResp: Leaving with ReadResp [3500:353f]
 420000: board.processor.cores.core.workload: Translating: 0x108c0->0x8c0
 420000: board.cache_hierarchy.l1i-cache-0: access for ReadReq [8c0:8ff] IF hit state: 6 (E) writable: 1 readable: 1 dirty: 0 prefetched: 0 | tag: 0 secure: 0 valid: 1 | set: 0x23 way: 0
 420000: board.processor.cores.core.workload: Translating: 0x13470->0x3470
 420000: board.processor.cores.core.workload: Translating: 0x13478->0x3478
 413000: board.processor.cores.core: 0x108fe    : c_addi a4, 16              : 
 421000: board.cache_hierarchy.l1d-cache-0: access for WriteReq [3460:3467] type=MemWrite hit state: e (M) writable: 1 readable: 1 dirty: 1 prefetched: 0 | tag: 0x3 secure: 0 valid: 1 | set: 0x11 way: 0
 421000: board.cache_hierarchy.l1d-cache-0: satisfyRequest for WriteReq [3460:3467] type=MemWrite (write)
 421000: board.cache_hierarchy.l1d-cache-0: access for WriteReq [3468:346f] type=MemWrite hit state: e (M) writable: 1 readable: 1 dirty: 1 prefetched: 0 | tag: 0x3 secure: 0 valid: 1 | set: 0x11 way: 0
 421000: board.cache_hierarchy.l1d-cache-0: satisfyRequest for WriteReq [3468:346f] type=MemWrite (write)
 414000: board.processor.cores.core: 0x10900    : bltu a4, a3, -6            : 
 422000: board.processor.cores.core.workload: Translating: 0x10900->0x900
 422000: board.cache_hierarchy.l1i-cache-0: access for ReadReq [900:93f] IF hit state: 6 (E) writable: 1 readable: 1 dirty: 0 prefetched: 0 | tag: 0 secure: 0 valid: 1 | set: 0x24 way: 0
 415000: board.processor.cores.core: 0x108fa    : c_sd a1, 0(a4)             : 
 415000: board.processor.cores.core: 0x108fc    : c_sd a1, 8(a4)             : 
 423000: board.processor.cores.core.workload: Translating: 0x108c0->0x8c0
 423000: board.cache_hierarchy.l1i-cache-0: access for ReadReq [8c0:8ff] IF hit state: 6 (E) writable: 1 readable: 1 dirty: 0 prefetched: 0 | tag: 0 secure: 0 valid: 1 | set: 0x23 way: 0
 423000: board.processor.cores.core.workload: Translating: 0x13480->0x3480
 423000: board.processor.cores.core.workload: Translating: 0x13488->0x3488
 416000: board.processor.cores.core: 0x108fe    : c_addi a4, 16              : 
 424000: board.cache_hierarchy.l1d-cache-0: access for WriteReq [3470:3477] type=MemWrite hit state: e (M) writable: 1 readable: 1 dirty: 1 prefetched: 0 | tag: 0x3 secure: 0 valid: 1 | set: 0x11 way: 0
 424000: board.cache_hierarchy.l1d-cache-0: satisfyRequest for WriteReq [3470:3477] type=MemWrite (write)
 424000: board.cache_hierarchy.l1d-cache-0: access for WriteReq [3478:347f] type=MemWrite hit state: e (M) writable: 1 readable: 1 dirty: 1 prefetched: 0 | tag: 0x3 secure: 0 valid: 1 | set: 0x11 way: 0
 424000: board.cache_hierarchy.l1d-cache-0: satisfyRequest for WriteReq [3478:347f] type=MemWrite (write)
 417000: board.processor.cores.core: 0x10900    : bltu a4, a3, -6            : 
 425000: board.processor.cores.core.workload: Translating: 0x10900->0x900
 425000: board.cache_hierarchy.l1i-cache-0: access for ReadReq [900:93f] IF hit state: 6 (E) writable: 1 readable: 1 dirty: 0 prefetched: 0 | tag: 0 secure: 0 valid: 1 | set: 0x24 way: 0
 418000: board.processor.cores.core: 0x108fa    : c_sd a1, 0(a4)             : 
 418000: board.processor.cores.core: 0x108fc    : c_sd a1, 8(a4)             : 
 426000: board.processor.cores.core.workload: Translating: 0x108c0->0x8c0
 426000: board.cache_hierarchy.l1i-cache-0: access for ReadReq [8c0:8ff] IF hit state: 6 (E) writable: 1 readable: 1 dirty: 0 prefetched: 0 | tag: 0 secure: 0 valid: 1 | set: 0x23 way: 0
 426000: board.processor.cores.core.workload: Translating: 0x13490->0x3490
 426000: board.processor.cores.core.workload: Translating: 0x13498->0x3498
 419000: board.processor.cores.core: 0x108fe    : c_addi a4, 16              : 
 427000: board.cache_hierarchy.l1d-cache-0: access for WriteReq [3480:3487] type=MemWrite hit state: 6 (E) writable: 1 readable: 1 dirty: 0 prefetched: 1 | tag: 0x3 secure: 0 valid: 1 | set: 0x12 way: 0
 427000: board.cache_hierarchy.l1d-cache-0: satisfyRequest for WriteReq [3480:3487] type=MemWrite (write)
 427000: board.cache_hierarchy.l1d-cache-0: Hit on prefetch for addr 0x3480 (ns)
 427000: board.cache_hierarchy.l1d-cache-0: access for WriteReq [3488:348f] type=MemWrite hit state: e (M) writable: 1 readable: 1 dirty: 1 prefetched: 0 | tag: 0x3 secure: 0 valid: 1 | set: 0x12 way: 0
 427000: board.cache_hierarchy.l1d-cache-0: satisfyRequest for WriteReq [3488:348f] type=MemWrite (write)
 420000: board.processor.cores.core: 0x10900    : bltu a4, a3, -6            : 
 428000: board.processor.cores.core.workload: Translating: 0x10900->0x900
 428000: board.cache_hierarchy.l1i-cache-0: access for ReadReq [900:93f] IF hit state: 6 (E) writable: 1 readable: 1 dirty: 0 prefetched: 0 | tag: 0 secure: 0 valid: 1 | set: 0x24 way: 0
 421000: board.processor.cores.core: 0x108fa    : c_sd a1, 0(a4)             : 
 421000: board.processor.cores.core: 0x108fc    : c_sd a1, 8(a4)             : 
 428003: board.cache_hierarchy.l1d-cache-0: sendMSHRQueuePacket: MSHR HardPFReq [3580:35bf]
 428003: board.cache_hierarchy.l1d-cache-0: sendMSHRQueuePacket: MSHR HardPFReq [3580:35bf]
 428003: board.cache_hierarchy.l1d-cache-0: createMissPacket: created ReadSharedReq [3580:35bf] from HardPFReq [3580:35bf]
 428003: board.cache_hierarchy.l2-cache-0: access for ReadSharedReq [3580:35bf] hit state: 6 (E) writable: 1 readable: 1 dirty: 0 prefetched: 1 | tag: 0 secure: 0 valid: 1 | set: 0xd6 way: 0
 428003: board.cache_hierarchy.l2-cache-0: Hit on prefetch for addr 0x3580 (ns)
 429000: board.processor.cores.core.workload: Translating: 0x108c0->0x8c0
 429000: board.cache_hierarchy.l1i-cache-0: access for ReadReq [8c0:8ff] IF hit state: 6 (E) writable: 1 readable: 1 dirty: 0 prefetched: 0 | tag: 0 secure: 0 valid: 1 | set: 0x23 way: 0
 429000: board.processor.cores.core.workload: Translating: 0x134a0->0x34a0
 429000: board.processor.cores.core.workload: Translating: 0x134a8->0x34a8
 422000: board.processor.cores.core: 0x108fe    : c_addi a4, 16              : 
 429006: board.cache_hierarchy.l2-cache-0: sendMSHRQueuePacket: MSHR HardPFReq [3680:36bf]
 429006: board.cache_hierarchy.l2-cache-0: sendMSHRQueuePacket: MSHR HardPFReq [3680:36bf]
 429006: board.cache_hierarchy.l2-cache-0: createMissPacket: created ReadSharedReq [3680:36bf] from HardPFReq [3680:36bf]
 430000: board.cache_hierarchy.l1d-cache-0: recvTimingResp: Handling response ReadResp [3540:357f]
 430000: board.cache_hierarchy.l1d-cache-0: Block for addr 0x3540 being updated in Cache
 430000: board.cache_hierarchy.l1d-cache-0: Block addr 0x3540 (ns) moving from  to state: 6 (E) writable: 1 readable: 1 dirty: 0 prefetched: 0 | tag: 0x3 secure: 0 valid: 1 | set: 0x15 way: 0
 430000: board.cache_hierarchy.l1d-cache-0: recvTimingResp: Leaving with ReadResp [3540:357f]
 430000: board.cache_hierarchy.l1d-cache-0: access for WriteReq [3490:3497] type=MemWrite hit state: e (M) writable: 1 readable: 1 dirty: 1 prefetched: 0 | tag: 0x3 secure: 0 valid: 1 | set: 0x12 way: 0
 430000: board.cache_hierarchy.l1d-cache-0: satisfyRequest for WriteReq [3490:3497] type=MemWrite (write)
 430000: board.cache_hierarchy.l1d-cache-0: access for WriteReq [3498:349f] type=MemWrite hit state: e (M) writable: 1 readable: 1 dirty: 1 prefetched: 0 | tag: 0x3 secure: 0 valid: 1 | set: 0x12 way: 0
 430000: board.cache_hierarchy.l1d-cache-0: satisfyRequest for WriteReq [3498:349f] type=MemWrite (write)
 423000: board.processor.cores.core: 0x10900    : bltu a4, a3, -6            : 
 431000: board.processor.cores.core.workload: Translating: 0x10900->0x900
 431000: board.cache_hierarchy.l1i-cache-0: access for ReadReq [900:93f] IF hit state: 6 (E) writable: 1 readable: 1 dirty: 0 prefetched: 0 | tag: 0 secure: 0 valid: 1 | set: 0x24 way: 0
 424000: board.processor.cores.core: 0x108fa    : c_sd a1, 0(a4)             : 
 424000: board.processor.cores.core: 0x108fc    : c_sd a1, 8(a4)             : 
 432000: board.processor.cores.core.workload: Translating: 0x108c0->0x8c0
 432000: board.cache_hierarchy.l1i-cache-0: access for ReadReq [8c0:8ff] IF hit state: 6 (E) writable: 1 readable: 1 dirty: 0 prefetched: 0 | tag: 0 secure: 0 valid: 1 | set: 0x23 way: 0
 432000: board.processor.cores.core.workload: Translating: 0x134b0->0x34b0
 432000: board.processor.cores.core.workload: Translating: 0x134b8->0x34b8
 425000: board.processor.cores.core: 0x108fe    : c_addi a4, 16              : 
 433000: board.cache_hierarchy.l1d-cache-0: access for WriteReq [34a0:34a7] type=MemWrite hit state: e (M) writable: 1 readable: 1 dirty: 1 prefetched: 0 | tag: 0x3 secure: 0 valid: 1 | set: 0x12 way: 0
 433000: board.cache_hierarchy.l1d-cache-0: satisfyRequest for WriteReq [34a0:34a7] type=MemWrite (write)
 433000: board.cache_hierarchy.l1d-cache-0: access for WriteReq [34a8:34af] type=MemWrite hit state: e (M) writable: 1 readable: 1 dirty: 1 prefetched: 0 | tag: 0x3 secure: 0 valid: 1 | set: 0x12 way: 0
 433000: board.cache_hierarchy.l1d-cache-0: satisfyRequest for WriteReq [34a8:34af] type=MemWrite (write)
 426000: board.processor.cores.core: 0x10900    : bltu a4, a3, -6            : 
 434000: board.processor.cores.core.workload: Translating: 0x10900->0x900
 434000: board.cache_hierarchy.l1i-cache-0: access for ReadReq [900:93f] IF hit state: 6 (E) writable: 1 readable: 1 dirty: 0 prefetched: 0 | tag: 0 secure: 0 valid: 1 | set: 0x24 way: 0
 427000: board.processor.cores.core: 0x108fa    : c_sd a1, 0(a4)             : 
 427000: board.processor.cores.core: 0x108fc    : c_sd a1, 8(a4)             : 
 435000: board.processor.cores.core.workload: Translating: 0x108c0->0x8c0
 435000: board.cache_hierarchy.l1i-cache-0: access for ReadReq [8c0:8ff] IF hit state: 6 (E) writable: 1 readable: 1 dirty: 0 prefetched: 0 | tag: 0 secure: 0 valid: 1 | set: 0x23 way: 0
 435000: board.processor.cores.core.workload: Translating: 0x134c0->0x34c0
 435000: board.processor.cores.core.workload: Translating: 0x134c8->0x34c8
 428000: board.processor.cores.core: 0x108fe    : c_addi a4, 16              : 
 436000: board.cache_hierarchy.l1d-cache-0: access for WriteReq [34b0:34b7] type=MemWrite hit state: e (M) writable: 1 readable: 1 dirty: 1 prefetched: 0 | tag: 0x3 secure: 0 valid: 1 | set: 0x12 way: 0
 436000: board.cache_hierarchy.l1d-cache-0: satisfyRequest for WriteReq [34b0:34b7] type=MemWrite (write)
 436000: board.cache_hierarchy.l1d-cache-0: access for WriteReq [34b8:34bf] type=MemWrite hit state: e (M) writable: 1 readable: 1 dirty: 1 prefetched: 0 | tag: 0x3 secure: 0 valid: 1 | set: 0x12 way: 0
 436000: board.cache_hierarchy.l1d-cache-0: satisfyRequest for WriteReq [34b8:34bf] type=MemWrite (write)
 429000: board.processor.cores.core: 0x10900    : bltu a4, a3, -6            : 
 437000: board.processor.cores.core.workload: Translating: 0x10900->0x900
 437000: board.cache_hierarchy.l1i-cache-0: access for ReadReq [900:93f] IF hit state: 6 (E) writable: 1 readable: 1 dirty: 0 prefetched: 0 | tag: 0 secure: 0 valid: 1 | set: 0x24 way: 0
 430000: board.processor.cores.core: 0x108fa    : c_sd a1, 0(a4)             : 
 430000: board.processor.cores.core: 0x108fc    : c_sd a1, 8(a4)             : 
 438000: board.processor.cores.core.workload: Translating: 0x108c0->0x8c0
 438000: board.cache_hierarchy.l1i-cache-0: access for ReadReq [8c0:8ff] IF hit state: 6 (E) writable: 1 readable: 1 dirty: 0 prefetched: 0 | tag: 0 secure: 0 valid: 1 | set: 0x23 way: 0
 438000: board.processor.cores.core.workload: Translating: 0x134d0->0x34d0
 438000: board.processor.cores.core.workload: Translating: 0x134d8->0x34d8
 431000: board.processor.cores.core: 0x108fe    : c_addi a4, 16              : 
 439000: board.cache_hierarchy.l1d-cache-0: access for WriteReq [34c0:34c7] type=MemWrite hit state: 6 (E) writable: 1 readable: 1 dirty: 0 prefetched: 1 | tag: 0x3 secure: 0 valid: 1 | set: 0x13 way: 0
 439000: board.cache_hierarchy.l1d-cache-0: satisfyRequest for WriteReq [34c0:34c7] type=MemWrite (write)
 439000: board.cache_hierarchy.l1d-cache-0: Hit on prefetch for addr 0x34c0 (ns)
 439000: board.cache_hierarchy.l1d-cache-0: access for WriteReq [34c8:34cf] type=MemWrite hit state: e (M) writable: 1 readable: 1 dirty: 1 prefetched: 0 | tag: 0x3 secure: 0 valid: 1 | set: 0x13 way: 0
 439000: board.cache_hierarchy.l1d-cache-0: satisfyRequest for WriteReq [34c8:34cf] type=MemWrite (write)
 432000: board.processor.cores.core: 0x10900    : bltu a4, a3, -6            : 
 440000: board.processor.cores.core.workload: Translating: 0x10900->0x900
 440000: board.cache_hierarchy.l1i-cache-0: access for ReadReq [900:93f] IF hit state: 6 (E) writable: 1 readable: 1 dirty: 0 prefetched: 0 | tag: 0 secure: 0 valid: 1 | set: 0x24 way: 0
 433000: board.processor.cores.core: 0x108fa    : c_sd a1, 0(a4)             : 
 433000: board.processor.cores.core: 0x108fc    : c_sd a1, 8(a4)             : 
 440003: board.cache_hierarchy.l1d-cache-0: sendMSHRQueuePacket: MSHR HardPFReq [35c0:35ff]
 440003: board.cache_hierarchy.l1d-cache-0: sendMSHRQueuePacket: MSHR HardPFReq [35c0:35ff]
 440003: board.cache_hierarchy.l1d-cache-0: createMissPacket: created ReadSharedReq [35c0:35ff] from HardPFReq [35c0:35ff]
 440003: board.cache_hierarchy.l2-cache-0: access for ReadSharedReq [35c0:35ff] hit state: 6 (E) writable: 1 readable: 1 dirty: 0 prefetched: 1 | tag: 0 secure: 0 valid: 1 | set: 0xd7 way: 0
 440003: board.cache_hierarchy.l2-cache-0: Hit on prefetch for addr 0x35c0 (ns)
 441000: board.processor.cores.core.workload: Translating: 0x108c0->0x8c0
 441000: board.cache_hierarchy.l1i-cache-0: access for ReadReq [8c0:8ff] IF hit state: 6 (E) writable: 1 readable: 1 dirty: 0 prefetched: 0 | tag: 0 secure: 0 valid: 1 | set: 0x23 way: 0
 441000: board.processor.cores.core.workload: Translating: 0x134e0->0x34e0
 441000: board.processor.cores.core.workload: Translating: 0x134e8->0x34e8
 434000: board.processor.cores.core: 0x108fe    : c_addi a4, 16              : 
 441006: board.cache_hierarchy.l2-cache-0: sendMSHRQueuePacket: MSHR HardPFReq [36c0:36ff]
 441006: board.cache_hierarchy.l2-cache-0: sendMSHRQueuePacket: MSHR HardPFReq [36c0:36ff]
 441006: board.cache_hierarchy.l2-cache-0: createMissPacket: created ReadSharedReq [36c0:36ff] from HardPFReq [36c0:36ff]
 442000: board.cache_hierarchy.l1d-cache-0: recvTimingResp: Handling response ReadResp [3580:35bf]
 442000: board.cache_hierarchy.l1d-cache-0: Block for addr 0x3580 being updated in Cache
 442000: board.cache_hierarchy.l1d-cache-0: Block addr 0x3580 (ns) moving from  to state: 6 (E) writable: 1 readable: 1 dirty: 0 prefetched: 0 | tag: 0x3 secure: 0 valid: 1 | set: 0x16 way: 0
 442000: board.cache_hierarchy.l1d-cache-0: recvTimingResp: Leaving with ReadResp [3580:35bf]
 442000: board.cache_hierarchy.l1d-cache-0: access for WriteReq [34d0:34d7] type=MemWrite hit state: e (M) writable: 1 readable: 1 dirty: 1 prefetched: 0 | tag: 0x3 secure: 0 valid: 1 | set: 0x13 way: 0
 442000: board.cache_hierarchy.l1d-cache-0: satisfyRequest for WriteReq [34d0:34d7] type=MemWrite (write)
 442000: board.cache_hierarchy.l1d-cache-0: access for WriteReq [34d8:34df] type=MemWrite hit state: e (M) writable: 1 readable: 1 dirty: 1 prefetched: 0 | tag: 0x3 secure: 0 valid: 1 | set: 0x13 way: 0
 442000: board.cache_hierarchy.l1d-cache-0: satisfyRequest for WriteReq [34d8:34df] type=MemWrite (write)
 435000: board.processor.cores.core: 0x10900    : bltu a4, a3, -6            : 
 443000: board.processor.cores.core.workload: Translating: 0x10900->0x900
 443000: board.cache_hierarchy.l1i-cache-0: access for ReadReq [900:93f] IF hit state: 6 (E) writable: 1 readable: 1 dirty: 0 prefetched: 0 | tag: 0 secure: 0 valid: 1 | set: 0x24 way: 0
 436000: board.processor.cores.core: 0x108fa    : c_sd a1, 0(a4)             : 
 436000: board.processor.cores.core: 0x108fc    : c_sd a1, 8(a4)             : 
 444000: board.processor.cores.core.workload: Translating: 0x108c0->0x8c0
 444000: board.cache_hierarchy.l1i-cache-0: access for ReadReq [8c0:8ff] IF hit state: 6 (E) writable: 1 readable: 1 dirty: 0 prefetched: 0 | tag: 0 secure: 0 valid: 1 | set: 0x23 way: 0
 444000: board.processor.cores.core.workload: Translating: 0x134f0->0x34f0
 444000: board.processor.cores.core.workload: Translating: 0x134f8->0x34f8
 437000: board.processor.cores.core: 0x108fe    : c_addi a4, 16              : 
 445000: board.cache_hierarchy.l1d-cache-0: access for WriteReq [34e0:34e7] type=MemWrite hit state: e (M) writable: 1 readable: 1 dirty: 1 prefetched: 0 | tag: 0x3 secure: 0 valid: 1 | set: 0x13 way: 0
 445000: board.cache_hierarchy.l1d-cache-0: satisfyRequest for WriteReq [34e0:34e7] type=MemWrite (write)
 445000: board.cache_hierarchy.l1d-cache-0: access for WriteReq [34e8:34ef] type=MemWrite hit state: e (M) writable: 1 readable: 1 dirty: 1 prefetched: 0 | tag: 0x3 secure: 0 valid: 1 | set: 0x13 way: 0
 445000: board.cache_hierarchy.l1d-cache-0: satisfyRequest for WriteReq [34e8:34ef] type=MemWrite (write)
 438000: board.processor.cores.core: 0x10900    : bltu a4, a3, -6            : 
 446000: board.processor.cores.core.workload: Translating: 0x10900->0x900
 446000: board.cache_hierarchy.l1i-cache-0: access for ReadReq [900:93f] IF hit state: 6 (E) writable: 1 readable: 1 dirty: 0 prefetched: 0 | tag: 0 secure: 0 valid: 1 | set: 0x24 way: 0
 439000: board.processor.cores.core: 0x108fa    : c_sd a1, 0(a4)             : 
 439000: board.processor.cores.core: 0x108fc    : c_sd a1, 8(a4)             : 
 447000: board.processor.cores.core.workload: Translating: 0x108c0->0x8c0
 447000: board.cache_hierarchy.l1i-cache-0: access for ReadReq [8c0:8ff] IF hit state: 6 (E) writable: 1 readable: 1 dirty: 0 prefetched: 0 | tag: 0 secure: 0 valid: 1 | set: 0x23 way: 0
 447000: board.processor.cores.core.workload: Translating: 0x13500->0x3500
 447000: board.processor.cores.core.workload: Translating: 0x13508->0x3508
 440000: board.processor.cores.core: 0x108fe    : c_addi a4, 16              : 
 448000: board.cache_hierarchy.l1d-cache-0: access for WriteReq [34f0:34f7] type=MemWrite hit state: e (M) writable: 1 readable: 1 dirty: 1 prefetched: 0 | tag: 0x3 secure: 0 valid: 1 | set: 0x13 way: 0
 448000: board.cache_hierarchy.l1d-cache-0: satisfyRequest for WriteReq [34f0:34f7] type=MemWrite (write)
 448000: board.cache_hierarchy.l1d-cache-0: access for WriteReq [34f8:34ff] type=MemWrite hit state: e (M) writable: 1 readable: 1 dirty: 1 prefetched: 0 | tag: 0x3 secure: 0 valid: 1 | set: 0x13 way: 0
 448000: board.cache_hierarchy.l1d-cache-0: satisfyRequest for WriteReq [34f8:34ff] type=MemWrite (write)
 441000: board.processor.cores.core: 0x10900    : bltu a4, a3, -6            : 
 449000: board.processor.cores.core.workload: Translating: 0x10900->0x900
 449000: board.cache_hierarchy.l1i-cache-0: access for ReadReq [900:93f] IF hit state: 6 (E) writable: 1 readable: 1 dirty: 0 prefetched: 0 | tag: 0 secure: 0 valid: 1 | set: 0x24 way: 0
 442000: board.processor.cores.core: 0x108fa    : c_sd a1, 0(a4)             : 
 442000: board.processor.cores.core: 0x108fc    : c_sd a1, 8(a4)             : 
 450000: board.processor.cores.core.workload: Translating: 0x108c0->0x8c0
 450000: board.cache_hierarchy.l1i-cache-0: access for ReadReq [8c0:8ff] IF hit state: 6 (E) writable: 1 readable: 1 dirty: 0 prefetched: 0 | tag: 0 secure: 0 valid: 1 | set: 0x23 way: 0
 450000: board.processor.cores.core.workload: Translating: 0x13510->0x3510
 450000: board.processor.cores.core.workload: Translating: 0x13518->0x3518
 443000: board.processor.cores.core: 0x108fe    : c_addi a4, 16              : 
 451000: board.cache_hierarchy.l1d-cache-0: access for WriteReq [3500:3507] type=MemWrite hit state: 6 (E) writable: 1 readable: 1 dirty: 0 prefetched: 1 | tag: 0x3 secure: 0 valid: 1 | set: 0x14 way: 0
 451000: board.cache_hierarchy.l1d-cache-0: satisfyRequest for WriteReq [3500:3507] type=MemWrite (write)
 451000: board.cache_hierarchy.l1d-cache-0: Hit on prefetch for addr 0x3500 (ns)
 451000: board.cache_hierarchy.l1d-cache-0: access for WriteReq [3508:350f] type=MemWrite hit state: e (M) writable: 1 readable: 1 dirty: 1 prefetched: 0 | tag: 0x3 secure: 0 valid: 1 | set: 0x14 way: 0
 451000: board.cache_hierarchy.l1d-cache-0: satisfyRequest for WriteReq [3508:350f] type=MemWrite (write)
 444000: board.processor.cores.core: 0x10900    : bltu a4, a3, -6            : 
 452000: board.processor.cores.core.workload: Translating: 0x10900->0x900
 452000: board.cache_hierarchy.l1i-cache-0: access for ReadReq [900:93f] IF hit state: 6 (E) writable: 1 readable: 1 dirty: 0 prefetched: 0 | tag: 0 secure: 0 valid: 1 | set: 0x24 way: 0
 445000: board.processor.cores.core: 0x108fa    : c_sd a1, 0(a4)             : 
 445000: board.processor.cores.core: 0x108fc    : c_sd a1, 8(a4)             : 
 452003: board.cache_hierarchy.l1d-cache-0: sendMSHRQueuePacket: MSHR HardPFReq [3600:363f]
 452003: board.cache_hierarchy.l1d-cache-0: sendMSHRQueuePacket: MSHR HardPFReq [3600:363f]
 452003: board.cache_hierarchy.l1d-cache-0: createMissPacket: created ReadSharedReq [3600:363f] from HardPFReq [3600:363f]
 452003: board.cache_hierarchy.l2-cache-0: access for ReadSharedReq [3600:363f] miss
 452003: board.cache_hierarchy.l2-cache-0: handleTimingReqMiss coalescing MSHR for ReadSharedReq [3600:363f]
 453000: board.processor.cores.core.workload: Translating: 0x108c0->0x8c0
 453000: board.cache_hierarchy.l1i-cache-0: access for ReadReq [8c0:8ff] IF hit state: 6 (E) writable: 1 readable: 1 dirty: 0 prefetched: 0 | tag: 0 secure: 0 valid: 1 | set: 0x23 way: 0
 453000: board.processor.cores.core.workload: Translating: 0x13520->0x3520
 453000: board.processor.cores.core.workload: Translating: 0x13528->0x3528
 446000: board.processor.cores.core: 0x108fe    : c_addi a4, 16              : 
 453006: board.cache_hierarchy.l2-cache-0: sendMSHRQueuePacket: MSHR HardPFReq [3700:373f]
 453006: board.cache_hierarchy.l2-cache-0: sendMSHRQueuePacket: MSHR HardPFReq [3700:373f]
 453006: board.cache_hierarchy.l2-cache-0: createMissPacket: created ReadSharedReq [3700:373f] from HardPFReq [3700:373f]
 454000: board.cache_hierarchy.l1d-cache-0: recvTimingResp: Handling response ReadResp [35c0:35ff]
 454000: board.cache_hierarchy.l1d-cache-0: Block for addr 0x35c0 being updated in Cache
 454000: board.cache_hierarchy.l1d-cache-0: Block addr 0x35c0 (ns) moving from  to state: 6 (E) writable: 1 readable: 1 dirty: 0 prefetched: 0 | tag: 0x3 secure: 0 valid: 1 | set: 0x17 way: 0
 454000: board.cache_hierarchy.l1d-cache-0: recvTimingResp: Leaving with ReadResp [35c0:35ff]
 454000: board.cache_hierarchy.l1d-cache-0: access for WriteReq [3510:3517] type=MemWrite hit state: e (M) writable: 1 readable: 1 dirty: 1 prefetched: 0 | tag: 0x3 secure: 0 valid: 1 | set: 0x14 way: 0
 454000: board.cache_hierarchy.l1d-cache-0: satisfyRequest for WriteReq [3510:3517] type=MemWrite (write)
 454000: board.cache_hierarchy.l1d-cache-0: access for WriteReq [3518:351f] type=MemWrite hit state: e (M) writable: 1 readable: 1 dirty: 1 prefetched: 0 | tag: 0x3 secure: 0 valid: 1 | set: 0x14 way: 0
 454000: board.cache_hierarchy.l1d-cache-0: satisfyRequest for WriteReq [3518:351f] type=MemWrite (write)
 447000: board.processor.cores.core: 0x10900    : bltu a4, a3, -6            : 
 455000: board.processor.cores.core.workload: Translating: 0x10900->0x900
 455000: board.cache_hierarchy.l1i-cache-0: access for ReadReq [900:93f] IF hit state: 6 (E) writable: 1 readable: 1 dirty: 0 prefetched: 0 | tag: 0 secure: 0 valid: 1 | set: 0x24 way: 0
 448000: board.processor.cores.core: 0x108fa    : c_sd a1, 0(a4)             : 
 448000: board.processor.cores.core: 0x108fc    : c_sd a1, 8(a4)             : 
 456000: board.cache_hierarchy.l2-cache-0: recvTimingResp: Handling response ReadResp [3600:363f]
 456000: board.cache_hierarchy.l2-cache-0: Block for addr 0x3600 being updated in Cache
 456000: board.cache_hierarchy.l2-cache-0: Block addr 0x3600 (ns) moving from  to state: 6 (E) writable: 1 readable: 1 dirty: 0 prefetched: 0 | tag: 0 secure: 0 valid: 1 | set: 0xd8 way: 0
 456000: board.cache_hierarchy.l2-cache-0: recvTimingResp: Leaving with ReadResp [3600:363f]
 456000: board.processor.cores.core.workload: Translating: 0x108c0->0x8c0
 456000: board.cache_hierarchy.l1i-cache-0: access for ReadReq [8c0:8ff] IF hit state: 6 (E) writable: 1 readable: 1 dirty: 0 prefetched: 0 | tag: 0 secure: 0 valid: 1 | set: 0x23 way: 0
 456000: board.processor.cores.core.workload: Translating: 0x13530->0x3530
 456000: board.processor.cores.core.workload: Translating: 0x13538->0x3538
 449000: board.processor.cores.core: 0x108fe    : c_addi a4, 16              : 
 457000: board.cache_hierarchy.l1d-cache-0: access for WriteReq [3520:3527] type=MemWrite hit state: e (M) writable: 1 readable: 1 dirty: 1 prefetched: 0 | tag: 0x3 secure: 0 valid: 1 | set: 0x14 way: 0
 457000: board.cache_hierarchy.l1d-cache-0: satisfyRequest for WriteReq [3520:3527] type=MemWrite (write)
 457000: board.cache_hierarchy.l1d-cache-0: access for WriteReq [3528:352f] type=MemWrite hit state: e (M) writable: 1 readable: 1 dirty: 1 prefetched: 0 | tag: 0x3 secure: 0 valid: 1 | set: 0x14 way: 0
 457000: board.cache_hierarchy.l1d-cache-0: satisfyRequest for WriteReq [3528:352f] type=MemWrite (write)
 450000: board.processor.cores.core: 0x10900    : bltu a4, a3, -6            : 
 458000: board.cache_hierarchy.l1d-cache-0: recvTimingResp: Handling response ReadResp [3600:363f]
 458000: board.cache_hierarchy.l1d-cache-0: Block for addr 0x3600 being updated in Cache
 458000: board.cache_hierarchy.l1d-cache-0: Block addr 0x3600 (ns) moving from  to state: 6 (E) writable: 1 readable: 1 dirty: 0 prefetched: 0 | tag: 0x3 secure: 0 valid: 1 | set: 0x18 way: 0
 458000: board.cache_hierarchy.l1d-cache-0: recvTimingResp: Leaving with ReadResp [3600:363f]
 458000: board.processor.cores.core.workload: Translating: 0x10900->0x900
 458000: board.cache_hierarchy.l1i-cache-0: access for ReadReq [900:93f] IF hit state: 6 (E) writable: 1 readable: 1 dirty: 0 prefetched: 0 | tag: 0 secure: 0 valid: 1 | set: 0x24 way: 0
 451000: board.processor.cores.core: 0x108fa    : c_sd a1, 0(a4)             : 
 451000: board.processor.cores.core: 0x108fc    : c_sd a1, 8(a4)             : 
 459000: board.processor.cores.core.workload: Translating: 0x108c0->0x8c0
 459000: board.cache_hierarchy.l1i-cache-0: access for ReadReq [8c0:8ff] IF hit state: 6 (E) writable: 1 readable: 1 dirty: 0 prefetched: 0 | tag: 0 secure: 0 valid: 1 | set: 0x23 way: 0
 459000: board.processor.cores.core.workload: Translating: 0x13540->0x3540
 459000: board.processor.cores.core.workload: Translating: 0x13548->0x3548
 452000: board.processor.cores.core: 0x108fe    : c_addi a4, 16              : 
 460000: board.cache_hierarchy.l1d-cache-0: access for WriteReq [3530:3537] type=MemWrite hit state: e (M) writable: 1 readable: 1 dirty: 1 prefetched: 0 | tag: 0x3 secure: 0 valid: 1 | set: 0x14 way: 0
 460000: board.cache_hierarchy.l1d-cache-0: satisfyRequest for WriteReq [3530:3537] type=MemWrite (write)
 460000: board.cache_hierarchy.l1d-cache-0: access for WriteReq [3538:353f] type=MemWrite hit state: e (M) writable: 1 readable: 1 dirty: 1 prefetched: 0 | tag: 0x3 secure: 0 valid: 1 | set: 0x14 way: 0
 460000: board.cache_hierarchy.l1d-cache-0: satisfyRequest for WriteReq [3538:353f] type=MemWrite (write)
 453000: board.processor.cores.core: 0x10900    : bltu a4, a3, -6            : 
 461000: board.processor.cores.core.workload: Translating: 0x10900->0x900
 461000: board.cache_hierarchy.l1i-cache-0: access for ReadReq [900:93f] IF hit state: 6 (E) writable: 1 readable: 1 dirty: 0 prefetched: 0 | tag: 0 secure: 0 valid: 1 | set: 0x24 way: 0
 454000: board.processor.cores.core: 0x108fa    : c_sd a1, 0(a4)             : 
 454000: board.processor.cores.core: 0x108fc    : c_sd a1, 8(a4)             : 
 462000: board.processor.cores.core.workload: Translating: 0x108c0->0x8c0
 462000: board.cache_hierarchy.l1i-cache-0: access for ReadReq [8c0:8ff] IF hit state: 6 (E) writable: 1 readable: 1 dirty: 0 prefetched: 0 | tag: 0 secure: 0 valid: 1 | set: 0x23 way: 0
 462000: board.processor.cores.core.workload: Translating: 0x13550->0x3550
 462000: board.processor.cores.core.workload: Translating: 0x13558->0x3558
 455000: board.processor.cores.core: 0x108fe    : c_addi a4, 16              : 
 463000: board.cache_hierarchy.l1d-cache-0: access for WriteReq [3540:3547] type=MemWrite hit state: 6 (E) writable: 1 readable: 1 dirty: 0 prefetched: 1 | tag: 0x3 secure: 0 valid: 1 | set: 0x15 way: 0
 463000: board.cache_hierarchy.l1d-cache-0: satisfyRequest for WriteReq [3540:3547] type=MemWrite (write)
 463000: board.cache_hierarchy.l1d-cache-0: Hit on prefetch for addr 0x3540 (ns)
 463000: board.cache_hierarchy.l1d-cache-0: access for WriteReq [3548:354f] type=MemWrite hit state: e (M) writable: 1 readable: 1 dirty: 1 prefetched: 0 | tag: 0x3 secure: 0 valid: 1 | set: 0x15 way: 0
 463000: board.cache_hierarchy.l1d-cache-0: satisfyRequest for WriteReq [3548:354f] type=MemWrite (write)
 456000: board.processor.cores.core: 0x10900    : bltu a4, a3, -6            : 
 464000: board.processor.cores.core.workload: Translating: 0x10900->0x900
 464000: board.cache_hierarchy.l1i-cache-0: access for ReadReq [900:93f] IF hit state: 6 (E) writable: 1 readable: 1 dirty: 0 prefetched: 0 | tag: 0 secure: 0 valid: 1 | set: 0x24 way: 0
 457000: board.processor.cores.core: 0x108fa    : c_sd a1, 0(a4)             : 
 457000: board.processor.cores.core: 0x108fc    : c_sd a1, 8(a4)             : 
 464003: board.cache_hierarchy.l1d-cache-0: sendMSHRQueuePacket: MSHR HardPFReq [3640:367f]
 464003: board.cache_hierarchy.l1d-cache-0: sendMSHRQueuePacket: MSHR HardPFReq [3640:367f]
 464003: board.cache_hierarchy.l1d-cache-0: createMissPacket: created ReadSharedReq [3640:367f] from HardPFReq [3640:367f]
 464003: board.cache_hierarchy.l2-cache-0: access for ReadSharedReq [3640:367f] miss
 464003: board.cache_hierarchy.l2-cache-0: handleTimingReqMiss coalescing MSHR for ReadSharedReq [3640:367f]
 465000: board.processor.cores.core.workload: Translating: 0x108c0->0x8c0
 465000: board.cache_hierarchy.l1i-cache-0: access for ReadReq [8c0:8ff] IF hit state: 6 (E) writable: 1 readable: 1 dirty: 0 prefetched: 0 | tag: 0 secure: 0 valid: 1 | set: 0x23 way: 0
 465000: board.processor.cores.core.workload: Translating: 0x13560->0x3560
 465000: board.processor.cores.core.workload: Translating: 0x13568->0x3568
 458000: board.processor.cores.core: 0x108fe    : c_addi a4, 16              : 
 465006: board.cache_hierarchy.l2-cache-0: sendMSHRQueuePacket: MSHR HardPFReq [3740:377f]
 465006: board.cache_hierarchy.l2-cache-0: sendMSHRQueuePacket: MSHR HardPFReq [3740:377f]
 465006: board.cache_hierarchy.l2-cache-0: createMissPacket: created ReadSharedReq [3740:377f] from HardPFReq [3740:377f]
 466000: board.cache_hierarchy.l2-cache-0: recvTimingResp: Handling response ReadResp [3640:367f]
 466000: board.cache_hierarchy.l2-cache-0: Block for addr 0x3640 being updated in Cache
 466000: board.cache_hierarchy.l2-cache-0: Block addr 0x3640 (ns) moving from  to state: 6 (E) writable: 1 readable: 1 dirty: 0 prefetched: 0 | tag: 0 secure: 0 valid: 1 | set: 0xd9 way: 0
 466000: board.cache_hierarchy.l2-cache-0: recvTimingResp: Leaving with ReadResp [3640:367f]
 466000: board.cache_hierarchy.l1d-cache-0: access for WriteReq [3550:3557] type=MemWrite hit state: e (M) writable: 1 readable: 1 dirty: 1 prefetched: 0 | tag: 0x3 secure: 0 valid: 1 | set: 0x15 way: 0
 466000: board.cache_hierarchy.l1d-cache-0: satisfyRequest for WriteReq [3550:3557] type=MemWrite (write)
 466000: board.cache_hierarchy.l1d-cache-0: access for WriteReq [3558:355f] type=MemWrite hit state: e (M) writable: 1 readable: 1 dirty: 1 prefetched: 0 | tag: 0x3 secure: 0 valid: 1 | set: 0x15 way: 0
 466000: board.cache_hierarchy.l1d-cache-0: satisfyRequest for WriteReq [3558:355f] type=MemWrite (write)
 459000: board.processor.cores.core: 0x10900    : bltu a4, a3, -6            : 
 467000: board.processor.cores.core.workload: Translating: 0x10900->0x900
 467000: board.cache_hierarchy.l1i-cache-0: access for ReadReq [900:93f] IF hit state: 6 (E) writable: 1 readable: 1 dirty: 0 prefetched: 0 | tag: 0 secure: 0 valid: 1 | set: 0x24 way: 0
 460000: board.processor.cores.core: 0x108fa    : c_sd a1, 0(a4)             : 
 460000: board.processor.cores.core: 0x108fc    : c_sd a1, 8(a4)             : 
 468000: board.cache_hierarchy.l1d-cache-0: recvTimingResp: Handling response ReadResp [3640:367f]
 468000: board.cache_hierarchy.l1d-cache-0: Block for addr 0x3640 being updated in Cache
 468000: board.cache_hierarchy.l1d-cache-0: Block addr 0x3640 (ns) moving from  to state: 6 (E) writable: 1 readable: 1 dirty: 0 prefetched: 0 | tag: 0x3 secure: 0 valid: 1 | set: 0x19 way: 0
 468000: board.cache_hierarchy.l1d-cache-0: recvTimingResp: Leaving with ReadResp [3640:367f]
 468000: board.processor.cores.core.workload: Translating: 0x108c0->0x8c0
 468000: board.cache_hierarchy.l1i-cache-0: access for ReadReq [8c0:8ff] IF hit state: 6 (E) writable: 1 readable: 1 dirty: 0 prefetched: 0 | tag: 0 secure: 0 valid: 1 | set: 0x23 way: 0
 468000: board.processor.cores.core.workload: Translating: 0x13570->0x3570
 468000: board.processor.cores.core.workload: Translating: 0x13578->0x3578
 461000: board.processor.cores.core: 0x108fe    : c_addi a4, 16              : 
 469000: board.cache_hierarchy.l1d-cache-0: access for WriteReq [3560:3567] type=MemWrite hit state: e (M) writable: 1 readable: 1 dirty: 1 prefetched: 0 | tag: 0x3 secure: 0 valid: 1 | set: 0x15 way: 0
 469000: board.cache_hierarchy.l1d-cache-0: satisfyRequest for WriteReq [3560:3567] type=MemWrite (write)
 469000: board.cache_hierarchy.l1d-cache-0: access for WriteReq [3568:356f] type=MemWrite hit state: e (M) writable: 1 readable: 1 dirty: 1 prefetched: 0 | tag: 0x3 secure: 0 valid: 1 | set: 0x15 way: 0
 469000: board.cache_hierarchy.l1d-cache-0: satisfyRequest for WriteReq [3568:356f] type=MemWrite (write)
 462000: board.processor.cores.core: 0x10900    : bltu a4, a3, -6            : 
 470000: board.processor.cores.core.workload: Translating: 0x10900->0x900
 470000: board.cache_hierarchy.l1i-cache-0: access for ReadReq [900:93f] IF hit state: 6 (E) writable: 1 readable: 1 dirty: 0 prefetched: 0 | tag: 0 secure: 0 valid: 1 | set: 0x24 way: 0
 463000: board.processor.cores.core: 0x108fa    : c_sd a1, 0(a4)             : 
 463000: board.processor.cores.core: 0x108fc    : c_sd a1, 8(a4)             : 
 471000: board.processor.cores.core.workload: Translating: 0x108c0->0x8c0
 471000: board.cache_hierarchy.l1i-cache-0: access for ReadReq [8c0:8ff] IF hit state: 6 (E) writable: 1 readable: 1 dirty: 0 prefetched: 0 | tag: 0 secure: 0 valid: 1 | set: 0x23 way: 0
 471000: board.processor.cores.core.workload: Translating: 0x13580->0x3580
 471000: board.processor.cores.core.workload: Translating: 0x13588->0x3588
 464000: board.processor.cores.core: 0x108fe    : c_addi a4, 16              : 
 472000: board.cache_hierarchy.l1d-cache-0: access for WriteReq [3570:3577] type=MemWrite hit state: e (M) writable: 1 readable: 1 dirty: 1 prefetched: 0 | tag: 0x3 secure: 0 valid: 1 | set: 0x15 way: 0
 472000: board.cache_hierarchy.l1d-cache-0: satisfyRequest for WriteReq [3570:3577] type=MemWrite (write)
 472000: board.cache_hierarchy.l1d-cache-0: access for WriteReq [3578:357f] type=MemWrite hit state: e (M) writable: 1 readable: 1 dirty: 1 prefetched: 0 | tag: 0x3 secure: 0 valid: 1 | set: 0x15 way: 0
 472000: board.cache_hierarchy.l1d-cache-0: satisfyRequest for WriteReq [3578:357f] type=MemWrite (write)
 465000: board.processor.cores.core: 0x10900    : bltu a4, a3, -6            : 
 473000: board.processor.cores.core.workload: Translating: 0x10900->0x900
 473000: board.cache_hierarchy.l1i-cache-0: access for ReadReq [900:93f] IF hit state: 6 (E) writable: 1 readable: 1 dirty: 0 prefetched: 0 | tag: 0 secure: 0 valid: 1 | set: 0x24 way: 0
 466000: board.processor.cores.core: 0x108fa    : c_sd a1, 0(a4)             : 
 466000: board.processor.cores.core: 0x108fc    : c_sd a1, 8(a4)             : 
 474000: board.processor.cores.core.workload: Translating: 0x108c0->0x8c0
 474000: board.cache_hierarchy.l1i-cache-0: access for ReadReq [8c0:8ff] IF hit state: 6 (E) writable: 1 readable: 1 dirty: 0 prefetched: 0 | tag: 0 secure: 0 valid: 1 | set: 0x23 way: 0
 474000: board.processor.cores.core.workload: Translating: 0x13590->0x3590
 474000: board.processor.cores.core.workload: Translating: 0x13598->0x3598
 467000: board.processor.cores.core: 0x108fe    : c_addi a4, 16              : 
 475000: board.cache_hierarchy.l1d-cache-0: access for WriteReq [3580:3587] type=MemWrite hit state: 6 (E) writable: 1 readable: 1 dirty: 0 prefetched: 1 | tag: 0x3 secure: 0 valid: 1 | set: 0x16 way: 0
 475000: board.cache_hierarchy.l1d-cache-0: satisfyRequest for WriteReq [3580:3587] type=MemWrite (write)
 475000: board.cache_hierarchy.l1d-cache-0: Hit on prefetch for addr 0x3580 (ns)
 475000: board.cache_hierarchy.l1d-cache-0: access for WriteReq [3588:358f] type=MemWrite hit state: e (M) writable: 1 readable: 1 dirty: 1 prefetched: 0 | tag: 0x3 secure: 0 valid: 1 | set: 0x16 way: 0
 475000: board.cache_hierarchy.l1d-cache-0: satisfyRequest for WriteReq [3588:358f] type=MemWrite (write)
 468000: board.processor.cores.core: 0x10900    : bltu a4, a3, -6            : 
 476000: board.processor.cores.core.workload: Translating: 0x10900->0x900
 476000: board.cache_hierarchy.l1i-cache-0: access for ReadReq [900:93f] IF hit state: 6 (E) writable: 1 readable: 1 dirty: 0 prefetched: 0 | tag: 0 secure: 0 valid: 1 | set: 0x24 way: 0
 469000: board.processor.cores.core: 0x108fa    : c_sd a1, 0(a4)             : 
 469000: board.processor.cores.core: 0x108fc    : c_sd a1, 8(a4)             : 
 476003: board.cache_hierarchy.l1d-cache-0: sendMSHRQueuePacket: MSHR HardPFReq [3680:36bf]
 476003: board.cache_hierarchy.l1d-cache-0: sendMSHRQueuePacket: MSHR HardPFReq [3680:36bf]
 476003: board.cache_hierarchy.l1d-cache-0: createMissPacket: created ReadSharedReq [3680:36bf] from HardPFReq [3680:36bf]
 476003: board.cache_hierarchy.l2-cache-0: access for ReadSharedReq [3680:36bf] miss
 476003: board.cache_hierarchy.l2-cache-0: handleTimingReqMiss coalescing MSHR for ReadSharedReq [3680:36bf]
 477000: board.processor.cores.core.workload: Translating: 0x108c0->0x8c0
 477000: board.cache_hierarchy.l1i-cache-0: access for ReadReq [8c0:8ff] IF hit state: 6 (E) writable: 1 readable: 1 dirty: 0 prefetched: 0 | tag: 0 secure: 0 valid: 1 | set: 0x23 way: 0
 477000: board.processor.cores.core.workload: Translating: 0x135a0->0x35a0
 477000: board.processor.cores.core.workload: Translating: 0x135a8->0x35a8
 470000: board.processor.cores.core: 0x108fe    : c_addi a4, 16              : 
 477006: board.cache_hierarchy.l2-cache-0: sendMSHRQueuePacket: MSHR HardPFReq [3780:37bf]
 477006: board.cache_hierarchy.l2-cache-0: sendMSHRQueuePacket: MSHR HardPFReq [3780:37bf]
 477006: board.cache_hierarchy.l2-cache-0: createMissPacket: created ReadSharedReq [3780:37bf] from HardPFReq [3780:37bf]
 478000: board.cache_hierarchy.l2-cache-0: recvTimingResp: Handling response ReadResp [3680:36bf]
 478000: board.cache_hierarchy.l2-cache-0: Block for addr 0x3680 being updated in Cache
 478000: board.cache_hierarchy.l2-cache-0: Block addr 0x3680 (ns) moving from  to state: 6 (E) writable: 1 readable: 1 dirty: 0 prefetched: 0 | tag: 0 secure: 0 valid: 1 | set: 0xda way: 0
 478000: board.cache_hierarchy.l2-cache-0: recvTimingResp: Leaving with ReadResp [3680:36bf]
 478000: board.cache_hierarchy.l1d-cache-0: access for WriteReq [3590:3597] type=MemWrite hit state: e (M) writable: 1 readable: 1 dirty: 1 prefetched: 0 | tag: 0x3 secure: 0 valid: 1 | set: 0x16 way: 0
 478000: board.cache_hierarchy.l1d-cache-0: satisfyRequest for WriteReq [3590:3597] type=MemWrite (write)
 478000: board.cache_hierarchy.l1d-cache-0: access for WriteReq [3598:359f] type=MemWrite hit state: e (M) writable: 1 readable: 1 dirty: 1 prefetched: 0 | tag: 0x3 secure: 0 valid: 1 | set: 0x16 way: 0
 478000: board.cache_hierarchy.l1d-cache-0: satisfyRequest for WriteReq [3598:359f] type=MemWrite (write)
 471000: board.processor.cores.core: 0x10900    : bltu a4, a3, -6            : 
 479000: board.processor.cores.core.workload: Translating: 0x10900->0x900
 479000: board.cache_hierarchy.l1i-cache-0: access for ReadReq [900:93f] IF hit state: 6 (E) writable: 1 readable: 1 dirty: 0 prefetched: 0 | tag: 0 secure: 0 valid: 1 | set: 0x24 way: 0
 472000: board.processor.cores.core: 0x108fa    : c_sd a1, 0(a4)             : 
 472000: board.processor.cores.core: 0x108fc    : c_sd a1, 8(a4)             : 
 480000: board.cache_hierarchy.l1d-cache-0: recvTimingResp: Handling response ReadResp [3680:36bf]
 480000: board.cache_hierarchy.l1d-cache-0: Block for addr 0x3680 being updated in Cache
 480000: board.cache_hierarchy.l1d-cache-0: Block addr 0x3680 (ns) moving from  to state: 6 (E) writable: 1 readable: 1 dirty: 0 prefetched: 0 | tag: 0x3 secure: 0 valid: 1 | set: 0x1a way: 0
 480000: board.cache_hierarchy.l1d-cache-0: recvTimingResp: Leaving with ReadResp [3680:36bf]
 480000: board.processor.cores.core.workload: Translating: 0x108c0->0x8c0
 480000: board.cache_hierarchy.l1i-cache-0: access for ReadReq [8c0:8ff] IF hit state: 6 (E) writable: 1 readable: 1 dirty: 0 prefetched: 0 | tag: 0 secure: 0 valid: 1 | set: 0x23 way: 0
 480000: board.processor.cores.core.workload: Translating: 0x135b0->0x35b0
 480000: board.processor.cores.core.workload: Translating: 0x135b8->0x35b8
 473000: board.processor.cores.core: 0x108fe    : c_addi a4, 16              : 
 481000: board.cache_hierarchy.l1d-cache-0: access for WriteReq [35a0:35a7] type=MemWrite hit state: e (M) writable: 1 readable: 1 dirty: 1 prefetched: 0 | tag: 0x3 secure: 0 valid: 1 | set: 0x16 way: 0
 481000: board.cache_hierarchy.l1d-cache-0: satisfyRequest for WriteReq [35a0:35a7] type=MemWrite (write)
 481000: board.cache_hierarchy.l1d-cache-0: access for WriteReq [35a8:35af] type=MemWrite hit state: e (M) writable: 1 readable: 1 dirty: 1 prefetched: 0 | tag: 0x3 secure: 0 valid: 1 | set: 0x16 way: 0
 481000: board.cache_hierarchy.l1d-cache-0: satisfyRequest for WriteReq [35a8:35af] type=MemWrite (write)
 474000: board.processor.cores.core: 0x10900    : bltu a4, a3, -6            : 
 482000: board.processor.cores.core.workload: Translating: 0x10900->0x900
 482000: board.cache_hierarchy.l1i-cache-0: access for ReadReq [900:93f] IF hit state: 6 (E) writable: 1 readable: 1 dirty: 0 prefetched: 0 | tag: 0 secure: 0 valid: 1 | set: 0x24 way: 0
 475000: board.processor.cores.core: 0x108fa    : c_sd a1, 0(a4)             : 
 475000: board.processor.cores.core: 0x108fc    : c_sd a1, 8(a4)             : 
 483000: board.processor.cores.core.workload: Translating: 0x108c0->0x8c0
 483000: board.cache_hierarchy.l1i-cache-0: access for ReadReq [8c0:8ff] IF hit state: 6 (E) writable: 1 readable: 1 dirty: 0 prefetched: 0 | tag: 0 secure: 0 valid: 1 | set: 0x23 way: 0
 483000: board.processor.cores.core.workload: Translating: 0x135c0->0x35c0
 483000: board.processor.cores.core.workload: Translating: 0x135c8->0x35c8
 476000: board.processor.cores.core: 0x108fe    : c_addi a4, 16              : 
 484000: board.cache_hierarchy.l1d-cache-0: access for WriteReq [35b0:35b7] type=MemWrite hit state: e (M) writable: 1 readable: 1 dirty: 1 prefetched: 0 | tag: 0x3 secure: 0 valid: 1 | set: 0x16 way: 0
 484000: board.cache_hierarchy.l1d-cache-0: satisfyRequest for WriteReq [35b0:35b7] type=MemWrite (write)
 484000: board.cache_hierarchy.l1d-cache-0: access for WriteReq [35b8:35bf] type=MemWrite hit state: e (M) writable: 1 readable: 1 dirty: 1 prefetched: 0 | tag: 0x3 secure: 0 valid: 1 | set: 0x16 way: 0
 484000: board.cache_hierarchy.l1d-cache-0: satisfyRequest for WriteReq [35b8:35bf] type=MemWrite (write)
 477000: board.processor.cores.core: 0x10900    : bltu a4, a3, -6            : 
 485000: board.processor.cores.core.workload: Translating: 0x10900->0x900
 485000: board.cache_hierarchy.l1i-cache-0: access for ReadReq [900:93f] IF hit state: 6 (E) writable: 1 readable: 1 dirty: 0 prefetched: 0 | tag: 0 secure: 0 valid: 1 | set: 0x24 way: 0
 478000: board.processor.cores.core: 0x108fa    : c_sd a1, 0(a4)             : 
 478000: board.processor.cores.core: 0x108fc    : c_sd a1, 8(a4)             : 
 486000: board.processor.cores.core.workload: Translating: 0x108c0->0x8c0
 486000: board.cache_hierarchy.l1i-cache-0: access for ReadReq [8c0:8ff] IF hit state: 6 (E) writable: 1 readable: 1 dirty: 0 prefetched: 0 | tag: 0 secure: 0 valid: 1 | set: 0x23 way: 0
 486000: board.processor.cores.core.workload: Translating: 0x135d0->0x35d0
 486000: board.processor.cores.core.workload: Translating: 0x135d8->0x35d8
 479000: board.processor.cores.core: 0x108fe    : c_addi a4, 16              : 
 487000: board.cache_hierarchy.l1d-cache-0: access for WriteReq [35c0:35c7] type=MemWrite hit state: 6 (E) writable: 1 readable: 1 dirty: 0 prefetched: 1 | tag: 0x3 secure: 0 valid: 1 | set: 0x17 way: 0
 487000: board.cache_hierarchy.l1d-cache-0: satisfyRequest for WriteReq [35c0:35c7] type=MemWrite (write)
 487000: board.cache_hierarchy.l1d-cache-0: Hit on prefetch for addr 0x35c0 (ns)
 487000: board.cache_hierarchy.l1d-cache-0: access for WriteReq [35c8:35cf] type=MemWrite hit state: e (M) writable: 1 readable: 1 dirty: 1 prefetched: 0 | tag: 0x3 secure: 0 valid: 1 | set: 0x17 way: 0
 487000: board.cache_hierarchy.l1d-cache-0: satisfyRequest for WriteReq [35c8:35cf] type=MemWrite (write)
 480000: board.processor.cores.core: 0x10900    : bltu a4, a3, -6            : 
 488000: board.processor.cores.core.workload: Translating: 0x10900->0x900
 488000: board.cache_hierarchy.l1i-cache-0: access for ReadReq [900:93f] IF hit state: 6 (E) writable: 1 readable: 1 dirty: 0 prefetched: 0 | tag: 0 secure: 0 valid: 1 | set: 0x24 way: 0
 481000: board.processor.cores.core: 0x108fa    : c_sd a1, 0(a4)             : 
 481000: board.processor.cores.core: 0x108fc    : c_sd a1, 8(a4)             : 
 488003: board.cache_hierarchy.l1d-cache-0: sendMSHRQueuePacket: MSHR HardPFReq [36c0:36ff]
 488003: board.cache_hierarchy.l1d-cache-0: sendMSHRQueuePacket: MSHR HardPFReq [36c0:36ff]
 488003: board.cache_hierarchy.l1d-cache-0: createMissPacket: created ReadSharedReq [36c0:36ff] from HardPFReq [36c0:36ff]
 488003: board.cache_hierarchy.l2-cache-0: access for ReadSharedReq [36c0:36ff] miss
 488003: board.cache_hierarchy.l2-cache-0: handleTimingReqMiss coalescing MSHR for ReadSharedReq [36c0:36ff]
 489000: board.processor.cores.core.workload: Translating: 0x108c0->0x8c0
 489000: board.cache_hierarchy.l1i-cache-0: access for ReadReq [8c0:8ff] IF hit state: 6 (E) writable: 1 readable: 1 dirty: 0 prefetched: 0 | tag: 0 secure: 0 valid: 1 | set: 0x23 way: 0
 489000: board.processor.cores.core.workload: Translating: 0x135e0->0x35e0
 489000: board.processor.cores.core.workload: Translating: 0x135e8->0x35e8
 482000: board.processor.cores.core: 0x108fe    : c_addi a4, 16              : 
 489006: board.cache_hierarchy.l2-cache-0: sendMSHRQueuePacket: MSHR HardPFReq [37c0:37ff]
 489006: board.cache_hierarchy.l2-cache-0: sendMSHRQueuePacket: MSHR HardPFReq [37c0:37ff]
 489006: board.cache_hierarchy.l2-cache-0: createMissPacket: created ReadSharedReq [37c0:37ff] from HardPFReq [37c0:37ff]
 490000: board.cache_hierarchy.l2-cache-0: recvTimingResp: Handling response ReadResp [36c0:36ff]
 490000: board.cache_hierarchy.l2-cache-0: Block for addr 0x36c0 being updated in Cache
 490000: board.cache_hierarchy.l2-cache-0: Block addr 0x36c0 (ns) moving from  to state: 6 (E) writable: 1 readable: 1 dirty: 0 prefetched: 0 | tag: 0 secure: 0 valid: 1 | set: 0xdb way: 0
 490000: board.cache_hierarchy.l2-cache-0: recvTimingResp: Leaving with ReadResp [36c0:36ff]
 490000: board.cache_hierarchy.l1d-cache-0: access for WriteReq [35d0:35d7] type=MemWrite hit state: e (M) writable: 1 readable: 1 dirty: 1 prefetched: 0 | tag: 0x3 secure: 0 valid: 1 | set: 0x17 way: 0
 490000: board.cache_hierarchy.l1d-cache-0: satisfyRequest for WriteReq [35d0:35d7] type=MemWrite (write)
 490000: board.cache_hierarchy.l1d-cache-0: access for WriteReq [35d8:35df] type=MemWrite hit state: e (M) writable: 1 readable: 1 dirty: 1 prefetched: 0 | tag: 0x3 secure: 0 valid: 1 | set: 0x17 way: 0
 490000: board.cache_hierarchy.l1d-cache-0: satisfyRequest for WriteReq [35d8:35df] type=MemWrite (write)
 483000: board.processor.cores.core: 0x10900    : bltu a4, a3, -6            : 
 491000: board.processor.cores.core.workload: Translating: 0x10900->0x900
 491000: board.cache_hierarchy.l1i-cache-0: access for ReadReq [900:93f] IF hit state: 6 (E) writable: 1 readable: 1 dirty: 0 prefetched: 0 | tag: 0 secure: 0 valid: 1 | set: 0x24 way: 0
 484000: board.processor.cores.core: 0x108fa    : c_sd a1, 0(a4)             : 
 484000: board.processor.cores.core: 0x108fc    : c_sd a1, 8(a4)             : 
 492000: board.cache_hierarchy.l1d-cache-0: recvTimingResp: Handling response ReadResp [36c0:36ff]
 492000: board.cache_hierarchy.l1d-cache-0: Block for addr 0x36c0 being updated in Cache
 492000: board.cache_hierarchy.l1d-cache-0: Block addr 0x36c0 (ns) moving from  to state: 6 (E) writable: 1 readable: 1 dirty: 0 prefetched: 0 | tag: 0x3 secure: 0 valid: 1 | set: 0x1b way: 0
 492000: board.cache_hierarchy.l1d-cache-0: recvTimingResp: Leaving with ReadResp [36c0:36ff]
 492000: board.processor.cores.core.workload: Translating: 0x108c0->0x8c0
 492000: board.cache_hierarchy.l1i-cache-0: access for ReadReq [8c0:8ff] IF hit state: 6 (E) writable: 1 readable: 1 dirty: 0 prefetched: 0 | tag: 0 secure: 0 valid: 1 | set: 0x23 way: 0
 492000: board.processor.cores.core.workload: Translating: 0x135f0->0x35f0
 492000: board.processor.cores.core.workload: Translating: 0x135f8->0x35f8
 485000: board.processor.cores.core: 0x108fe    : c_addi a4, 16              : 
 493000: board.cache_hierarchy.l1d-cache-0: access for WriteReq [35e0:35e7] type=MemWrite hit state: e (M) writable: 1 readable: 1 dirty: 1 prefetched: 0 | tag: 0x3 secure: 0 valid: 1 | set: 0x17 way: 0
 493000: board.cache_hierarchy.l1d-cache-0: satisfyRequest for WriteReq [35e0:35e7] type=MemWrite (write)
 493000: board.cache_hierarchy.l1d-cache-0: access for WriteReq [35e8:35ef] type=MemWrite hit state: e (M) writable: 1 readable: 1 dirty: 1 prefetched: 0 | tag: 0x3 secure: 0 valid: 1 | set: 0x17 way: 0
 493000: board.cache_hierarchy.l1d-cache-0: satisfyRequest for WriteReq [35e8:35ef] type=MemWrite (write)
 486000: board.processor.cores.core: 0x10900    : bltu a4, a3, -6            : 
 494000: board.processor.cores.core.workload: Translating: 0x10900->0x900
 494000: board.cache_hierarchy.l1i-cache-0: access for ReadReq [900:93f] IF hit state: 6 (E) writable: 1 readable: 1 dirty: 0 prefetched: 0 | tag: 0 secure: 0 valid: 1 | set: 0x24 way: 0
 487000: board.processor.cores.core: 0x108fa    : c_sd a1, 0(a4)             : 
 487000: board.processor.cores.core: 0x108fc    : c_sd a1, 8(a4)             : 
 495000: board.processor.cores.core.workload: Translating: 0x108c0->0x8c0
 495000: board.cache_hierarchy.l1i-cache-0: access for ReadReq [8c0:8ff] IF hit state: 6 (E) writable: 1 readable: 1 dirty: 0 prefetched: 0 | tag: 0 secure: 0 valid: 1 | set: 0x23 way: 0
 495000: board.processor.cores.core.workload: Translating: 0x13600->0x3600
 495000: board.processor.cores.core.workload: Translating: 0x13608->0x3608
 488000: board.processor.cores.core: 0x108fe    : c_addi a4, 16              : 
 496000: board.cache_hierarchy.l1d-cache-0: access for WriteReq [35f0:35f7] type=MemWrite hit state: e (M) writable: 1 readable: 1 dirty: 1 prefetched: 0 | tag: 0x3 secure: 0 valid: 1 | set: 0x17 way: 0
 496000: board.cache_hierarchy.l1d-cache-0: satisfyRequest for WriteReq [35f0:35f7] type=MemWrite (write)
 496000: board.cache_hierarchy.l1d-cache-0: access for WriteReq [35f8:35ff] type=MemWrite hit state: e (M) writable: 1 readable: 1 dirty: 1 prefetched: 0 | tag: 0x3 secure: 0 valid: 1 | set: 0x17 way: 0
 496000: board.cache_hierarchy.l1d-cache-0: satisfyRequest for WriteReq [35f8:35ff] type=MemWrite (write)
 489000: board.processor.cores.core: 0x10900    : bltu a4, a3, -6            : 
 497000: board.processor.cores.core.workload: Translating: 0x10900->0x900
 497000: board.cache_hierarchy.l1i-cache-0: access for ReadReq [900:93f] IF hit state: 6 (E) writable: 1 readable: 1 dirty: 0 prefetched: 0 | tag: 0 secure: 0 valid: 1 | set: 0x24 way: 0
 490000: board.processor.cores.core: 0x108fa    : c_sd a1, 0(a4)             : 
 490000: board.processor.cores.core: 0x108fc    : c_sd a1, 8(a4)             : 
 498000: board.processor.cores.core.workload: Translating: 0x108c0->0x8c0
 498000: board.cache_hierarchy.l1i-cache-0: access for ReadReq [8c0:8ff] IF hit state: 6 (E) writable: 1 readable: 1 dirty: 0 prefetched: 0 | tag: 0 secure: 0 valid: 1 | set: 0x23 way: 0
 498000: board.processor.cores.core.workload: Translating: 0x13610->0x3610
 498000: board.processor.cores.core.workload: Translating: 0x13618->0x3618
 491000: board.processor.cores.core: 0x108fe    : c_addi a4, 16              : 
 499000: board.cache_hierarchy.l1d-cache-0: access for WriteReq [3600:3607] type=MemWrite hit state: 6 (E) writable: 1 readable: 1 dirty: 0 prefetched: 1 | tag: 0x3 secure: 0 valid: 1 | set: 0x18 way: 0
 499000: board.cache_hierarchy.l1d-cache-0: satisfyRequest for WriteReq [3600:3607] type=MemWrite (write)
 499000: board.cache_hierarchy.l1d-cache-0: Hit on prefetch for addr 0x3600 (ns)
 499000: board.cache_hierarchy.l1d-cache-0: access for WriteReq [3608:360f] type=MemWrite hit state: e (M) writable: 1 readable: 1 dirty: 1 prefetched: 0 | tag: 0x3 secure: 0 valid: 1 | set: 0x18 way: 0
 499000: board.cache_hierarchy.l1d-cache-0: satisfyRequest for WriteReq [3608:360f] type=MemWrite (write)
 492000: board.processor.cores.core: 0x10900    : bltu a4, a3, -6            : 
 500000: board.processor.cores.core.workload: Translating: 0x10900->0x900
 500000: board.cache_hierarchy.l1i-cache-0: access for ReadReq [900:93f] IF hit state: 6 (E) writable: 1 readable: 1 dirty: 0 prefetched: 0 | tag: 0 secure: 0 valid: 1 | set: 0x24 way: 0
 493000: board.processor.cores.core: 0x108fa    : c_sd a1, 0(a4)             : 
 493000: board.processor.cores.core: 0x108fc    : c_sd a1, 8(a4)             : 
 500003: board.cache_hierarchy.l1d-cache-0: sendMSHRQueuePacket: MSHR HardPFReq [3700:373f]
 500003: board.cache_hierarchy.l1d-cache-0: sendMSHRQueuePacket: MSHR HardPFReq [3700:373f]
 500003: board.cache_hierarchy.l1d-cache-0: createMissPacket: created ReadSharedReq [3700:373f] from HardPFReq [3700:373f]
 500003: board.cache_hierarchy.l2-cache-0: access for ReadSharedReq [3700:373f] miss
 500003: board.cache_hierarchy.l2-cache-0: handleTimingReqMiss coalescing MSHR for ReadSharedReq [3700:373f]
 501000: board.processor.cores.core.workload: Translating: 0x108c0->0x8c0
 501000: board.cache_hierarchy.l1i-cache-0: access for ReadReq [8c0:8ff] IF hit state: 6 (E) writable: 1 readable: 1 dirty: 0 prefetched: 0 | tag: 0 secure: 0 valid: 1 | set: 0x23 way: 0
 501000: board.processor.cores.core.workload: Translating: 0x13620->0x3620
 501000: board.processor.cores.core.workload: Translating: 0x13628->0x3628
 494000: board.processor.cores.core: 0x108fe    : c_addi a4, 16              : 
 501006: board.cache_hierarchy.l2-cache-0: sendMSHRQueuePacket: MSHR HardPFReq [3800:383f]
 501006: board.cache_hierarchy.l2-cache-0: sendMSHRQueuePacket: MSHR HardPFReq [3800:383f]
 501006: board.cache_hierarchy.l2-cache-0: createMissPacket: created ReadSharedReq [3800:383f] from HardPFReq [3800:383f]
 502000: board.cache_hierarchy.l1d-cache-0: access for WriteReq [3610:3617] type=MemWrite hit state: e (M) writable: 1 readable: 1 dirty: 1 prefetched: 0 | tag: 0x3 secure: 0 valid: 1 | set: 0x18 way: 0
 502000: board.cache_hierarchy.l1d-cache-0: satisfyRequest for WriteReq [3610:3617] type=MemWrite (write)
 502000: board.cache_hierarchy.l1d-cache-0: access for WriteReq [3618:361f] type=MemWrite hit state: e (M) writable: 1 readable: 1 dirty: 1 prefetched: 0 | tag: 0x3 secure: 0 valid: 1 | set: 0x18 way: 0
 502000: board.cache_hierarchy.l1d-cache-0: satisfyRequest for WriteReq [3618:361f] type=MemWrite (write)
 495000: board.processor.cores.core: 0x10900    : bltu a4, a3, -6            : 
 503000: board.processor.cores.core.workload: Translating: 0x10900->0x900
 503000: board.cache_hierarchy.l1i-cache-0: access for ReadReq [900:93f] IF hit state: 6 (E) writable: 1 readable: 1 dirty: 0 prefetched: 0 | tag: 0 secure: 0 valid: 1 | set: 0x24 way: 0
 496000: board.processor.cores.core: 0x108fa    : c_sd a1, 0(a4)             : 
 496000: board.processor.cores.core: 0x108fc    : c_sd a1, 8(a4)             : 
 504000: board.processor.cores.core.workload: Translating: 0x108c0->0x8c0
 504000: board.cache_hierarchy.l1i-cache-0: access for ReadReq [8c0:8ff] IF hit state: 6 (E) writable: 1 readable: 1 dirty: 0 prefetched: 0 | tag: 0 secure: 0 valid: 1 | set: 0x23 way: 0
 504000: board.processor.cores.core.workload: Translating: 0x13630->0x3630
 504000: board.processor.cores.core.workload: Translating: 0x13638->0x3638
 497000: board.processor.cores.core: 0x108fe    : c_addi a4, 16              : 
 505000: board.cache_hierarchy.l1d-cache-0: access for WriteReq [3620:3627] type=MemWrite hit state: e (M) writable: 1 readable: 1 dirty: 1 prefetched: 0 | tag: 0x3 secure: 0 valid: 1 | set: 0x18 way: 0
 505000: board.cache_hierarchy.l1d-cache-0: satisfyRequest for WriteReq [3620:3627] type=MemWrite (write)
 505000: board.cache_hierarchy.l1d-cache-0: access for WriteReq [3628:362f] type=MemWrite hit state: e (M) writable: 1 readable: 1 dirty: 1 prefetched: 0 | tag: 0x3 secure: 0 valid: 1 | set: 0x18 way: 0
 505000: board.cache_hierarchy.l1d-cache-0: satisfyRequest for WriteReq [3628:362f] type=MemWrite (write)
 498000: board.processor.cores.core: 0x10900    : bltu a4, a3, -6            : 
 506000: board.processor.cores.core.workload: Translating: 0x10900->0x900
 506000: board.cache_hierarchy.l1i-cache-0: access for ReadReq [900:93f] IF hit state: 6 (E) writable: 1 readable: 1 dirty: 0 prefetched: 0 | tag: 0 secure: 0 valid: 1 | set: 0x24 way: 0
 499000: board.processor.cores.core: 0x108fa    : c_sd a1, 0(a4)             : 
 499000: board.processor.cores.core: 0x108fc    : c_sd a1, 8(a4)             : 
 507000: board.processor.cores.core.workload: Translating: 0x108c0->0x8c0
 507000: board.cache_hierarchy.l1i-cache-0: access for ReadReq [8c0:8ff] IF hit state: 6 (E) writable: 1 readable: 1 dirty: 0 prefetched: 0 | tag: 0 secure: 0 valid: 1 | set: 0x23 way: 0
 507000: board.processor.cores.core.workload: Translating: 0x13640->0x3640
 507000: board.processor.cores.core.workload: Translating: 0x13648->0x3648
 500000: board.processor.cores.core: 0x108fe    : c_addi a4, 16              : 
 508000: board.cache_hierarchy.l1d-cache-0: access for WriteReq [3630:3637] type=MemWrite hit state: e (M) writable: 1 readable: 1 dirty: 1 prefetched: 0 | tag: 0x3 secure: 0 valid: 1 | set: 0x18 way: 0
 508000: board.cache_hierarchy.l1d-cache-0: satisfyRequest for WriteReq [3630:3637] type=MemWrite (write)
 508000: board.cache_hierarchy.l1d-cache-0: access for WriteReq [3638:363f] type=MemWrite hit state: e (M) writable: 1 readable: 1 dirty: 1 prefetched: 0 | tag: 0x3 secure: 0 valid: 1 | set: 0x18 way: 0
 508000: board.cache_hierarchy.l1d-cache-0: satisfyRequest for WriteReq [3638:363f] type=MemWrite (write)
 501000: board.processor.cores.core: 0x10900    : bltu a4, a3, -6            : 
 509000: board.processor.cores.core.workload: Translating: 0x10900->0x900
 509000: board.cache_hierarchy.l1i-cache-0: access for ReadReq [900:93f] IF hit state: 6 (E) writable: 1 readable: 1 dirty: 0 prefetched: 0 | tag: 0 secure: 0 valid: 1 | set: 0x24 way: 0
 502000: board.processor.cores.core: 0x108fa    : c_sd a1, 0(a4)             : 
 502000: board.processor.cores.core: 0x108fc    : c_sd a1, 8(a4)             : 
 510000: board.processor.cores.core.workload: Translating: 0x108c0->0x8c0
 510000: board.cache_hierarchy.l1i-cache-0: access for ReadReq [8c0:8ff] IF hit state: 6 (E) writable: 1 readable: 1 dirty: 0 prefetched: 0 | tag: 0 secure: 0 valid: 1 | set: 0x23 way: 0
 510000: board.processor.cores.core.workload: Translating: 0x13650->0x3650
 510000: board.processor.cores.core.workload: Translating: 0x13658->0x3658
 503000: board.processor.cores.core: 0x108fe    : c_addi a4, 16              : 
 511000: board.cache_hierarchy.l1d-cache-0: access for WriteReq [3640:3647] type=MemWrite hit state: 6 (E) writable: 1 readable: 1 dirty: 0 prefetched: 1 | tag: 0x3 secure: 0 valid: 1 | set: 0x19 way: 0
 511000: board.cache_hierarchy.l1d-cache-0: satisfyRequest for WriteReq [3640:3647] type=MemWrite (write)
 511000: board.cache_hierarchy.l1d-cache-0: Hit on prefetch for addr 0x3640 (ns)
 511000: board.cache_hierarchy.l1d-cache-0: access for WriteReq [3648:364f] type=MemWrite hit state: e (M) writable: 1 readable: 1 dirty: 1 prefetched: 0 | tag: 0x3 secure: 0 valid: 1 | set: 0x19 way: 0
 511000: board.cache_hierarchy.l1d-cache-0: satisfyRequest for WriteReq [3648:364f] type=MemWrite (write)
 504000: board.processor.cores.core: 0x10900    : bltu a4, a3, -6            : 
 512000: board.processor.cores.core.workload: Translating: 0x10900->0x900
 512000: board.cache_hierarchy.l1i-cache-0: access for ReadReq [900:93f] IF hit state: 6 (E) writable: 1 readable: 1 dirty: 0 prefetched: 0 | tag: 0 secure: 0 valid: 1 | set: 0x24 way: 0
 505000: board.processor.cores.core: 0x108fa    : c_sd a1, 0(a4)             : 
 505000: board.processor.cores.core: 0x108fc    : c_sd a1, 8(a4)             : 
 512003: board.cache_hierarchy.l1d-cache-0: sendMSHRQueuePacket: MSHR HardPFReq [3740:377f]
 512003: board.cache_hierarchy.l1d-cache-0: sendMSHRQueuePacket: MSHR HardPFReq [3740:377f]
 512003: board.cache_hierarchy.l1d-cache-0: createMissPacket: created ReadSharedReq [3740:377f] from HardPFReq [3740:377f]
 512003: board.cache_hierarchy.l2-cache-0: access for ReadSharedReq [3740:377f] miss
 512003: board.cache_hierarchy.l2-cache-0: handleTimingReqMiss coalescing MSHR for ReadSharedReq [3740:377f]
 513000: board.processor.cores.core.workload: Translating: 0x108c0->0x8c0
 513000: board.cache_hierarchy.l1i-cache-0: access for ReadReq [8c0:8ff] IF hit state: 6 (E) writable: 1 readable: 1 dirty: 0 prefetched: 0 | tag: 0 secure: 0 valid: 1 | set: 0x23 way: 0
 513000: board.processor.cores.core.workload: Translating: 0x13660->0x3660
 513000: board.processor.cores.core.workload: Translating: 0x13668->0x3668
 506000: board.processor.cores.core: 0x108fe    : c_addi a4, 16              : 
 513006: board.cache_hierarchy.l2-cache-0: sendMSHRQueuePacket: MSHR HardPFReq [3840:387f]
 513006: board.cache_hierarchy.l2-cache-0: sendMSHRQueuePacket: MSHR HardPFReq [3840:387f]
 513006: board.cache_hierarchy.l2-cache-0: createMissPacket: created ReadSharedReq [3840:387f] from HardPFReq [3840:387f]
 514000: board.cache_hierarchy.l1d-cache-0: access for WriteReq [3650:3657] type=MemWrite hit state: e (M) writable: 1 readable: 1 dirty: 1 prefetched: 0 | tag: 0x3 secure: 0 valid: 1 | set: 0x19 way: 0
 514000: board.cache_hierarchy.l1d-cache-0: satisfyRequest for WriteReq [3650:3657] type=MemWrite (write)
 514000: board.cache_hierarchy.l1d-cache-0: access for WriteReq [3658:365f] type=MemWrite hit state: e (M) writable: 1 readable: 1 dirty: 1 prefetched: 0 | tag: 0x3 secure: 0 valid: 1 | set: 0x19 way: 0
 514000: board.cache_hierarchy.l1d-cache-0: satisfyRequest for WriteReq [3658:365f] type=MemWrite (write)
 507000: board.processor.cores.core: 0x10900    : bltu a4, a3, -6            : 
 515000: board.processor.cores.core.workload: Translating: 0x10900->0x900
 515000: board.cache_hierarchy.l1i-cache-0: access for ReadReq [900:93f] IF hit state: 6 (E) writable: 1 readable: 1 dirty: 0 prefetched: 0 | tag: 0 secure: 0 valid: 1 | set: 0x24 way: 0
 508000: board.processor.cores.core: 0x108fa    : c_sd a1, 0(a4)             : 
 508000: board.processor.cores.core: 0x108fc    : c_sd a1, 8(a4)             : 
 516000: board.processor.cores.core.workload: Translating: 0x108c0->0x8c0
 516000: board.cache_hierarchy.l1i-cache-0: access for ReadReq [8c0:8ff] IF hit state: 6 (E) writable: 1 readable: 1 dirty: 0 prefetched: 0 | tag: 0 secure: 0 valid: 1 | set: 0x23 way: 0
 516000: board.processor.cores.core.workload: Translating: 0x13670->0x3670
 516000: board.processor.cores.core.workload: Translating: 0x13678->0x3678
 509000: board.processor.cores.core: 0x108fe    : c_addi a4, 16              : 
 517000: board.cache_hierarchy.l1d-cache-0: access for WriteReq [3660:3667] type=MemWrite hit state: e (M) writable: 1 readable: 1 dirty: 1 prefetched: 0 | tag: 0x3 secure: 0 valid: 1 | set: 0x19 way: 0
 517000: board.cache_hierarchy.l1d-cache-0: satisfyRequest for WriteReq [3660:3667] type=MemWrite (write)
 517000: board.cache_hierarchy.l1d-cache-0: access for WriteReq [3668:366f] type=MemWrite hit state: e (M) writable: 1 readable: 1 dirty: 1 prefetched: 0 | tag: 0x3 secure: 0 valid: 1 | set: 0x19 way: 0
 517000: board.cache_hierarchy.l1d-cache-0: satisfyRequest for WriteReq [3668:366f] type=MemWrite (write)
 510000: board.processor.cores.core: 0x10900    : bltu a4, a3, -6            : 
 518000: board.processor.cores.core.workload: Translating: 0x10900->0x900
 518000: board.cache_hierarchy.l1i-cache-0: access for ReadReq [900:93f] IF hit state: 6 (E) writable: 1 readable: 1 dirty: 0 prefetched: 0 | tag: 0 secure: 0 valid: 1 | set: 0x24 way: 0
 511000: board.processor.cores.core: 0x108fa    : c_sd a1, 0(a4)             : 
 511000: board.processor.cores.core: 0x108fc    : c_sd a1, 8(a4)             : 
 519000: board.processor.cores.core.workload: Translating: 0x108c0->0x8c0
 519000: board.cache_hierarchy.l1i-cache-0: access for ReadReq [8c0:8ff] IF hit state: 6 (E) writable: 1 readable: 1 dirty: 0 prefetched: 0 | tag: 0 secure: 0 valid: 1 | set: 0x23 way: 0
 519000: board.processor.cores.core.workload: Translating: 0x13680->0x3680
 519000: board.processor.cores.core.workload: Translating: 0x13688->0x3688
 512000: board.processor.cores.core: 0x108fe    : c_addi a4, 16              : 
 520000: board.cache_hierarchy.l1d-cache-0: access for WriteReq [3670:3677] type=MemWrite hit state: e (M) writable: 1 readable: 1 dirty: 1 prefetched: 0 | tag: 0x3 secure: 0 valid: 1 | set: 0x19 way: 0
 520000: board.cache_hierarchy.l1d-cache-0: satisfyRequest for WriteReq [3670:3677] type=MemWrite (write)
 520000: board.cache_hierarchy.l1d-cache-0: access for WriteReq [3678:367f] type=MemWrite hit state: e (M) writable: 1 readable: 1 dirty: 1 prefetched: 0 | tag: 0x3 secure: 0 valid: 1 | set: 0x19 way: 0
 520000: board.cache_hierarchy.l1d-cache-0: satisfyRequest for WriteReq [3678:367f] type=MemWrite (write)
 513000: board.processor.cores.core: 0x10900    : bltu a4, a3, -6            : 
 521000: board.processor.cores.core.workload: Translating: 0x10900->0x900
 521000: board.cache_hierarchy.l1i-cache-0: access for ReadReq [900:93f] IF hit state: 6 (E) writable: 1 readable: 1 dirty: 0 prefetched: 0 | tag: 0 secure: 0 valid: 1 | set: 0x24 way: 0
 514000: board.processor.cores.core: 0x108fa    : c_sd a1, 0(a4)             : 
 514000: board.processor.cores.core: 0x108fc    : c_sd a1, 8(a4)             : 
 522000: board.processor.cores.core.workload: Translating: 0x108c0->0x8c0
 522000: board.cache_hierarchy.l1i-cache-0: access for ReadReq [8c0:8ff] IF hit state: 6 (E) writable: 1 readable: 1 dirty: 0 prefetched: 0 | tag: 0 secure: 0 valid: 1 | set: 0x23 way: 0
 522000: board.processor.cores.core.workload: Translating: 0x13690->0x3690
 522000: board.processor.cores.core.workload: Translating: 0x13698->0x3698
 515000: board.processor.cores.core: 0x108fe    : c_addi a4, 16              : 
 523000: board.cache_hierarchy.l1d-cache-0: access for WriteReq [3680:3687] type=MemWrite hit state: 6 (E) writable: 1 readable: 1 dirty: 0 prefetched: 1 | tag: 0x3 secure: 0 valid: 1 | set: 0x1a way: 0
 523000: board.cache_hierarchy.l1d-cache-0: satisfyRequest for WriteReq [3680:3687] type=MemWrite (write)
 523000: board.cache_hierarchy.l1d-cache-0: Hit on prefetch for addr 0x3680 (ns)
 523000: board.cache_hierarchy.l1d-cache-0: access for WriteReq [3688:368f] type=MemWrite hit state: e (M) writable: 1 readable: 1 dirty: 1 prefetched: 0 | tag: 0x3 secure: 0 valid: 1 | set: 0x1a way: 0
 523000: board.cache_hierarchy.l1d-cache-0: satisfyRequest for WriteReq [3688:368f] type=MemWrite (write)
 516000: board.processor.cores.core: 0x10900    : bltu a4, a3, -6            : 
 524000: board.processor.cores.core.workload: Translating: 0x10900->0x900
 524000: board.cache_hierarchy.l1i-cache-0: access for ReadReq [900:93f] IF hit state: 6 (E) writable: 1 readable: 1 dirty: 0 prefetched: 0 | tag: 0 secure: 0 valid: 1 | set: 0x24 way: 0
 517000: board.processor.cores.core: 0x108fa    : c_sd a1, 0(a4)             : 
 517000: board.processor.cores.core: 0x108fc    : c_sd a1, 8(a4)             : 
 524003: board.cache_hierarchy.l1d-cache-0: sendMSHRQueuePacket: MSHR HardPFReq [3780:37bf]
 524003: board.cache_hierarchy.l1d-cache-0: sendMSHRQueuePacket: MSHR HardPFReq [3780:37bf]
 524003: board.cache_hierarchy.l1d-cache-0: createMissPacket: created ReadSharedReq [3780:37bf] from HardPFReq [3780:37bf]
 524003: board.cache_hierarchy.l2-cache-0: access for ReadSharedReq [3780:37bf] miss
 524003: board.cache_hierarchy.l2-cache-0: handleTimingReqMiss coalescing MSHR for ReadSharedReq [3780:37bf]
 525000: board.processor.cores.core.workload: Translating: 0x108c0->0x8c0
 525000: board.cache_hierarchy.l1i-cache-0: access for ReadReq [8c0:8ff] IF hit state: 6 (E) writable: 1 readable: 1 dirty: 0 prefetched: 0 | tag: 0 secure: 0 valid: 1 | set: 0x23 way: 0
 525000: board.processor.cores.core.workload: Translating: 0x136a0->0x36a0
 525000: board.processor.cores.core.workload: Translating: 0x136a8->0x36a8
 518000: board.processor.cores.core: 0x108fe    : c_addi a4, 16              : 
 525006: board.cache_hierarchy.l2-cache-0: sendMSHRQueuePacket: MSHR HardPFReq [3880:38bf]
 525006: board.cache_hierarchy.l2-cache-0: sendMSHRQueuePacket: MSHR HardPFReq [3880:38bf]
 525006: board.cache_hierarchy.l2-cache-0: createMissPacket: created ReadSharedReq [3880:38bf] from HardPFReq [3880:38bf]
 526000: board.cache_hierarchy.l2-cache-0: recvTimingResp: Handling response ReadResp [3700:373f]
 526000: board.cache_hierarchy.l2-cache-0: Block for addr 0x3700 being updated in Cache
 526000: board.cache_hierarchy.l2-cache-0: Block addr 0x3700 (ns) moving from  to state: 6 (E) writable: 1 readable: 1 dirty: 0 prefetched: 0 | tag: 0 secure: 0 valid: 1 | set: 0xdc way: 0
 526000: board.cache_hierarchy.l2-cache-0: recvTimingResp: Leaving with ReadResp [3700:373f]
 526000: board.cache_hierarchy.l1d-cache-0: access for WriteReq [3690:3697] type=MemWrite hit state: e (M) writable: 1 readable: 1 dirty: 1 prefetched: 0 | tag: 0x3 secure: 0 valid: 1 | set: 0x1a way: 0
 526000: board.cache_hierarchy.l1d-cache-0: satisfyRequest for WriteReq [3690:3697] type=MemWrite (write)
 526000: board.cache_hierarchy.l1d-cache-0: access for WriteReq [3698:369f] type=MemWrite hit state: e (M) writable: 1 readable: 1 dirty: 1 prefetched: 0 | tag: 0x3 secure: 0 valid: 1 | set: 0x1a way: 0
 526000: board.cache_hierarchy.l1d-cache-0: satisfyRequest for WriteReq [3698:369f] type=MemWrite (write)
 519000: board.processor.cores.core: 0x10900    : bltu a4, a3, -6            : 
 527000: board.processor.cores.core.workload: Translating: 0x10900->0x900
 527000: board.cache_hierarchy.l1i-cache-0: access for ReadReq [900:93f] IF hit state: 6 (E) writable: 1 readable: 1 dirty: 0 prefetched: 0 | tag: 0 secure: 0 valid: 1 | set: 0x24 way: 0
 520000: board.processor.cores.core: 0x108fa    : c_sd a1, 0(a4)             : 
 520000: board.processor.cores.core: 0x108fc    : c_sd a1, 8(a4)             : 
 528000: board.cache_hierarchy.l1d-cache-0: recvTimingResp: Handling response ReadResp [3700:373f]
 528000: board.cache_hierarchy.l1d-cache-0: Block for addr 0x3700 being updated in Cache
 528000: board.cache_hierarchy.l1d-cache-0: Block addr 0x3700 (ns) moving from  to state: 6 (E) writable: 1 readable: 1 dirty: 0 prefetched: 0 | tag: 0x3 secure: 0 valid: 1 | set: 0x1c way: 0
 528000: board.cache_hierarchy.l1d-cache-0: recvTimingResp: Leaving with ReadResp [3700:373f]
 528000: board.processor.cores.core.workload: Translating: 0x108c0->0x8c0
 528000: board.cache_hierarchy.l1i-cache-0: access for ReadReq [8c0:8ff] IF hit state: 6 (E) writable: 1 readable: 1 dirty: 0 prefetched: 0 | tag: 0 secure: 0 valid: 1 | set: 0x23 way: 0
 528000: board.processor.cores.core.workload: Translating: 0x136b0->0x36b0
 528000: board.processor.cores.core.workload: Translating: 0x136b8->0x36b8
 521000: board.processor.cores.core: 0x108fe    : c_addi a4, 16              : 
 529000: board.cache_hierarchy.l1d-cache-0: access for WriteReq [36a0:36a7] type=MemWrite hit state: e (M) writable: 1 readable: 1 dirty: 1 prefetched: 0 | tag: 0x3 secure: 0 valid: 1 | set: 0x1a way: 0
 529000: board.cache_hierarchy.l1d-cache-0: satisfyRequest for WriteReq [36a0:36a7] type=MemWrite (write)
 529000: board.cache_hierarchy.l1d-cache-0: access for WriteReq [36a8:36af] type=MemWrite hit state: e (M) writable: 1 readable: 1 dirty: 1 prefetched: 0 | tag: 0x3 secure: 0 valid: 1 | set: 0x1a way: 0
 529000: board.cache_hierarchy.l1d-cache-0: satisfyRequest for WriteReq [36a8:36af] type=MemWrite (write)
 522000: board.processor.cores.core: 0x10900    : bltu a4, a3, -6            : 
 530000: board.processor.cores.core.workload: Translating: 0x10900->0x900
 530000: board.cache_hierarchy.l1i-cache-0: access for ReadReq [900:93f] IF hit state: 6 (E) writable: 1 readable: 1 dirty: 0 prefetched: 0 | tag: 0 secure: 0 valid: 1 | set: 0x24 way: 0
 523000: board.processor.cores.core: 0x108fa    : c_sd a1, 0(a4)             : 
 523000: board.processor.cores.core: 0x108fc    : c_sd a1, 8(a4)             : 
 531000: board.cache_hierarchy.l2-cache-0: recvTimingResp: Handling response ReadResp [3740:377f]
 531000: board.cache_hierarchy.l2-cache-0: Block for addr 0x3740 being updated in Cache
 531000: board.cache_hierarchy.l2-cache-0: Block addr 0x3740 (ns) moving from  to state: 6 (E) writable: 1 readable: 1 dirty: 0 prefetched: 0 | tag: 0 secure: 0 valid: 1 | set: 0xdd way: 0
 531000: board.cache_hierarchy.l2-cache-0: recvTimingResp: Leaving with ReadResp [3740:377f]
 531000: board.processor.cores.core.workload: Translating: 0x108c0->0x8c0
 531000: board.cache_hierarchy.l1i-cache-0: access for ReadReq [8c0:8ff] IF hit state: 6 (E) writable: 1 readable: 1 dirty: 0 prefetched: 0 | tag: 0 secure: 0 valid: 1 | set: 0x23 way: 0
 531000: board.processor.cores.core.workload: Translating: 0x136c0->0x36c0
 531000: board.processor.cores.core.workload: Translating: 0x136c8->0x36c8
 524000: board.processor.cores.core: 0x108fe    : c_addi a4, 16              : 
 532000: board.cache_hierarchy.l1d-cache-0: access for WriteReq [36b0:36b7] type=MemWrite hit state: e (M) writable: 1 readable: 1 dirty: 1 prefetched: 0 | tag: 0x3 secure: 0 valid: 1 | set: 0x1a way: 0
 532000: board.cache_hierarchy.l1d-cache-0: satisfyRequest for WriteReq [36b0:36b7] type=MemWrite (write)
 532000: board.cache_hierarchy.l1d-cache-0: access for WriteReq [36b8:36bf] type=MemWrite hit state: e (M) writable: 1 readable: 1 dirty: 1 prefetched: 0 | tag: 0x3 secure: 0 valid: 1 | set: 0x1a way: 0
 532000: board.cache_hierarchy.l1d-cache-0: satisfyRequest for WriteReq [36b8:36bf] type=MemWrite (write)
 525000: board.processor.cores.core: 0x10900    : bltu a4, a3, -6            : 
 533000: board.cache_hierarchy.l1d-cache-0: recvTimingResp: Handling response ReadResp [3740:377f]
 533000: board.cache_hierarchy.l1d-cache-0: Block for addr 0x3740 being updated in Cache
 533000: board.cache_hierarchy.l1d-cache-0: Block addr 0x3740 (ns) moving from  to state: 6 (E) writable: 1 readable: 1 dirty: 0 prefetched: 0 | tag: 0x3 secure: 0 valid: 1 | set: 0x1d way: 0
 533000: board.cache_hierarchy.l1d-cache-0: recvTimingResp: Leaving with ReadResp [3740:377f]
 533000: board.processor.cores.core.workload: Translating: 0x10900->0x900
 533000: board.cache_hierarchy.l1i-cache-0: access for ReadReq [900:93f] IF hit state: 6 (E) writable: 1 readable: 1 dirty: 0 prefetched: 0 | tag: 0 secure: 0 valid: 1 | set: 0x24 way: 0
 526000: board.processor.cores.core: 0x108fa    : c_sd a1, 0(a4)             : 
 526000: board.processor.cores.core: 0x108fc    : c_sd a1, 8(a4)             : 
 534000: board.processor.cores.core.workload: Translating: 0x108c0->0x8c0
 534000: board.cache_hierarchy.l1i-cache-0: access for ReadReq [8c0:8ff] IF hit state: 6 (E) writable: 1 readable: 1 dirty: 0 prefetched: 0 | tag: 0 secure: 0 valid: 1 | set: 0x23 way: 0
 534000: board.processor.cores.core.workload: Translating: 0x136d0->0x36d0
 534000: board.processor.cores.core.workload: Translating: 0x136d8->0x36d8
 527000: board.processor.cores.core: 0x108fe    : c_addi a4, 16              : 
 535000: board.cache_hierarchy.l1d-cache-0: access for WriteReq [36c0:36c7] type=MemWrite hit state: 6 (E) writable: 1 readable: 1 dirty: 0 prefetched: 1 | tag: 0x3 secure: 0 valid: 1 | set: 0x1b way: 0
 535000: board.cache_hierarchy.l1d-cache-0: satisfyRequest for WriteReq [36c0:36c7] type=MemWrite (write)
 535000: board.cache_hierarchy.l1d-cache-0: Hit on prefetch for addr 0x36c0 (ns)
 535000: board.cache_hierarchy.l1d-cache-0: access for WriteReq [36c8:36cf] type=MemWrite hit state: e (M) writable: 1 readable: 1 dirty: 1 prefetched: 0 | tag: 0x3 secure: 0 valid: 1 | set: 0x1b way: 0
 535000: board.cache_hierarchy.l1d-cache-0: satisfyRequest for WriteReq [36c8:36cf] type=MemWrite (write)
 528000: board.processor.cores.core: 0x10900    : bltu a4, a3, -6            : 
 536000: board.cache_hierarchy.l2-cache-0: recvTimingResp: Handling response ReadResp [3780:37bf]
 536000: board.cache_hierarchy.l2-cache-0: Block for addr 0x3780 being updated in Cache
 536000: board.cache_hierarchy.l2-cache-0: Block addr 0x3780 (ns) moving from  to state: 6 (E) writable: 1 readable: 1 dirty: 0 prefetched: 0 | tag: 0 secure: 0 valid: 1 | set: 0xde way: 0
 536000: board.cache_hierarchy.l2-cache-0: recvTimingResp: Leaving with ReadResp [3780:37bf]
 536000: board.processor.cores.core.workload: Translating: 0x10900->0x900
 536000: board.cache_hierarchy.l1i-cache-0: access for ReadReq [900:93f] IF hit state: 6 (E) writable: 1 readable: 1 dirty: 0 prefetched: 0 | tag: 0 secure: 0 valid: 1 | set: 0x24 way: 0
 529000: board.processor.cores.core: 0x108fa    : c_sd a1, 0(a4)             : 
 529000: board.processor.cores.core: 0x108fc    : c_sd a1, 8(a4)             : 
 536003: board.cache_hierarchy.l1d-cache-0: sendMSHRQueuePacket: MSHR HardPFReq [37c0:37ff]
 536003: board.cache_hierarchy.l1d-cache-0: sendMSHRQueuePacket: MSHR HardPFReq [37c0:37ff]
 536003: board.cache_hierarchy.l1d-cache-0: createMissPacket: created ReadSharedReq [37c0:37ff] from HardPFReq [37c0:37ff]
 536003: board.cache_hierarchy.l2-cache-0: access for ReadSharedReq [37c0:37ff] miss
 536003: board.cache_hierarchy.l2-cache-0: handleTimingReqMiss coalescing MSHR for ReadSharedReq [37c0:37ff]
 537000: board.processor.cores.core.workload: Translating: 0x108c0->0x8c0
 537000: board.cache_hierarchy.l1i-cache-0: access for ReadReq [8c0:8ff] IF hit state: 6 (E) writable: 1 readable: 1 dirty: 0 prefetched: 0 | tag: 0 secure: 0 valid: 1 | set: 0x23 way: 0
 537000: board.processor.cores.core.workload: Translating: 0x136e0->0x36e0
 537000: board.processor.cores.core.workload: Translating: 0x136e8->0x36e8
 530000: board.processor.cores.core: 0x108fe    : c_addi a4, 16              : 
 537006: board.cache_hierarchy.l2-cache-0: sendMSHRQueuePacket: MSHR HardPFReq [38c0:38ff]
 537006: board.cache_hierarchy.l2-cache-0: sendMSHRQueuePacket: MSHR HardPFReq [38c0:38ff]
 537006: board.cache_hierarchy.l2-cache-0: createMissPacket: created ReadSharedReq [38c0:38ff] from HardPFReq [38c0:38ff]
 538000: board.cache_hierarchy.l1d-cache-0: recvTimingResp: Handling response ReadResp [3780:37bf]
 538000: board.cache_hierarchy.l1d-cache-0: Block for addr 0x3780 being updated in Cache
 538000: board.cache_hierarchy.l1d-cache-0: Block addr 0x3780 (ns) moving from  to state: 6 (E) writable: 1 readable: 1 dirty: 0 prefetched: 0 | tag: 0x3 secure: 0 valid: 1 | set: 0x1e way: 0
 538000: board.cache_hierarchy.l1d-cache-0: recvTimingResp: Leaving with ReadResp [3780:37bf]
 538000: board.cache_hierarchy.l1d-cache-0: access for WriteReq [36d0:36d7] type=MemWrite hit state: e (M) writable: 1 readable: 1 dirty: 1 prefetched: 0 | tag: 0x3 secure: 0 valid: 1 | set: 0x1b way: 0
 538000: board.cache_hierarchy.l1d-cache-0: satisfyRequest for WriteReq [36d0:36d7] type=MemWrite (write)
 538000: board.cache_hierarchy.l1d-cache-0: access for WriteReq [36d8:36df] type=MemWrite hit state: e (M) writable: 1 readable: 1 dirty: 1 prefetched: 0 | tag: 0x3 secure: 0 valid: 1 | set: 0x1b way: 0
 538000: board.cache_hierarchy.l1d-cache-0: satisfyRequest for WriteReq [36d8:36df] type=MemWrite (write)
 531000: board.processor.cores.core: 0x10900    : bltu a4, a3, -6            : 
 539000: board.processor.cores.core.workload: Translating: 0x10900->0x900
 539000: board.cache_hierarchy.l1i-cache-0: access for ReadReq [900:93f] IF hit state: 6 (E) writable: 1 readable: 1 dirty: 0 prefetched: 0 | tag: 0 secure: 0 valid: 1 | set: 0x24 way: 0
 532000: board.processor.cores.core: 0x108fa    : c_sd a1, 0(a4)             : 
 532000: board.processor.cores.core: 0x108fc    : c_sd a1, 8(a4)             : 
 540000: board.processor.cores.core.workload: Translating: 0x108c0->0x8c0
 540000: board.cache_hierarchy.l1i-cache-0: access for ReadReq [8c0:8ff] IF hit state: 6 (E) writable: 1 readable: 1 dirty: 0 prefetched: 0 | tag: 0 secure: 0 valid: 1 | set: 0x23 way: 0
 540000: board.processor.cores.core.workload: Translating: 0x136f0->0x36f0
 540000: board.processor.cores.core.workload: Translating: 0x136f8->0x36f8
 533000: board.processor.cores.core: 0x108fe    : c_addi a4, 16              : 
 541000: board.cache_hierarchy.l2-cache-0: recvTimingResp: Handling response ReadResp [37c0:37ff]
 541000: board.cache_hierarchy.l2-cache-0: Block for addr 0x37c0 being updated in Cache
 541000: board.cache_hierarchy.l2-cache-0: Block addr 0x37c0 (ns) moving from  to state: 6 (E) writable: 1 readable: 1 dirty: 0 prefetched: 0 | tag: 0 secure: 0 valid: 1 | set: 0xdf way: 0
 541000: board.cache_hierarchy.l2-cache-0: recvTimingResp: Leaving with ReadResp [37c0:37ff]
 541000: board.cache_hierarchy.l1d-cache-0: access for WriteReq [36e0:36e7] type=MemWrite hit state: e (M) writable: 1 readable: 1 dirty: 1 prefetched: 0 | tag: 0x3 secure: 0 valid: 1 | set: 0x1b way: 0
 541000: board.cache_hierarchy.l1d-cache-0: satisfyRequest for WriteReq [36e0:36e7] type=MemWrite (write)
 541000: board.cache_hierarchy.l1d-cache-0: access for WriteReq [36e8:36ef] type=MemWrite hit state: e (M) writable: 1 readable: 1 dirty: 1 prefetched: 0 | tag: 0x3 secure: 0 valid: 1 | set: 0x1b way: 0
 541000: board.cache_hierarchy.l1d-cache-0: satisfyRequest for WriteReq [36e8:36ef] type=MemWrite (write)
 534000: board.processor.cores.core: 0x10900    : bltu a4, a3, -6            : 
 542000: board.processor.cores.core.workload: Translating: 0x10900->0x900
 542000: board.cache_hierarchy.l1i-cache-0: access for ReadReq [900:93f] IF hit state: 6 (E) writable: 1 readable: 1 dirty: 0 prefetched: 0 | tag: 0 secure: 0 valid: 1 | set: 0x24 way: 0
 535000: board.processor.cores.core: 0x108fa    : c_sd a1, 0(a4)             : 
 535000: board.processor.cores.core: 0x108fc    : c_sd a1, 8(a4)             : 
 543000: board.cache_hierarchy.l1d-cache-0: recvTimingResp: Handling response ReadResp [37c0:37ff]
 543000: board.cache_hierarchy.l1d-cache-0: Block for addr 0x37c0 being updated in Cache
 543000: board.cache_hierarchy.l1d-cache-0: Block addr 0x37c0 (ns) moving from  to state: 6 (E) writable: 1 readable: 1 dirty: 0 prefetched: 0 | tag: 0x3 secure: 0 valid: 1 | set: 0x1f way: 0
 543000: board.cache_hierarchy.l1d-cache-0: recvTimingResp: Leaving with ReadResp [37c0:37ff]
 543000: board.processor.cores.core.workload: Translating: 0x108c0->0x8c0
 543000: board.cache_hierarchy.l1i-cache-0: access for ReadReq [8c0:8ff] IF hit state: 6 (E) writable: 1 readable: 1 dirty: 0 prefetched: 0 | tag: 0 secure: 0 valid: 1 | set: 0x23 way: 0
 543000: board.processor.cores.core.workload: Translating: 0x13700->0x3700
 543000: board.processor.cores.core.workload: Translating: 0x13708->0x3708
 536000: board.processor.cores.core: 0x108fe    : c_addi a4, 16              : 
 544000: board.cache_hierarchy.l1d-cache-0: access for WriteReq [36f0:36f7] type=MemWrite hit state: e (M) writable: 1 readable: 1 dirty: 1 prefetched: 0 | tag: 0x3 secure: 0 valid: 1 | set: 0x1b way: 0
 544000: board.cache_hierarchy.l1d-cache-0: satisfyRequest for WriteReq [36f0:36f7] type=MemWrite (write)
 544000: board.cache_hierarchy.l1d-cache-0: access for WriteReq [36f8:36ff] type=MemWrite hit state: e (M) writable: 1 readable: 1 dirty: 1 prefetched: 0 | tag: 0x3 secure: 0 valid: 1 | set: 0x1b way: 0
 544000: board.cache_hierarchy.l1d-cache-0: satisfyRequest for WriteReq [36f8:36ff] type=MemWrite (write)
 537000: board.processor.cores.core: 0x10900    : bltu a4, a3, -6            : 
 545000: board.processor.cores.core.workload: Translating: 0x10900->0x900
 545000: board.cache_hierarchy.l1i-cache-0: access for ReadReq [900:93f] IF hit state: 6 (E) writable: 1 readable: 1 dirty: 0 prefetched: 0 | tag: 0 secure: 0 valid: 1 | set: 0x24 way: 0
 538000: board.processor.cores.core: 0x108fa    : c_sd a1, 0(a4)             : 
 538000: board.processor.cores.core: 0x108fc    : c_sd a1, 8(a4)             : 
 546000: board.processor.cores.core.workload: Translating: 0x108c0->0x8c0
 546000: board.cache_hierarchy.l1i-cache-0: access for ReadReq [8c0:8ff] IF hit state: 6 (E) writable: 1 readable: 1 dirty: 0 prefetched: 0 | tag: 0 secure: 0 valid: 1 | set: 0x23 way: 0
 546000: board.processor.cores.core.workload: Translating: 0x13710->0x3710
 546000: board.processor.cores.core.workload: Translating: 0x13718->0x3718
 539000: board.processor.cores.core: 0x108fe    : c_addi a4, 16              : 
 547000: board.cache_hierarchy.l1d-cache-0: access for WriteReq [3700:3707] type=MemWrite hit state: 6 (E) writable: 1 readable: 1 dirty: 0 prefetched: 1 | tag: 0x3 secure: 0 valid: 1 | set: 0x1c way: 0
 547000: board.cache_hierarchy.l1d-cache-0: satisfyRequest for WriteReq [3700:3707] type=MemWrite (write)
 547000: board.cache_hierarchy.l1d-cache-0: Hit on prefetch for addr 0x3700 (ns)
 547000: board.cache_hierarchy.l1d-cache-0: access for WriteReq [3708:370f] type=MemWrite hit state: e (M) writable: 1 readable: 1 dirty: 1 prefetched: 0 | tag: 0x3 secure: 0 valid: 1 | set: 0x1c way: 0
 547000: board.cache_hierarchy.l1d-cache-0: satisfyRequest for WriteReq [3708:370f] type=MemWrite (write)
 540000: board.processor.cores.core: 0x10900    : bltu a4, a3, -6            : 
 548000: board.processor.cores.core.workload: Translating: 0x10900->0x900
 548000: board.cache_hierarchy.l1i-cache-0: access for ReadReq [900:93f] IF hit state: 6 (E) writable: 1 readable: 1 dirty: 0 prefetched: 0 | tag: 0 secure: 0 valid: 1 | set: 0x24 way: 0
 541000: board.processor.cores.core: 0x108fa    : c_sd a1, 0(a4)             : 
 541000: board.processor.cores.core: 0x108fc    : c_sd a1, 8(a4)             : 
 548003: board.cache_hierarchy.l1d-cache-0: sendMSHRQueuePacket: MSHR HardPFReq [3800:383f]
 548003: board.cache_hierarchy.l1d-cache-0: sendMSHRQueuePacket: MSHR HardPFReq [3800:383f]
 548003: board.cache_hierarchy.l1d-cache-0: createMissPacket: created ReadSharedReq [3800:383f] from HardPFReq [3800:383f]
 548003: board.cache_hierarchy.l2-cache-0: access for ReadSharedReq [3800:383f] miss
 548003: board.cache_hierarchy.l2-cache-0: handleTimingReqMiss coalescing MSHR for ReadSharedReq [3800:383f]
 549000: board.processor.cores.core.workload: Translating: 0x108c0->0x8c0
 549000: board.cache_hierarchy.l1i-cache-0: access for ReadReq [8c0:8ff] IF hit state: 6 (E) writable: 1 readable: 1 dirty: 0 prefetched: 0 | tag: 0 secure: 0 valid: 1 | set: 0x23 way: 0
 549000: board.processor.cores.core.workload: Translating: 0x13720->0x3720
 549000: board.processor.cores.core.workload: Translating: 0x13728->0x3728
 542000: board.processor.cores.core: 0x108fe    : c_addi a4, 16              : 
 549006: board.cache_hierarchy.l2-cache-0: sendMSHRQueuePacket: MSHR HardPFReq [3900:393f]
 549006: board.cache_hierarchy.l2-cache-0: sendMSHRQueuePacket: MSHR HardPFReq [3900:393f]
 549006: board.cache_hierarchy.l2-cache-0: createMissPacket: created ReadSharedReq [3900:393f] from HardPFReq [3900:393f]
 550000: board.cache_hierarchy.l2-cache-0: recvTimingResp: Handling response ReadResp [3800:383f]
 550000: board.cache_hierarchy.l2-cache-0: Block for addr 0x3800 being updated in Cache
 550000: board.cache_hierarchy.l2-cache-0: Block addr 0x3800 (ns) moving from  to state: 6 (E) writable: 1 readable: 1 dirty: 0 prefetched: 0 | tag: 0 secure: 0 valid: 1 | set: 0xe0 way: 0
 550000: board.cache_hierarchy.l2-cache-0: recvTimingResp: Leaving with ReadResp [3800:383f]
 550000: board.cache_hierarchy.l1d-cache-0: access for WriteReq [3710:3717] type=MemWrite hit state: e (M) writable: 1 readable: 1 dirty: 1 prefetched: 0 | tag: 0x3 secure: 0 valid: 1 | set: 0x1c way: 0
 550000: board.cache_hierarchy.l1d-cache-0: satisfyRequest for WriteReq [3710:3717] type=MemWrite (write)
 550000: board.cache_hierarchy.l1d-cache-0: access for WriteReq [3718:371f] type=MemWrite hit state: e (M) writable: 1 readable: 1 dirty: 1 prefetched: 0 | tag: 0x3 secure: 0 valid: 1 | set: 0x1c way: 0
 550000: board.cache_hierarchy.l1d-cache-0: satisfyRequest for WriteReq [3718:371f] type=MemWrite (write)
 543000: board.processor.cores.core: 0x10900    : bltu a4, a3, -6            : 
 551000: board.processor.cores.core.workload: Translating: 0x10900->0x900
 551000: board.cache_hierarchy.l1i-cache-0: access for ReadReq [900:93f] IF hit state: 6 (E) writable: 1 readable: 1 dirty: 0 prefetched: 0 | tag: 0 secure: 0 valid: 1 | set: 0x24 way: 0
 544000: board.processor.cores.core: 0x108fa    : c_sd a1, 0(a4)             : 
 544000: board.processor.cores.core: 0x108fc    : c_sd a1, 8(a4)             : 
 552000: board.cache_hierarchy.l1d-cache-0: recvTimingResp: Handling response ReadResp [3800:383f]
 552000: board.cache_hierarchy.l1d-cache-0: Block for addr 0x3800 being updated in Cache
 552000: board.cache_hierarchy.l1d-cache-0: Block addr 0x3800 (ns) moving from  to state: 6 (E) writable: 1 readable: 1 dirty: 0 prefetched: 0 | tag: 0x3 secure: 0 valid: 1 | set: 0x20 way: 0
 552000: board.cache_hierarchy.l1d-cache-0: recvTimingResp: Leaving with ReadResp [3800:383f]
 552000: board.processor.cores.core.workload: Translating: 0x108c0->0x8c0
 552000: board.cache_hierarchy.l1i-cache-0: access for ReadReq [8c0:8ff] IF hit state: 6 (E) writable: 1 readable: 1 dirty: 0 prefetched: 0 | tag: 0 secure: 0 valid: 1 | set: 0x23 way: 0
 552000: board.processor.cores.core.workload: Translating: 0x13730->0x3730
 552000: board.processor.cores.core.workload: Translating: 0x13738->0x3738
 545000: board.processor.cores.core: 0x108fe    : c_addi a4, 16              : 
 553000: board.cache_hierarchy.l1d-cache-0: access for WriteReq [3720:3727] type=MemWrite hit state: e (M) writable: 1 readable: 1 dirty: 1 prefetched: 0 | tag: 0x3 secure: 0 valid: 1 | set: 0x1c way: 0
 553000: board.cache_hierarchy.l1d-cache-0: satisfyRequest for WriteReq [3720:3727] type=MemWrite (write)
 553000: board.cache_hierarchy.l1d-cache-0: access for WriteReq [3728:372f] type=MemWrite hit state: e (M) writable: 1 readable: 1 dirty: 1 prefetched: 0 | tag: 0x3 secure: 0 valid: 1 | set: 0x1c way: 0
 553000: board.cache_hierarchy.l1d-cache-0: satisfyRequest for WriteReq [3728:372f] type=MemWrite (write)
 546000: board.processor.cores.core: 0x10900    : bltu a4, a3, -6            : 
 554000: board.processor.cores.core.workload: Translating: 0x10900->0x900
 554000: board.cache_hierarchy.l1i-cache-0: access for ReadReq [900:93f] IF hit state: 6 (E) writable: 1 readable: 1 dirty: 0 prefetched: 0 | tag: 0 secure: 0 valid: 1 | set: 0x24 way: 0
 547000: board.processor.cores.core: 0x108fa    : c_sd a1, 0(a4)             : 
 547000: board.processor.cores.core: 0x108fc    : c_sd a1, 8(a4)             : 
 555000: board.processor.cores.core.workload: Translating: 0x108c0->0x8c0
 555000: board.cache_hierarchy.l1i-cache-0: access for ReadReq [8c0:8ff] IF hit state: 6 (E) writable: 1 readable: 1 dirty: 0 prefetched: 0 | tag: 0 secure: 0 valid: 1 | set: 0x23 way: 0
 555000: board.processor.cores.core.workload: Translating: 0x13740->0x3740
 555000: board.processor.cores.core.workload: Translating: 0x13748->0x3748
 548000: board.processor.cores.core: 0x108fe    : c_addi a4, 16              : 
 556000: board.cache_hierarchy.l1d-cache-0: access for WriteReq [3730:3737] type=MemWrite hit state: e (M) writable: 1 readable: 1 dirty: 1 prefetched: 0 | tag: 0x3 secure: 0 valid: 1 | set: 0x1c way: 0
 556000: board.cache_hierarchy.l1d-cache-0: satisfyRequest for WriteReq [3730:3737] type=MemWrite (write)
 556000: board.cache_hierarchy.l1d-cache-0: access for WriteReq [3738:373f] type=MemWrite hit state: e (M) writable: 1 readable: 1 dirty: 1 prefetched: 0 | tag: 0x3 secure: 0 valid: 1 | set: 0x1c way: 0
 556000: board.cache_hierarchy.l1d-cache-0: satisfyRequest for WriteReq [3738:373f] type=MemWrite (write)
 549000: board.processor.cores.core: 0x10900    : bltu a4, a3, -6            : 
 557000: board.processor.cores.core.workload: Translating: 0x10900->0x900
 557000: board.cache_hierarchy.l1i-cache-0: access for ReadReq [900:93f] IF hit state: 6 (E) writable: 1 readable: 1 dirty: 0 prefetched: 0 | tag: 0 secure: 0 valid: 1 | set: 0x24 way: 0
 550000: board.processor.cores.core: 0x108fa    : c_sd a1, 0(a4)             : 
 550000: board.processor.cores.core: 0x108fc    : c_sd a1, 8(a4)             : 
 558000: board.processor.cores.core.workload: Translating: 0x108c0->0x8c0
 558000: board.cache_hierarchy.l1i-cache-0: access for ReadReq [8c0:8ff] IF hit state: 6 (E) writable: 1 readable: 1 dirty: 0 prefetched: 0 | tag: 0 secure: 0 valid: 1 | set: 0x23 way: 0
 558000: board.processor.cores.core.workload: Translating: 0x13750->0x3750
 558000: board.processor.cores.core.workload: Translating: 0x13758->0x3758
 551000: board.processor.cores.core: 0x108fe    : c_addi a4, 16              : 
 559000: board.cache_hierarchy.l1d-cache-0: access for WriteReq [3740:3747] type=MemWrite hit state: 6 (E) writable: 1 readable: 1 dirty: 0 prefetched: 1 | tag: 0x3 secure: 0 valid: 1 | set: 0x1d way: 0
 559000: board.cache_hierarchy.l1d-cache-0: satisfyRequest for WriteReq [3740:3747] type=MemWrite (write)
 559000: board.cache_hierarchy.l1d-cache-0: Hit on prefetch for addr 0x3740 (ns)
 559000: board.cache_hierarchy.l1d-cache-0: access for WriteReq [3748:374f] type=MemWrite hit state: e (M) writable: 1 readable: 1 dirty: 1 prefetched: 0 | tag: 0x3 secure: 0 valid: 1 | set: 0x1d way: 0
 559000: board.cache_hierarchy.l1d-cache-0: satisfyRequest for WriteReq [3748:374f] type=MemWrite (write)
 552000: board.processor.cores.core: 0x10900    : bltu a4, a3, -6            : 
 560000: board.processor.cores.core.workload: Translating: 0x10900->0x900
 560000: board.cache_hierarchy.l1i-cache-0: access for ReadReq [900:93f] IF hit state: 6 (E) writable: 1 readable: 1 dirty: 0 prefetched: 0 | tag: 0 secure: 0 valid: 1 | set: 0x24 way: 0
 553000: board.processor.cores.core: 0x108fa    : c_sd a1, 0(a4)             : 
 553000: board.processor.cores.core: 0x108fc    : c_sd a1, 8(a4)             : 
 560003: board.cache_hierarchy.l1d-cache-0: sendMSHRQueuePacket: MSHR HardPFReq [3840:387f]
 560003: board.cache_hierarchy.l1d-cache-0: sendMSHRQueuePacket: MSHR HardPFReq [3840:387f]
 560003: board.cache_hierarchy.l1d-cache-0: createMissPacket: created ReadSharedReq [3840:387f] from HardPFReq [3840:387f]
 560003: board.cache_hierarchy.l2-cache-0: access for ReadSharedReq [3840:387f] miss
 560003: board.cache_hierarchy.l2-cache-0: handleTimingReqMiss coalescing MSHR for ReadSharedReq [3840:387f]
 561000: board.processor.cores.core.workload: Translating: 0x108c0->0x8c0
 561000: board.cache_hierarchy.l1i-cache-0: access for ReadReq [8c0:8ff] IF hit state: 6 (E) writable: 1 readable: 1 dirty: 0 prefetched: 0 | tag: 0 secure: 0 valid: 1 | set: 0x23 way: 0
 561000: board.processor.cores.core.workload: Translating: 0x13760->0x3760
 561000: board.processor.cores.core.workload: Translating: 0x13768->0x3768
 554000: board.processor.cores.core: 0x108fe    : c_addi a4, 16              : 
 561006: board.cache_hierarchy.l2-cache-0: sendMSHRQueuePacket: MSHR HardPFReq [3940:397f]
 561006: board.cache_hierarchy.l2-cache-0: sendMSHRQueuePacket: MSHR HardPFReq [3940:397f]
 561006: board.cache_hierarchy.l2-cache-0: createMissPacket: created ReadSharedReq [3940:397f] from HardPFReq [3940:397f]
 562000: board.cache_hierarchy.l2-cache-0: recvTimingResp: Handling response ReadResp [3840:387f]
 562000: board.cache_hierarchy.l2-cache-0: Block for addr 0x3840 being updated in Cache
 562000: board.cache_hierarchy.l2-cache-0: Block addr 0x3840 (ns) moving from  to state: 6 (E) writable: 1 readable: 1 dirty: 0 prefetched: 0 | tag: 0 secure: 0 valid: 1 | set: 0xe1 way: 0
 562000: board.cache_hierarchy.l2-cache-0: recvTimingResp: Leaving with ReadResp [3840:387f]
 562000: board.cache_hierarchy.l1d-cache-0: access for WriteReq [3750:3757] type=MemWrite hit state: e (M) writable: 1 readable: 1 dirty: 1 prefetched: 0 | tag: 0x3 secure: 0 valid: 1 | set: 0x1d way: 0
 562000: board.cache_hierarchy.l1d-cache-0: satisfyRequest for WriteReq [3750:3757] type=MemWrite (write)
 562000: board.cache_hierarchy.l1d-cache-0: access for WriteReq [3758:375f] type=MemWrite hit state: e (M) writable: 1 readable: 1 dirty: 1 prefetched: 0 | tag: 0x3 secure: 0 valid: 1 | set: 0x1d way: 0
 562000: board.cache_hierarchy.l1d-cache-0: satisfyRequest for WriteReq [3758:375f] type=MemWrite (write)
 555000: board.processor.cores.core: 0x10900    : bltu a4, a3, -6            : 
 563000: board.processor.cores.core.workload: Translating: 0x10900->0x900
 563000: board.cache_hierarchy.l1i-cache-0: access for ReadReq [900:93f] IF hit state: 6 (E) writable: 1 readable: 1 dirty: 0 prefetched: 0 | tag: 0 secure: 0 valid: 1 | set: 0x24 way: 0
 556000: board.processor.cores.core: 0x108fa    : c_sd a1, 0(a4)             : 
 556000: board.processor.cores.core: 0x108fc    : c_sd a1, 8(a4)             : 
 564000: board.cache_hierarchy.l1d-cache-0: recvTimingResp: Handling response ReadResp [3840:387f]
 564000: board.cache_hierarchy.l1d-cache-0: Block for addr 0x3840 being updated in Cache
 564000: board.cache_hierarchy.l1d-cache-0: Block addr 0x3840 (ns) moving from  to state: 6 (E) writable: 1 readable: 1 dirty: 0 prefetched: 0 | tag: 0x3 secure: 0 valid: 1 | set: 0x21 way: 0
 564000: board.cache_hierarchy.l1d-cache-0: recvTimingResp: Leaving with ReadResp [3840:387f]
 564000: board.processor.cores.core.workload: Translating: 0x108c0->0x8c0
 564000: board.cache_hierarchy.l1i-cache-0: access for ReadReq [8c0:8ff] IF hit state: 6 (E) writable: 1 readable: 1 dirty: 0 prefetched: 0 | tag: 0 secure: 0 valid: 1 | set: 0x23 way: 0
 564000: board.processor.cores.core.workload: Translating: 0x13770->0x3770
 564000: board.processor.cores.core.workload: Translating: 0x13778->0x3778
 557000: board.processor.cores.core: 0x108fe    : c_addi a4, 16              : 
 565000: board.cache_hierarchy.l1d-cache-0: access for WriteReq [3760:3767] type=MemWrite hit state: e (M) writable: 1 readable: 1 dirty: 1 prefetched: 0 | tag: 0x3 secure: 0 valid: 1 | set: 0x1d way: 0
 565000: board.cache_hierarchy.l1d-cache-0: satisfyRequest for WriteReq [3760:3767] type=MemWrite (write)
 565000: board.cache_hierarchy.l1d-cache-0: access for WriteReq [3768:376f] type=MemWrite hit state: e (M) writable: 1 readable: 1 dirty: 1 prefetched: 0 | tag: 0x3 secure: 0 valid: 1 | set: 0x1d way: 0
 565000: board.cache_hierarchy.l1d-cache-0: satisfyRequest for WriteReq [3768:376f] type=MemWrite (write)
 558000: board.processor.cores.core: 0x10900    : bltu a4, a3, -6            : 
 566000: board.processor.cores.core.workload: Translating: 0x10900->0x900
 566000: board.cache_hierarchy.l1i-cache-0: access for ReadReq [900:93f] IF hit state: 6 (E) writable: 1 readable: 1 dirty: 0 prefetched: 0 | tag: 0 secure: 0 valid: 1 | set: 0x24 way: 0
 559000: board.processor.cores.core: 0x108fa    : c_sd a1, 0(a4)             : 
 559000: board.processor.cores.core: 0x108fc    : c_sd a1, 8(a4)             : 
 567000: board.processor.cores.core.workload: Translating: 0x108c0->0x8c0
 567000: board.cache_hierarchy.l1i-cache-0: access for ReadReq [8c0:8ff] IF hit state: 6 (E) writable: 1 readable: 1 dirty: 0 prefetched: 0 | tag: 0 secure: 0 valid: 1 | set: 0x23 way: 0
 567000: board.processor.cores.core.workload: Translating: 0x13780->0x3780
 567000: board.processor.cores.core.workload: Translating: 0x13788->0x3788
 560000: board.processor.cores.core: 0x108fe    : c_addi a4, 16              : 
 568000: board.cache_hierarchy.l1d-cache-0: access for WriteReq [3770:3777] type=MemWrite hit state: e (M) writable: 1 readable: 1 dirty: 1 prefetched: 0 | tag: 0x3 secure: 0 valid: 1 | set: 0x1d way: 0
 568000: board.cache_hierarchy.l1d-cache-0: satisfyRequest for WriteReq [3770:3777] type=MemWrite (write)
 568000: board.cache_hierarchy.l1d-cache-0: access for WriteReq [3778:377f] type=MemWrite hit state: e (M) writable: 1 readable: 1 dirty: 1 prefetched: 0 | tag: 0x3 secure: 0 valid: 1 | set: 0x1d way: 0
 568000: board.cache_hierarchy.l1d-cache-0: satisfyRequest for WriteReq [3778:377f] type=MemWrite (write)
 561000: board.processor.cores.core: 0x10900    : bltu a4, a3, -6            : 
 569000: board.processor.cores.core.workload: Translating: 0x10900->0x900
 569000: board.cache_hierarchy.l1i-cache-0: access for ReadReq [900:93f] IF hit state: 6 (E) writable: 1 readable: 1 dirty: 0 prefetched: 0 | tag: 0 secure: 0 valid: 1 | set: 0x24 way: 0
 562000: board.processor.cores.core: 0x108fa    : c_sd a1, 0(a4)             : 
 562000: board.processor.cores.core: 0x108fc    : c_sd a1, 8(a4)             : 
 570000: board.processor.cores.core.workload: Translating: 0x108c0->0x8c0
 570000: board.cache_hierarchy.l1i-cache-0: access for ReadReq [8c0:8ff] IF hit state: 6 (E) writable: 1 readable: 1 dirty: 0 prefetched: 0 | tag: 0 secure: 0 valid: 1 | set: 0x23 way: 0
 570000: board.processor.cores.core.workload: Translating: 0x13790->0x3790
 570000: board.processor.cores.core.workload: Translating: 0x13798->0x3798
 563000: board.processor.cores.core: 0x108fe    : c_addi a4, 16              : 
 571000: board.cache_hierarchy.l1d-cache-0: access for WriteReq [3780:3787] type=MemWrite hit state: 6 (E) writable: 1 readable: 1 dirty: 0 prefetched: 1 | tag: 0x3 secure: 0 valid: 1 | set: 0x1e way: 0
 571000: board.cache_hierarchy.l1d-cache-0: satisfyRequest for WriteReq [3780:3787] type=MemWrite (write)
 571000: board.cache_hierarchy.l1d-cache-0: Hit on prefetch for addr 0x3780 (ns)
 571000: board.cache_hierarchy.l1d-cache-0: access for WriteReq [3788:378f] type=MemWrite hit state: e (M) writable: 1 readable: 1 dirty: 1 prefetched: 0 | tag: 0x3 secure: 0 valid: 1 | set: 0x1e way: 0
 571000: board.cache_hierarchy.l1d-cache-0: satisfyRequest for WriteReq [3788:378f] type=MemWrite (write)
 564000: board.processor.cores.core: 0x10900    : bltu a4, a3, -6            : 
 572000: board.processor.cores.core.workload: Translating: 0x10900->0x900
 572000: board.cache_hierarchy.l1i-cache-0: access for ReadReq [900:93f] IF hit state: 6 (E) writable: 1 readable: 1 dirty: 0 prefetched: 0 | tag: 0 secure: 0 valid: 1 | set: 0x24 way: 0
 565000: board.processor.cores.core: 0x108fa    : c_sd a1, 0(a4)             : 
 565000: board.processor.cores.core: 0x108fc    : c_sd a1, 8(a4)             : 
 572003: board.cache_hierarchy.l1d-cache-0: sendMSHRQueuePacket: MSHR HardPFReq [3880:38bf]
 572003: board.cache_hierarchy.l1d-cache-0: sendMSHRQueuePacket: MSHR HardPFReq [3880:38bf]
 572003: board.cache_hierarchy.l1d-cache-0: createMissPacket: created ReadSharedReq [3880:38bf] from HardPFReq [3880:38bf]
 572003: board.cache_hierarchy.l2-cache-0: access for ReadSharedReq [3880:38bf] miss
 572003: board.cache_hierarchy.l2-cache-0: handleTimingReqMiss coalescing MSHR for ReadSharedReq [3880:38bf]
 573000: board.processor.cores.core.workload: Translating: 0x108c0->0x8c0
 573000: board.cache_hierarchy.l1i-cache-0: access for ReadReq [8c0:8ff] IF hit state: 6 (E) writable: 1 readable: 1 dirty: 0 prefetched: 0 | tag: 0 secure: 0 valid: 1 | set: 0x23 way: 0
 573000: board.processor.cores.core.workload: Translating: 0x137a0->0x37a0
 573000: board.processor.cores.core.workload: Translating: 0x137a8->0x37a8
 566000: board.processor.cores.core: 0x108fe    : c_addi a4, 16              : 
 573006: board.cache_hierarchy.l2-cache-0: sendMSHRQueuePacket: MSHR HardPFReq [3980:39bf]
 573006: board.cache_hierarchy.l2-cache-0: sendMSHRQueuePacket: MSHR HardPFReq [3980:39bf]
 573006: board.cache_hierarchy.l2-cache-0: createMissPacket: created ReadSharedReq [3980:39bf] from HardPFReq [3980:39bf]
 574000: board.cache_hierarchy.l2-cache-0: recvTimingResp: Handling response ReadResp [3880:38bf]
 574000: board.cache_hierarchy.l2-cache-0: Block for addr 0x3880 being updated in Cache
 574000: board.cache_hierarchy.l2-cache-0: Block addr 0x3880 (ns) moving from  to state: 6 (E) writable: 1 readable: 1 dirty: 0 prefetched: 0 | tag: 0 secure: 0 valid: 1 | set: 0xe2 way: 0
 574000: board.cache_hierarchy.l2-cache-0: recvTimingResp: Leaving with ReadResp [3880:38bf]
 574000: board.cache_hierarchy.l1d-cache-0: access for WriteReq [3790:3797] type=MemWrite hit state: e (M) writable: 1 readable: 1 dirty: 1 prefetched: 0 | tag: 0x3 secure: 0 valid: 1 | set: 0x1e way: 0
 574000: board.cache_hierarchy.l1d-cache-0: satisfyRequest for WriteReq [3790:3797] type=MemWrite (write)
 574000: board.cache_hierarchy.l1d-cache-0: access for WriteReq [3798:379f] type=MemWrite hit state: e (M) writable: 1 readable: 1 dirty: 1 prefetched: 0 | tag: 0x3 secure: 0 valid: 1 | set: 0x1e way: 0
 574000: board.cache_hierarchy.l1d-cache-0: satisfyRequest for WriteReq [3798:379f] type=MemWrite (write)
 567000: board.processor.cores.core: 0x10900    : bltu a4, a3, -6            : 
 575000: board.processor.cores.core.workload: Translating: 0x10900->0x900
 575000: board.cache_hierarchy.l1i-cache-0: access for ReadReq [900:93f] IF hit state: 6 (E) writable: 1 readable: 1 dirty: 0 prefetched: 0 | tag: 0 secure: 0 valid: 1 | set: 0x24 way: 0
 568000: board.processor.cores.core: 0x108fa    : c_sd a1, 0(a4)             : 
 568000: board.processor.cores.core: 0x108fc    : c_sd a1, 8(a4)             : 
 576000: board.cache_hierarchy.l1d-cache-0: recvTimingResp: Handling response ReadResp [3880:38bf]
 576000: board.cache_hierarchy.l1d-cache-0: Block for addr 0x3880 being updated in Cache
 576000: board.cache_hierarchy.l1d-cache-0: Block addr 0x3880 (ns) moving from  to state: 6 (E) writable: 1 readable: 1 dirty: 0 prefetched: 0 | tag: 0x3 secure: 0 valid: 1 | set: 0x22 way: 0
 576000: board.cache_hierarchy.l1d-cache-0: recvTimingResp: Leaving with ReadResp [3880:38bf]
 576000: board.processor.cores.core.workload: Translating: 0x108c0->0x8c0
 576000: board.cache_hierarchy.l1i-cache-0: access for ReadReq [8c0:8ff] IF hit state: 6 (E) writable: 1 readable: 1 dirty: 0 prefetched: 0 | tag: 0 secure: 0 valid: 1 | set: 0x23 way: 0
 576000: board.processor.cores.core.workload: Translating: 0x137b0->0x37b0
 576000: board.processor.cores.core.workload: Translating: 0x137b8->0x37b8
 569000: board.processor.cores.core: 0x108fe    : c_addi a4, 16              : 
 577000: board.cache_hierarchy.l1d-cache-0: access for WriteReq [37a0:37a7] type=MemWrite hit state: e (M) writable: 1 readable: 1 dirty: 1 prefetched: 0 | tag: 0x3 secure: 0 valid: 1 | set: 0x1e way: 0
 577000: board.cache_hierarchy.l1d-cache-0: satisfyRequest for WriteReq [37a0:37a7] type=MemWrite (write)
 577000: board.cache_hierarchy.l1d-cache-0: access for WriteReq [37a8:37af] type=MemWrite hit state: e (M) writable: 1 readable: 1 dirty: 1 prefetched: 0 | tag: 0x3 secure: 0 valid: 1 | set: 0x1e way: 0
 577000: board.cache_hierarchy.l1d-cache-0: satisfyRequest for WriteReq [37a8:37af] type=MemWrite (write)
 570000: board.processor.cores.core: 0x10900    : bltu a4, a3, -6            : 
 578000: board.processor.cores.core.workload: Translating: 0x10900->0x900
 578000: board.cache_hierarchy.l1i-cache-0: access for ReadReq [900:93f] IF hit state: 6 (E) writable: 1 readable: 1 dirty: 0 prefetched: 0 | tag: 0 secure: 0 valid: 1 | set: 0x24 way: 0
 571000: board.processor.cores.core: 0x108fa    : c_sd a1, 0(a4)             : 
 571000: board.processor.cores.core: 0x108fc    : c_sd a1, 8(a4)             : 
 579000: board.processor.cores.core.workload: Translating: 0x108c0->0x8c0
 579000: board.cache_hierarchy.l1i-cache-0: access for ReadReq [8c0:8ff] IF hit state: 6 (E) writable: 1 readable: 1 dirty: 0 prefetched: 0 | tag: 0 secure: 0 valid: 1 | set: 0x23 way: 0
 579000: board.processor.cores.core.workload: Translating: 0x137c0->0x37c0
 579000: board.processor.cores.core.workload: Translating: 0x137c8->0x37c8
 572000: board.processor.cores.core: 0x108fe    : c_addi a4, 16              : 
 580000: board.cache_hierarchy.l1d-cache-0: access for WriteReq [37b0:37b7] type=MemWrite hit state: e (M) writable: 1 readable: 1 dirty: 1 prefetched: 0 | tag: 0x3 secure: 0 valid: 1 | set: 0x1e way: 0
 580000: board.cache_hierarchy.l1d-cache-0: satisfyRequest for WriteReq [37b0:37b7] type=MemWrite (write)
 580000: board.cache_hierarchy.l1d-cache-0: access for WriteReq [37b8:37bf] type=MemWrite hit state: e (M) writable: 1 readable: 1 dirty: 1 prefetched: 0 | tag: 0x3 secure: 0 valid: 1 | set: 0x1e way: 0
 580000: board.cache_hierarchy.l1d-cache-0: satisfyRequest for WriteReq [37b8:37bf] type=MemWrite (write)
 573000: board.processor.cores.core: 0x10900    : bltu a4, a3, -6            : 
 581000: board.processor.cores.core.workload: Translating: 0x10900->0x900
 581000: board.cache_hierarchy.l1i-cache-0: access for ReadReq [900:93f] IF hit state: 6 (E) writable: 1 readable: 1 dirty: 0 prefetched: 0 | tag: 0 secure: 0 valid: 1 | set: 0x24 way: 0
 574000: board.processor.cores.core: 0x108fa    : c_sd a1, 0(a4)             : 
 574000: board.processor.cores.core: 0x108fc    : c_sd a1, 8(a4)             : 
 582000: board.processor.cores.core.workload: Translating: 0x108c0->0x8c0
 582000: board.cache_hierarchy.l1i-cache-0: access for ReadReq [8c0:8ff] IF hit state: 6 (E) writable: 1 readable: 1 dirty: 0 prefetched: 0 | tag: 0 secure: 0 valid: 1 | set: 0x23 way: 0
 582000: board.processor.cores.core.workload: Translating: 0x137d0->0x37d0
 582000: board.processor.cores.core.workload: Translating: 0x137d8->0x37d8
 575000: board.processor.cores.core: 0x108fe    : c_addi a4, 16              : 
 583000: board.cache_hierarchy.l1d-cache-0: access for WriteReq [37c0:37c7] type=MemWrite hit state: 6 (E) writable: 1 readable: 1 dirty: 0 prefetched: 1 | tag: 0x3 secure: 0 valid: 1 | set: 0x1f way: 0
 583000: board.cache_hierarchy.l1d-cache-0: satisfyRequest for WriteReq [37c0:37c7] type=MemWrite (write)
 583000: board.cache_hierarchy.l1d-cache-0: Hit on prefetch for addr 0x37c0 (ns)
 583000: board.cache_hierarchy.l1d-cache-0: access for WriteReq [37c8:37cf] type=MemWrite hit state: e (M) writable: 1 readable: 1 dirty: 1 prefetched: 0 | tag: 0x3 secure: 0 valid: 1 | set: 0x1f way: 0
 583000: board.cache_hierarchy.l1d-cache-0: satisfyRequest for WriteReq [37c8:37cf] type=MemWrite (write)
 576000: board.processor.cores.core: 0x10900    : bltu a4, a3, -6            : 
 584000: board.processor.cores.core.workload: Translating: 0x10900->0x900
 584000: board.cache_hierarchy.l1i-cache-0: access for ReadReq [900:93f] IF hit state: 6 (E) writable: 1 readable: 1 dirty: 0 prefetched: 0 | tag: 0 secure: 0 valid: 1 | set: 0x24 way: 0
 577000: board.processor.cores.core: 0x108fa    : c_sd a1, 0(a4)             : 
 577000: board.processor.cores.core: 0x108fc    : c_sd a1, 8(a4)             : 
 584003: board.cache_hierarchy.l1d-cache-0: sendMSHRQueuePacket: MSHR HardPFReq [38c0:38ff]
 584003: board.cache_hierarchy.l1d-cache-0: sendMSHRQueuePacket: MSHR HardPFReq [38c0:38ff]
 584003: board.cache_hierarchy.l1d-cache-0: createMissPacket: created ReadSharedReq [38c0:38ff] from HardPFReq [38c0:38ff]
 584003: board.cache_hierarchy.l2-cache-0: access for ReadSharedReq [38c0:38ff] miss
 584003: board.cache_hierarchy.l2-cache-0: handleTimingReqMiss coalescing MSHR for ReadSharedReq [38c0:38ff]
 585000: board.processor.cores.core.workload: Translating: 0x108c0->0x8c0
 585000: board.cache_hierarchy.l1i-cache-0: access for ReadReq [8c0:8ff] IF hit state: 6 (E) writable: 1 readable: 1 dirty: 0 prefetched: 0 | tag: 0 secure: 0 valid: 1 | set: 0x23 way: 0
 585000: board.processor.cores.core.workload: Translating: 0x137e0->0x37e0
 585000: board.processor.cores.core.workload: Translating: 0x137e8->0x37e8
 578000: board.processor.cores.core: 0x108fe    : c_addi a4, 16              : 
 585006: board.cache_hierarchy.l2-cache-0: sendMSHRQueuePacket: MSHR HardPFReq [39c0:39ff]
 585006: board.cache_hierarchy.l2-cache-0: sendMSHRQueuePacket: MSHR HardPFReq [39c0:39ff]
 585006: board.cache_hierarchy.l2-cache-0: createMissPacket: created ReadSharedReq [39c0:39ff] from HardPFReq [39c0:39ff]
 586000: board.cache_hierarchy.l2-cache-0: recvTimingResp: Handling response ReadResp [38c0:38ff]
 586000: board.cache_hierarchy.l2-cache-0: Block for addr 0x38c0 being updated in Cache
 586000: board.cache_hierarchy.l2-cache-0: Block addr 0x38c0 (ns) moving from  to state: 6 (E) writable: 1 readable: 1 dirty: 0 prefetched: 0 | tag: 0 secure: 0 valid: 1 | set: 0xe3 way: 0
 586000: board.cache_hierarchy.l2-cache-0: recvTimingResp: Leaving with ReadResp [38c0:38ff]
 586000: board.cache_hierarchy.l1d-cache-0: access for WriteReq [37d0:37d7] type=MemWrite hit state: e (M) writable: 1 readable: 1 dirty: 1 prefetched: 0 | tag: 0x3 secure: 0 valid: 1 | set: 0x1f way: 0
 586000: board.cache_hierarchy.l1d-cache-0: satisfyRequest for WriteReq [37d0:37d7] type=MemWrite (write)
 586000: board.cache_hierarchy.l1d-cache-0: access for WriteReq [37d8:37df] type=MemWrite hit state: e (M) writable: 1 readable: 1 dirty: 1 prefetched: 0 | tag: 0x3 secure: 0 valid: 1 | set: 0x1f way: 0
 586000: board.cache_hierarchy.l1d-cache-0: satisfyRequest for WriteReq [37d8:37df] type=MemWrite (write)
 579000: board.processor.cores.core: 0x10900    : bltu a4, a3, -6            : 
 587000: board.processor.cores.core.workload: Translating: 0x10900->0x900
 587000: board.cache_hierarchy.l1i-cache-0: access for ReadReq [900:93f] IF hit state: 6 (E) writable: 1 readable: 1 dirty: 0 prefetched: 0 | tag: 0 secure: 0 valid: 1 | set: 0x24 way: 0
 580000: board.processor.cores.core: 0x108fa    : c_sd a1, 0(a4)             : 
 580000: board.processor.cores.core: 0x108fc    : c_sd a1, 8(a4)             : 
 588000: board.cache_hierarchy.l1d-cache-0: recvTimingResp: Handling response ReadResp [38c0:38ff]
 588000: board.cache_hierarchy.l1d-cache-0: Block for addr 0x38c0 being updated in Cache
 588000: board.cache_hierarchy.l1d-cache-0: Block addr 0x38c0 (ns) moving from  to state: 6 (E) writable: 1 readable: 1 dirty: 0 prefetched: 0 | tag: 0x3 secure: 0 valid: 1 | set: 0x23 way: 0
 588000: board.cache_hierarchy.l1d-cache-0: recvTimingResp: Leaving with ReadResp [38c0:38ff]
 588000: board.processor.cores.core.workload: Translating: 0x108c0->0x8c0
 588000: board.cache_hierarchy.l1i-cache-0: access for ReadReq [8c0:8ff] IF hit state: 6 (E) writable: 1 readable: 1 dirty: 0 prefetched: 0 | tag: 0 secure: 0 valid: 1 | set: 0x23 way: 0
 588000: board.processor.cores.core.workload: Translating: 0x137f0->0x37f0
 588000: board.processor.cores.core.workload: Translating: 0x137f8->0x37f8
 581000: board.processor.cores.core: 0x108fe    : c_addi a4, 16              : 
 589000: board.cache_hierarchy.l1d-cache-0: access for WriteReq [37e0:37e7] type=MemWrite hit state: e (M) writable: 1 readable: 1 dirty: 1 prefetched: 0 | tag: 0x3 secure: 0 valid: 1 | set: 0x1f way: 0
 589000: board.cache_hierarchy.l1d-cache-0: satisfyRequest for WriteReq [37e0:37e7] type=MemWrite (write)
 589000: board.cache_hierarchy.l1d-cache-0: access for WriteReq [37e8:37ef] type=MemWrite hit state: e (M) writable: 1 readable: 1 dirty: 1 prefetched: 0 | tag: 0x3 secure: 0 valid: 1 | set: 0x1f way: 0
 589000: board.cache_hierarchy.l1d-cache-0: satisfyRequest for WriteReq [37e8:37ef] type=MemWrite (write)
 582000: board.processor.cores.core: 0x10900    : bltu a4, a3, -6            : 
 590000: board.processor.cores.core.workload: Translating: 0x10900->0x900
 590000: board.cache_hierarchy.l1i-cache-0: access for ReadReq [900:93f] IF hit state: 6 (E) writable: 1 readable: 1 dirty: 0 prefetched: 0 | tag: 0 secure: 0 valid: 1 | set: 0x24 way: 0
 583000: board.processor.cores.core: 0x108fa    : c_sd a1, 0(a4)             : 
 583000: board.processor.cores.core: 0x108fc    : c_sd a1, 8(a4)             : 
 591000: board.processor.cores.core.workload: Translating: 0x108c0->0x8c0
 591000: board.cache_hierarchy.l1i-cache-0: access for ReadReq [8c0:8ff] IF hit state: 6 (E) writable: 1 readable: 1 dirty: 0 prefetched: 0 | tag: 0 secure: 0 valid: 1 | set: 0x23 way: 0
 591000: board.processor.cores.core.workload: Translating: 0x13800->0x3800
 591000: board.processor.cores.core.workload: Translating: 0x13808->0x3808
 584000: board.processor.cores.core: 0x108fe    : c_addi a4, 16              : 
 592000: board.cache_hierarchy.l1d-cache-0: access for WriteReq [37f0:37f7] type=MemWrite hit state: e (M) writable: 1 readable: 1 dirty: 1 prefetched: 0 | tag: 0x3 secure: 0 valid: 1 | set: 0x1f way: 0
 592000: board.cache_hierarchy.l1d-cache-0: satisfyRequest for WriteReq [37f0:37f7] type=MemWrite (write)
 592000: board.cache_hierarchy.l1d-cache-0: access for WriteReq [37f8:37ff] type=MemWrite hit state: e (M) writable: 1 readable: 1 dirty: 1 prefetched: 0 | tag: 0x3 secure: 0 valid: 1 | set: 0x1f way: 0
 592000: board.cache_hierarchy.l1d-cache-0: satisfyRequest for WriteReq [37f8:37ff] type=MemWrite (write)
 585000: board.processor.cores.core: 0x10900    : bltu a4, a3, -6            : 
 593000: board.processor.cores.core.workload: Translating: 0x10900->0x900
 593000: board.cache_hierarchy.l1i-cache-0: access for ReadReq [900:93f] IF hit state: 6 (E) writable: 1 readable: 1 dirty: 0 prefetched: 0 | tag: 0 secure: 0 valid: 1 | set: 0x24 way: 0
 586000: board.processor.cores.core: 0x108fa    : c_sd a1, 0(a4)             : 
 586000: board.processor.cores.core: 0x108fc    : c_sd a1, 8(a4)             : 
 594000: board.processor.cores.core.workload: Translating: 0x108c0->0x8c0
 594000: board.cache_hierarchy.l1i-cache-0: access for ReadReq [8c0:8ff] IF hit state: 6 (E) writable: 1 readable: 1 dirty: 0 prefetched: 0 | tag: 0 secure: 0 valid: 1 | set: 0x23 way: 0
 594000: board.processor.cores.core.workload: Translating: 0x13810->0x3810
 594000: board.processor.cores.core.workload: Translating: 0x13818->0x3818
 587000: board.processor.cores.core: 0x108fe    : c_addi a4, 16              : 
 595000: board.cache_hierarchy.l1d-cache-0: access for WriteReq [3800:3807] type=MemWrite hit state: 6 (E) writable: 1 readable: 1 dirty: 0 prefetched: 1 | tag: 0x3 secure: 0 valid: 1 | set: 0x20 way: 0
 595000: board.cache_hierarchy.l1d-cache-0: satisfyRequest for WriteReq [3800:3807] type=MemWrite (write)
 595000: board.cache_hierarchy.l1d-cache-0: Hit on prefetch for addr 0x3800 (ns)
 595000: board.cache_hierarchy.l1d-cache-0: access for WriteReq [3808:380f] type=MemWrite hit state: e (M) writable: 1 readable: 1 dirty: 1 prefetched: 0 | tag: 0x3 secure: 0 valid: 1 | set: 0x20 way: 0
 595000: board.cache_hierarchy.l1d-cache-0: satisfyRequest for WriteReq [3808:380f] type=MemWrite (write)
 588000: board.processor.cores.core: 0x10900    : bltu a4, a3, -6            : 
 596000: board.processor.cores.core.workload: Translating: 0x10900->0x900
 596000: board.cache_hierarchy.l1i-cache-0: access for ReadReq [900:93f] IF hit state: 6 (E) writable: 1 readable: 1 dirty: 0 prefetched: 0 | tag: 0 secure: 0 valid: 1 | set: 0x24 way: 0
 589000: board.processor.cores.core: 0x108fa    : c_sd a1, 0(a4)             : 
 589000: board.processor.cores.core: 0x108fc    : c_sd a1, 8(a4)             : 
 596003: board.cache_hierarchy.l1d-cache-0: sendMSHRQueuePacket: MSHR HardPFReq [3900:393f]
 596003: board.cache_hierarchy.l1d-cache-0: sendMSHRQueuePacket: MSHR HardPFReq [3900:393f]
 596003: board.cache_hierarchy.l1d-cache-0: createMissPacket: created ReadSharedReq [3900:393f] from HardPFReq [3900:393f]
 596003: board.cache_hierarchy.l2-cache-0: access for ReadSharedReq [3900:393f] miss
 596003: board.cache_hierarchy.l2-cache-0: handleTimingReqMiss coalescing MSHR for ReadSharedReq [3900:393f]
 597000: board.processor.cores.core.workload: Translating: 0x108c0->0x8c0
 597000: board.cache_hierarchy.l1i-cache-0: access for ReadReq [8c0:8ff] IF hit state: 6 (E) writable: 1 readable: 1 dirty: 0 prefetched: 0 | tag: 0 secure: 0 valid: 1 | set: 0x23 way: 0
 597000: board.processor.cores.core.workload: Translating: 0x13820->0x3820
 597000: board.processor.cores.core.workload: Translating: 0x13828->0x3828
 590000: board.processor.cores.core: 0x108fe    : c_addi a4, 16              : 
 597006: board.cache_hierarchy.l2-cache-0: sendMSHRQueuePacket: MSHR HardPFReq [3a00:3a3f]
 597006: board.cache_hierarchy.l2-cache-0: sendMSHRQueuePacket: MSHR HardPFReq [3a00:3a3f]
 597006: board.cache_hierarchy.l2-cache-0: createMissPacket: created ReadSharedReq [3a00:3a3f] from HardPFReq [3a00:3a3f]
 598000: board.cache_hierarchy.l2-cache-0: recvTimingResp: Handling response ReadResp [3900:393f]
 598000: board.cache_hierarchy.l2-cache-0: Block for addr 0x3900 being updated in Cache
 598000: board.cache_hierarchy.l2-cache-0: Block addr 0x3900 (ns) moving from  to state: 6 (E) writable: 1 readable: 1 dirty: 0 prefetched: 0 | tag: 0 secure: 0 valid: 1 | set: 0xe4 way: 0
 598000: board.cache_hierarchy.l2-cache-0: recvTimingResp: Leaving with ReadResp [3900:393f]
 598000: board.cache_hierarchy.l1d-cache-0: access for WriteReq [3810:3817] type=MemWrite hit state: e (M) writable: 1 readable: 1 dirty: 1 prefetched: 0 | tag: 0x3 secure: 0 valid: 1 | set: 0x20 way: 0
 598000: board.cache_hierarchy.l1d-cache-0: satisfyRequest for WriteReq [3810:3817] type=MemWrite (write)
 598000: board.cache_hierarchy.l1d-cache-0: access for WriteReq [3818:381f] type=MemWrite hit state: e (M) writable: 1 readable: 1 dirty: 1 prefetched: 0 | tag: 0x3 secure: 0 valid: 1 | set: 0x20 way: 0
 598000: board.cache_hierarchy.l1d-cache-0: satisfyRequest for WriteReq [3818:381f] type=MemWrite (write)
 591000: board.processor.cores.core: 0x10900    : bltu a4, a3, -6            : 
 599000: board.processor.cores.core.workload: Translating: 0x10900->0x900
 599000: board.cache_hierarchy.l1i-cache-0: access for ReadReq [900:93f] IF hit state: 6 (E) writable: 1 readable: 1 dirty: 0 prefetched: 0 | tag: 0 secure: 0 valid: 1 | set: 0x24 way: 0
 592000: board.processor.cores.core: 0x108fa    : c_sd a1, 0(a4)             : 
 592000: board.processor.cores.core: 0x108fc    : c_sd a1, 8(a4)             : 
 600000: board.cache_hierarchy.l1d-cache-0: recvTimingResp: Handling response ReadResp [3900:393f]
 600000: board.cache_hierarchy.l1d-cache-0: Block for addr 0x3900 being updated in Cache
 600000: board.cache_hierarchy.l1d-cache-0: Block addr 0x3900 (ns) moving from  to state: 6 (E) writable: 1 readable: 1 dirty: 0 prefetched: 0 | tag: 0x3 secure: 0 valid: 1 | set: 0x24 way: 0
 600000: board.cache_hierarchy.l1d-cache-0: recvTimingResp: Leaving with ReadResp [3900:393f]
 600000: board.processor.cores.core.workload: Translating: 0x108c0->0x8c0
 600000: board.cache_hierarchy.l1i-cache-0: access for ReadReq [8c0:8ff] IF hit state: 6 (E) writable: 1 readable: 1 dirty: 0 prefetched: 0 | tag: 0 secure: 0 valid: 1 | set: 0x23 way: 0
 600000: board.processor.cores.core.workload: Translating: 0x13830->0x3830
 600000: board.processor.cores.core.workload: Translating: 0x13838->0x3838
 593000: board.processor.cores.core: 0x108fe    : c_addi a4, 16              : 
 601000: board.cache_hierarchy.l1d-cache-0: access for WriteReq [3820:3827] type=MemWrite hit state: e (M) writable: 1 readable: 1 dirty: 1 prefetched: 0 | tag: 0x3 secure: 0 valid: 1 | set: 0x20 way: 0
 601000: board.cache_hierarchy.l1d-cache-0: satisfyRequest for WriteReq [3820:3827] type=MemWrite (write)
 601000: board.cache_hierarchy.l1d-cache-0: access for WriteReq [3828:382f] type=MemWrite hit state: e (M) writable: 1 readable: 1 dirty: 1 prefetched: 0 | tag: 0x3 secure: 0 valid: 1 | set: 0x20 way: 0
 601000: board.cache_hierarchy.l1d-cache-0: satisfyRequest for WriteReq [3828:382f] type=MemWrite (write)
 594000: board.processor.cores.core: 0x10900    : bltu a4, a3, -6            : 
 602000: board.processor.cores.core.workload: Translating: 0x10900->0x900
 602000: board.cache_hierarchy.l1i-cache-0: access for ReadReq [900:93f] IF hit state: 6 (E) writable: 1 readable: 1 dirty: 0 prefetched: 0 | tag: 0 secure: 0 valid: 1 | set: 0x24 way: 0
 595000: board.processor.cores.core: 0x108fa    : c_sd a1, 0(a4)             : 
 595000: board.processor.cores.core: 0x108fc    : c_sd a1, 8(a4)             : 
 603000: board.processor.cores.core.workload: Translating: 0x108c0->0x8c0
 603000: board.cache_hierarchy.l1i-cache-0: access for ReadReq [8c0:8ff] IF hit state: 6 (E) writable: 1 readable: 1 dirty: 0 prefetched: 0 | tag: 0 secure: 0 valid: 1 | set: 0x23 way: 0
 603000: board.processor.cores.core.workload: Translating: 0x13840->0x3840
 603000: board.processor.cores.core.workload: Translating: 0x13848->0x3848
 596000: board.processor.cores.core: 0x108fe    : c_addi a4, 16              : 
 604000: board.cache_hierarchy.l1d-cache-0: access for WriteReq [3830:3837] type=MemWrite hit state: e (M) writable: 1 readable: 1 dirty: 1 prefetched: 0 | tag: 0x3 secure: 0 valid: 1 | set: 0x20 way: 0
 604000: board.cache_hierarchy.l1d-cache-0: satisfyRequest for WriteReq [3830:3837] type=MemWrite (write)
 604000: board.cache_hierarchy.l1d-cache-0: access for WriteReq [3838:383f] type=MemWrite hit state: e (M) writable: 1 readable: 1 dirty: 1 prefetched: 0 | tag: 0x3 secure: 0 valid: 1 | set: 0x20 way: 0
 604000: board.cache_hierarchy.l1d-cache-0: satisfyRequest for WriteReq [3838:383f] type=MemWrite (write)
 597000: board.processor.cores.core: 0x10900    : bltu a4, a3, -6            : 
 605000: board.processor.cores.core.workload: Translating: 0x10900->0x900
 605000: board.cache_hierarchy.l1i-cache-0: access for ReadReq [900:93f] IF hit state: 6 (E) writable: 1 readable: 1 dirty: 0 prefetched: 0 | tag: 0 secure: 0 valid: 1 | set: 0x24 way: 0
 598000: board.processor.cores.core: 0x108fa    : c_sd a1, 0(a4)             : 
 598000: board.processor.cores.core: 0x108fc    : c_sd a1, 8(a4)             : 
 606000: board.processor.cores.core.workload: Translating: 0x108c0->0x8c0
 606000: board.cache_hierarchy.l1i-cache-0: access for ReadReq [8c0:8ff] IF hit state: 6 (E) writable: 1 readable: 1 dirty: 0 prefetched: 0 | tag: 0 secure: 0 valid: 1 | set: 0x23 way: 0
 606000: board.processor.cores.core.workload: Translating: 0x13850->0x3850
 606000: board.processor.cores.core.workload: Translating: 0x13858->0x3858
 599000: board.processor.cores.core: 0x108fe    : c_addi a4, 16              : 
 607000: board.cache_hierarchy.l1d-cache-0: access for WriteReq [3840:3847] type=MemWrite hit state: 6 (E) writable: 1 readable: 1 dirty: 0 prefetched: 1 | tag: 0x3 secure: 0 valid: 1 | set: 0x21 way: 0
 607000: board.cache_hierarchy.l1d-cache-0: satisfyRequest for WriteReq [3840:3847] type=MemWrite (write)
 607000: board.cache_hierarchy.l1d-cache-0: Hit on prefetch for addr 0x3840 (ns)
 607000: board.cache_hierarchy.l1d-cache-0: access for WriteReq [3848:384f] type=MemWrite hit state: e (M) writable: 1 readable: 1 dirty: 1 prefetched: 0 | tag: 0x3 secure: 0 valid: 1 | set: 0x21 way: 0
 607000: board.cache_hierarchy.l1d-cache-0: satisfyRequest for WriteReq [3848:384f] type=MemWrite (write)
 600000: board.processor.cores.core: 0x10900    : bltu a4, a3, -6            : 
 608000: board.processor.cores.core.workload: Translating: 0x10900->0x900
 608000: board.cache_hierarchy.l1i-cache-0: access for ReadReq [900:93f] IF hit state: 6 (E) writable: 1 readable: 1 dirty: 0 prefetched: 0 | tag: 0 secure: 0 valid: 1 | set: 0x24 way: 0
 601000: board.processor.cores.core: 0x108fa    : c_sd a1, 0(a4)             : 
 601000: board.processor.cores.core: 0x108fc    : c_sd a1, 8(a4)             : 
 608003: board.cache_hierarchy.l1d-cache-0: sendMSHRQueuePacket: MSHR HardPFReq [3940:397f]
 608003: board.cache_hierarchy.l1d-cache-0: sendMSHRQueuePacket: MSHR HardPFReq [3940:397f]
 608003: board.cache_hierarchy.l1d-cache-0: createMissPacket: created ReadSharedReq [3940:397f] from HardPFReq [3940:397f]
 608003: board.cache_hierarchy.l2-cache-0: access for ReadSharedReq [3940:397f] miss
 608003: board.cache_hierarchy.l2-cache-0: handleTimingReqMiss coalescing MSHR for ReadSharedReq [3940:397f]
 609000: board.processor.cores.core.workload: Translating: 0x108c0->0x8c0
 609000: board.cache_hierarchy.l1i-cache-0: access for ReadReq [8c0:8ff] IF hit state: 6 (E) writable: 1 readable: 1 dirty: 0 prefetched: 0 | tag: 0 secure: 0 valid: 1 | set: 0x23 way: 0
 609000: board.processor.cores.core.workload: Translating: 0x13860->0x3860
 609000: board.processor.cores.core.workload: Translating: 0x13868->0x3868
 602000: board.processor.cores.core: 0x108fe    : c_addi a4, 16              : 
 609006: board.cache_hierarchy.l2-cache-0: sendMSHRQueuePacket: MSHR HardPFReq [3a40:3a7f]
 609006: board.cache_hierarchy.l2-cache-0: sendMSHRQueuePacket: MSHR HardPFReq [3a40:3a7f]
 609006: board.cache_hierarchy.l2-cache-0: createMissPacket: created ReadSharedReq [3a40:3a7f] from HardPFReq [3a40:3a7f]
 610000: board.cache_hierarchy.l2-cache-0: recvTimingResp: Handling response ReadResp [3940:397f]
 610000: board.cache_hierarchy.l2-cache-0: Block for addr 0x3940 being updated in Cache
 610000: board.cache_hierarchy.l2-cache-0: Block addr 0x3940 (ns) moving from  to state: 6 (E) writable: 1 readable: 1 dirty: 0 prefetched: 0 | tag: 0 secure: 0 valid: 1 | set: 0xe5 way: 0
 610000: board.cache_hierarchy.l2-cache-0: recvTimingResp: Leaving with ReadResp [3940:397f]
 610000: board.cache_hierarchy.l1d-cache-0: access for WriteReq [3850:3857] type=MemWrite hit state: e (M) writable: 1 readable: 1 dirty: 1 prefetched: 0 | tag: 0x3 secure: 0 valid: 1 | set: 0x21 way: 0
 610000: board.cache_hierarchy.l1d-cache-0: satisfyRequest for WriteReq [3850:3857] type=MemWrite (write)
 610000: board.cache_hierarchy.l1d-cache-0: access for WriteReq [3858:385f] type=MemWrite hit state: e (M) writable: 1 readable: 1 dirty: 1 prefetched: 0 | tag: 0x3 secure: 0 valid: 1 | set: 0x21 way: 0
 610000: board.cache_hierarchy.l1d-cache-0: satisfyRequest for WriteReq [3858:385f] type=MemWrite (write)
 603000: board.processor.cores.core: 0x10900    : bltu a4, a3, -6            : 
 611000: board.processor.cores.core.workload: Translating: 0x10900->0x900
 611000: board.cache_hierarchy.l1i-cache-0: access for ReadReq [900:93f] IF hit state: 6 (E) writable: 1 readable: 1 dirty: 0 prefetched: 0 | tag: 0 secure: 0 valid: 1 | set: 0x24 way: 0
 604000: board.processor.cores.core: 0x108fa    : c_sd a1, 0(a4)             : 
 604000: board.processor.cores.core: 0x108fc    : c_sd a1, 8(a4)             : 
 612000: board.cache_hierarchy.l1d-cache-0: recvTimingResp: Handling response ReadResp [3940:397f]
 612000: board.cache_hierarchy.l1d-cache-0: Block for addr 0x3940 being updated in Cache
 612000: board.cache_hierarchy.l1d-cache-0: Block addr 0x3940 (ns) moving from  to state: 6 (E) writable: 1 readable: 1 dirty: 0 prefetched: 0 | tag: 0x3 secure: 0 valid: 1 | set: 0x25 way: 0
 612000: board.cache_hierarchy.l1d-cache-0: recvTimingResp: Leaving with ReadResp [3940:397f]
 612000: board.processor.cores.core.workload: Translating: 0x108c0->0x8c0
 612000: board.cache_hierarchy.l1i-cache-0: access for ReadReq [8c0:8ff] IF hit state: 6 (E) writable: 1 readable: 1 dirty: 0 prefetched: 0 | tag: 0 secure: 0 valid: 1 | set: 0x23 way: 0
 612000: board.processor.cores.core.workload: Translating: 0x13870->0x3870
 612000: board.processor.cores.core.workload: Translating: 0x13878->0x3878
 605000: board.processor.cores.core: 0x108fe    : c_addi a4, 16              : 
 613000: board.cache_hierarchy.l1d-cache-0: access for WriteReq [3860:3867] type=MemWrite hit state: e (M) writable: 1 readable: 1 dirty: 1 prefetched: 0 | tag: 0x3 secure: 0 valid: 1 | set: 0x21 way: 0
 613000: board.cache_hierarchy.l1d-cache-0: satisfyRequest for WriteReq [3860:3867] type=MemWrite (write)
 613000: board.cache_hierarchy.l1d-cache-0: access for WriteReq [3868:386f] type=MemWrite hit state: e (M) writable: 1 readable: 1 dirty: 1 prefetched: 0 | tag: 0x3 secure: 0 valid: 1 | set: 0x21 way: 0
 613000: board.cache_hierarchy.l1d-cache-0: satisfyRequest for WriteReq [3868:386f] type=MemWrite (write)
 606000: board.processor.cores.core: 0x10900    : bltu a4, a3, -6            : 
 614000: board.processor.cores.core.workload: Translating: 0x10900->0x900
 614000: board.cache_hierarchy.l1i-cache-0: access for ReadReq [900:93f] IF hit state: 6 (E) writable: 1 readable: 1 dirty: 0 prefetched: 0 | tag: 0 secure: 0 valid: 1 | set: 0x24 way: 0
 607000: board.processor.cores.core: 0x108fa    : c_sd a1, 0(a4)             : 
 607000: board.processor.cores.core: 0x108fc    : c_sd a1, 8(a4)             : 
 615000: board.processor.cores.core.workload: Translating: 0x108c0->0x8c0
 615000: board.cache_hierarchy.l1i-cache-0: access for ReadReq [8c0:8ff] IF hit state: 6 (E) writable: 1 readable: 1 dirty: 0 prefetched: 0 | tag: 0 secure: 0 valid: 1 | set: 0x23 way: 0
 615000: board.processor.cores.core.workload: Translating: 0x13880->0x3880
 615000: board.processor.cores.core.workload: Translating: 0x13888->0x3888
 608000: board.processor.cores.core: 0x108fe    : c_addi a4, 16              : 
 616000: board.cache_hierarchy.l1d-cache-0: access for WriteReq [3870:3877] type=MemWrite hit state: e (M) writable: 1 readable: 1 dirty: 1 prefetched: 0 | tag: 0x3 secure: 0 valid: 1 | set: 0x21 way: 0
 616000: board.cache_hierarchy.l1d-cache-0: satisfyRequest for WriteReq [3870:3877] type=MemWrite (write)
 616000: board.cache_hierarchy.l1d-cache-0: access for WriteReq [3878:387f] type=MemWrite hit state: e (M) writable: 1 readable: 1 dirty: 1 prefetched: 0 | tag: 0x3 secure: 0 valid: 1 | set: 0x21 way: 0
 616000: board.cache_hierarchy.l1d-cache-0: satisfyRequest for WriteReq [3878:387f] type=MemWrite (write)
 609000: board.processor.cores.core: 0x10900    : bltu a4, a3, -6            : 
 617000: board.processor.cores.core.workload: Translating: 0x10900->0x900
 617000: board.cache_hierarchy.l1i-cache-0: access for ReadReq [900:93f] IF hit state: 6 (E) writable: 1 readable: 1 dirty: 0 prefetched: 0 | tag: 0 secure: 0 valid: 1 | set: 0x24 way: 0
 610000: board.processor.cores.core: 0x108fa    : c_sd a1, 0(a4)             : 
 610000: board.processor.cores.core: 0x108fc    : c_sd a1, 8(a4)             : 
 618000: board.processor.cores.core.workload: Translating: 0x108c0->0x8c0
 618000: board.cache_hierarchy.l1i-cache-0: access for ReadReq [8c0:8ff] IF hit state: 6 (E) writable: 1 readable: 1 dirty: 0 prefetched: 0 | tag: 0 secure: 0 valid: 1 | set: 0x23 way: 0
 618000: board.processor.cores.core.workload: Translating: 0x13890->0x3890
 618000: board.processor.cores.core.workload: Translating: 0x13898->0x3898
 611000: board.processor.cores.core: 0x108fe    : c_addi a4, 16              : 
 619000: board.cache_hierarchy.l1d-cache-0: access for WriteReq [3880:3887] type=MemWrite hit state: 6 (E) writable: 1 readable: 1 dirty: 0 prefetched: 1 | tag: 0x3 secure: 0 valid: 1 | set: 0x22 way: 0
 619000: board.cache_hierarchy.l1d-cache-0: satisfyRequest for WriteReq [3880:3887] type=MemWrite (write)
 619000: board.cache_hierarchy.l1d-cache-0: Hit on prefetch for addr 0x3880 (ns)
 619000: board.cache_hierarchy.l1d-cache-0: access for WriteReq [3888:388f] type=MemWrite hit state: e (M) writable: 1 readable: 1 dirty: 1 prefetched: 0 | tag: 0x3 secure: 0 valid: 1 | set: 0x22 way: 0
 619000: board.cache_hierarchy.l1d-cache-0: satisfyRequest for WriteReq [3888:388f] type=MemWrite (write)
 612000: board.processor.cores.core: 0x10900    : bltu a4, a3, -6            : 
 620000: board.processor.cores.core.workload: Translating: 0x10900->0x900
 620000: board.cache_hierarchy.l1i-cache-0: access for ReadReq [900:93f] IF hit state: 6 (E) writable: 1 readable: 1 dirty: 0 prefetched: 0 | tag: 0 secure: 0 valid: 1 | set: 0x24 way: 0
 613000: board.processor.cores.core: 0x108fa    : c_sd a1, 0(a4)             : 
 613000: board.processor.cores.core: 0x108fc    : c_sd a1, 8(a4)             : 
 620003: board.cache_hierarchy.l1d-cache-0: sendMSHRQueuePacket: MSHR HardPFReq [3980:39bf]
 620003: board.cache_hierarchy.l1d-cache-0: sendMSHRQueuePacket: MSHR HardPFReq [3980:39bf]
 620003: board.cache_hierarchy.l1d-cache-0: createMissPacket: created ReadSharedReq [3980:39bf] from HardPFReq [3980:39bf]
 620003: board.cache_hierarchy.l2-cache-0: access for ReadSharedReq [3980:39bf] miss
 620003: board.cache_hierarchy.l2-cache-0: handleTimingReqMiss coalescing MSHR for ReadSharedReq [3980:39bf]
 621000: board.processor.cores.core.workload: Translating: 0x108c0->0x8c0
 621000: board.cache_hierarchy.l1i-cache-0: access for ReadReq [8c0:8ff] IF hit state: 6 (E) writable: 1 readable: 1 dirty: 0 prefetched: 0 | tag: 0 secure: 0 valid: 1 | set: 0x23 way: 0
 621000: board.processor.cores.core.workload: Translating: 0x138a0->0x38a0
 621000: board.processor.cores.core.workload: Translating: 0x138a8->0x38a8
 614000: board.processor.cores.core: 0x108fe    : c_addi a4, 16              : 
 621006: board.cache_hierarchy.l2-cache-0: sendMSHRQueuePacket: MSHR HardPFReq [3a80:3abf]
 621006: board.cache_hierarchy.l2-cache-0: sendMSHRQueuePacket: MSHR HardPFReq [3a80:3abf]
 621006: board.cache_hierarchy.l2-cache-0: createMissPacket: created ReadSharedReq [3a80:3abf] from HardPFReq [3a80:3abf]
 622000: board.cache_hierarchy.l2-cache-0: recvTimingResp: Handling response ReadResp [3980:39bf]
 622000: board.cache_hierarchy.l2-cache-0: Block for addr 0x3980 being updated in Cache
 622000: board.cache_hierarchy.l2-cache-0: Block addr 0x3980 (ns) moving from  to state: 6 (E) writable: 1 readable: 1 dirty: 0 prefetched: 0 | tag: 0 secure: 0 valid: 1 | set: 0xe6 way: 0
 622000: board.cache_hierarchy.l2-cache-0: recvTimingResp: Leaving with ReadResp [3980:39bf]
 622000: board.cache_hierarchy.l1d-cache-0: access for WriteReq [3890:3897] type=MemWrite hit state: e (M) writable: 1 readable: 1 dirty: 1 prefetched: 0 | tag: 0x3 secure: 0 valid: 1 | set: 0x22 way: 0
 622000: board.cache_hierarchy.l1d-cache-0: satisfyRequest for WriteReq [3890:3897] type=MemWrite (write)
 622000: board.cache_hierarchy.l1d-cache-0: access for WriteReq [3898:389f] type=MemWrite hit state: e (M) writable: 1 readable: 1 dirty: 1 prefetched: 0 | tag: 0x3 secure: 0 valid: 1 | set: 0x22 way: 0
 622000: board.cache_hierarchy.l1d-cache-0: satisfyRequest for WriteReq [3898:389f] type=MemWrite (write)
 615000: board.processor.cores.core: 0x10900    : bltu a4, a3, -6            : 
 623000: board.processor.cores.core.workload: Translating: 0x10900->0x900
 623000: board.cache_hierarchy.l1i-cache-0: access for ReadReq [900:93f] IF hit state: 6 (E) writable: 1 readable: 1 dirty: 0 prefetched: 0 | tag: 0 secure: 0 valid: 1 | set: 0x24 way: 0
 616000: board.processor.cores.core: 0x108fa    : c_sd a1, 0(a4)             : 
 616000: board.processor.cores.core: 0x108fc    : c_sd a1, 8(a4)             : 
 624000: board.cache_hierarchy.l1d-cache-0: recvTimingResp: Handling response ReadResp [3980:39bf]
 624000: board.cache_hierarchy.l1d-cache-0: Block for addr 0x3980 being updated in Cache
 624000: board.cache_hierarchy.l1d-cache-0: Block addr 0x3980 (ns) moving from  to state: 6 (E) writable: 1 readable: 1 dirty: 0 prefetched: 0 | tag: 0x3 secure: 0 valid: 1 | set: 0x26 way: 0
 624000: board.cache_hierarchy.l1d-cache-0: recvTimingResp: Leaving with ReadResp [3980:39bf]
 624000: board.processor.cores.core.workload: Translating: 0x108c0->0x8c0
 624000: board.cache_hierarchy.l1i-cache-0: access for ReadReq [8c0:8ff] IF hit state: 6 (E) writable: 1 readable: 1 dirty: 0 prefetched: 0 | tag: 0 secure: 0 valid: 1 | set: 0x23 way: 0
 624000: board.processor.cores.core.workload: Translating: 0x138b0->0x38b0
 624000: board.processor.cores.core.workload: Translating: 0x138b8->0x38b8
 617000: board.processor.cores.core: 0x108fe    : c_addi a4, 16              : 
 625000: board.cache_hierarchy.l1d-cache-0: access for WriteReq [38a0:38a7] type=MemWrite hit state: e (M) writable: 1 readable: 1 dirty: 1 prefetched: 0 | tag: 0x3 secure: 0 valid: 1 | set: 0x22 way: 0
 625000: board.cache_hierarchy.l1d-cache-0: satisfyRequest for WriteReq [38a0:38a7] type=MemWrite (write)
 625000: board.cache_hierarchy.l1d-cache-0: access for WriteReq [38a8:38af] type=MemWrite hit state: e (M) writable: 1 readable: 1 dirty: 1 prefetched: 0 | tag: 0x3 secure: 0 valid: 1 | set: 0x22 way: 0
 625000: board.cache_hierarchy.l1d-cache-0: satisfyRequest for WriteReq [38a8:38af] type=MemWrite (write)
 618000: board.processor.cores.core: 0x10900    : bltu a4, a3, -6            : 
 626000: board.processor.cores.core.workload: Translating: 0x10900->0x900
 626000: board.cache_hierarchy.l1i-cache-0: access for ReadReq [900:93f] IF hit state: 6 (E) writable: 1 readable: 1 dirty: 0 prefetched: 0 | tag: 0 secure: 0 valid: 1 | set: 0x24 way: 0
 619000: board.processor.cores.core: 0x108fa    : c_sd a1, 0(a4)             : 
 619000: board.processor.cores.core: 0x108fc    : c_sd a1, 8(a4)             : 
 627000: board.processor.cores.core.workload: Translating: 0x108c0->0x8c0
 627000: board.cache_hierarchy.l1i-cache-0: access for ReadReq [8c0:8ff] IF hit state: 6 (E) writable: 1 readable: 1 dirty: 0 prefetched: 0 | tag: 0 secure: 0 valid: 1 | set: 0x23 way: 0
 627000: board.processor.cores.core.workload: Translating: 0x138c0->0x38c0
 627000: board.processor.cores.core.workload: Translating: 0x138c8->0x38c8
 620000: board.processor.cores.core: 0x108fe    : c_addi a4, 16              : 
 628000: board.cache_hierarchy.l1d-cache-0: access for WriteReq [38b0:38b7] type=MemWrite hit state: e (M) writable: 1 readable: 1 dirty: 1 prefetched: 0 | tag: 0x3 secure: 0 valid: 1 | set: 0x22 way: 0
 628000: board.cache_hierarchy.l1d-cache-0: satisfyRequest for WriteReq [38b0:38b7] type=MemWrite (write)
 628000: board.cache_hierarchy.l1d-cache-0: access for WriteReq [38b8:38bf] type=MemWrite hit state: e (M) writable: 1 readable: 1 dirty: 1 prefetched: 0 | tag: 0x3 secure: 0 valid: 1 | set: 0x22 way: 0
 628000: board.cache_hierarchy.l1d-cache-0: satisfyRequest for WriteReq [38b8:38bf] type=MemWrite (write)
 621000: board.processor.cores.core: 0x10900    : bltu a4, a3, -6            : 
 629000: board.processor.cores.core.workload: Translating: 0x10900->0x900
 629000: board.cache_hierarchy.l1i-cache-0: access for ReadReq [900:93f] IF hit state: 6 (E) writable: 1 readable: 1 dirty: 0 prefetched: 0 | tag: 0 secure: 0 valid: 1 | set: 0x24 way: 0
 622000: board.processor.cores.core: 0x108fa    : c_sd a1, 0(a4)             : 
 622000: board.processor.cores.core: 0x108fc    : c_sd a1, 8(a4)             : 
 630000: board.processor.cores.core.workload: Translating: 0x108c0->0x8c0
 630000: board.cache_hierarchy.l1i-cache-0: access for ReadReq [8c0:8ff] IF hit state: 6 (E) writable: 1 readable: 1 dirty: 0 prefetched: 0 | tag: 0 secure: 0 valid: 1 | set: 0x23 way: 0
 630000: board.processor.cores.core.workload: Translating: 0x138d0->0x38d0
 630000: board.processor.cores.core.workload: Translating: 0x138d8->0x38d8
 623000: board.processor.cores.core: 0x108fe    : c_addi a4, 16              : 
 631000: board.cache_hierarchy.l1d-cache-0: access for WriteReq [38c0:38c7] type=MemWrite hit state: 6 (E) writable: 1 readable: 1 dirty: 0 prefetched: 1 | tag: 0x3 secure: 0 valid: 1 | set: 0x23 way: 0
 631000: board.cache_hierarchy.l1d-cache-0: satisfyRequest for WriteReq [38c0:38c7] type=MemWrite (write)
 631000: board.cache_hierarchy.l1d-cache-0: Hit on prefetch for addr 0x38c0 (ns)
 631000: board.cache_hierarchy.l1d-cache-0: access for WriteReq [38c8:38cf] type=MemWrite hit state: e (M) writable: 1 readable: 1 dirty: 1 prefetched: 0 | tag: 0x3 secure: 0 valid: 1 | set: 0x23 way: 0
 631000: board.cache_hierarchy.l1d-cache-0: satisfyRequest for WriteReq [38c8:38cf] type=MemWrite (write)
 624000: board.processor.cores.core: 0x10900    : bltu a4, a3, -6            : 
 632000: board.processor.cores.core.workload: Translating: 0x10900->0x900
 632000: board.cache_hierarchy.l1i-cache-0: access for ReadReq [900:93f] IF hit state: 6 (E) writable: 1 readable: 1 dirty: 0 prefetched: 0 | tag: 0 secure: 0 valid: 1 | set: 0x24 way: 0
 625000: board.processor.cores.core: 0x108fa    : c_sd a1, 0(a4)             : 
 625000: board.processor.cores.core: 0x108fc    : c_sd a1, 8(a4)             : 
 632003: board.cache_hierarchy.l1d-cache-0: sendMSHRQueuePacket: MSHR HardPFReq [39c0:39ff]
 632003: board.cache_hierarchy.l1d-cache-0: sendMSHRQueuePacket: MSHR HardPFReq [39c0:39ff]
 632003: board.cache_hierarchy.l1d-cache-0: createMissPacket: created ReadSharedReq [39c0:39ff] from HardPFReq [39c0:39ff]
 632003: board.cache_hierarchy.l2-cache-0: access for ReadSharedReq [39c0:39ff] miss
 632003: board.cache_hierarchy.l2-cache-0: handleTimingReqMiss coalescing MSHR for ReadSharedReq [39c0:39ff]
 633000: board.processor.cores.core.workload: Translating: 0x108c0->0x8c0
 633000: board.cache_hierarchy.l1i-cache-0: access for ReadReq [8c0:8ff] IF hit state: 6 (E) writable: 1 readable: 1 dirty: 0 prefetched: 0 | tag: 0 secure: 0 valid: 1 | set: 0x23 way: 0
 633000: board.processor.cores.core.workload: Translating: 0x138e0->0x38e0
 633000: board.processor.cores.core.workload: Translating: 0x138e8->0x38e8
 626000: board.processor.cores.core: 0x108fe    : c_addi a4, 16              : 
 633006: board.cache_hierarchy.l2-cache-0: sendMSHRQueuePacket: MSHR HardPFReq [3ac0:3aff]
 633006: board.cache_hierarchy.l2-cache-0: sendMSHRQueuePacket: MSHR HardPFReq [3ac0:3aff]
 633006: board.cache_hierarchy.l2-cache-0: createMissPacket: created ReadSharedReq [3ac0:3aff] from HardPFReq [3ac0:3aff]
 634000: board.cache_hierarchy.l2-cache-0: recvTimingResp: Handling response ReadResp [39c0:39ff]
 634000: board.cache_hierarchy.l2-cache-0: Block for addr 0x39c0 being updated in Cache
 634000: board.cache_hierarchy.l2-cache-0: Block addr 0x39c0 (ns) moving from  to state: 6 (E) writable: 1 readable: 1 dirty: 0 prefetched: 0 | tag: 0 secure: 0 valid: 1 | set: 0xe7 way: 0
 634000: board.cache_hierarchy.l2-cache-0: recvTimingResp: Leaving with ReadResp [39c0:39ff]
 634000: board.cache_hierarchy.l1d-cache-0: access for WriteReq [38d0:38d7] type=MemWrite hit state: e (M) writable: 1 readable: 1 dirty: 1 prefetched: 0 | tag: 0x3 secure: 0 valid: 1 | set: 0x23 way: 0
 634000: board.cache_hierarchy.l1d-cache-0: satisfyRequest for WriteReq [38d0:38d7] type=MemWrite (write)
 634000: board.cache_hierarchy.l1d-cache-0: access for WriteReq [38d8:38df] type=MemWrite hit state: e (M) writable: 1 readable: 1 dirty: 1 prefetched: 0 | tag: 0x3 secure: 0 valid: 1 | set: 0x23 way: 0
 634000: board.cache_hierarchy.l1d-cache-0: satisfyRequest for WriteReq [38d8:38df] type=MemWrite (write)
 627000: board.processor.cores.core: 0x10900    : bltu a4, a3, -6            : 
 635000: board.processor.cores.core.workload: Translating: 0x10900->0x900
 635000: board.cache_hierarchy.l1i-cache-0: access for ReadReq [900:93f] IF hit state: 6 (E) writable: 1 readable: 1 dirty: 0 prefetched: 0 | tag: 0 secure: 0 valid: 1 | set: 0x24 way: 0
 628000: board.processor.cores.core: 0x108fa    : c_sd a1, 0(a4)             : 
 628000: board.processor.cores.core: 0x108fc    : c_sd a1, 8(a4)             : 
 636000: board.cache_hierarchy.l1d-cache-0: recvTimingResp: Handling response ReadResp [39c0:39ff]
 636000: board.cache_hierarchy.l1d-cache-0: Block for addr 0x39c0 being updated in Cache
 636000: board.cache_hierarchy.l1d-cache-0: Block addr 0x39c0 (ns) moving from  to state: 6 (E) writable: 1 readable: 1 dirty: 0 prefetched: 0 | tag: 0x3 secure: 0 valid: 1 | set: 0x27 way: 0
 636000: board.cache_hierarchy.l1d-cache-0: recvTimingResp: Leaving with ReadResp [39c0:39ff]
 636000: board.processor.cores.core.workload: Translating: 0x108c0->0x8c0
 636000: board.cache_hierarchy.l1i-cache-0: access for ReadReq [8c0:8ff] IF hit state: 6 (E) writable: 1 readable: 1 dirty: 0 prefetched: 0 | tag: 0 secure: 0 valid: 1 | set: 0x23 way: 0
 636000: board.processor.cores.core.workload: Translating: 0x138f0->0x38f0
 636000: board.processor.cores.core.workload: Translating: 0x138f8->0x38f8
 629000: board.processor.cores.core: 0x108fe    : c_addi a4, 16              : 
 637000: board.cache_hierarchy.l1d-cache-0: access for WriteReq [38e0:38e7] type=MemWrite hit state: e (M) writable: 1 readable: 1 dirty: 1 prefetched: 0 | tag: 0x3 secure: 0 valid: 1 | set: 0x23 way: 0
 637000: board.cache_hierarchy.l1d-cache-0: satisfyRequest for WriteReq [38e0:38e7] type=MemWrite (write)
 637000: board.cache_hierarchy.l1d-cache-0: access for WriteReq [38e8:38ef] type=MemWrite hit state: e (M) writable: 1 readable: 1 dirty: 1 prefetched: 0 | tag: 0x3 secure: 0 valid: 1 | set: 0x23 way: 0
 637000: board.cache_hierarchy.l1d-cache-0: satisfyRequest for WriteReq [38e8:38ef] type=MemWrite (write)
 630000: board.processor.cores.core: 0x10900    : bltu a4, a3, -6            : 
 638000: board.processor.cores.core.workload: Translating: 0x10900->0x900
 638000: board.cache_hierarchy.l1i-cache-0: access for ReadReq [900:93f] IF hit state: 6 (E) writable: 1 readable: 1 dirty: 0 prefetched: 0 | tag: 0 secure: 0 valid: 1 | set: 0x24 way: 0
 631000: board.processor.cores.core: 0x108fa    : c_sd a1, 0(a4)             : 
 631000: board.processor.cores.core: 0x108fc    : c_sd a1, 8(a4)             : 
 639000: board.processor.cores.core.workload: Translating: 0x108c0->0x8c0
 639000: board.cache_hierarchy.l1i-cache-0: access for ReadReq [8c0:8ff] IF hit state: 6 (E) writable: 1 readable: 1 dirty: 0 prefetched: 0 | tag: 0 secure: 0 valid: 1 | set: 0x23 way: 0
 639000: board.processor.cores.core.workload: Translating: 0x13900->0x3900
 639000: board.processor.cores.core.workload: Translating: 0x13908->0x3908
 632000: board.processor.cores.core: 0x108fe    : c_addi a4, 16              : 
 640000: board.cache_hierarchy.l1d-cache-0: access for WriteReq [38f0:38f7] type=MemWrite hit state: e (M) writable: 1 readable: 1 dirty: 1 prefetched: 0 | tag: 0x3 secure: 0 valid: 1 | set: 0x23 way: 0
 640000: board.cache_hierarchy.l1d-cache-0: satisfyRequest for WriteReq [38f0:38f7] type=MemWrite (write)
 640000: board.cache_hierarchy.l1d-cache-0: access for WriteReq [38f8:38ff] type=MemWrite hit state: e (M) writable: 1 readable: 1 dirty: 1 prefetched: 0 | tag: 0x3 secure: 0 valid: 1 | set: 0x23 way: 0
 640000: board.cache_hierarchy.l1d-cache-0: satisfyRequest for WriteReq [38f8:38ff] type=MemWrite (write)
 633000: board.processor.cores.core: 0x10900    : bltu a4, a3, -6            : 
 641000: board.processor.cores.core.workload: Translating: 0x10900->0x900
 641000: board.cache_hierarchy.l1i-cache-0: access for ReadReq [900:93f] IF hit state: 6 (E) writable: 1 readable: 1 dirty: 0 prefetched: 0 | tag: 0 secure: 0 valid: 1 | set: 0x24 way: 0
 634000: board.processor.cores.core: 0x108fa    : c_sd a1, 0(a4)             : 
 634000: board.processor.cores.core: 0x108fc    : c_sd a1, 8(a4)             : 
 642000: board.processor.cores.core.workload: Translating: 0x108c0->0x8c0
 642000: board.cache_hierarchy.l1i-cache-0: access for ReadReq [8c0:8ff] IF hit state: 6 (E) writable: 1 readable: 1 dirty: 0 prefetched: 0 | tag: 0 secure: 0 valid: 1 | set: 0x23 way: 0
 642000: board.processor.cores.core.workload: Translating: 0x13910->0x3910
 642000: board.processor.cores.core.workload: Translating: 0x13918->0x3918
 635000: board.processor.cores.core: 0x108fe    : c_addi a4, 16              : 
 643000: board.cache_hierarchy.l1d-cache-0: access for WriteReq [3900:3907] type=MemWrite hit state: 6 (E) writable: 1 readable: 1 dirty: 0 prefetched: 1 | tag: 0x3 secure: 0 valid: 1 | set: 0x24 way: 0
 643000: board.cache_hierarchy.l1d-cache-0: satisfyRequest for WriteReq [3900:3907] type=MemWrite (write)
 643000: board.cache_hierarchy.l1d-cache-0: Hit on prefetch for addr 0x3900 (ns)
 643000: board.cache_hierarchy.l1d-cache-0: access for WriteReq [3908:390f] type=MemWrite hit state: e (M) writable: 1 readable: 1 dirty: 1 prefetched: 0 | tag: 0x3 secure: 0 valid: 1 | set: 0x24 way: 0
 643000: board.cache_hierarchy.l1d-cache-0: satisfyRequest for WriteReq [3908:390f] type=MemWrite (write)
 636000: board.processor.cores.core: 0x10900    : bltu a4, a3, -6            : 
 644000: board.processor.cores.core.workload: Translating: 0x10900->0x900
 644000: board.cache_hierarchy.l1i-cache-0: access for ReadReq [900:93f] IF hit state: 6 (E) writable: 1 readable: 1 dirty: 0 prefetched: 0 | tag: 0 secure: 0 valid: 1 | set: 0x24 way: 0
 637000: board.processor.cores.core: 0x108fa    : c_sd a1, 0(a4)             : 
 637000: board.processor.cores.core: 0x108fc    : c_sd a1, 8(a4)             : 
 644003: board.cache_hierarchy.l1d-cache-0: sendMSHRQueuePacket: MSHR HardPFReq [3a00:3a3f]
 644003: board.cache_hierarchy.l1d-cache-0: sendMSHRQueuePacket: MSHR HardPFReq [3a00:3a3f]
 644003: board.cache_hierarchy.l1d-cache-0: createMissPacket: created ReadSharedReq [3a00:3a3f] from HardPFReq [3a00:3a3f]
 644003: board.cache_hierarchy.l2-cache-0: access for ReadSharedReq [3a00:3a3f] miss
 644003: board.cache_hierarchy.l2-cache-0: handleTimingReqMiss coalescing MSHR for ReadSharedReq [3a00:3a3f]
 645000: board.processor.cores.core.workload: Translating: 0x108c0->0x8c0
 645000: board.cache_hierarchy.l1i-cache-0: access for ReadReq [8c0:8ff] IF hit state: 6 (E) writable: 1 readable: 1 dirty: 0 prefetched: 0 | tag: 0 secure: 0 valid: 1 | set: 0x23 way: 0
 645000: board.processor.cores.core.workload: Translating: 0x13920->0x3920
 645000: board.processor.cores.core.workload: Translating: 0x13928->0x3928
 638000: board.processor.cores.core: 0x108fe    : c_addi a4, 16              : 
 645006: board.cache_hierarchy.l2-cache-0: sendMSHRQueuePacket: MSHR HardPFReq [3b00:3b3f]
 645006: board.cache_hierarchy.l2-cache-0: sendMSHRQueuePacket: MSHR HardPFReq [3b00:3b3f]
 645006: board.cache_hierarchy.l2-cache-0: createMissPacket: created ReadSharedReq [3b00:3b3f] from HardPFReq [3b00:3b3f]
 646000: board.cache_hierarchy.l2-cache-0: recvTimingResp: Handling response ReadResp [3a00:3a3f]
 646000: board.cache_hierarchy.l2-cache-0: Block for addr 0x3a00 being updated in Cache
 646000: board.cache_hierarchy.l2-cache-0: Block addr 0x3a00 (ns) moving from  to state: 6 (E) writable: 1 readable: 1 dirty: 0 prefetched: 0 | tag: 0 secure: 0 valid: 1 | set: 0xe8 way: 0
 646000: board.cache_hierarchy.l2-cache-0: recvTimingResp: Leaving with ReadResp [3a00:3a3f]
 646000: board.cache_hierarchy.l1d-cache-0: access for WriteReq [3910:3917] type=MemWrite hit state: e (M) writable: 1 readable: 1 dirty: 1 prefetched: 0 | tag: 0x3 secure: 0 valid: 1 | set: 0x24 way: 0
 646000: board.cache_hierarchy.l1d-cache-0: satisfyRequest for WriteReq [3910:3917] type=MemWrite (write)
 646000: board.cache_hierarchy.l1d-cache-0: access for WriteReq [3918:391f] type=MemWrite hit state: e (M) writable: 1 readable: 1 dirty: 1 prefetched: 0 | tag: 0x3 secure: 0 valid: 1 | set: 0x24 way: 0
 646000: board.cache_hierarchy.l1d-cache-0: satisfyRequest for WriteReq [3918:391f] type=MemWrite (write)
 639000: board.processor.cores.core: 0x10900    : bltu a4, a3, -6            : 
 647000: board.processor.cores.core.workload: Translating: 0x10900->0x900
 647000: board.cache_hierarchy.l1i-cache-0: access for ReadReq [900:93f] IF hit state: 6 (E) writable: 1 readable: 1 dirty: 0 prefetched: 0 | tag: 0 secure: 0 valid: 1 | set: 0x24 way: 0
 640000: board.processor.cores.core: 0x108fa    : c_sd a1, 0(a4)             : 
 640000: board.processor.cores.core: 0x108fc    : c_sd a1, 8(a4)             : 
 648000: board.cache_hierarchy.l1d-cache-0: recvTimingResp: Handling response ReadResp [3a00:3a3f]
 648000: board.cache_hierarchy.l1d-cache-0: Block for addr 0x3a00 being updated in Cache
 648000: board.cache_hierarchy.l1d-cache-0: Block addr 0x3a00 (ns) moving from  to state: 6 (E) writable: 1 readable: 1 dirty: 0 prefetched: 0 | tag: 0x3 secure: 0 valid: 1 | set: 0x28 way: 0
 648000: board.cache_hierarchy.l1d-cache-0: recvTimingResp: Leaving with ReadResp [3a00:3a3f]
 648000: board.processor.cores.core.workload: Translating: 0x108c0->0x8c0
 648000: board.cache_hierarchy.l1i-cache-0: access for ReadReq [8c0:8ff] IF hit state: 6 (E) writable: 1 readable: 1 dirty: 0 prefetched: 0 | tag: 0 secure: 0 valid: 1 | set: 0x23 way: 0
 648000: board.processor.cores.core.workload: Translating: 0x13930->0x3930
 648000: board.processor.cores.core.workload: Translating: 0x13938->0x3938
 649000: board.cache_hierarchy.l1d-cache-0: access for WriteReq [3920:3927] type=MemWrite hit state: e (M) writable: 1 readable: 1 dirty: 1 prefetched: 0 | tag: 0x3 secure: 0 valid: 1 | set: 0x24 way: 0
 649000: board.cache_hierarchy.l1d-cache-0: satisfyRequest for WriteReq [3920:3927] type=MemWrite (write)
 649000: board.cache_hierarchy.l1d-cache-0: access for WriteReq [3928:392f] type=MemWrite hit state: e (M) writable: 1 readable: 1 dirty: 1 prefetched: 0 | tag: 0x3 secure: 0 valid: 1 | set: 0x24 way: 0
 649000: board.cache_hierarchy.l1d-cache-0: satisfyRequest for WriteReq [3928:392f] type=MemWrite (write)
 650000: board.processor.cores.core.workload: Translating: 0x10900->0x900
 650000: board.cache_hierarchy.l1i-cache-0: access for ReadReq [900:93f] IF hit state: 6 (E) writable: 1 readable: 1 dirty: 0 prefetched: 0 | tag: 0 secure: 0 valid: 1 | set: 0x24 way: 0
 641000: board.processor.cores.core: 0x108fe    : c_addi a4, 16              : 
 642000: board.processor.cores.core: 0x10900    : bltu a4, a3, -6            : 
 651000: board.processor.cores.core.workload: Translating: 0x10180->0x180
 651000: board.cache_hierarchy.l1i-cache-0: access for ReadReq [180:1bf] IF hit state: 6 (E) writable: 1 readable: 1 dirty: 0 prefetched: 0 | tag: 0 secure: 0 valid: 1 | set: 0x6 way: 0
 653000: board.processor.cores.core.workload: Translating: 0x101c0->0x1c0
 653000: board.cache_hierarchy.l1i-cache-0: access for ReadReq [1c0:1ff] IF hit state: 6 (E) writable: 1 readable: 1 dirty: 0 prefetched: 0 | tag: 0 secure: 0 valid: 1 | set: 0x7 way: 0
 655000: board.processor.cores.core.workload: Translating: 0x10a40->0xa40
 655000: board.cache_hierarchy.l1i-cache-0: access for ReadReq [a40:a7f] IF hit state: 6 (E) writable: 1 readable: 1 dirty: 0 prefetched: 0 | tag: 0 secure: 0 valid: 1 | set: 0x29 way: 0
 658000: board.cache_hierarchy.l2-cache-0: recvTimingResp: Handling response ReadResp [3a40:3a7f]
 658000: board.cache_hierarchy.l2-cache-0: Block for addr 0x3a40 being updated in Cache
 658000: board.cache_hierarchy.l2-cache-0: Block addr 0x3a40 (ns) moving from  to state: 6 (E) writable: 1 readable: 1 dirty: 0 prefetched: 0 | tag: 0 secure: 0 valid: 1 | set: 0xe9 way: 0
 658000: board.cache_hierarchy.l2-cache-0: recvTimingResp: Leaving with ReadResp [3a40:3a7f]
 651000: board.processor.cores.core: 0x10904    : c_bnez a2, 4               : 
 651000: board.processor.cores.core: 0x10906    : c_jr ra                    : 
 652000: board.processor.cores.core: 0x101b4    : auipc a0, 1                : 
 652000: board.processor.cores.core: 0x101b8    : addi a0, a0, -1878         : 
 662000: board.processor.cores.core.workload: Translating: 0x11700->0x1700
 662000: board.cache_hierarchy.l1i-cache-0: access for ReadReq [1700:173f] IF miss
 653000: board.processor.cores.core: 0x101bc    : c_beqz a0, 14              : 
 654000: board.processor.cores.core: 0x101be    : auipc a0, 1                : 
 663000: board.cache_hierarchy.l1i-cache-0: sendMSHRQueuePacket: MSHR ReadReq [1700:173f] IF
 663000: board.cache_hierarchy.l1i-cache-0: createMissPacket: created ReadSharedReq [1700:173f] IF from ReadReq [1700:173f] IF
 663000: board.cache_hierarchy.l2-cache-0: access for ReadSharedReq [1700:173f] IF miss
 654000: board.processor.cores.core: 0x101c2    : addi a0, a0, 1338          : 
 655000: board.processor.cores.core: 0x101c6    : jal ra, 2200               : 
 656000: board.processor.cores.core: 0x10a5e    : c_mv a1, a0                : 
 656000: board.processor.cores.core: 0x10a60    : c_li a3, 0                 : 
 657000: board.processor.cores.core: 0x10a62    : c_li a2, 0                 : 
 657000: board.processor.cores.core: 0x10a64    : c_li a0, 0                 : 
 658000: board.processor.cores.core: 0x10a66    : jal zero, 3270             : 
 670000: board.cache_hierarchy.l2-cache-0: recvTimingResp: Handling response ReadResp [3a80:3abf]
 670000: board.cache_hierarchy.l2-cache-0: Block for addr 0x3a80 being updated in Cache
 670000: board.cache_hierarchy.l2-cache-0: Block addr 0x3a80 (ns) moving from  to state: 6 (E) writable: 1 readable: 1 dirty: 0 prefetched: 0 | tag: 0 secure: 0 valid: 1 | set: 0xea way: 0
 670000: board.cache_hierarchy.l2-cache-0: recvTimingResp: Leaving with ReadResp [3a80:3abf]
 674000: board.cache_hierarchy.l2-cache-0: sendMSHRQueuePacket: MSHR ReadSharedReq [1700:173f] IF
 674000: board.cache_hierarchy.l2-cache-0: createMissPacket: created ReadSharedReq [1700:173f] IF from ReadSharedReq [1700:173f] IF
 682000: board.cache_hierarchy.l2-cache-0: recvTimingResp: Handling response ReadResp [3ac0:3aff]
 682000: board.cache_hierarchy.l2-cache-0: Block for addr 0x3ac0 being updated in Cache
 682000: board.cache_hierarchy.l2-cache-0: Block addr 0x3ac0 (ns) moving from  to state: 6 (E) writable: 1 readable: 1 dirty: 0 prefetched: 0 | tag: 0 secure: 0 valid: 1 | set: 0xeb way: 0
 682000: board.cache_hierarchy.l2-cache-0: recvTimingResp: Leaving with ReadResp [3ac0:3aff]
 718000: board.cache_hierarchy.l2-cache-0: recvTimingResp: Handling response ReadResp [3b00:3b3f]
 718000: board.cache_hierarchy.l2-cache-0: Block for addr 0x3b00 being updated in Cache
 718000: board.cache_hierarchy.l2-cache-0: Block addr 0x3b00 (ns) moving from  to state: 6 (E) writable: 1 readable: 1 dirty: 0 prefetched: 0 | tag: 0 secure: 0 valid: 1 | set: 0xec way: 0
 718000: board.cache_hierarchy.l2-cache-0: recvTimingResp: Leaving with ReadResp [3b00:3b3f]
 722000: board.cache_hierarchy.l2-cache-0: recvTimingResp: Handling response ReadResp [1700:173f] IF
 722000: board.cache_hierarchy.l2-cache-0: Block for addr 0x1700 being updated in Cache
 722000: board.cache_hierarchy.l2-cache-0: Block addr 0x1700 (ns) moving from  to state: 6 (E) writable: 1 readable: 1 dirty: 0 prefetched: 0 | tag: 0 secure: 0 valid: 1 | set: 0x5c way: 0
 722000: board.cache_hierarchy.l2-cache-0: recvTimingResp: Leaving with ReadResp [1700:173f] IF
 724000: board.cache_hierarchy.l1i-cache-0: recvTimingResp: Handling response ReadResp [1700:173f] IF
 724000: board.cache_hierarchy.l1i-cache-0: Block for addr 0x1700 being updated in Cache
 724000: board.cache_hierarchy.l1i-cache-0: Block addr 0x1700 (ns) moving from  to state: 6 (E) writable: 1 readable: 1 dirty: 0 prefetched: 0 | tag: 0x1 secure: 0 valid: 1 | set: 0x1c way: 0
 724000: board.cache_hierarchy.l1i-cache-0: recvTimingResp: Leaving with ReadResp [1700:173f] IF
 728000: board.processor.cores.core.workload: Translating: 0x11740->0x1740
 728000: board.cache_hierarchy.l1i-cache-0: access for ReadReq [1740:177f] IF miss
 729000: board.cache_hierarchy.l1i-cache-0: sendMSHRQueuePacket: MSHR ReadReq [1740:177f] IF
 729000: board.cache_hierarchy.l1i-cache-0: createMissPacket: created ReadSharedReq [1740:177f] IF from ReadReq [1740:177f] IF
 729000: board.cache_hierarchy.l2-cache-0: access for ReadSharedReq [1740:177f] IF miss
 730000: board.processor.cores.core.workload: Translating: 0x13340->0x3340
 730000: board.cache_hierarchy.l1d-cache-0: access for ReadReq [3340:3347] type=MemRead hit state: e (M) writable: 1 readable: 1 dirty: 1 prefetched: 0 | tag: 0x3 secure: 0 valid: 1 | set: 0xd way: 0
 732000: board.processor.cores.core.workload: Couldn't Translate: 0x8
 735000: board.processor.cores.core.workload: Translating: 0x11740->0x1740
 735000: board.cache_hierarchy.l1i-cache-0: access for ReadReq [1740:177f] IF miss
 735000: board.cache_hierarchy.l1i-cache-0: handleTimingReqMiss coalescing MSHR for ReadReq [1740:177f] IF
 725000: board.processor.cores.core: 0x1172c    : ld a5, 528(gp)             : 
 725000: board.processor.cores.core: 0x11730    : c_beqz a5, 66              : 
 740000: board.cache_hierarchy.l2-cache-0: sendMSHRQueuePacket: MSHR ReadSharedReq [1740:177f] IF
 740000: board.cache_hierarchy.l2-cache-0: createMissPacket: created ReadSharedReq [1740:177f] IF from ReadSharedReq [1740:177f] IF
 788000: board.cache_hierarchy.l2-cache-0: recvTimingResp: Handling response ReadResp [1740:177f] IF
 788000: board.cache_hierarchy.l2-cache-0: Block for addr 0x1740 being updated in Cache
 788000: board.cache_hierarchy.l2-cache-0: Block addr 0x1740 (ns) moving from  to state: 6 (E) writable: 1 readable: 1 dirty: 0 prefetched: 0 | tag: 0 secure: 0 valid: 1 | set: 0x5d way: 0
 788000: board.cache_hierarchy.l2-cache-0: recvTimingResp: Leaving with ReadResp [1740:177f] IF
 790000: board.cache_hierarchy.l1i-cache-0: recvTimingResp: Handling response ReadResp [1740:177f] IF
 790000: board.cache_hierarchy.l1i-cache-0: Block for addr 0x1740 being updated in Cache
 790000: board.cache_hierarchy.l1i-cache-0: Block addr 0x1740 (ns) moving from  to state: 6 (E) writable: 1 readable: 1 dirty: 0 prefetched: 0 | tag: 0x1 secure: 0 valid: 1 | set: 0x1d way: 0
 790000: board.cache_hierarchy.l1i-cache-0: recvTimingResp: Leaving with ReadResp [1740:177f] IF
 794000: board.processor.cores.core.workload: Translating: 0x11780->0x1780
 794000: board.cache_hierarchy.l1i-cache-0: access for ReadReq [1780:17bf] IF miss
 795000: board.cache_hierarchy.l1i-cache-0: sendMSHRQueuePacket: MSHR ReadReq [1780:17bf] IF
 795000: board.cache_hierarchy.l1i-cache-0: createMissPacket: created ReadSharedReq [1780:17bf] IF from ReadReq [1780:17bf] IF
 795000: board.cache_hierarchy.l2-cache-0: access for ReadSharedReq [1780:17bf] IF miss
 796000: board.processor.cores.core.workload: Translating: 0x11700->0x1700
 796000: board.cache_hierarchy.l1i-cache-0: access for ReadReq [1700:173f] IF hit state: 6 (E) writable: 1 readable: 1 dirty: 0 prefetched: 0 | tag: 0x1 secure: 0 valid: 1 | set: 0x1c way: 0
 799000: board.processor.cores.core.workload: Translating: 0x11740->0x1740
 799000: board.cache_hierarchy.l1i-cache-0: access for ReadReq [1740:177f] IF hit state: 6 (E) writable: 1 readable: 1 dirty: 0 prefetched: 0 | tag: 0x1 secure: 0 valid: 1 | set: 0x1d way: 0
 799000: board.processor.cores.core.workload: Translating: 0x13340->0x3340
 792000: board.processor.cores.core: 0x11772    : c_lui a5, 19               : 
 792000: board.processor.cores.core: 0x11774    : addi a5, a5, 1560          : 
 793000: board.processor.cores.core: 0x11778    : sd a5, 528(gp)             : 
 793000: board.processor.cores.core: 0x1177c    : c_j -74                    : 
 802000: board.processor.cores.core.workload: Translating: 0x13620->0x3620
 802000: board.cache_hierarchy.l1d-cache-0: access for ReadReq [3620:3623] type=MemRead hit state: e (M) writable: 1 readable: 1 dirty: 1 prefetched: 0 | tag: 0x3 secure: 0 valid: 1 | set: 0x18 way: 0
 803000: board.cache_hierarchy.l1d-cache-0: access for WriteReq [3340:3347] type=MemWrite hit state: e (M) writable: 1 readable: 1 dirty: 1 prefetched: 0 | tag: 0x3 secure: 0 valid: 1 | set: 0xd way: 0
 803000: board.cache_hierarchy.l1d-cache-0: satisfyRequest for WriteReq [3340:3347] type=MemWrite (write)
 806000: board.cache_hierarchy.l2-cache-0: sendMSHRQueuePacket: MSHR ReadSharedReq [1780:17bf] IF
 806000: board.cache_hierarchy.l2-cache-0: createMissPacket: created ReadSharedReq [1780:17bf] IF from ReadSharedReq [1780:17bf] IF
 797000: board.processor.cores.core: 0x11732    : c_lw a4, 8(a5)             : 
 797000: board.processor.cores.core: 0x11734    : c_li a6, 31                : 
 798000: board.processor.cores.core: 0x11736    : blt a6, a4, 98             : 
 798000: board.processor.cores.core: 0x1173a    : c_beqz a0, 40              : 
 809000: board.processor.cores.core.workload: Translating: 0x101c0->0x1c0
 809000: board.cache_hierarchy.l1i-cache-0: access for ReadReq [1c0:1ff] IF hit state: 6 (E) writable: 1 readable: 1 dirty: 0 prefetched: 0 | tag: 0 secure: 0 valid: 1 | set: 0x7 way: 0
 813000: board.processor.cores.core.workload: Translating: 0x13620->0x3620
 806000: board.processor.cores.core: 0x11762    : addiw a3, a4, 1            : 
 806000: board.processor.cores.core: 0x11766    : c_slli a4, 3               : 
 814000: board.processor.cores.core.workload: Translating: 0x10880->0x880
 814000: board.cache_hierarchy.l1i-cache-0: access for ReadReq [880:8bf] IF miss
 814000: board.processor.cores.core.workload: Translating: 0x13628->0x3628
 815000: board.cache_hierarchy.l1i-cache-0: sendMSHRQueuePacket: MSHR ReadReq [880:8bf] IF
 815000: board.cache_hierarchy.l1i-cache-0: createMissPacket: created ReadSharedReq [880:8bf] IF from ReadReq [880:8bf] IF
 815000: board.cache_hierarchy.l2-cache-0: access for ReadSharedReq [880:8bf] IF miss
 807000: board.processor.cores.core: 0x11768    : c_sw a3, 8(a5)             : 
 807000: board.processor.cores.core: 0x1176a    : c_add a5, a4               : 
 808000: board.processor.cores.core: 0x1176c    : c_sd a1, 16(a5)            : 
 808000: board.processor.cores.core: 0x1176e    : c_li a0, 0                 : 
 817000: board.cache_hierarchy.l1d-cache-0: access for WriteReq [3620:3623] type=MemWrite hit state: e (M) writable: 1 readable: 1 dirty: 1 prefetched: 0 | tag: 0x3 secure: 0 valid: 1 | set: 0x18 way: 0
 817000: board.cache_hierarchy.l1d-cache-0: satisfyRequest for WriteReq [3620:3623] type=MemWrite (write)
 818000: board.cache_hierarchy.l1d-cache-0: access for WriteReq [3628:362f] type=MemWrite hit state: e (M) writable: 1 readable: 1 dirty: 1 prefetched: 0 | tag: 0x3 secure: 0 valid: 1 | set: 0x18 way: 0
 818000: board.cache_hierarchy.l1d-cache-0: satisfyRequest for WriteReq [3628:362f] type=MemWrite (write)
 809000: board.processor.cores.core: 0x11770    : c_jr ra                    : 
 810000: board.processor.cores.core: 0x101ca    : jal ra, 1718               : 
 826000: board.cache_hierarchy.l2-cache-0: sendMSHRQueuePacket: MSHR ReadSharedReq [880:8bf] IF
 826000: board.cache_hierarchy.l2-cache-0: createMissPacket: created ReadSharedReq [880:8bf] IF from ReadSharedReq [880:8bf] IF
 854000: board.cache_hierarchy.l2-cache-0: recvTimingResp: Handling response ReadResp [1780:17bf] IF
 854000: board.cache_hierarchy.l2-cache-0: Block for addr 0x1780 being updated in Cache
 854000: board.cache_hierarchy.l2-cache-0: Block addr 0x1780 (ns) moving from  to state: 6 (E) writable: 1 readable: 1 dirty: 0 prefetched: 0 | tag: 0 secure: 0 valid: 1 | set: 0x5e way: 0
 854000: board.cache_hierarchy.l2-cache-0: recvTimingResp: Leaving with ReadResp [1780:17bf] IF
 856000: board.cache_hierarchy.l1i-cache-0: recvTimingResp: Handling response ReadResp [1780:17bf] IF
 856000: board.cache_hierarchy.l1i-cache-0: Block for addr 0x1780 being updated in Cache
 856000: board.cache_hierarchy.l1i-cache-0: Block addr 0x1780 (ns) moving from  to state: 6 (E) writable: 1 readable: 1 dirty: 0 prefetched: 0 | tag: 0x1 secure: 0 valid: 1 | set: 0x1e way: 0
 856000: board.cache_hierarchy.l1i-cache-0: recvTimingResp: Leaving with ReadResp [1780:17bf] IF
 874000: board.cache_hierarchy.l2-cache-0: recvTimingResp: Handling response ReadResp [880:8bf] IF
 874000: board.cache_hierarchy.l2-cache-0: Block for addr 0x880 being updated in Cache
 874000: board.cache_hierarchy.l2-cache-0: Block addr 0x880 (ns) moving from  to state: 6 (E) writable: 1 readable: 1 dirty: 0 prefetched: 0 | tag: 0 secure: 0 valid: 1 | set: 0x22 way: 0
 874000: board.cache_hierarchy.l2-cache-0: recvTimingResp: Leaving with ReadResp [880:8bf] IF
 876000: board.cache_hierarchy.l1i-cache-0: recvTimingResp: Handling response ReadResp [880:8bf] IF
 876000: board.cache_hierarchy.l1i-cache-0: Block for addr 0x880 being updated in Cache
 876000: board.cache_hierarchy.l1i-cache-0: Block addr 0x880 (ns) moving from  to state: 6 (E) writable: 1 readable: 1 dirty: 0 prefetched: 0 | tag: 0 secure: 0 valid: 1 | set: 0x22 way: 0
 876000: board.cache_hierarchy.l1i-cache-0: recvTimingResp: Leaving with ReadResp [880:8bf] IF
 883000: board.processor.cores.core.workload: Translating: 0x7fffffffffffff00->0x4f00
 883000: board.processor.cores.core.workload: Translating: 0x7ffffffffffffef0->0x4ef0
 877000: board.processor.cores.core: 0x10880    : c_addi sp, -32             : 
 885000: board.processor.cores.core.workload: Translating: 0x7fffffffffffff08->0x4f08
 885000: board.processor.cores.core.workload: Translating: 0x7ffffffffffffef8->0x4ef8
 877000: board.processor.cores.core: 0x10882    : c_sdsp s0, 16(sp)          : 
 878000: board.processor.cores.core: 0x10884    : c_sdsp s2, 0(sp)           : 
 878000: board.processor.cores.core: 0x10886    : c_lui s0, 19               : 
 879000: board.processor.cores.core: 0x10888    : c_lui s2, 19               : 
 887000: board.cache_hierarchy.l1d-cache-0: access for WriteReq [4f00:4f07] type=MemWrite miss
 887000: board.cache_hierarchy.l1d-cache-0: access for WriteReq [4ef0:4ef7] type=MemWrite miss
 879000: board.processor.cores.core: 0x1088a    : c_sdsp ra, 24(sp)          : 
 880000: board.processor.cores.core: 0x1088c    : c_sdsp s1, 8(sp)           : 
 888000: board.cache_hierarchy.l1d-cache-0: sendMSHRQueuePacket: MSHR WriteReq [4f00:4f07] type=MemWrite
 888000: board.cache_hierarchy.l1d-cache-0: createMissPacket: created ReadExReq [4f00:4f3f] type=MemWrite from WriteReq [4f00:4f07] type=MemWrite
 888000: board.cache_hierarchy.l2-cache-0: access for ReadExReq [4f00:4f3f] type=MemWrite miss
 888000: board.processor.cores.core.workload: Translating: 0x108c0->0x8c0
 888000: board.cache_hierarchy.l1i-cache-0: access for ReadReq [8c0:8ff] IF hit state: 6 (E) writable: 1 readable: 1 dirty: 0 prefetched: 0 | tag: 0 secure: 0 valid: 1 | set: 0x23 way: 0
 888001: board.cache_hierarchy.l1d-cache-0: sendMSHRQueuePacket: MSHR WriteReq [4ef0:4ef7] type=MemWrite
 888001: board.cache_hierarchy.l1d-cache-0: createMissPacket: created ReadExReq [4ec0:4eff] type=MemWrite from WriteReq [4ef0:4ef7] type=MemWrite
 889000: board.cache_hierarchy.l1d-cache-0: sendMSHRQueuePacket: MSHR WriteReq [4ef0:4ef7] type=MemWrite
 889000: board.cache_hierarchy.l1d-cache-0: createMissPacket: created ReadExReq [4ec0:4eff] type=MemWrite from WriteReq [4ef0:4ef7] type=MemWrite
 889000: board.cache_hierarchy.l2-cache-0: access for ReadExReq [4ec0:4eff] type=MemWrite miss
 889000: board.cache_hierarchy.l1d-cache-0: access for WriteReq [4f08:4f0f] type=MemWrite miss
 889000: board.cache_hierarchy.l1d-cache-0: handleTimingReqMiss coalescing MSHR for WriteReq [4f08:4f0f] type=MemWrite
 889000: board.cache_hierarchy.l1d-cache-0: access for WriteReq [4ef8:4eff] type=MemWrite miss
 889000: board.cache_hierarchy.l1d-cache-0: handleTimingReqMiss coalescing MSHR for WriteReq [4ef8:4eff] type=MemWrite
 890000: board.processor.cores.core.workload: Translating: 0x10880->0x880
 890000: board.cache_hierarchy.l1i-cache-0: access for ReadReq [880:8bf] IF hit state: 6 (E) writable: 1 readable: 1 dirty: 0 prefetched: 0 | tag: 0 secure: 0 valid: 1 | set: 0x22 way: 0
 880000: board.processor.cores.core: 0x1088e    : addi s2, s2, -1828         : 
 881000: board.processor.cores.core: 0x10892    : addi s0, s0, -1828         : 
 881000: board.processor.cores.core: 0x10896    : beq s2, s0, 26             : 
 893000: board.processor.cores.core.workload: Translating: 0x108c0->0x8c0
 893000: board.cache_hierarchy.l1i-cache-0: access for ReadReq [8c0:8ff] IF hit state: 6 (E) writable: 1 readable: 1 dirty: 0 prefetched: 0 | tag: 0 secure: 0 valid: 1 | set: 0x23 way: 0
 899000: board.cache_hierarchy.l2-cache-0: sendMSHRQueuePacket: MSHR ReadExReq [4f00:4f3f] type=MemWrite
 899000: board.cache_hierarchy.l2-cache-0: createMissPacket: created ReadExReq [4f00:4f3f] type=MemWrite from ReadExReq [4f00:4f3f] type=MemWrite
 900000: board.cache_hierarchy.l2-cache-0: sendMSHRQueuePacket: MSHR ReadExReq [4ec0:4eff] type=MemWrite
 900000: board.cache_hierarchy.l2-cache-0: createMissPacket: created ReadExReq [4ec0:4eff] type=MemWrite from ReadExReq [4ec0:4eff] type=MemWrite
 900000: board.cache_hierarchy.l2-cache-0: sendMSHRQueuePacket: MSHR ReadExReq [4ec0:4eff] type=MemWrite
 900000: board.cache_hierarchy.l2-cache-0: createMissPacket: created ReadExReq [4ec0:4eff] type=MemWrite from ReadExReq [4ec0:4eff] type=MemWrite
 891000: board.processor.cores.core: 0x108b0    : c_lui s2, 19               : 
 891000: board.processor.cores.core: 0x108b2    : c_lui s0, 19               : 
 892000: board.processor.cores.core: 0x108b4    : addi s2, s2, -1808         : 
 892000: board.processor.cores.core: 0x108b8    : addi s0, s0, -1824         : 
 903000: board.processor.cores.core.workload: Translating: 0x128e0->0x28e0
 903000: board.cache_hierarchy.l1d-cache-0: access for ReadReq [28e0:28e7] type=MemRead miss
 893000: board.processor.cores.core: 0x108bc    : beq s2, s0, 26             : 
 894000: board.processor.cores.core: 0x108c0    : sub s2, s2, s0             : 
 904000: board.cache_hierarchy.l1d-cache-0: sendMSHRQueuePacket: MSHR ReadReq [28e0:28e7] type=MemRead
 904000: board.cache_hierarchy.l1d-cache-0: createMissPacket: created ReadSharedReq [28c0:28ff] type=MemRead from ReadReq [28e0:28e7] type=MemRead
 904000: board.cache_hierarchy.l2-cache-0: access for ReadSharedReq [28c0:28ff] type=MemRead miss
 904000: board.processor.cores.core.workload: Translating: 0x101c0->0x1c0
 904000: board.cache_hierarchy.l1i-cache-0: access for ReadReq [1c0:1ff] IF hit state: 6 (E) writable: 1 readable: 1 dirty: 0 prefetched: 0 | tag: 0 secure: 0 valid: 1 | set: 0x7 way: 0
 894000: board.processor.cores.core: 0x108c4    : srai s2, s2, 3             : 
 895000: board.processor.cores.core: 0x108c8    : c_li s1, 0                 : 
 905000: board.processor.cores.core.workload: Translating: 0x7fffffffffffff08->0x4f08
 905000: board.cache_hierarchy.l1d-cache-0: access for ReadReq [4f08:4f0f] type=MemRead miss
 905000: board.cache_hierarchy.l1d-cache-0: handleTimingReqMiss coalescing MSHR for ReadReq [4f08:4f0f] type=MemRead
 906000: board.processor.cores.core.workload: Translating: 0x7fffffffffffff00->0x4f00
 906000: board.cache_hierarchy.l1d-cache-0: access for ReadReq [4f00:4f07] type=MemRead miss
 906000: board.cache_hierarchy.l1d-cache-0: handleTimingReqMiss coalescing MSHR for ReadReq [4f00:4f07] type=MemRead
 906000: board.processor.cores.core.workload: Translating: 0x7ffffffffffffef8->0x4ef8
 906000: board.cache_hierarchy.l1d-cache-0: access for ReadReq [4ef8:4eff] type=MemRead miss
 906000: board.cache_hierarchy.l1d-cache-0: handleTimingReqMiss coalescing MSHR for ReadReq [4ef8:4eff] type=MemRead
 908000: board.processor.cores.core.workload: Translating: 0x108c0->0x8c0
 908000: board.cache_hierarchy.l1i-cache-0: access for ReadReq [8c0:8ff] IF hit state: 6 (E) writable: 1 readable: 1 dirty: 0 prefetched: 0 | tag: 0 secure: 0 valid: 1 | set: 0x23 way: 0
 915000: board.cache_hierarchy.l2-cache-0: sendMSHRQueuePacket: MSHR ReadSharedReq [28c0:28ff] type=MemRead
 915000: board.cache_hierarchy.l2-cache-0: createMissPacket: created ReadSharedReq [28c0:28ff] type=MemRead from ReadSharedReq [28c0:28ff] type=MemRead
 916000: board.processor.cores.core.workload: Translating: 0x128e8->0x28e8
 916000: board.cache_hierarchy.l1d-cache-0: access for ReadReq [28e8:28ef] type=MemRead miss
 916000: board.cache_hierarchy.l1d-cache-0: handleTimingReqMiss coalescing MSHR for ReadReq [28e8:28ef] type=MemRead
 919000: board.processor.cores.core.workload: Translating: 0x7fffffffffffff08->0x4f08
 919000: board.cache_hierarchy.l1d-cache-0: access for ReadReq [4f08:4f0f] type=MemRead miss
 919000: board.cache_hierarchy.l1d-cache-0: handleTimingReqMiss coalescing MSHR for ReadReq [4f08:4f0f] type=MemRead
 920000: board.processor.cores.core.workload: Translating: 0x7fffffffffffff00->0x4f00
 920000: board.cache_hierarchy.l1d-cache-0: access for ReadReq [4f00:4f07] type=MemRead miss
 920000: board.cache_hierarchy.l1d-cache-0: handleTimingReqMiss coalescing MSHR for ReadReq [4f00:4f07] type=MemRead
 920000: board.processor.cores.core.workload: Translating: 0x7ffffffffffffef8->0x4ef8
 920000: board.cache_hierarchy.l1d-cache-0: access for ReadReq [4ef8:4eff] type=MemRead miss
 920000: board.cache_hierarchy.l1d-cache-0: handleTimingReqMiss coalescing MSHR for ReadReq [4ef8:4eff] type=MemRead
 921000: board.processor.cores.core.workload: Translating: 0x7ffffffffffffef0->0x4ef0
 921000: board.cache_hierarchy.l1d-cache-0: access for ReadReq [4ef0:4ef7] type=MemRead miss
 921000: board.cache_hierarchy.l1d-cache-0: handleTimingReqMiss coalescing MSHR for ReadReq [4ef0:4ef7] type=MemRead
 922000: board.processor.cores.core.workload: Translating: 0x101c0->0x1c0
 922000: board.cache_hierarchy.l1i-cache-0: access for ReadReq [1c0:1ff] IF hit state: 6 (E) writable: 1 readable: 1 dirty: 0 prefetched: 0 | tag: 0 secure: 0 valid: 1 | set: 0x7 way: 0
 923000: board.processor.cores.core.workload: Translating: 0x7fffffffffffff28->0x4f28
 923000: board.cache_hierarchy.l1d-cache-0: access for ReadReq [4f28:4f2f] type=MemRead miss
 923000: board.cache_hierarchy.l1d-cache-0: handleTimingReqMiss coalescing MSHR for ReadReq [4f28:4f2f] type=MemRead
 923000: board.processor.cores.core.workload: Translating: 0x7fffffffffffff20->0x4f20
 923000: board.cache_hierarchy.l1d-cache-0: access for ReadReq [4f20:4f27] type=MemRead miss
 923000: board.cache_hierarchy.l1d-cache-0: handleTimingReqMiss coalescing MSHR for ReadReq [4f20:4f27] type=MemRead
 924000: board.processor.cores.core.workload: Translating: 0x7fffffffffffff18->0x4f18
 924000: board.cache_hierarchy.l1d-cache-0: access for ReadReq [4f18:4f1f] type=MemRead miss
 924000: board.cache_hierarchy.l1d-cache-0: handleTimingReqMiss coalescing MSHR for ReadReq [4f18:4f1f] type=MemRead
 924000: board.processor.cores.core.workload: Translating: 0x7fffffffffffff10->0x4f10
 924000: board.cache_hierarchy.l1d-cache-0: access for ReadReq [4f10:4f17] type=MemRead miss
 924000: board.cache_hierarchy.l1d-cache-0: handleTimingReqMiss coalescing MSHR for ReadReq [4f10:4f17] type=MemRead
 926000: board.processor.cores.core.workload: Translating: 0x7fffffffffffff48->0x4f48
 926000: board.cache_hierarchy.l1d-cache-0: access for ReadReq [4f48:4f4f] type=MemRead miss
 927000: board.cache_hierarchy.l1d-cache-0: sendMSHRQueuePacket: MSHR ReadReq [4f48:4f4f] type=MemRead
 927000: board.cache_hierarchy.l1d-cache-0: createMissPacket: created ReadSharedReq [4f40:4f7f] type=MemRead from ReadReq [4f48:4f4f] type=MemRead
 927000: board.cache_hierarchy.l2-cache-0: access for ReadSharedReq [4f40:4f7f] type=MemRead miss
 927000: board.processor.cores.core.workload: Translating: 0x7fffffffffffff40->0x4f40
 927000: board.cache_hierarchy.l1d-cache-0: access for ReadReq [4f40:4f47] type=MemRead miss
 927000: board.cache_hierarchy.l1d-cache-0: handleTimingReqMiss coalescing MSHR for ReadReq [4f40:4f47] type=MemRead
 927000: board.processor.cores.core.workload: Translating: 0x7fffffffffffff38->0x4f38
 927000: board.cache_hierarchy.l1d-cache-0: access for ReadReq [4f38:4f3f] type=MemRead miss
 927000: board.cache_hierarchy.l1d-cache-0: handleTimingReqMiss coalescing MSHR for ReadReq [4f38:4f3f] type=MemRead
 928000: board.processor.cores.core.workload: Translating: 0x7fffffffffffff30->0x4f30
 928000: board.cache_hierarchy.l1d-cache-0: access for ReadReq [4f30:4f37] type=MemRead miss
 928000: board.cache_hierarchy.l1d-cache-0: handleTimingReqMiss coalescing MSHR for ReadReq [4f30:4f37] type=MemRead
 929000: board.processor.cores.core.workload: Translating: 0x10100->0x100
 929000: board.cache_hierarchy.l1i-cache-0: access for ReadReq [100:13f] IF miss
 929000: board.processor.cores.core.workload: Translating: 0x7fffffffffffff50->0x4f50
 929000: board.cache_hierarchy.l1d-cache-0: access for ReadReq [4f50:4f53] type=MemRead miss
 929000: board.cache_hierarchy.l1d-cache-0: handleTimingReqMiss coalescing MSHR for ReadReq [4f50:4f53] type=MemRead
 930000: board.cache_hierarchy.l1i-cache-0: sendMSHRQueuePacket: MSHR ReadReq [100:13f] IF
 930000: board.cache_hierarchy.l1i-cache-0: createMissPacket: created ReadSharedReq [100:13f] IF from ReadReq [100:13f] IF
 930000: board.cache_hierarchy.l2-cache-0: access for ReadSharedReq [100:13f] IF miss
 938000: board.cache_hierarchy.l2-cache-0: sendMSHRQueuePacket: MSHR ReadSharedReq [4f40:4f7f] type=MemRead
 938000: board.cache_hierarchy.l2-cache-0: createMissPacket: created ReadSharedReq [4f40:4f7f] type=MemRead from ReadSharedReq [4f40:4f7f] type=MemRead
 941000: board.cache_hierarchy.l2-cache-0: sendMSHRQueuePacket: MSHR ReadSharedReq [100:13f] IF
 941000: board.cache_hierarchy.l2-cache-0: createMissPacket: created ReadSharedReq [100:13f] IF from ReadSharedReq [100:13f] IF
 961000: board.cache_hierarchy.l2-cache-0: recvTimingResp: Handling response ReadExResp [4f00:4f3f] type=MemWrite
 961000: board.cache_hierarchy.l2-cache-0: Block for addr 0x4f00 being updated in Cache
 961000: board.cache_hierarchy.l2-cache-0: Block addr 0x4f00 (ns) moving from  to state: 6 (E) writable: 1 readable: 1 dirty: 0 prefetched: 0 | tag: 0 secure: 0 valid: 1 | set: 0x13c way: 0
 961000: board.cache_hierarchy.l2-cache-0: recvTimingResp: Leaving with ReadExResp [4f00:4f3f] type=MemWrite
 963000: board.cache_hierarchy.l1d-cache-0: recvTimingResp: Handling response ReadExResp [4f00:4f3f] type=MemWrite
 963000: board.cache_hierarchy.l1d-cache-0: Block for addr 0x4f00 being updated in Cache
 963000: board.cache_hierarchy.l1d-cache-0: Block addr 0x4f00 (ns) moving from  to state: 6 (E) writable: 1 readable: 1 dirty: 0 prefetched: 0 | tag: 0x4 secure: 0 valid: 1 | set: 0x3c way: 0
 963000: board.cache_hierarchy.l1d-cache-0: satisfyRequest for WriteReq [4f00:4f07] type=MemWrite (write)
 963000: board.cache_hierarchy.l1d-cache-0: satisfyRequest for WriteReq [4f08:4f0f] type=MemWrite (write)
 963000: board.cache_hierarchy.l1d-cache-0: recvTimingResp: Leaving with ReadExResp [4f00:4f3f] type=MemWrite
 966000: board.cache_hierarchy.l2-cache-0: recvTimingResp: Handling response ReadExResp [4ec0:4eff] type=MemWrite
 966000: board.cache_hierarchy.l2-cache-0: Block for addr 0x4ec0 being updated in Cache
 966000: board.cache_hierarchy.l2-cache-0: Block addr 0x4ec0 (ns) moving from  to state: 6 (E) writable: 1 readable: 1 dirty: 0 prefetched: 0 | tag: 0 secure: 0 valid: 1 | set: 0x13b way: 0
 966000: board.cache_hierarchy.l2-cache-0: recvTimingResp: Leaving with ReadExResp [4ec0:4eff] type=MemWrite
 968000: board.cache_hierarchy.l1d-cache-0: recvTimingResp: Handling response ReadExResp [4ec0:4eff] type=MemWrite
 968000: board.cache_hierarchy.l1d-cache-0: Block for addr 0x4ec0 being updated in Cache
 968000: board.cache_hierarchy.l1d-cache-0: Block addr 0x4ec0 (ns) moving from  to state: 6 (E) writable: 1 readable: 1 dirty: 0 prefetched: 0 | tag: 0x4 secure: 0 valid: 1 | set: 0x3b way: 0
 968000: board.cache_hierarchy.l1d-cache-0: satisfyRequest for WriteReq [4ef0:4ef7] type=MemWrite (write)
 968000: board.cache_hierarchy.l1d-cache-0: satisfyRequest for WriteReq [4ef8:4eff] type=MemWrite (write)
 968000: board.cache_hierarchy.l1d-cache-0: recvTimingResp: Leaving with ReadExResp [4ec0:4eff] type=MemWrite
 969000: board.cache_hierarchy.l2-cache-0: recvTimingResp: Handling response ReadResp [28c0:28ff] type=MemRead
 969000: board.cache_hierarchy.l2-cache-0: Block for addr 0x28c0 being updated in Cache
 969000: board.cache_hierarchy.l2-cache-0: Block addr 0x28c0 (ns) moving from  to state: 6 (E) writable: 1 readable: 1 dirty: 0 prefetched: 0 | tag: 0 secure: 0 valid: 1 | set: 0xa3 way: 0
 969000: board.cache_hierarchy.l2-cache-0: recvTimingResp: Leaving with ReadResp [28c0:28ff] type=MemRead
 971000: board.cache_hierarchy.l1d-cache-0: recvTimingResp: Handling response ReadResp [28c0:28ff] type=MemRead
 971000: board.cache_hierarchy.l1d-cache-0: Block for addr 0x28c0 being updated in Cache
 971000: board.cache_hierarchy.l1d-cache-0: Block addr 0x28c0 (ns) moving from  to state: 6 (E) writable: 1 readable: 1 dirty: 0 prefetched: 0 | tag: 0x2 secure: 0 valid: 1 | set: 0x23 way: 0x1
 971000: board.cache_hierarchy.l1d-cache-0: recvTimingResp: Leaving with ReadResp [28c0:28ff] type=MemRead
 971000: board.processor.cores.core.workload: Translating: 0x101c0->0x1c0
 971000: board.cache_hierarchy.l1i-cache-0: access for ReadReq [1c0:1ff] IF hit state: 6 (E) writable: 1 readable: 1 dirty: 0 prefetched: 0 | tag: 0 secure: 0 valid: 1 | set: 0x7 way: 0
 973000: board.processor.cores.core.workload: Translating: 0x10100->0x100
 973000: board.cache_hierarchy.l1i-cache-0: access for ReadReq [100:13f] IF miss
 973000: board.cache_hierarchy.l1i-cache-0: handleTimingReqMiss coalescing MSHR for ReadReq [100:13f] IF
 977000: board.processor.cores.core.workload: Translating: 0x10180->0x180
 977000: board.cache_hierarchy.l1i-cache-0: access for ReadReq [180:1bf] IF hit state: 6 (E) writable: 1 readable: 1 dirty: 0 prefetched: 0 | tag: 0 secure: 0 valid: 1 | set: 0x6 way: 0
 980000: board.processor.cores.core.workload: Translating: 0x108c0->0x8c0
 980000: board.cache_hierarchy.l1i-cache-0: access for ReadReq [8c0:8ff] IF hit state: 6 (E) writable: 1 readable: 1 dirty: 0 prefetched: 0 | tag: 0 secure: 0 valid: 1 | set: 0x23 way: 0
 984000: board.processor.cores.core.workload: Translating: 0x101c0->0x1c0
 984000: board.cache_hierarchy.l1i-cache-0: access for ReadReq [1c0:1ff] IF hit state: 6 (E) writable: 1 readable: 1 dirty: 0 prefetched: 0 | tag: 0 secure: 0 valid: 1 | set: 0x7 way: 0
 986000: board.cache_hierarchy.l2-cache-0: recvTimingResp: Handling response ReadResp [4f40:4f7f] type=MemRead
 986000: board.cache_hierarchy.l2-cache-0: Block for addr 0x4f40 being updated in Cache
 986000: board.cache_hierarchy.l2-cache-0: Block addr 0x4f40 (ns) moving from  to state: 6 (E) writable: 1 readable: 1 dirty: 0 prefetched: 0 | tag: 0 secure: 0 valid: 1 | set: 0x13d way: 0
 986000: board.cache_hierarchy.l2-cache-0: recvTimingResp: Leaving with ReadResp [4f40:4f7f] type=MemRead
 986000: board.processor.cores.core.workload: Translating: 0x10100->0x100
 986000: board.cache_hierarchy.l1i-cache-0: access for ReadReq [100:13f] IF miss
 986000: board.cache_hierarchy.l1i-cache-0: handleTimingReqMiss coalescing MSHR for ReadReq [100:13f] IF
 988000: board.cache_hierarchy.l1d-cache-0: recvTimingResp: Handling response ReadResp [4f40:4f7f] type=MemRead
 988000: board.cache_hierarchy.l1d-cache-0: Block for addr 0x4f40 being updated in Cache
 988000: board.cache_hierarchy.l1d-cache-0: Block addr 0x4f40 (ns) moving from  to state: 6 (E) writable: 1 readable: 1 dirty: 0 prefetched: 0 | tag: 0x4 secure: 0 valid: 1 | set: 0x3d way: 0
 988000: board.cache_hierarchy.l1d-cache-0: recvTimingResp: Leaving with ReadResp [4f40:4f7f] type=MemRead
 989000: board.cache_hierarchy.l2-cache-0: recvTimingResp: Handling response ReadResp [100:13f] IF
 989000: board.cache_hierarchy.l2-cache-0: Block for addr 0x100 being updated in Cache
 989000: board.cache_hierarchy.l2-cache-0: Block addr 0x100 (ns) moving from  to state: 6 (E) writable: 1 readable: 1 dirty: 0 prefetched: 0 | tag: 0 secure: 0 valid: 1 | set: 0x4 way: 0
 989000: board.cache_hierarchy.l2-cache-0: recvTimingResp: Leaving with ReadResp [100:13f] IF
 991000: board.cache_hierarchy.l1i-cache-0: recvTimingResp: Handling response ReadResp [100:13f] IF
 991000: board.cache_hierarchy.l1i-cache-0: Block for addr 0x100 being updated in Cache
 991000: board.cache_hierarchy.l1i-cache-0: Block addr 0x100 (ns) moving from  to state: 6 (E) writable: 1 readable: 1 dirty: 0 prefetched: 0 | tag: 0 secure: 0 valid: 1 | set: 0x4 way: 0
 991000: board.cache_hierarchy.l1i-cache-0: recvTimingResp: Leaving with ReadResp [100:13f] IF
 993000: board.processor.cores.core.workload: Translating: 0x10140->0x140
 993000: board.cache_hierarchy.l1i-cache-0: access for ReadReq [140:17f] IF miss
 895000: board.processor.cores.core: 0x108ca    : c_ld a5, 0(s0)             : 
 896000: board.processor.cores.core: 0x108cc    : c_addi s1, 1               : 
 994000: board.cache_hierarchy.l1i-cache-0: sendMSHRQueuePacket: MSHR ReadReq [140:17f] IF
 994000: board.cache_hierarchy.l1i-cache-0: createMissPacket: created ReadSharedReq [140:17f] IF from ReadReq [140:17f] IF
 994000: board.cache_hierarchy.l2-cache-0: access for ReadSharedReq [140:17f] IF miss
 896000: board.processor.cores.core: 0x108ce    : c_addi s0, 8               : 
 897000: board.processor.cores.core: 0x108d0    : c_jalr a5                  : 
1001000: board.processor.cores.core.workload: Translating: 0x10a40->0xa40
1001000: board.cache_hierarchy.l1i-cache-0: access for ReadReq [a40:a7f] IF hit state: 6 (E) writable: 1 readable: 1 dirty: 0 prefetched: 0 | tag: 0 secure: 0 valid: 1 | set: 0x29 way: 0
1004000: board.processor.cores.core.workload: Translating: 0x10180->0x180
1004000: board.cache_hierarchy.l1i-cache-0: access for ReadReq [180:1bf] IF hit state: 6 (E) writable: 1 readable: 1 dirty: 0 prefetched: 0 | tag: 0 secure: 0 valid: 1 | set: 0x6 way: 0
 978000: board.processor.cores.core: 0x10182    : addi a5, zero, 0           : 
 978000: board.processor.cores.core: 0x10186    : c_beqz a5, 12              : 
1005000: board.cache_hierarchy.l2-cache-0: sendMSHRQueuePacket: MSHR ReadSharedReq [140:17f] IF
1005000: board.cache_hierarchy.l2-cache-0: createMissPacket: created ReadSharedReq [140:17f] IF from ReadSharedReq [140:17f] IF
1005000: board.processor.cores.core.workload: Translating: 0x108c0->0x8c0
1005000: board.cache_hierarchy.l1i-cache-0: access for ReadReq [8c0:8ff] IF hit state: 6 (E) writable: 1 readable: 1 dirty: 0 prefetched: 0 | tag: 0 secure: 0 valid: 1 | set: 0x23 way: 0
1005000: board.processor.cores.core: 0x10192    : c_jr ra                    : 
1014000: board.processor.cores.core.workload: Translating: 0x128e8->0x28e8
1014000: board.cache_hierarchy.l1d-cache-0: access for ReadReq [28e8:28ef] type=MemRead hit state: 6 (E) writable: 1 readable: 1 dirty: 0 prefetched: 0 | tag: 0x2 secure: 0 valid: 1 | set: 0x23 way: 0x1
1006000: board.processor.cores.core: 0x108d2    : bltu s1, s2, -8            : 
1016000: board.processor.cores.core.workload: Translating: 0x101c0->0x1c0
1016000: board.cache_hierarchy.l1i-cache-0: access for ReadReq [1c0:1ff] IF hit state: 6 (E) writable: 1 readable: 1 dirty: 0 prefetched: 0 | tag: 0 secure: 0 valid: 1 | set: 0x7 way: 0
1017000: board.processor.cores.core.workload: Translating: 0x7fffffffffffff08->0x4f08
1017000: board.cache_hierarchy.l1d-cache-0: access for ReadReq [4f08:4f0f] type=MemRead hit state: e (M) writable: 1 readable: 1 dirty: 1 prefetched: 0 | tag: 0x4 secure: 0 valid: 1 | set: 0x3c way: 0
1017000: board.processor.cores.core.workload: Translating: 0x7fffffffffffff00->0x4f00
1017000: board.cache_hierarchy.l1d-cache-0: access for ReadReq [4f00:4f07] type=MemRead hit state: e (M) writable: 1 readable: 1 dirty: 1 prefetched: 0 | tag: 0x4 secure: 0 valid: 1 | set: 0x3c way: 0
1019000: board.processor.cores.core.workload: Translating: 0x10200->0x200
1019000: board.cache_hierarchy.l1i-cache-0: access for ReadReq [200:23f] IF miss
1020000: board.cache_hierarchy.l1i-cache-0: sendMSHRQueuePacket: MSHR ReadReq [200:23f] IF
1020000: board.cache_hierarchy.l1i-cache-0: createMissPacket: created ReadSharedReq [200:23f] IF from ReadReq [200:23f] IF
1020000: board.cache_hierarchy.l2-cache-0: access for ReadSharedReq [200:23f] IF miss
1007000: board.processor.cores.core: 0x108ca    : c_ld a5, 0(s0)             : 
1007000: board.processor.cores.core: 0x108cc    : c_addi s1, 1               : 
1008000: board.processor.cores.core: 0x108ce    : c_addi s0, 8               : 
1008000: board.processor.cores.core: 0x108d0    : c_jalr a5                  : 
1031000: board.cache_hierarchy.l2-cache-0: sendMSHRQueuePacket: MSHR ReadSharedReq [200:23f] IF
1031000: board.cache_hierarchy.l2-cache-0: createMissPacket: created ReadSharedReq [200:23f] IF from ReadSharedReq [200:23f] IF
1053000: board.cache_hierarchy.l2-cache-0: recvTimingResp: Handling response ReadResp [140:17f] IF
1053000: board.cache_hierarchy.l2-cache-0: Block for addr 0x140 being updated in Cache
1053000: board.cache_hierarchy.l2-cache-0: Block addr 0x140 (ns) moving from  to state: 6 (E) writable: 1 readable: 1 dirty: 0 prefetched: 0 | tag: 0 secure: 0 valid: 1 | set: 0x5 way: 0
1053000: board.cache_hierarchy.l2-cache-0: recvTimingResp: Leaving with ReadResp [140:17f] IF
1055000: board.cache_hierarchy.l1i-cache-0: recvTimingResp: Handling response ReadResp [140:17f] IF
1055000: board.cache_hierarchy.l1i-cache-0: Block for addr 0x140 being updated in Cache
1055000: board.cache_hierarchy.l1i-cache-0: Block addr 0x140 (ns) moving from  to state: 6 (E) writable: 1 readable: 1 dirty: 0 prefetched: 0 | tag: 0 secure: 0 valid: 1 | set: 0x5 way: 0
1055000: board.cache_hierarchy.l1i-cache-0: recvTimingResp: Leaving with ReadResp [140:17f] IF
1079000: board.cache_hierarchy.l2-cache-0: recvTimingResp: Handling response ReadResp [200:23f] IF
1079000: board.cache_hierarchy.l2-cache-0: Block for addr 0x200 being updated in Cache
1079000: board.cache_hierarchy.l2-cache-0: Block addr 0x200 (ns) moving from  to state: 6 (E) writable: 1 readable: 1 dirty: 0 prefetched: 0 | tag: 0 secure: 0 valid: 1 | set: 0x8 way: 0
1079000: board.cache_hierarchy.l2-cache-0: recvTimingResp: Leaving with ReadResp [200:23f] IF
1081000: board.cache_hierarchy.l1i-cache-0: recvTimingResp: Handling response ReadResp [200:23f] IF
1081000: board.cache_hierarchy.l1i-cache-0: Block for addr 0x200 being updated in Cache
1081000: board.cache_hierarchy.l1i-cache-0: Block addr 0x200 (ns) moving from  to state: 6 (E) writable: 1 readable: 1 dirty: 0 prefetched: 0 | tag: 0 secure: 0 valid: 1 | set: 0x8 way: 0
1081000: board.cache_hierarchy.l1i-cache-0: recvTimingResp: Leaving with ReadResp [200:23f] IF
1085000: board.processor.cores.core.workload: Translating: 0x108c0->0x8c0
1085000: board.cache_hierarchy.l1i-cache-0: access for ReadReq [8c0:8ff] IF hit state: 6 (E) writable: 1 readable: 1 dirty: 0 prefetched: 0 | tag: 0 secure: 0 valid: 1 | set: 0x23 way: 0
1089000: board.processor.cores.core.workload: Translating: 0x101c0->0x1c0
1089000: board.cache_hierarchy.l1i-cache-0: access for ReadReq [1c0:1ff] IF hit state: 6 (E) writable: 1 readable: 1 dirty: 0 prefetched: 0 | tag: 0 secure: 0 valid: 1 | set: 0x7 way: 0
1091000: board.processor.cores.core.workload: Translating: 0x10200->0x200
1091000: board.cache_hierarchy.l1i-cache-0: access for ReadReq [200:23f] IF hit state: 6 (E) writable: 1 readable: 1 dirty: 0 prefetched: 0 | tag: 0 secure: 0 valid: 1 | set: 0x8 way: 0
1092000: board.processor.cores.core.workload: Translating: 0x108c0->0x8c0
1092000: board.cache_hierarchy.l1i-cache-0: access for ReadReq [8c0:8ff] IF hit state: 6 (E) writable: 1 readable: 1 dirty: 0 prefetched: 0 | tag: 0 secure: 0 valid: 1 | set: 0x23 way: 0
1082000: board.processor.cores.core: 0x10208    : addi a5, zero, 0           : 
1082000: board.processor.cores.core: 0x1020c    : c_beqz a5, 20              : 
1096000: board.processor.cores.core.workload: Translating: 0x101c0->0x1c0
1096000: board.cache_hierarchy.l1i-cache-0: access for ReadReq [1c0:1ff] IF hit state: 6 (E) writable: 1 readable: 1 dirty: 0 prefetched: 0 | tag: 0 secure: 0 valid: 1 | set: 0x7 way: 0
1098000: board.processor.cores.core.workload: Translating: 0x10100->0x100
1098000: board.cache_hierarchy.l1i-cache-0: access for ReadReq [100:13f] IF hit state: 6 (E) writable: 1 readable: 1 dirty: 0 prefetched: 0 | tag: 0 secure: 0 valid: 1 | set: 0x4 way: 0
1099000: board.processor.cores.core.workload: Translating: 0x10140->0x140
1099000: board.cache_hierarchy.l1i-cache-0: access for ReadReq [140:17f] IF hit state: 6 (E) writable: 1 readable: 1 dirty: 0 prefetched: 0 | tag: 0 secure: 0 valid: 1 | set: 0x5 way: 0
1100000: board.processor.cores.core.workload: Translating: 0x7fffffffffffff08->0x4f08
1100000: board.cache_hierarchy.l1d-cache-0: access for ReadReq [4f08:4f0f] type=MemRead hit state: e (M) writable: 1 readable: 1 dirty: 1 prefetched: 0 | tag: 0x4 secure: 0 valid: 1 | set: 0x3c way: 0
1092000: board.processor.cores.core: 0x10220    : c_jr ra                    : 
1093000: board.processor.cores.core: 0x108d2    : bltu s1, s2, -8            : 
1102000: board.processor.cores.core.workload: Translating: 0x7fffffffffffff00->0x4f00
1102000: board.cache_hierarchy.l1d-cache-0: access for ReadReq [4f00:4f07] type=MemRead hit state: e (M) writable: 1 readable: 1 dirty: 1 prefetched: 0 | tag: 0x4 secure: 0 valid: 1 | set: 0x3c way: 0
1102000: board.processor.cores.core.workload: Translating: 0x7ffffffffffffef8->0x4ef8
1102000: board.cache_hierarchy.l1d-cache-0: access for ReadReq [4ef8:4eff] type=MemRead hit state: e (M) writable: 1 readable: 1 dirty: 1 prefetched: 0 | tag: 0x4 secure: 0 valid: 1 | set: 0x3b way: 0
1103000: board.processor.cores.core.workload: Translating: 0x7ffffffffffffef0->0x4ef0
1103000: board.cache_hierarchy.l1d-cache-0: access for ReadReq [4ef0:4ef7] type=MemRead hit state: e (M) writable: 1 readable: 1 dirty: 1 prefetched: 0 | tag: 0x4 secure: 0 valid: 1 | set: 0x3b way: 0
1093000: board.processor.cores.core: 0x108d6    : c_ldsp ra, 24(sp)          : 
1104000: board.processor.cores.core.workload: Translating: 0x7fffffffffffff10->0x4f10
1104000: board.cache_hierarchy.l1d-cache-0: access for ReadReq [4f10:4f13] type=MemRead hit state: e (M) writable: 1 readable: 1 dirty: 1 prefetched: 0 | tag: 0x4 secure: 0 valid: 1 | set: 0x3c way: 0
1094000: board.processor.cores.core: 0x108d8    : c_ldsp s0, 16(sp)          : 
1094000: board.processor.cores.core: 0x108da    : c_ldsp s1, 8(sp)           : 
1095000: board.processor.cores.core: 0x108dc    : c_ldsp s2, 0(sp)           : 
1095000: board.processor.cores.core: 0x108de    : c_addi16sp sp, 32          : 
1096000: board.processor.cores.core: 0x108e0    : c_jr ra                    : 
1097000: board.processor.cores.core: 0x101ce    : c_lwsp a0, 0(sp)           : 
1097000: board.processor.cores.core: 0x101d0    : c_addi4spn a1, sp, 8       : 
1109000: board.processor.cores.core.workload: Translating: 0x7fffffffffffff08->0x4f08
1098000: board.processor.cores.core: 0x101d2    : c_li a2, 0                 : 
1098000: board.processor.cores.core: 0x101d4    : jal ra, -152               : 
1099000: board.processor.cores.core: 0x1013c    : c_lui a5, 19               : 
1099000: board.processor.cores.core: 0x1013e    : c_addi sp, -16             : 
1100000: board.processor.cores.core: 0x10140    : addi a5, a5, -1800         : 
1100000: board.processor.cores.core: 0x10144    : c_sdsp ra, 8(sp)           : 
1101000: board.processor.cores.core: 0x10146    : vsetivli a4, 4, e64, m1, ta, ma : 
1113000: board.cache_hierarchy.l1d-cache-0: access for WriteReq [4f08:4f0f] type=MemWrite hit state: e (M) writable: 1 readable: 1 dirty: 1 prefetched: 0 | tag: 0x4 secure: 0 valid: 1 | set: 0x3c way: 0
1113000: board.cache_hierarchy.l1d-cache-0: satisfyRequest for WriteReq [4f08:4f0f] type=MemWrite (write)
1106000: board.processor.cores.core: 0x1014a    : addi a3, a5, 8             : 
1106000: board.processor.cores.core: 0x1014e    : c_li a2, 24                : 
1107000: board.processor.cores.core: 0x10150    : addi a5, a5, 88            : 
1117000: board.processor.cores.core.workload: Translating: 0x10180->0x180
1117000: board.cache_hierarchy.l1i-cache-0: access for ReadReq [180:1bf] IF hit state: 6 (E) writable: 1 readable: 1 dirty: 0 prefetched: 0 | tag: 0 secure: 0 valid: 1 | set: 0x6 way: 0
1118000: board.processor.cores.core.workload: Translating: 0x12918->0x2918
1118000: board.cache_hierarchy.l1d-cache-0: access for ReadReq [2918:291f] type=SimdStridedLoad rs2=24 miss
1118000: board.processor.cores.core.workload: Translating: 0x12900->0x2900
1118000: board.cache_hierarchy.l1d-cache-0: access for ReadReq [2900:2907] type=SimdStridedLoad rs2=24 miss
1118000: board.cache_hierarchy.l1d-cache-0: handleTimingReqMiss coalescing MSHR for ReadReq [2900:2907] type=SimdStridedLoad rs2=24
1119000: board.cache_hierarchy.l1d-cache-0: sendMSHRQueuePacket: MSHR ReadReq [2918:291f] type=SimdStridedLoad rs2=24
1119000: board.cache_hierarchy.l1d-cache-0: createMissPacket: created ReadSharedReq [2900:293f] type=SimdStridedLoad rs2=24 from ReadReq [2918:291f] type=SimdStridedLoad rs2=24
1119000: board.cache_hierarchy.l2-cache-0: access for ReadSharedReq [2900:293f] type=SimdStridedLoad rs2=24 miss
1119000: board.processor.cores.core.workload: Translating: 0x10280->0x280
1119000: board.cache_hierarchy.l1i-cache-0: access for ReadReq [280:2bf] IF miss
1119000: board.processor.cores.core.workload: Translating: 0x12948->0x2948
1119000: board.cache_hierarchy.l1d-cache-0: access for ReadReq [2948:294f] type=SimdStridedLoad rs2=24 miss
1119000: board.processor.cores.core.workload: Translating: 0x12930->0x2930
1119000: board.cache_hierarchy.l1d-cache-0: access for ReadReq [2930:2937] type=SimdStridedLoad rs2=24 miss
1119000: board.cache_hierarchy.l1d-cache-0: handleTimingReqMiss coalescing MSHR for ReadReq [2930:2937] type=SimdStridedLoad rs2=24
1107000: board.processor.cores.core: 0x10154    : vlse64_v v1, (a3), a2     
1107000: board.processor.cores.core: 0x10154. 0 : vpinvd_v_micro v1, ~0      : 
1120000: board.cache_hierarchy.l1d-cache-0: sendMSHRQueuePacket: MSHR ReadReq [2948:294f] type=SimdStridedLoad rs2=24
1120000: board.cache_hierarchy.l1d-cache-0: createMissPacket: created ReadSharedReq [2940:297f] type=SimdStridedLoad rs2=24 from ReadReq [2948:294f] type=SimdStridedLoad rs2=24
1120000: board.cache_hierarchy.l1i-cache-0: sendMSHRQueuePacket: MSHR ReadReq [280:2bf] IF
1120000: board.cache_hierarchy.l1i-cache-0: createMissPacket: created ReadSharedReq [280:2bf] IF from ReadReq [280:2bf] IF
1120000: board.cache_hierarchy.l1d-cache-0: sendMSHRQueuePacket: MSHR ReadReq [2948:294f] type=SimdStridedLoad rs2=24
1120000: board.cache_hierarchy.l1d-cache-0: createMissPacket: created ReadSharedReq [2940:297f] type=SimdStridedLoad rs2=24 from ReadReq [2948:294f] type=SimdStridedLoad rs2=24
1120000: board.cache_hierarchy.l2-cache-0: access for ReadSharedReq [2940:297f] type=SimdStridedLoad rs2=24 miss
1120000: board.processor.cores.core.workload: Translating: 0x12950->0x2950
1120000: board.cache_hierarchy.l1d-cache-0: access for ReadReq [2950:296f] type=SimdUnitStrideLoad miss
1120000: board.cache_hierarchy.l1d-cache-0: handleTimingReqMiss coalescing MSHR for ReadReq [2950:296f] type=SimdUnitStrideLoad
1121000: board.cache_hierarchy.l1i-cache-0: sendMSHRQueuePacket: MSHR ReadReq [280:2bf] IF
1121000: board.cache_hierarchy.l1i-cache-0: createMissPacket: created ReadSharedReq [280:2bf] IF from ReadReq [280:2bf] IF
1121000: board.cache_hierarchy.l2-cache-0: access for ReadSharedReq [280:2bf] IF miss
1130000: board.cache_hierarchy.l2-cache-0: sendMSHRQueuePacket: MSHR ReadSharedReq [2900:293f] type=SimdStridedLoad rs2=24
1130000: board.cache_hierarchy.l2-cache-0: createMissPacket: created ReadSharedReq [2900:293f] type=SimdStridedLoad rs2=24 from ReadSharedReq [2900:293f] type=SimdStridedLoad rs2=24
1131000: board.cache_hierarchy.l2-cache-0: sendMSHRQueuePacket: MSHR ReadSharedReq [2940:297f] type=SimdStridedLoad rs2=24
1131000: board.cache_hierarchy.l2-cache-0: createMissPacket: created ReadSharedReq [2940:297f] type=SimdStridedLoad rs2=24 from ReadSharedReq [2940:297f] type=SimdStridedLoad rs2=24
1131000: board.cache_hierarchy.l2-cache-0: sendMSHRQueuePacket: MSHR ReadSharedReq [2940:297f] type=SimdStridedLoad rs2=24
1131000: board.cache_hierarchy.l2-cache-0: createMissPacket: created ReadSharedReq [2940:297f] type=SimdStridedLoad rs2=24 from ReadSharedReq [2940:297f] type=SimdStridedLoad rs2=24
1132000: board.cache_hierarchy.l2-cache-0: sendMSHRQueuePacket: MSHR ReadSharedReq [280:2bf] IF
1132000: board.cache_hierarchy.l2-cache-0: createMissPacket: created ReadSharedReq [280:2bf] IF from ReadSharedReq [280:2bf] IF
1132000: board.cache_hierarchy.l2-cache-0: sendMSHRQueuePacket: MSHR ReadSharedReq [280:2bf] IF
1132000: board.cache_hierarchy.l2-cache-0: createMissPacket: created ReadSharedReq [280:2bf] IF from ReadSharedReq [280:2bf] IF
1178000: board.cache_hierarchy.l2-cache-0: recvTimingResp: Handling response ReadResp [2900:293f] type=SimdStridedLoad rs2=24
1178000: board.cache_hierarchy.l2-cache-0: Block for addr 0x2900 being updated in Cache
1178000: board.cache_hierarchy.l2-cache-0: Block addr 0x2900 (ns) moving from  to state: 6 (E) writable: 1 readable: 1 dirty: 0 prefetched: 0 | tag: 0 secure: 0 valid: 1 | set: 0xa4 way: 0
1178000: board.cache_hierarchy.l2-cache-0: recvTimingResp: Leaving with ReadResp [2900:293f] type=SimdStridedLoad rs2=24
1180000: board.cache_hierarchy.l1d-cache-0: recvTimingResp: Handling response ReadResp [2900:293f] type=SimdStridedLoad rs2=24
1180000: board.cache_hierarchy.l1d-cache-0: Block for addr 0x2900 being updated in Cache
1180000: board.cache_hierarchy.l1d-cache-0: Block addr 0x2900 (ns) moving from  to state: 6 (E) writable: 1 readable: 1 dirty: 0 prefetched: 0 | tag: 0x2 secure: 0 valid: 1 | set: 0x24 way: 0x1
1180000: board.cache_hierarchy.l1d-cache-0: recvTimingResp: Leaving with ReadResp [2900:293f] type=SimdStridedLoad rs2=24
1183000: board.cache_hierarchy.l2-cache-0: recvTimingResp: Handling response ReadResp [2940:297f] type=SimdStridedLoad rs2=24
1183000: board.cache_hierarchy.l2-cache-0: Block for addr 0x2940 being updated in Cache
1183000: board.cache_hierarchy.l2-cache-0: Block addr 0x2940 (ns) moving from  to state: 6 (E) writable: 1 readable: 1 dirty: 0 prefetched: 0 | tag: 0 secure: 0 valid: 1 | set: 0xa5 way: 0
1183000: board.cache_hierarchy.l2-cache-0: recvTimingResp: Leaving with ReadResp [2940:297f] type=SimdStridedLoad rs2=24
1185000: board.cache_hierarchy.l1d-cache-0: recvTimingResp: Handling response ReadResp [2940:297f] type=SimdStridedLoad rs2=24
1185000: board.cache_hierarchy.l1d-cache-0: Block for addr 0x2940 being updated in Cache
1185000: board.cache_hierarchy.l1d-cache-0: Block addr 0x2940 (ns) moving from  to state: 6 (E) writable: 1 readable: 1 dirty: 0 prefetched: 0 | tag: 0x2 secure: 0 valid: 1 | set: 0x25 way: 0x1
1185000: board.cache_hierarchy.l1d-cache-0: recvTimingResp: Leaving with ReadResp [2940:297f] type=SimdStridedLoad rs2=24
1186000: board.cache_hierarchy.l2-cache-0: recvTimingResp: Handling response ReadResp [280:2bf] IF
1186000: board.cache_hierarchy.l2-cache-0: Block for addr 0x280 being updated in Cache
1186000: board.cache_hierarchy.l2-cache-0: Block addr 0x280 (ns) moving from  to state: 6 (E) writable: 1 readable: 1 dirty: 0 prefetched: 0 | tag: 0 secure: 0 valid: 1 | set: 0xa way: 0
1186000: board.cache_hierarchy.l2-cache-0: recvTimingResp: Leaving with ReadResp [280:2bf] IF
1108000: board.processor.cores.core: 0x10154. 1 : vlse64_v_micro v1, (a3), a2 : 
1108000: board.processor.cores.core: 0x10154. 2 : vlse64_v_micro v1, (a3), a2, zero : 
1109000: board.processor.cores.core: 0x10154. 3 : vlse64_v_micro v1, (a3), a2, zero : 
1188000: board.cache_hierarchy.l1i-cache-0: recvTimingResp: Handling response ReadResp [280:2bf] IF
1188000: board.cache_hierarchy.l1i-cache-0: Block for addr 0x280 being updated in Cache
1188000: board.cache_hierarchy.l1i-cache-0: Block addr 0x280 (ns) moving from  to state: 6 (E) writable: 1 readable: 1 dirty: 0 prefetched: 0 | tag: 0 secure: 0 valid: 1 | set: 0xa way: 0
1188000: board.cache_hierarchy.l1i-cache-0: recvTimingResp: Leaving with ReadResp [280:2bf] IF
1189000: board.processor.cores.core.workload: Translating: 0x10140->0x140
1189000: board.cache_hierarchy.l1i-cache-0: access for ReadReq [140:17f] IF hit state: 6 (E) writable: 1 readable: 1 dirty: 0 prefetched: 0 | tag: 0 secure: 0 valid: 1 | set: 0x5 way: 0
1109000: board.processor.cores.core: 0x10154. 4 : vlse64_v_micro v1, (a3), a2, zero : 
1191000: board.processor.cores.core.workload: Translating: 0x10180->0x180
1191000: board.cache_hierarchy.l1i-cache-0: access for ReadReq [180:1bf] IF hit state: 6 (E) writable: 1 readable: 1 dirty: 0 prefetched: 0 | tag: 0 secure: 0 valid: 1 | set: 0x6 way: 0
1110000: board.processor.cores.core: 0x10158    : vle64_v v2, (a5)          
1110000: board.processor.cores.core: 0x10158. 0 : vle64_v_micro v2, 0(a5), zero : 
1110000: board.processor.cores.core: 0x1015c    : addi a0, gp, 624           : 
1192000: board.processor.cores.core.workload: Translating: 0x101c0->0x1c0
1192000: board.cache_hierarchy.l1i-cache-0: access for ReadReq [1c0:1ff] IF hit state: 6 (E) writable: 1 readable: 1 dirty: 0 prefetched: 0 | tag: 0 secure: 0 valid: 1 | set: 0x7 way: 0
1111000: board.processor.cores.core: 0x10160    : c_li a5, 16                : 
1111000: board.processor.cores.core: 0x10162    : c_lui a3, 18               : 
1112000: board.processor.cores.core: 0x10164    : addi a3, a3, -1856         : 
1112000: board.processor.cores.core: 0x10168    : vadd_vv v1, v1, v2        
1112000: board.processor.cores.core: 0x10168. 0 : vadd_vv_micro v1, v1, v2   : 
1113000: board.processor.cores.core: 0x1016c    : c_li a2, 0                 : 
1113000: board.processor.cores.core: 0x1016e    : addi a1, zero, 64          : 
1199000: board.processor.cores.core.workload: Translating: 0x10200->0x200
1199000: board.cache_hierarchy.l1i-cache-0: access for ReadReq [200:23f] IF hit state: 6 (E) writable: 1 readable: 1 dirty: 0 prefetched: 0 | tag: 0 secure: 0 valid: 1 | set: 0x8 way: 0
1201000: board.processor.cores.core.workload: Translating: 0x101c0->0x1c0
1201000: board.cache_hierarchy.l1i-cache-0: access for ReadReq [1c0:1ff] IF hit state: 6 (E) writable: 1 readable: 1 dirty: 0 prefetched: 0 | tag: 0 secure: 0 valid: 1 | set: 0x7 way: 0
1201000: board.processor.cores.core.workload: Translating: 0x133b0->0x33b0
1201000: board.processor.cores.core.workload: Translating: 0x133a0->0x33a0
1202000: board.processor.cores.core.workload: Translating: 0x10200->0x200
1202000: board.cache_hierarchy.l1i-cache-0: access for ReadReq [200:23f] IF hit state: 6 (E) writable: 1 readable: 1 dirty: 0 prefetched: 0 | tag: 0 secure: 0 valid: 1 | set: 0x8 way: 0
1202000: board.processor.cores.core.workload: Translating: 0x133d0->0x33d0
1202000: board.processor.cores.core.workload: Translating: 0x133c0->0x33c0
1114000: board.processor.cores.core: 0x10172    : vsse64_v v1, (a0), a5     
1114000: board.processor.cores.core: 0x10172. 0 : vsse64_v_micro_micro v1, (a0), a5 : 
1114000: board.processor.cores.core: 0x10172. 1 : vsse64_v_micro_micro v1, (a0), a5, v1 : 
1115000: board.processor.cores.core: 0x10172. 2 : vsse64_v_micro_micro v1, (a0), a5, v1 : 
1115000: board.processor.cores.core: 0x10172. 3 : vsse64_v_micro_micro v1, (a0), a5, v1 : 
1205000: board.cache_hierarchy.l1d-cache-0: access for WriteReq [33a0:33a7] type=SimdStridedStore rs2=16 hit state: e (M) writable: 1 readable: 1 dirty: 1 prefetched: 0 | tag: 0x3 secure: 0 valid: 1 | set: 0xe way: 0
1205000: board.cache_hierarchy.l1d-cache-0: satisfyRequest for WriteReq [33a0:33a7] type=SimdStridedStore rs2=16 (write)
1205000: board.cache_hierarchy.l1d-cache-0: access for WriteReq [33b0:33b7] type=SimdStridedStore rs2=16 hit state: e (M) writable: 1 readable: 1 dirty: 1 prefetched: 0 | tag: 0x3 secure: 0 valid: 1 | set: 0xe way: 0
1205000: board.cache_hierarchy.l1d-cache-0: satisfyRequest for WriteReq [33b0:33b7] type=SimdStridedStore rs2=16 (write)
1116000: board.processor.cores.core: 0x10176    : jal ra, 268                : 
1206000: board.cache_hierarchy.l1d-cache-0: access for WriteReq [33c0:33c7] type=SimdStridedStore rs2=16 hit state: e (M) writable: 1 readable: 1 dirty: 1 prefetched: 0 | tag: 0x3 secure: 0 valid: 1 | set: 0xf way: 0
1206000: board.cache_hierarchy.l1d-cache-0: satisfyRequest for WriteReq [33c0:33c7] type=SimdStridedStore rs2=16 (write)
1206000: board.cache_hierarchy.l1d-cache-0: access for WriteReq [33d0:33d7] type=SimdStridedStore rs2=16 hit state: e (M) writable: 1 readable: 1 dirty: 1 prefetched: 0 | tag: 0x3 secure: 0 valid: 1 | set: 0xf way: 0
1206000: board.cache_hierarchy.l1d-cache-0: satisfyRequest for WriteReq [33d0:33d7] type=SimdStridedStore rs2=16 (write)
1211000: board.cache_hierarchy.l1d-cache-0: functionalAccess: ReadReq [18c0:18c0] 
1211000: board.cache_hierarchy.l1i-cache-0: functionalAccess: ReadReq [18c0:18c0] 
1211000: board.cache_hierarchy.l2-cache-0: functionalAccess: ReadReq [18c0:18c0] 
1211000: board.cache_hierarchy.l1d-cache-0: functionalAccess: ReadReq [18c1:18c1] 
1211000: board.cache_hierarchy.l1i-cache-0: functionalAccess: ReadReq [18c1:18c1] 
1211000: board.cache_hierarchy.l2-cache-0: functionalAccess: ReadReq [18c1:18c1] 
1211000: board.cache_hierarchy.l1d-cache-0: functionalAccess: ReadReq [18c2:18c2] 
1211000: board.cache_hierarchy.l1i-cache-0: functionalAccess: ReadReq [18c2:18c2] 
1211000: board.cache_hierarchy.l2-cache-0: functionalAccess: ReadReq [18c2:18c2] 
1211000: board.cache_hierarchy.l1d-cache-0: functionalAccess: ReadReq [18c3:18c3] 
1211000: board.cache_hierarchy.l1i-cache-0: functionalAccess: ReadReq [18c3:18c3] 
1211000: board.cache_hierarchy.l2-cache-0: functionalAccess: ReadReq [18c3:18c3] 
1211000: board.cache_hierarchy.l1d-cache-0: functionalAccess: ReadReq [18c4:18c4] 
1211000: board.cache_hierarchy.l1i-cache-0: functionalAccess: ReadReq [18c4:18c4] 
1211000: board.cache_hierarchy.l2-cache-0: functionalAccess: ReadReq [18c4:18c4] 
1211000: board.cache_hierarchy.l1d-cache-0: functionalAccess: ReadReq [18c5:18c5] 
1211000: board.cache_hierarchy.l1i-cache-0: functionalAccess: ReadReq [18c5:18c5] 
1211000: board.cache_hierarchy.l2-cache-0: functionalAccess: ReadReq [18c5:18c5] 
1211000: board.cache_hierarchy.l1d-cache-0: functionalAccess: ReadReq [18c6:18c6] 
1211000: board.cache_hierarchy.l1i-cache-0: functionalAccess: ReadReq [18c6:18c6] 
1211000: board.cache_hierarchy.l2-cache-0: functionalAccess: ReadReq [18c6:18c6] 
1211000: board.cache_hierarchy.l1d-cache-0: functionalAccess: ReadReq [18c7:18c7] 
1211000: board.cache_hierarchy.l1i-cache-0: functionalAccess: ReadReq [18c7:18c7] 
1211000: board.cache_hierarchy.l2-cache-0: functionalAccess: ReadReq [18c7:18c7] 
1211000: board.cache_hierarchy.l1d-cache-0: functionalAccess: ReadReq [18c8:18c8] 
1211000: board.cache_hierarchy.l1i-cache-0: functionalAccess: ReadReq [18c8:18c8] 
1211000: board.cache_hierarchy.l2-cache-0: functionalAccess: ReadReq [18c8:18c8] 
1211000: board.cache_hierarchy.l1d-cache-0: functionalAccess: ReadReq [18c9:18c9] 
1211000: board.cache_hierarchy.l1i-cache-0: functionalAccess: ReadReq [18c9:18c9] 
1211000: board.cache_hierarchy.l2-cache-0: functionalAccess: ReadReq [18c9:18c9] 
1211000: board.cache_hierarchy.l1d-cache-0: functionalAccess: ReadReq [18ca:18ca] 
1211000: board.cache_hierarchy.l1i-cache-0: functionalAccess: ReadReq [18ca:18ca] 
1211000: board.cache_hierarchy.l2-cache-0: functionalAccess: ReadReq [18ca:18ca] 
1211000: board.cache_hierarchy.l1d-cache-0: functionalAccess: ReadReq [18cb:18cb] 
1211000: board.cache_hierarchy.l1i-cache-0: functionalAccess: ReadReq [18cb:18cb] 
1211000: board.cache_hierarchy.l2-cache-0: functionalAccess: ReadReq [18cb:18cb] 
1211000: board.cache_hierarchy.l1d-cache-0: functionalAccess: ReadReq [18cc:18cc] 
1211000: board.cache_hierarchy.l1i-cache-0: functionalAccess: ReadReq [18cc:18cc] 
1211000: board.cache_hierarchy.l2-cache-0: functionalAccess: ReadReq [18cc:18cc] 
1211000: board.cache_hierarchy.l1d-cache-0: functionalAccess: ReadReq [18cd:18cd] 
1211000: board.cache_hierarchy.l1i-cache-0: functionalAccess: ReadReq [18cd:18cd] 
1211000: board.cache_hierarchy.l2-cache-0: functionalAccess: ReadReq [18cd:18cd] 
1211000: board.cache_hierarchy.l1d-cache-0: functionalAccess: ReadReq [18ce:18ce] 
1211000: board.cache_hierarchy.l1i-cache-0: functionalAccess: ReadReq [18ce:18ce] 
1211000: board.cache_hierarchy.l2-cache-0: functionalAccess: ReadReq [18ce:18ce] 
1211000: board.cache_hierarchy.l1d-cache-0: functionalAccess: ReadReq [18cf:18cf] 
1211000: board.cache_hierarchy.l1i-cache-0: functionalAccess: ReadReq [18cf:18cf] 
1211000: board.cache_hierarchy.l2-cache-0: functionalAccess: ReadReq [18cf:18cf] 
1211000: board.cache_hierarchy.l1d-cache-0: functionalAccess: ReadReq [18d0:18d0] 
1211000: board.cache_hierarchy.l1i-cache-0: functionalAccess: ReadReq [18d0:18d0] 
1211000: board.cache_hierarchy.l2-cache-0: functionalAccess: ReadReq [18d0:18d0] 
1211000: board.cache_hierarchy.l1d-cache-0: functionalAccess: ReadReq [18d1:18d1] 
1211000: board.cache_hierarchy.l1i-cache-0: functionalAccess: ReadReq [18d1:18d1] 
1211000: board.cache_hierarchy.l2-cache-0: functionalAccess: ReadReq [18d1:18d1] 
1211000: board.cache_hierarchy.l1d-cache-0: functionalAccess: ReadReq [18d2:18d2] 
1211000: board.cache_hierarchy.l1i-cache-0: functionalAccess: ReadReq [18d2:18d2] 
1211000: board.cache_hierarchy.l2-cache-0: functionalAccess: ReadReq [18d2:18d2] 
1211000: board.cache_hierarchy.l1d-cache-0: functionalAccess: ReadReq [33a0:33bf] valid data done 
1211000: board.cache_hierarchy.l1d-cache-0: functionalAccess: ReadReq [33c0:33df] valid data done 
1189000: board.processor.cores.core: 0x10282    : M5Op                       : 
1217000: board.processor.cores.core.workload: Translating: 0x7fffffffffffff08->0x4f08
1217000: board.cache_hierarchy.l1d-cache-0: access for ReadReq [4f08:4f0f] type=MemRead hit state: e (M) writable: 1 readable: 1 dirty: 1 prefetched: 0 | tag: 0x4 secure: 0 valid: 1 | set: 0x3c way: 0
1189000: board.processor.cores.core: 0x10286    : c_jr ra                    : 
1220000: board.processor.cores.core.workload: Translating: 0x10100->0x100
1220000: board.cache_hierarchy.l1i-cache-0: access for ReadReq [100:13f] IF hit state: 6 (E) writable: 1 readable: 1 dirty: 0 prefetched: 0 | tag: 0 secure: 0 valid: 1 | set: 0x4 way: 0
1190000: board.processor.cores.core: 0x1017a    : c_ldsp ra, 8(sp)           : 
1190000: board.processor.cores.core: 0x1017c    : c_li a0, 0                 : 
1191000: board.processor.cores.core: 0x1017e    : c_addi sp, 16              : 
1192000: board.processor.cores.core: 0x10180    : c_jr ra                    : 
1193000: board.processor.cores.core: 0x101d8    : c_j -184                   : 
1226000: board.processor.cores.core.workload: Translating: 0x10980->0x980
1226000: board.cache_hierarchy.l1i-cache-0: access for ReadReq [980:9bf] IF miss
1227000: board.cache_hierarchy.l1i-cache-0: sendMSHRQueuePacket: MSHR ReadReq [980:9bf] IF
1227000: board.cache_hierarchy.l1i-cache-0: createMissPacket: created ReadSharedReq [980:9bf] IF from ReadReq [980:9bf] IF
1227000: board.cache_hierarchy.l2-cache-0: access for ReadSharedReq [980:9bf] IF miss
1227000: board.processor.cores.core.workload: Translating: 0x7fffffffffffff00->0x4f00
1227000: board.processor.cores.core.workload: Translating: 0x7fffffffffffff08->0x4f08
1221000: board.processor.cores.core: 0x10120    : c_addi sp, -16             : 
1221000: board.processor.cores.core: 0x10122    : c_li a1, 0                 : 
1222000: board.processor.cores.core: 0x10124    : c_sdsp s0, 0(sp)           : 
1222000: board.processor.cores.core: 0x10126    : c_sdsp ra, 8(sp)           : 
1223000: board.processor.cores.core: 0x10128    : c_mv s0, a0                : 
1223000: board.processor.cores.core: 0x1012a    : jal ra, 2146               : 
1231000: board.cache_hierarchy.l1d-cache-0: access for WriteReq [4f00:4f07] type=MemWrite hit state: e (M) writable: 1 readable: 1 dirty: 1 prefetched: 0 | tag: 0x4 secure: 0 valid: 1 | set: 0x3c way: 0
1231000: board.cache_hierarchy.l1d-cache-0: satisfyRequest for WriteReq [4f00:4f07] type=MemWrite (write)
1231000: board.cache_hierarchy.l1d-cache-0: access for WriteReq [4f08:4f0f] type=MemWrite hit state: e (M) writable: 1 readable: 1 dirty: 1 prefetched: 0 | tag: 0x4 secure: 0 valid: 1 | set: 0x3c way: 0
1231000: board.cache_hierarchy.l1d-cache-0: satisfyRequest for WriteReq [4f08:4f0f] type=MemWrite (write)
1238000: board.cache_hierarchy.l2-cache-0: sendMSHRQueuePacket: MSHR ReadSharedReq [980:9bf] IF
1238000: board.cache_hierarchy.l2-cache-0: createMissPacket: created ReadSharedReq [980:9bf] IF from ReadSharedReq [980:9bf] IF
1286000: board.cache_hierarchy.l2-cache-0: recvTimingResp: Handling response ReadResp [980:9bf] IF
1286000: board.cache_hierarchy.l2-cache-0: Block for addr 0x980 being updated in Cache
1286000: board.cache_hierarchy.l2-cache-0: Block addr 0x980 (ns) moving from  to state: 6 (E) writable: 1 readable: 1 dirty: 0 prefetched: 0 | tag: 0 secure: 0 valid: 1 | set: 0x26 way: 0
1286000: board.cache_hierarchy.l2-cache-0: recvTimingResp: Leaving with ReadResp [980:9bf] IF
1288000: board.cache_hierarchy.l1i-cache-0: recvTimingResp: Handling response ReadResp [980:9bf] IF
1288000: board.cache_hierarchy.l1i-cache-0: Block for addr 0x980 being updated in Cache
1288000: board.cache_hierarchy.l1i-cache-0: Block addr 0x980 (ns) moving from  to state: 6 (E) writable: 1 readable: 1 dirty: 0 prefetched: 0 | tag: 0 secure: 0 valid: 1 | set: 0x26 way: 0
1288000: board.cache_hierarchy.l1i-cache-0: recvTimingResp: Leaving with ReadResp [980:9bf] IF
1295000: board.processor.cores.core.workload: Translating: 0x7ffffffffffffed0->0x4ed0
1295000: board.processor.cores.core.workload: Translating: 0x7ffffffffffffee0->0x4ee0
1296000: board.processor.cores.core.workload: Translating: 0x13340->0x3340
1296000: board.cache_hierarchy.l1d-cache-0: access for ReadReq [3340:3347] type=MemRead hit state: e (M) writable: 1 readable: 1 dirty: 1 prefetched: 0 | tag: 0x3 secure: 0 valid: 1 | set: 0xd way: 0
1296000: board.processor.cores.core.workload: Translating: 0x7ffffffffffffef8->0x4ef8
1289000: board.processor.cores.core: 0x1098c    : c_addi16sp sp, -80         : 
1297000: board.processor.cores.core.workload: Translating: 0x7ffffffffffffed8->0x4ed8
1297000: board.processor.cores.core.workload: Translating: 0x7ffffffffffffec8->0x4ec8
1289000: board.processor.cores.core: 0x1098e    : c_sdsp s4, 32(sp)          : 
1290000: board.processor.cores.core: 0x10990    : c_sdsp s2, 48(sp)          : 
1298000: board.processor.cores.core.workload: Translating: 0x7ffffffffffffec0->0x4ec0
1299000: board.processor.cores.core.workload: Translating: 0x109c0->0x9c0
1299000: board.cache_hierarchy.l1i-cache-0: access for ReadReq [9c0:9ff] IF miss
1299000: board.processor.cores.core.workload: Translating: 0x7ffffffffffffeb8->0x4eb8
1299000: board.processor.cores.core.workload: Translating: 0x7ffffffffffffef0->0x4ef0
1299000: board.cache_hierarchy.l1d-cache-0: access for WriteReq [4ed0:4ed7] type=MemWrite hit state: e (M) writable: 1 readable: 1 dirty: 1 prefetched: 0 | tag: 0x4 secure: 0 valid: 1 | set: 0x3b way: 0
1299000: board.cache_hierarchy.l1d-cache-0: satisfyRequest for WriteReq [4ed0:4ed7] type=MemWrite (write)
1299000: board.cache_hierarchy.l1d-cache-0: access for WriteReq [4ee0:4ee7] type=MemWrite hit state: e (M) writable: 1 readable: 1 dirty: 1 prefetched: 0 | tag: 0x4 secure: 0 valid: 1 | set: 0x3b way: 0
1299000: board.cache_hierarchy.l1d-cache-0: satisfyRequest for WriteReq [4ee0:4ee7] type=MemWrite (write)
1290000: board.processor.cores.core: 0x10992    : ld s2, 528(gp)             : 
1291000: board.processor.cores.core: 0x10996    : c_sdsp ra, 72(sp)          : 
1300000: board.cache_hierarchy.l1i-cache-0: sendMSHRQueuePacket: MSHR ReadReq [9c0:9ff] IF
1300000: board.cache_hierarchy.l1i-cache-0: createMissPacket: created ReadSharedReq [9c0:9ff] IF from ReadReq [9c0:9ff] IF
1300000: board.cache_hierarchy.l2-cache-0: access for ReadSharedReq [9c0:9ff] IF miss
1300000: board.processor.cores.core.workload: Translating: 0x7ffffffffffffee8->0x4ee8
1300000: board.processor.cores.core.workload: Translating: 0x7ffffffffffffeb0->0x4eb0
1291000: board.processor.cores.core: 0x10998    : beq s2, zero, 80           : 
1292000: board.processor.cores.core: 0x1099c    : c_sdsp s3, 40(sp)          : 
1301000: board.cache_hierarchy.l1d-cache-0: access for WriteReq [4ef8:4eff] type=MemWrite hit state: e (M) writable: 1 readable: 1 dirty: 1 prefetched: 0 | tag: 0x4 secure: 0 valid: 1 | set: 0x3b way: 0
1301000: board.cache_hierarchy.l1d-cache-0: satisfyRequest for WriteReq [4ef8:4eff] type=MemWrite (write)
1292000: board.processor.cores.core: 0x1099e    : c_sdsp s5, 24(sp)          : 
1293000: board.processor.cores.core: 0x109a0    : c_sdsp s6, 16(sp)          : 
1302000: board.cache_hierarchy.l1d-cache-0: access for WriteReq [4ed8:4edf] type=MemWrite hit state: e (M) writable: 1 readable: 1 dirty: 1 prefetched: 0 | tag: 0x4 secure: 0 valid: 1 | set: 0x3b way: 0
1302000: board.cache_hierarchy.l1d-cache-0: satisfyRequest for WriteReq [4ed8:4edf] type=MemWrite (write)
1293000: board.processor.cores.core: 0x109a2    : c_sdsp s7, 8(sp)           : 
1294000: board.processor.cores.core: 0x109a4    : c_sdsp s0, 64(sp)          : 
1303000: board.processor.cores.core.workload: Translating: 0x13620->0x3620
1303000: board.cache_hierarchy.l1d-cache-0: access for ReadReq [3620:3623] type=MemRead hit state: e (M) writable: 1 readable: 1 dirty: 1 prefetched: 0 | tag: 0x3 secure: 0 valid: 1 | set: 0x18 way: 0
1303000: board.cache_hierarchy.l1d-cache-0: access for WriteReq [4ec8:4ecf] type=MemWrite hit state: e (M) writable: 1 readable: 1 dirty: 1 prefetched: 0 | tag: 0x4 secure: 0 valid: 1 | set: 0x3b way: 0
1303000: board.cache_hierarchy.l1d-cache-0: satisfyRequest for WriteReq [4ec8:4ecf] type=MemWrite (write)
1303000: board.cache_hierarchy.l1d-cache-0: access for WriteReq [4ec0:4ec7] type=MemWrite hit state: e (M) writable: 1 readable: 1 dirty: 1 prefetched: 0 | tag: 0x4 secure: 0 valid: 1 | set: 0x3b way: 0
1303000: board.cache_hierarchy.l1d-cache-0: satisfyRequest for WriteReq [4ec0:4ec7] type=MemWrite (write)
1294000: board.processor.cores.core: 0x109a6    : c_sdsp s1, 56(sp)          : 
1295000: board.processor.cores.core: 0x109a8    : c_sdsp s8, 0(sp)           : 
1304000: board.cache_hierarchy.l1d-cache-0: access for WriteReq [4eb8:4ebf] type=MemWrite miss
1304000: board.cache_hierarchy.l1d-cache-0: access for WriteReq [4ef0:4ef7] type=MemWrite hit state: e (M) writable: 1 readable: 1 dirty: 1 prefetched: 0 | tag: 0x4 secure: 0 valid: 1 | set: 0x3b way: 0
1304000: board.cache_hierarchy.l1d-cache-0: satisfyRequest for WriteReq [4ef0:4ef7] type=MemWrite (write)
1295000: board.processor.cores.core: 0x109aa    : c_mv s6, a0                : 
1296000: board.processor.cores.core: 0x109ac    : c_mv s7, a1                : 
1305000: board.cache_hierarchy.l1d-cache-0: sendMSHRQueuePacket: MSHR WriteReq [4eb8:4ebf] type=MemWrite
1305000: board.cache_hierarchy.l1d-cache-0: createMissPacket: created ReadExReq [4e80:4ebf] type=MemWrite from WriteReq [4eb8:4ebf] type=MemWrite
1305000: board.cache_hierarchy.l2-cache-0: access for ReadExReq [4e80:4ebf] type=MemWrite miss
1305000: board.cache_hierarchy.l1d-cache-0: access for WriteReq [4ee8:4eef] type=MemWrite hit state: e (M) writable: 1 readable: 1 dirty: 1 prefetched: 0 | tag: 0x4 secure: 0 valid: 1 | set: 0x3b way: 0
1305000: board.cache_hierarchy.l1d-cache-0: satisfyRequest for WriteReq [4ee8:4eef] type=MemWrite (write)
1305000: board.cache_hierarchy.l1d-cache-0: access for WriteReq [4eb0:4eb7] type=MemWrite miss
1305000: board.cache_hierarchy.l1d-cache-0: handleTimingReqMiss coalescing MSHR for WriteReq [4eb0:4eb7] type=MemWrite
1296000: board.processor.cores.core: 0x109ae    : c_li s3, -1                : 
1297000: board.processor.cores.core: 0x109b0    : c_li s5, 1                 : 
1297000: board.processor.cores.core: 0x109b2    : lw s0, 8(s2)               : 
1298000: board.processor.cores.core: 0x109b6    : c_addiw s0, -1             : 
1298000: board.processor.cores.core: 0x109b8    : blt s0, zero, 34           : 
1299000: board.processor.cores.core: 0x109bc    : addi s1, s2, 16            : 
1311000: board.cache_hierarchy.l2-cache-0: sendMSHRQueuePacket: MSHR ReadSharedReq [9c0:9ff] IF
1311000: board.cache_hierarchy.l2-cache-0: createMissPacket: created ReadSharedReq [9c0:9ff] IF from ReadSharedReq [9c0:9ff] IF
1316000: board.cache_hierarchy.l2-cache-0: sendMSHRQueuePacket: MSHR ReadExReq [4e80:4ebf] type=MemWrite
1316000: board.cache_hierarchy.l2-cache-0: createMissPacket: created ReadExReq [4e80:4ebf] type=MemWrite from ReadExReq [4e80:4ebf] type=MemWrite
1359000: board.cache_hierarchy.l2-cache-0: recvTimingResp: Handling response ReadResp [9c0:9ff] IF
1359000: board.cache_hierarchy.l2-cache-0: Block for addr 0x9c0 being updated in Cache
1359000: board.cache_hierarchy.l2-cache-0: Block addr 0x9c0 (ns) moving from  to state: 6 (E) writable: 1 readable: 1 dirty: 0 prefetched: 0 | tag: 0 secure: 0 valid: 1 | set: 0x27 way: 0
1359000: board.cache_hierarchy.l2-cache-0: recvTimingResp: Leaving with ReadResp [9c0:9ff] IF
1361000: board.cache_hierarchy.l1i-cache-0: recvTimingResp: Handling response ReadResp [9c0:9ff] IF
1361000: board.cache_hierarchy.l1i-cache-0: Block for addr 0x9c0 being updated in Cache
1361000: board.cache_hierarchy.l1i-cache-0: Block addr 0x9c0 (ns) moving from  to state: 6 (E) writable: 1 readable: 1 dirty: 0 prefetched: 0 | tag: 0 secure: 0 valid: 1 | set: 0x27 way: 0
1361000: board.cache_hierarchy.l1i-cache-0: recvTimingResp: Leaving with ReadResp [9c0:9ff] IF
1364000: board.cache_hierarchy.l2-cache-0: recvTimingResp: Handling response ReadExResp [4e80:4ebf] type=MemWrite
1364000: board.cache_hierarchy.l2-cache-0: Block for addr 0x4e80 being updated in Cache
1364000: board.cache_hierarchy.l2-cache-0: Block addr 0x4e80 (ns) moving from  to state: 6 (E) writable: 1 readable: 1 dirty: 0 prefetched: 0 | tag: 0 secure: 0 valid: 1 | set: 0x13a way: 0
1364000: board.cache_hierarchy.l2-cache-0: recvTimingResp: Leaving with ReadExResp [4e80:4ebf] type=MemWrite
1366000: board.cache_hierarchy.l1d-cache-0: recvTimingResp: Handling response ReadExResp [4e80:4ebf] type=MemWrite
1366000: board.cache_hierarchy.l1d-cache-0: Block for addr 0x4e80 being updated in Cache
1366000: board.cache_hierarchy.l1d-cache-0: Block addr 0x4e80 (ns) moving from  to state: 6 (E) writable: 1 readable: 1 dirty: 0 prefetched: 0 | tag: 0x4 secure: 0 valid: 1 | set: 0x3a way: 0
1366000: board.cache_hierarchy.l1d-cache-0: satisfyRequest for WriteReq [4eb8:4ebf] type=MemWrite (write)
1366000: board.cache_hierarchy.l1d-cache-0: satisfyRequest for WriteReq [4eb0:4eb7] type=MemWrite (write)
1366000: board.cache_hierarchy.l1d-cache-0: recvTimingResp: Leaving with ReadExResp [4e80:4ebf] type=MemWrite
1369000: board.processor.cores.core.workload: Translating: 0x13828->0x3828
1369000: board.cache_hierarchy.l1d-cache-0: access for ReadReq [3828:382f] type=MemRead hit state: e (M) writable: 1 readable: 1 dirty: 1 prefetched: 0 | tag: 0x3 secure: 0 valid: 1 | set: 0x20 way: 0
1362000: board.processor.cores.core: 0x109c0    : slli a5, s0, 3             : 
1362000: board.processor.cores.core: 0x109c4    : c_add s1, a5               : 
1373000: board.processor.cores.core.workload: Translating: 0x10a00->0xa00
1373000: board.cache_hierarchy.l1i-cache-0: access for ReadReq [a00:a3f] IF miss
1363000: board.processor.cores.core: 0x109c6    : beq s7, zero, 44           : 
1374000: board.cache_hierarchy.l1i-cache-0: sendMSHRQueuePacket: MSHR ReadReq [a00:a3f] IF
1374000: board.cache_hierarchy.l1i-cache-0: createMissPacket: created ReadSharedReq [a00:a3f] IF from ReadReq [a00:a3f] IF
1374000: board.cache_hierarchy.l2-cache-0: access for ReadSharedReq [a00:a3f] IF miss
1377000: board.processor.cores.core.workload: Translating: 0x13620->0x3620
1377000: board.cache_hierarchy.l1d-cache-0: access for ReadReq [3620:3623] type=MemRead hit state: e (M) writable: 1 readable: 1 dirty: 1 prefetched: 0 | tag: 0x3 secure: 0 valid: 1 | set: 0x18 way: 0
1377000: board.processor.cores.core.workload: Translating: 0x13628->0x3628
1377000: board.cache_hierarchy.l1d-cache-0: access for ReadReq [3628:362f] type=MemRead hit state: e (M) writable: 1 readable: 1 dirty: 1 prefetched: 0 | tag: 0x3 secure: 0 valid: 1 | set: 0x18 way: 0
1371000: board.processor.cores.core: 0x109f2    : lw a5, 8(s2)               : 
1371000: board.processor.cores.core: 0x109f6    : c_ld a3, 0(s1)             : 
1372000: board.processor.cores.core: 0x109f8    : c_addiw a5, -1             : 
1383000: board.processor.cores.core.workload: Translating: 0x10a40->0xa40
1383000: board.cache_hierarchy.l1i-cache-0: access for ReadReq [a40:a7f] IF hit state: 6 (E) writable: 1 readable: 1 dirty: 0 prefetched: 0 | tag: 0 secure: 0 valid: 1 | set: 0x29 way: 0
1372000: board.processor.cores.core: 0x109fa    : beq a5, s0, 88             : 
1385000: board.cache_hierarchy.l2-cache-0: sendMSHRQueuePacket: MSHR ReadSharedReq [a00:a3f] IF
1385000: board.cache_hierarchy.l2-cache-0: createMissPacket: created ReadSharedReq [a00:a3f] IF from ReadSharedReq [a00:a3f] IF
1387000: board.processor.cores.core.workload: Translating: 0x10a00->0xa00
1387000: board.cache_hierarchy.l1i-cache-0: access for ReadReq [a00:a3f] IF miss
1387000: board.cache_hierarchy.l1i-cache-0: handleTimingReqMiss coalescing MSHR for ReadReq [a00:a3f] IF
1389000: board.processor.cores.core.workload: Translating: 0x13620->0x3620
1384000: board.processor.cores.core: 0x10a52    : sw s0, 8(s2)               : 
1384000: board.processor.cores.core: 0x10a56    : c_j -84                    : 
1393000: board.cache_hierarchy.l1d-cache-0: access for WriteReq [3620:3623] type=MemWrite hit state: e (M) writable: 1 readable: 1 dirty: 1 prefetched: 0 | tag: 0x3 secure: 0 valid: 1 | set: 0x18 way: 0
1393000: board.cache_hierarchy.l1d-cache-0: satisfyRequest for WriteReq [3620:3623] type=MemWrite (write)
1433000: board.cache_hierarchy.l2-cache-0: recvTimingResp: Handling response ReadResp [a00:a3f] IF
1433000: board.cache_hierarchy.l2-cache-0: Block for addr 0xa00 being updated in Cache
1433000: board.cache_hierarchy.l2-cache-0: Block addr 0xa00 (ns) moving from  to state: 6 (E) writable: 1 readable: 1 dirty: 0 prefetched: 0 | tag: 0 secure: 0 valid: 1 | set: 0x28 way: 0
1433000: board.cache_hierarchy.l2-cache-0: recvTimingResp: Leaving with ReadResp [a00:a3f] IF
1435000: board.cache_hierarchy.l1i-cache-0: recvTimingResp: Handling response ReadResp [a00:a3f] IF
1435000: board.cache_hierarchy.l1i-cache-0: Block for addr 0xa00 being updated in Cache
1435000: board.cache_hierarchy.l1i-cache-0: Block addr 0xa00 (ns) moving from  to state: 6 (E) writable: 1 readable: 1 dirty: 0 prefetched: 0 | tag: 0 secure: 0 valid: 1 | set: 0x28 way: 0
1435000: board.cache_hierarchy.l1i-cache-0: recvTimingResp: Leaving with ReadResp [a00:a3f] IF
1442000: board.processor.cores.core.workload: Translating: 0x13928->0x3928
1442000: board.cache_hierarchy.l1d-cache-0: access for ReadReq [3928:392b] type=MemRead hit state: e (M) writable: 1 readable: 1 dirty: 1 prefetched: 0 | tag: 0x3 secure: 0 valid: 1 | set: 0x24 way: 0
1443000: board.processor.cores.core.workload: Translating: 0x13620->0x3620
1443000: board.cache_hierarchy.l1d-cache-0: access for ReadReq [3620:3623] type=MemRead hit state: e (M) writable: 1 readable: 1 dirty: 1 prefetched: 0 | tag: 0x3 secure: 0 valid: 1 | set: 0x18 way: 0
1437000: board.processor.cores.core: 0x10a02    : c_beqz a3, 36              : 
1437000: board.processor.cores.core: 0x10a04    : lw a5, 784(s2)             : 
1438000: board.processor.cores.core: 0x10a08    : sllw a4, s5, s0            : 
1446000: board.processor.cores.core.workload: Translating: 0x13620->0x3620
1446000: board.cache_hierarchy.l1d-cache-0: access for ReadReq [3620:3623] type=MemRead hit state: e (M) writable: 1 readable: 1 dirty: 1 prefetched: 0 | tag: 0x3 secure: 0 valid: 1 | set: 0x18 way: 0
1446000: board.processor.cores.core.workload: Translating: 0x13340->0x3340
1446000: board.cache_hierarchy.l1d-cache-0: access for ReadReq [3340:3347] type=MemRead hit state: e (M) writable: 1 readable: 1 dirty: 1 prefetched: 0 | tag: 0x3 secure: 0 valid: 1 | set: 0xd way: 0
1448000: board.processor.cores.core.workload: Translating: 0x116c0->0x16c0
1448000: board.cache_hierarchy.l1i-cache-0: access for ReadReq [16c0:16ff] IF miss
1449000: board.cache_hierarchy.l1i-cache-0: sendMSHRQueuePacket: MSHR ReadReq [16c0:16ff] IF
1449000: board.cache_hierarchy.l1i-cache-0: createMissPacket: created ReadSharedReq [16c0:16ff] IF from ReadReq [16c0:16ff] IF
1449000: board.cache_hierarchy.l2-cache-0: access for ReadSharedReq [16c0:16ff] IF miss
1438000: board.processor.cores.core: 0x10a0c    : lw s8, 8(s2)               : 
1439000: board.processor.cores.core: 0x10a10    : c_and a5, a4               : 
1439000: board.processor.cores.core: 0x10a12    : c_bnez a5, 30              : 
1440000: board.processor.cores.core: 0x10a14    : c_jalr a3                  : 
1460000: board.cache_hierarchy.l2-cache-0: sendMSHRQueuePacket: MSHR ReadSharedReq [16c0:16ff] IF
1460000: board.cache_hierarchy.l2-cache-0: createMissPacket: created ReadSharedReq [16c0:16ff] IF from ReadSharedReq [16c0:16ff] IF
1522000: board.cache_hierarchy.l2-cache-0: recvTimingResp: Handling response ReadResp [16c0:16ff] IF
1522000: board.cache_hierarchy.l2-cache-0: Block for addr 0x16c0 being updated in Cache
1522000: board.cache_hierarchy.l2-cache-0: Block addr 0x16c0 (ns) moving from  to state: 6 (E) writable: 1 readable: 1 dirty: 0 prefetched: 0 | tag: 0 secure: 0 valid: 1 | set: 0x5b way: 0
1522000: board.cache_hierarchy.l2-cache-0: recvTimingResp: Leaving with ReadResp [16c0:16ff] IF
1524000: board.cache_hierarchy.l1i-cache-0: recvTimingResp: Handling response ReadResp [16c0:16ff] IF
1524000: board.cache_hierarchy.l1i-cache-0: Block for addr 0x16c0 being updated in Cache
1524000: board.cache_hierarchy.l1i-cache-0: Block addr 0x16c0 (ns) moving from  to state: 6 (E) writable: 1 readable: 1 dirty: 0 prefetched: 0 | tag: 0x1 secure: 0 valid: 1 | set: 0x1b way: 0
1524000: board.cache_hierarchy.l1i-cache-0: recvTimingResp: Leaving with ReadResp [16c0:16ff] IF
1526000: board.processor.cores.core.workload: Translating: 0x11700->0x1700
1526000: board.cache_hierarchy.l1i-cache-0: access for ReadReq [1700:173f] IF hit state: 6 (E) writable: 1 readable: 1 dirty: 0 prefetched: 0 | tag: 0x1 secure: 0 valid: 1 | set: 0x1c way: 0
1531000: board.processor.cores.core.workload: Translating: 0x7ffffffffffffea0->0x4ea0
1525000: board.processor.cores.core: 0x116f8    : c_addi sp, -32             : 
1533000: board.processor.cores.core.workload: Translating: 0x7ffffffffffffe98->0x4e98
1525000: board.processor.cores.core: 0x116fa    : c_sdsp s0, 16(sp)          : 
1526000: board.processor.cores.core: 0x116fc    : c_lui a5, 19               : 
1534000: board.processor.cores.core.workload: Translating: 0x7ffffffffffffea8->0x4ea8
1526000: board.processor.cores.core: 0x116fe    : c_lui s0, 19               : 
1527000: board.processor.cores.core: 0x11700    : addi a5, a5, -1800         : 
1535000: board.cache_hierarchy.l1d-cache-0: access for WriteReq [4ea0:4ea7] type=MemWrite hit state: e (M) writable: 1 readable: 1 dirty: 1 prefetched: 0 | tag: 0x4 secure: 0 valid: 1 | set: 0x3a way: 0
1535000: board.cache_hierarchy.l1d-cache-0: satisfyRequest for WriteReq [4ea0:4ea7] type=MemWrite (write)
1527000: board.processor.cores.core: 0x11704    : addi s0, s0, -1808         : 
1528000: board.processor.cores.core: 0x11708    : c_sub a5, s0               : 
1528000: board.processor.cores.core: 0x1170a    : c_sdsp s1, 8(sp)           : 
1537000: board.processor.cores.core.workload: Translating: 0x128f0->0x28f0
1537000: board.cache_hierarchy.l1d-cache-0: access for ReadReq [28f0:28f7] type=MemRead hit state: 6 (E) writable: 1 readable: 1 dirty: 0 prefetched: 0 | tag: 0x2 secure: 0 valid: 1 | set: 0x23 way: 0x1
1529000: board.processor.cores.core: 0x1170c    : c_sdsp ra, 24(sp)          : 
1529000: board.processor.cores.core: 0x1170e    : srai s1, a5, 3             : 
1538000: board.cache_hierarchy.l1d-cache-0: access for WriteReq [4e98:4e9f] type=MemWrite hit state: e (M) writable: 1 readable: 1 dirty: 1 prefetched: 0 | tag: 0x4 secure: 0 valid: 1 | set: 0x3a way: 0
1538000: board.cache_hierarchy.l1d-cache-0: satisfyRequest for WriteReq [4e98:4e9f] type=MemWrite (write)
1530000: board.processor.cores.core: 0x11712    : c_beqz s1, 16              : 
1530000: board.processor.cores.core: 0x11714    : c_addi s0, -8              : 
1539000: board.processor.cores.core.workload: Translating: 0x10a00->0xa00
1539000: board.cache_hierarchy.l1i-cache-0: access for ReadReq [a00:a3f] IF hit state: 6 (E) writable: 1 readable: 1 dirty: 0 prefetched: 0 | tag: 0 secure: 0 valid: 1 | set: 0x28 way: 0
1539000: board.processor.cores.core.workload: Translating: 0x7ffffffffffffea8->0x4ea8
1539000: board.cache_hierarchy.l1d-cache-0: access for WriteReq [4ea8:4eaf] type=MemWrite hit state: e (M) writable: 1 readable: 1 dirty: 1 prefetched: 0 | tag: 0x4 secure: 0 valid: 1 | set: 0x3a way: 0
1539000: board.cache_hierarchy.l1d-cache-0: satisfyRequest for WriteReq [4ea8:4eaf] type=MemWrite (write)
1531000: board.processor.cores.core: 0x11716    : c_add s0, a5               : 
1540000: board.processor.cores.core.workload: Translating: 0x7ffffffffffffea0->0x4ea0
1540000: board.cache_hierarchy.l1d-cache-0: access for ReadReq [4ea0:4ea7] type=MemRead hit state: e (M) writable: 1 readable: 1 dirty: 1 prefetched: 0 | tag: 0x4 secure: 0 valid: 1 | set: 0x3a way: 0
1540000: board.processor.cores.core.workload: Translating: 0x7ffffffffffffe98->0x4e98
1540000: board.cache_hierarchy.l1d-cache-0: access for ReadReq [4e98:4e9f] type=MemRead hit state: e (M) writable: 1 readable: 1 dirty: 1 prefetched: 0 | tag: 0x4 secure: 0 valid: 1 | set: 0x3a way: 0
1542000: board.processor.cores.core.workload: Translating: 0x101c0->0x1c0
1542000: board.cache_hierarchy.l1i-cache-0: access for ReadReq [1c0:1ff] IF hit state: 6 (E) writable: 1 readable: 1 dirty: 0 prefetched: 0 | tag: 0 secure: 0 valid: 1 | set: 0x7 way: 0
1531000: board.processor.cores.core: 0x11718    : c_ld a5, 0(s0)             : 
1532000: board.processor.cores.core: 0x1171a    : c_addi s1, -1              : 
1532000: board.processor.cores.core: 0x1171c    : c_addi s0, -8              : 
1533000: board.processor.cores.core: 0x1171e    : c_jalr a5                  : 
1549000: board.processor.cores.core.workload: Translating: 0x10200->0x200
1549000: board.cache_hierarchy.l1i-cache-0: access for ReadReq [200:23f] IF hit state: 6 (E) writable: 1 readable: 1 dirty: 0 prefetched: 0 | tag: 0 secure: 0 valid: 1 | set: 0x8 way: 0
1551000: board.processor.cores.core.workload: Translating: 0x101c0->0x1c0
1551000: board.cache_hierarchy.l1i-cache-0: access for ReadReq [1c0:1ff] IF hit state: 6 (E) writable: 1 readable: 1 dirty: 0 prefetched: 0 | tag: 0 secure: 0 valid: 1 | set: 0x7 way: 0
1551000: board.processor.cores.core.workload: Translating: 0x7ffffffffffffe80->0x4e80
1551000: board.processor.cores.core.workload: Translating: 0x13368->0x3368
1551000: board.cache_hierarchy.l1d-cache-0: access for ReadReq [3368:3368] type=MemRead hit state: e (M) writable: 1 readable: 1 dirty: 1 prefetched: 0 | tag: 0x3 secure: 0 valid: 1 | set: 0xd way: 0
1552000: board.processor.cores.core.workload: Translating: 0x10200->0x200
1552000: board.cache_hierarchy.l1i-cache-0: access for ReadReq [200:23f] IF hit state: 6 (E) writable: 1 readable: 1 dirty: 0 prefetched: 0 | tag: 0 secure: 0 valid: 1 | set: 0x8 way: 0
1552000: board.processor.cores.core.workload: Translating: 0x7ffffffffffffe88->0x4e88
1543000: board.processor.cores.core: 0x101da    : c_addi sp, -16             : 
1543000: board.processor.cores.core: 0x101dc    : c_sdsp s0, 0(sp)           : 
1554000: board.processor.cores.core.workload: Translating: 0x11700->0x1700
1554000: board.cache_hierarchy.l1i-cache-0: access for ReadReq [1700:173f] IF hit state: 6 (E) writable: 1 readable: 1 dirty: 0 prefetched: 0 | tag: 0x1 secure: 0 valid: 1 | set: 0x1c way: 0
1544000: board.processor.cores.core: 0x101de    : lbu a5, 568(gp)            : 
1544000: board.processor.cores.core: 0x101e2    : c_sdsp ra, 8(sp)           : 
1555000: board.cache_hierarchy.l1d-cache-0: access for WriteReq [4e80:4e87] type=MemWrite hit state: e (M) writable: 1 readable: 1 dirty: 1 prefetched: 0 | tag: 0x4 secure: 0 valid: 1 | set: 0x3a way: 0
1555000: board.cache_hierarchy.l1d-cache-0: satisfyRequest for WriteReq [4e80:4e87] type=MemWrite (write)
1556000: board.cache_hierarchy.l1d-cache-0: access for WriteReq [4e88:4e8f] type=MemWrite hit state: e (M) writable: 1 readable: 1 dirty: 1 prefetched: 0 | tag: 0x4 secure: 0 valid: 1 | set: 0x3a way: 0
1556000: board.cache_hierarchy.l1d-cache-0: satisfyRequest for WriteReq [4e88:4e8f] type=MemWrite (write)
1557000: board.processor.cores.core.workload: Translating: 0x101c0->0x1c0
1557000: board.cache_hierarchy.l1i-cache-0: access for ReadReq [1c0:1ff] IF hit state: 6 (E) writable: 1 readable: 1 dirty: 0 prefetched: 0 | tag: 0 secure: 0 valid: 1 | set: 0x7 way: 0
1558000: board.processor.cores.core.workload: Translating: 0x10200->0x200
1558000: board.cache_hierarchy.l1i-cache-0: access for ReadReq [200:23f] IF hit state: 6 (E) writable: 1 readable: 1 dirty: 0 prefetched: 0 | tag: 0 secure: 0 valid: 1 | set: 0x8 way: 0
1545000: board.processor.cores.core: 0x101e4    : c_bnez a5, 28              : 
1545000: board.processor.cores.core: 0x101e6    : addi a5, zero, 0           : 
1546000: board.processor.cores.core: 0x101ea    : c_beqz a5, 16              : 
1560000: board.processor.cores.core.workload: Translating: 0x11700->0x1700
1560000: board.cache_hierarchy.l1i-cache-0: access for ReadReq [1700:173f] IF hit state: 6 (E) writable: 1 readable: 1 dirty: 0 prefetched: 0 | tag: 0x1 secure: 0 valid: 1 | set: 0x1c way: 0
1563000: board.processor.cores.core.workload: Translating: 0x10a00->0xa00
1563000: board.cache_hierarchy.l1i-cache-0: access for ReadReq [a00:a3f] IF hit state: 6 (E) writable: 1 readable: 1 dirty: 0 prefetched: 0 | tag: 0 secure: 0 valid: 1 | set: 0x28 way: 0
1566000: board.processor.cores.core.workload: Translating: 0x13368->0x3368
1566000: board.processor.cores.core.workload: Translating: 0x7ffffffffffffe88->0x4e88
1566000: board.cache_hierarchy.l1d-cache-0: access for ReadReq [4e88:4e8f] type=MemRead hit state: e (M) writable: 1 readable: 1 dirty: 1 prefetched: 0 | tag: 0x4 secure: 0 valid: 1 | set: 0x3a way: 0
1567000: board.processor.cores.core.workload: Translating: 0x109c0->0x9c0
1567000: board.cache_hierarchy.l1i-cache-0: access for ReadReq [9c0:9ff] IF hit state: 6 (E) writable: 1 readable: 1 dirty: 0 prefetched: 0 | tag: 0 secure: 0 valid: 1 | set: 0x27 way: 0
1567000: board.processor.cores.core.workload: Translating: 0x7ffffffffffffe80->0x4e80
1567000: board.cache_hierarchy.l1d-cache-0: access for ReadReq [4e80:4e87] type=MemRead hit state: e (M) writable: 1 readable: 1 dirty: 1 prefetched: 0 | tag: 0x4 secure: 0 valid: 1 | set: 0x3a way: 0
1558000: board.processor.cores.core: 0x101fa    : c_li a5, 1                 : 
1558000: board.processor.cores.core: 0x101fc    : sb a5, 568(gp)             : 
1569000: board.processor.cores.core.workload: Translating: 0x7ffffffffffffea8->0x4ea8
1569000: board.cache_hierarchy.l1d-cache-0: access for ReadReq [4ea8:4eaf] type=MemRead hit state: e (M) writable: 1 readable: 1 dirty: 1 prefetched: 0 | tag: 0x4 secure: 0 valid: 1 | set: 0x3a way: 0
1559000: board.processor.cores.core: 0x10200    : c_ldsp ra, 8(sp)           : 
1570000: board.processor.cores.core.workload: Translating: 0x7ffffffffffffea0->0x4ea0
1570000: board.cache_hierarchy.l1d-cache-0: access for ReadReq [4ea0:4ea7] type=MemRead hit state: e (M) writable: 1 readable: 1 dirty: 1 prefetched: 0 | tag: 0x4 secure: 0 valid: 1 | set: 0x3a way: 0
1570000: board.processor.cores.core.workload: Translating: 0x7ffffffffffffe98->0x4e98
1570000: board.cache_hierarchy.l1d-cache-0: access for ReadReq [4e98:4e9f] type=MemRead hit state: e (M) writable: 1 readable: 1 dirty: 1 prefetched: 0 | tag: 0x4 secure: 0 valid: 1 | set: 0x3a way: 0
1570000: board.cache_hierarchy.l1d-cache-0: access for WriteReq [3368:3368] type=MemWrite hit state: e (M) writable: 1 readable: 1 dirty: 1 prefetched: 0 | tag: 0x3 secure: 0 valid: 1 | set: 0xd way: 0
1570000: board.cache_hierarchy.l1d-cache-0: satisfyRequest for WriteReq [3368:3368] type=MemWrite (write)
1559000: board.processor.cores.core: 0x10202    : c_ldsp s0, 0(sp)           : 
1560000: board.processor.cores.core: 0x10204    : c_addi sp, 16              : 
1560000: board.processor.cores.core: 0x10206    : c_jr ra                    : 
1561000: board.processor.cores.core: 0x11720    : c_bnez s1, -8              : 
1572000: board.processor.cores.core.workload: Translating: 0x13620->0x3620
1572000: board.cache_hierarchy.l1d-cache-0: access for ReadReq [3620:3623] type=MemRead hit state: e (M) writable: 1 readable: 1 dirty: 1 prefetched: 0 | tag: 0x3 secure: 0 valid: 1 | set: 0x18 way: 0
1572000: board.processor.cores.core.workload: Translating: 0x13340->0x3340
1572000: board.cache_hierarchy.l1d-cache-0: access for ReadReq [3340:3347] type=MemRead hit state: e (M) writable: 1 readable: 1 dirty: 1 prefetched: 0 | tag: 0x3 secure: 0 valid: 1 | set: 0xd way: 0
1561000: board.processor.cores.core: 0x11722    : c_ldsp ra, 24(sp)          : 
1573000: board.processor.cores.core.workload: Translating: 0x10100->0x100
1573000: board.cache_hierarchy.l1i-cache-0: access for ReadReq [100:13f] IF hit state: 6 (E) writable: 1 readable: 1 dirty: 0 prefetched: 0 | tag: 0 secure: 0 valid: 1 | set: 0x4 way: 0
1562000: board.processor.cores.core: 0x11724    : c_ldsp s0, 16(sp)          : 
1562000: board.processor.cores.core: 0x11726    : c_ldsp s1, 8(sp)           : 
1563000: board.processor.cores.core: 0x11728    : c_addi16sp sp, 32          : 
1563000: board.processor.cores.core: 0x1172a    : c_jr ra                    : 
1564000: board.processor.cores.core: 0x10a16    : lw a4, 8(s2)               : 
1577000: board.processor.cores.core.workload: Translating: 0x10140->0x140
1577000: board.cache_hierarchy.l1i-cache-0: access for ReadReq [140:17f] IF hit state: 6 (E) writable: 1 readable: 1 dirty: 0 prefetched: 0 | tag: 0 secure: 0 valid: 1 | set: 0x5 way: 0
1577000: board.processor.cores.core.workload: Translating: 0x7ffffffffffffef0->0x4ef0
1577000: board.cache_hierarchy.l1d-cache-0: access for ReadReq [4ef0:4ef7] type=MemRead hit state: e (M) writable: 1 readable: 1 dirty: 1 prefetched: 0 | tag: 0x4 secure: 0 valid: 1 | set: 0x3b way: 0
1577000: board.processor.cores.core.workload: Translating: 0x7ffffffffffffee8->0x4ee8
1577000: board.cache_hierarchy.l1d-cache-0: access for ReadReq [4ee8:4eef] type=MemRead hit state: e (M) writable: 1 readable: 1 dirty: 1 prefetched: 0 | tag: 0x4 secure: 0 valid: 1 | set: 0x3b way: 0
1564000: board.processor.cores.core: 0x10a1a    : ld a5, 528(gp)             : 
1565000: board.processor.cores.core: 0x10a1e    : bne a4, s8, 46             : 
1578000: board.processor.cores.core.workload: Translating: 0x7ffffffffffffed8->0x4ed8
1578000: board.cache_hierarchy.l1d-cache-0: access for ReadReq [4ed8:4edf] type=MemRead hit state: e (M) writable: 1 readable: 1 dirty: 1 prefetched: 0 | tag: 0x4 secure: 0 valid: 1 | set: 0x3b way: 0
1578000: board.processor.cores.core.workload: Translating: 0x7ffffffffffffec8->0x4ec8
1578000: board.cache_hierarchy.l1d-cache-0: access for ReadReq [4ec8:4ecf] type=MemRead hit state: e (M) writable: 1 readable: 1 dirty: 1 prefetched: 0 | tag: 0x4 secure: 0 valid: 1 | set: 0x3b way: 0
1565000: board.processor.cores.core: 0x10a22    : bne a5, s2, 42             : 
1566000: board.processor.cores.core: 0x10a26    : c_addiw s0, -1             : 
1579000: board.processor.cores.core.workload: Translating: 0x7ffffffffffffec0->0x4ec0
1579000: board.cache_hierarchy.l1d-cache-0: access for ReadReq [4ec0:4ec7] type=MemRead hit state: e (M) writable: 1 readable: 1 dirty: 1 prefetched: 0 | tag: 0x4 secure: 0 valid: 1 | set: 0x3b way: 0
1579000: board.processor.cores.core.workload: Translating: 0x7ffffffffffffeb8->0x4eb8
1579000: board.cache_hierarchy.l1d-cache-0: access for ReadReq [4eb8:4ebf] type=MemRead hit state: e (M) writable: 1 readable: 1 dirty: 1 prefetched: 0 | tag: 0x4 secure: 0 valid: 1 | set: 0x3a way: 0
1566000: board.processor.cores.core: 0x10a28    : c_addi s1, -8              : 
1567000: board.processor.cores.core: 0x10a2a    : bne s0, s3, -100           : 
1580000: board.processor.cores.core.workload: Translating: 0x7ffffffffffffeb0->0x4eb0
1580000: board.cache_hierarchy.l1d-cache-0: access for ReadReq [4eb0:4eb7] type=MemRead hit state: e (M) writable: 1 readable: 1 dirty: 1 prefetched: 0 | tag: 0x4 secure: 0 valid: 1 | set: 0x3a way: 0
1580000: board.processor.cores.core.workload: Translating: 0x7ffffffffffffef8->0x4ef8
1580000: board.cache_hierarchy.l1d-cache-0: access for ReadReq [4ef8:4eff] type=MemRead hit state: e (M) writable: 1 readable: 1 dirty: 1 prefetched: 0 | tag: 0x4 secure: 0 valid: 1 | set: 0x3b way: 0
1567000: board.processor.cores.core: 0x10a2e    : c_j -84                    : 
1568000: board.processor.cores.core: 0x109da    : c_ldsp s0, 64(sp)          : 
1581000: board.processor.cores.core.workload: Translating: 0x7ffffffffffffee0->0x4ee0
1581000: board.cache_hierarchy.l1d-cache-0: access for ReadReq [4ee0:4ee7] type=MemRead hit state: e (M) writable: 1 readable: 1 dirty: 1 prefetched: 0 | tag: 0x4 secure: 0 valid: 1 | set: 0x3b way: 0
1581000: board.processor.cores.core.workload: Translating: 0x7ffffffffffffed0->0x4ed0
1581000: board.cache_hierarchy.l1d-cache-0: access for ReadReq [4ed0:4ed7] type=MemRead hit state: e (M) writable: 1 readable: 1 dirty: 1 prefetched: 0 | tag: 0x4 secure: 0 valid: 1 | set: 0x3b way: 0
1568000: board.processor.cores.core: 0x109dc    : c_ldsp s1, 56(sp)          : 
1569000: board.processor.cores.core: 0x109de    : c_ldsp s3, 40(sp)          : 
1582000: board.processor.cores.core.workload: Translating: 0x117c0->0x17c0
1582000: board.cache_hierarchy.l1i-cache-0: access for ReadReq [17c0:17ff] IF miss
1582000: board.processor.cores.core.workload: Translating: 0x13330->0x3330
1582000: board.cache_hierarchy.l1d-cache-0: access for ReadReq [3330:3337] type=MemRead hit state: e (M) writable: 1 readable: 1 dirty: 1 prefetched: 0 | tag: 0x3 secure: 0 valid: 1 | set: 0xc way: 0
1569000: board.processor.cores.core: 0x109e0    : c_ldsp s5, 24(sp)          : 
1570000: board.processor.cores.core: 0x109e2    : c_ldsp s6, 16(sp)          : 
1583000: board.cache_hierarchy.l1i-cache-0: sendMSHRQueuePacket: MSHR ReadReq [17c0:17ff] IF
1583000: board.cache_hierarchy.l1i-cache-0: createMissPacket: created ReadSharedReq [17c0:17ff] IF from ReadReq [17c0:17ff] IF
1583000: board.cache_hierarchy.l2-cache-0: access for ReadSharedReq [17c0:17ff] IF miss
1570000: board.processor.cores.core: 0x109e4    : c_ldsp s7, 8(sp)           : 
1571000: board.processor.cores.core: 0x109e6    : c_ldsp s8, 0(sp)           : 
1571000: board.processor.cores.core: 0x109e8    : c_ldsp ra, 72(sp)          : 
1572000: board.processor.cores.core: 0x109ea    : c_ldsp s2, 48(sp)          : 
1588000: board.processor.cores.core.workload: Translating: 0x10100->0x100
1588000: board.cache_hierarchy.l1i-cache-0: access for ReadReq [100:13f] IF hit state: 6 (E) writable: 1 readable: 1 dirty: 0 prefetched: 0 | tag: 0 secure: 0 valid: 1 | set: 0x4 way: 0
1572000: board.processor.cores.core: 0x109ec    : c_ldsp s4, 32(sp)          : 
1573000: board.processor.cores.core: 0x109ee    : c_addi16sp sp, 80          : 
1589000: board.processor.cores.core.workload: Translating: 0x117c0->0x17c0
1589000: board.cache_hierarchy.l1i-cache-0: access for ReadReq [17c0:17ff] IF miss
1589000: board.cache_hierarchy.l1i-cache-0: handleTimingReqMiss coalescing MSHR for ReadReq [17c0:17ff] IF
1573000: board.processor.cores.core: 0x109f0    : c_jr ra                    : 
1574000: board.processor.cores.core: 0x1012e    : ld a5, 512(gp)             : 
1574000: board.processor.cores.core: 0x10132    : c_beqz a5, 4               : 
1594000: board.cache_hierarchy.l2-cache-0: sendMSHRQueuePacket: MSHR ReadSharedReq [17c0:17ff] IF
1594000: board.cache_hierarchy.l2-cache-0: createMissPacket: created ReadSharedReq [17c0:17ff] IF from ReadSharedReq [17c0:17ff] IF
1589000: board.processor.cores.core: 0x10136    : c_mv a0, s0                : 
1589000: board.processor.cores.core: 0x10138    : jal ra, 5774               : 
1642000: board.cache_hierarchy.l2-cache-0: recvTimingResp: Handling response ReadResp [17c0:17ff] IF
1642000: board.cache_hierarchy.l2-cache-0: Block for addr 0x17c0 being updated in Cache
1642000: board.cache_hierarchy.l2-cache-0: Block addr 0x17c0 (ns) moving from  to state: 6 (E) writable: 1 readable: 1 dirty: 0 prefetched: 0 | tag: 0 secure: 0 valid: 1 | set: 0x5f way: 0
1642000: board.cache_hierarchy.l2-cache-0: recvTimingResp: Leaving with ReadResp [17c0:17ff] IF
1644000: board.cache_hierarchy.l1i-cache-0: recvTimingResp: Handling response ReadResp [17c0:17ff] IF
1644000: board.cache_hierarchy.l1i-cache-0: Block for addr 0x17c0 being updated in Cache
1644000: board.cache_hierarchy.l1i-cache-0: Block addr 0x17c0 (ns) moving from  to state: 6 (E) writable: 1 readable: 1 dirty: 0 prefetched: 0 | tag: 0x1 secure: 0 valid: 1 | set: 0x1f way: 0
1644000: board.cache_hierarchy.l1i-cache-0: recvTimingResp: Leaving with ReadResp [17c0:17ff] IF
1646000: board.processor.cores.core: 0x117c6    : addi a7, zero, 93          : 
